customerID,MonthlyCharges,tenure,Contract,Churn,value_segment,risk_segment,rule_segment,cluster
4950-BDEUX,49.2,35,Month-to-month,0,Low value,Medium risk,Low value / Medium risk,1
7993-NQLJE,75.1,15,Month-to-month,0,Mid value,Medium risk,Mid value / Medium risk,1
7321-ZNSLA,40.55,13,Two year,0,Low value,Low risk,Low value / Low risk,1
4922-CVPDX,73.5,26,Two year,0,Mid value,Low risk,Mid value / Low risk,1
2903-YYTBW,44.55,1,Month-to-month,0,Low value,High risk,Low value / High risk,1
8414-OOEEL,79.5,66,Two year,0,Mid value,Low risk,Mid value / Low risk,2
8562-GHPPI,19.8,1,Month-to-month,0,Low value,High risk,Low value / High risk,0
8017-UVSZU,56.6,40,Month-to-month,0,Mid value,Medium risk,Mid value / Medium risk,1
1972-XMUWV,59.8,65,Two year,0,Mid value,Low risk,Mid value / Low risk,2
2054-PJOCK,80.55,60,One year,0,Mid value,Low risk,Mid value / Low risk,2
8250-ZNGGW,59.9,5,Month-to-month,0,Mid value,High risk,Mid value / High risk,1
2075-RMJIK,49.4,5,Month-to-month,0,Low value,High risk,Low value / High risk,1
6629-LADHQ,50.95,2,Month-to-month,0,Mid value,High risk,Mid value / High risk,1
1810-MVMAI,67.6,30,Month-to-month,0,Mid value,Medium risk,Mid value / Medium risk,1
0396-YCHWO,95.4,36,Month-to-month,0,High value,Medium risk,High value / Medium risk,1
1303-SRDOK,69.05,55,Two year,0,Mid value,Low risk,Mid value / Low risk,2
2455-USLMV,84.75,31,Month-to-month,0,High value,Medium risk,High value / Medium risk,1
5697-GOMBF,35.9,28,Month-to-month,0,Low value,Medium risk,Low value / Medium risk,1
7469-LKBCI,18.95,16,Two year,0,Low value,Low risk,Low value / Low risk,0
7787-BNTZM,20.15,6,Month-to-month,0,Low value,High risk,Low value / High risk,0
6726-WEXXK,85.9,27,One year,0,High value,Low risk,High value / Low risk,1
5995-LFTLE,25.3,58,Two year,0,Low value,Low risk,Low value / Low risk,0
2984-TBYKU,104.9,72,Two year,0,High value,Low risk,High value / Low risk,2
7746-AWNQW,35.75,28,Month-to-month,0,Low value,Medium risk,Low value / Medium risk,1
4851-BQDNX,85.05,40,One year,0,High value,Low risk,High value / Low risk,2
4745-LSPLO,20.5,1,Month-to-month,1,Low value,High risk,Low value / High risk,0
6941-PMGEP,80.0,5,Month-to-month,1,Mid value,High risk,Mid value / High risk,1
9728-FTTVZ,69.2,1,Month-to-month,1,Mid value,High risk,Mid value / High risk,1
7145-FEJWU,105.3,12,Month-to-month,0,High value,High risk,High value / High risk,1
0306-JAELE,96.1,5,Month-to-month,1,High value,High risk,High value / High risk,1
9435-JMLSX,86.1,71,Two year,0,High value,Low risk,High value / Low risk,2
5835-BEQEU,76.95,3,Month-to-month,1,Mid value,High risk,Mid value / High risk,1
1577-HKTFG,19.65,30,Month-to-month,1,Low value,Medium risk,Low value / Medium risk,0
9621-OUPYD,20.2,25,One year,0,Low value,Low risk,Low value / Low risk,0
2207-RYYRL,24.55,52,Two year,0,Low value,Low risk,Low value / Low risk,0
0691-IFBQW,110.0,46,One year,1,High value,Low risk,High value / Low risk,2
8270-RKSAP,70.5,9,Month-to-month,0,Mid value,High risk,Mid value / High risk,1
0168-XZKBB,86.85,19,Month-to-month,0,High value,Medium risk,High value / Medium risk,1
6789-HJBWG,49.4,12,Month-to-month,0,Low value,High risk,Low value / High risk,1
7856-GANIL,98.7,45,One year,0,High value,Low risk,High value / Low risk,2
8123-QBNAZ,104.5,36,Month-to-month,0,High value,Medium risk,High value / Medium risk,2
6075-SLNIL,95.1,38,Month-to-month,0,High value,Medium risk,High value / Medium risk,2
3373-YZZYM,19.2,1,Month-to-month,0,Low value,High risk,Low value / High risk,0
1455-UGQVH,98.5,10,Month-to-month,1,High value,High risk,High value / High risk,1
3640-JQGJG,44.8,13,Month-to-month,0,Low value,Medium risk,Low value / Medium risk,1
3230-WYKIR,82.0,18,One year,1,Mid value,Low risk,Mid value / Low risk,1
2580-ASVVY,45.4,37,Two year,0,Low value,Low risk,Low value / Low risk,1
2739-CCZMB,20.35,5,Month-to-month,0,Low value,High risk,Low value / High risk,0
4503-BDXBD,74.95,11,Month-to-month,1,Mid value,High risk,Mid value / High risk,1
9974-JFBHQ,99.15,64,Month-to-month,0,High value,Medium risk,High value / Medium risk,2
4727-MCYZG,55.55,1,Month-to-month,0,Mid value,High risk,Mid value / High risk,1
3990-QYKBE,92.5,37,Month-to-month,1,High value,Medium risk,High value / Medium risk,1
6891-JPYFF,105.25,48,Month-to-month,0,High value,Medium risk,High value / Medium risk,2
1626-ERCMM,94.55,20,Month-to-month,1,High value,Medium risk,High value / Medium risk,1
8663-UPDGF,69.5,26,Month-to-month,0,Mid value,Medium risk,Mid value / Medium risk,1
0839-QNXME,19.4,30,Two year,0,Low value,Low risk,Low value / Low risk,0
8990-YOZLV,66.9,69,Two year,0,Mid value,Low risk,Mid value / Low risk,2
1187-WILMM,89.4,63,Two year,0,High value,Low risk,High value / Low risk,2
4903-UYAVB,19.35,5,Month-to-month,1,Low value,High risk,Low value / High risk,0
4884-LEVMQ,20.45,39,Two year,0,Low value,Low risk,Low value / Low risk,0
0702-PGIBZ,101.7,4,Month-to-month,1,High value,High risk,High value / High risk,1
3716-LRGXK,101.15,60,Two year,0,High value,Low risk,High value / Low risk,2
5449-FIBXJ,103.3,19,Month-to-month,1,High value,Medium risk,High value / Medium risk,1
6688-UZPWD,102.0,11,Month-to-month,1,High value,High risk,High value / High risk,1
1254-IZEYF,99.95,31,Month-to-month,1,High value,Medium risk,High value / Medium risk,1
0215-BQKGS,84.3,30,Month-to-month,0,High value,Medium risk,High value / Medium risk,1
3785-KTYSH,24.6,53,Two year,0,Low value,Low risk,Low value / Low risk,0
8481-YYXWG,89.35,5,Month-to-month,1,High value,High risk,High value / High risk,1
0549-CYCQN,79.6,51,One year,0,Mid value,Low risk,Mid value / Low risk,2
2194-IIQOF,89.3,71,Two year,0,High value,Low risk,High value / Low risk,2
2481-SBOYW,25.0,61,Two year,0,Low value,Low risk,Low value / Low risk,0
3488-PGMQJ,74.5,8,Month-to-month,1,Mid value,High risk,Mid value / High risk,1
8735-DCXNF,54.95,10,Month-to-month,0,Mid value,High risk,Mid value / High risk,1
7176-WIONM,49.85,12,Month-to-month,0,Low value,High risk,Low value / High risk,1
8548-AWOFC,63.85,66,Month-to-month,0,Mid value,Medium risk,Mid value / Medium risk,2
6620-HVDUJ,60.45,24,Month-to-month,0,Mid value,Medium risk,Mid value / Medium risk,1
8976-OQHGT,56.5,4,Month-to-month,1,Mid value,High risk,Mid value / High risk,1
4951-UKAAQ,88.95,4,Month-to-month,1,High value,High risk,High value / High risk,1
6693-DJWTY,55.6,35,One year,0,Mid value,Low risk,Mid value / Low risk,1
6563-VNPMN,85.7,45,Month-to-month,0,High value,Medium risk,High value / Medium risk,2
6333-YDVLT,110.0,65,One year,0,High value,Low risk,High value / Low risk,2
6551-GNYDG,80.9,14,Month-to-month,0,Mid value,Medium risk,Mid value / Medium risk,1
2405-LBMUW,50.7,61,One year,0,Mid value,Low risk,Mid value / Low risk,2
9541-ZPSEA,80.35,68,Two year,0,Mid value,Low risk,Mid value / Low risk,2
6543-JXSOO,57.75,23,One year,0,Mid value,Low risk,Mid value / Low risk,1
6968-GMKPR,81.55,55,Month-to-month,0,Mid value,Medium risk,Mid value / Medium risk,2
4195-PNGZS,24.45,69,Two year,0,Low value,Low risk,Low value / Low risk,0
4646-QZXTF,81.25,7,Month-to-month,0,Mid value,High risk,Mid value / High risk,1
7564-GHCVB,79.05,72,Two year,0,Mid value,Low risk,Mid value / Low risk,2
1534-OULXE,49.7,61,One year,0,Low value,Low risk,Low value / Low risk,0
8348-JLBUG,80.3,64,One year,0,Mid value,Low risk,Mid value / Low risk,2
8290-YWKHZ,93.2,32,Month-to-month,1,High value,Medium risk,High value / Medium risk,1
6618-RYATB,79.55,1,Month-to-month,1,Mid value,High risk,Mid value / High risk,1
0641-EVBOJ,82.3,3,Month-to-month,0,Mid value,High risk,Mid value / High risk,1
3039-MJSLN,20.2,3,Month-to-month,0,Low value,High risk,Low value / High risk,0
8661-BOYNW,84.4,72,Two year,0,High value,Low risk,High value / Low risk,2
4310-KEDTB,29.8,26,Month-to-month,0,Low value,Medium risk,Low value / Medium risk,0
1116-DXXDF,100.45,39,Two year,0,High value,Low risk,High value / Low risk,2
8605-ITULD,19.55,1,Month-to-month,0,Low value,High risk,Low value / High risk,0
8566-YPRGL,19.5,1,Month-to-month,0,Low value,High risk,Low value / High risk,0
4355-CVPVS,88.9,56,One year,0,High value,Low risk,High value / Low risk,2
8327-LZKAS,107.55,43,One year,1,High value,Low risk,High value / Low risk,2
2080-SRCDE,25.4,1,Month-to-month,0,Low value,High risk,Low value / High risk,0
4903-CNOZC,70.9,29,One year,0,Mid value,Low risk,Mid value / Low risk,1
7314-OXENN,82.0,2,Month-to-month,1,Mid value,High risk,Mid value / High risk,1
6869-FGJJC,79.6,68,One year,0,Mid value,Low risk,Mid value / Low risk,2
9350-VLHMB,89.55,67,Month-to-month,0,High value,Medium risk,High value / Medium risk,2
2995-YWTCD,24.9,19,Two year,0,Low value,Low risk,Low value / Low risk,0
8165-CBKXO,56.75,66,Two year,0,Mid value,Low risk,Mid value / Low risk,2
7853-OETYL,29.05,4,Month-to-month,0,Low value,High risk,Low value / High risk,1
3352-RICWQ,19.75,9,Two year,0,Low value,Low risk,Low value / Low risk,0
6646-VRFOL,103.85,53,Month-to-month,1,High value,Medium risk,High value / Medium risk,2
9391-TTOYH,19.5,23,Month-to-month,0,Low value,Medium risk,Low value / Medium risk,0
9101-BWFSS,108.55,50,One year,1,High value,Low risk,High value / Low risk,2
2080-GKCWQ,74.95,2,Month-to-month,0,Mid value,High risk,Mid value / High risk,1
1074-WVEVG,20.35,59,One year,0,Low value,Low risk,Low value / Low risk,0
0459-SPZHJ,83.5,63,Two year,0,Mid value,Low risk,Mid value / Low risk,2
8851-RAGOV,71.05,25,Month-to-month,0,Mid value,Medium risk,Mid value / Medium risk,1
9921-ZVRHG,80.45,14,Month-to-month,1,Mid value,Medium risk,Mid value / Medium risk,1
9253-VIFJQ,67.05,65,One year,0,Mid value,Low risk,Mid value / Low risk,2
8169-SAEJD,56.55,69,Two year,0,Mid value,Low risk,Mid value / Low risk,2
1396-QWFBJ,74.05,21,Month-to-month,1,Mid value,Medium risk,Mid value / Medium risk,1
5681-LLOEI,91.25,43,One year,0,High value,Low risk,High value / Low risk,2
8752-GHJFU,92.0,71,One year,0,High value,Low risk,High value / Low risk,2
9862-KJTYK,25.35,19,Month-to-month,0,Low value,Medium risk,Low value / Medium risk,0
0362-RAOQO,19.65,40,Two year,0,Low value,Low risk,Low value / Low risk,0
8931-GJJIQ,83.3,9,Month-to-month,1,Mid value,High risk,Mid value / High risk,1
2239-JALAW,103.25,58,One year,1,High value,Low risk,High value / Low risk,2
2654-VBVPB,19.9,1,Month-to-month,0,Low value,High risk,Low value / High risk,0
9746-MDMBK,113.45,47,One year,0,High value,Low risk,High value / Low risk,2
5641-DMBFJ,84.3,58,Two year,0,High value,Low risk,High value / Low risk,2
3352-ALMCK,102.65,40,Month-to-month,0,High value,Medium risk,High value / Medium risk,2
1921-KYSAY,68.6,41,One year,0,Mid value,Low risk,Mid value / Low risk,2
8402-EIVQS,100.9,67,One year,0,High value,Low risk,High value / Low risk,2
0380-NEAVX,99.85,34,One year,0,High value,Low risk,High value / Low risk,2
9039-ZVJDC,19.1,3,Month-to-month,0,Low value,High risk,Low value / High risk,0
8261-GWDBQ,116.05,60,Two year,0,High value,Low risk,High value / Low risk,2
4145-UQXUQ,92.1,8,Month-to-month,1,High value,High risk,High value / High risk,1
6906-ANDWJ,74.9,15,Month-to-month,1,Mid value,Medium risk,Mid value / Medium risk,1
6999-CHVCF,102.1,68,Two year,0,High value,Low risk,High value / Low risk,2
1635-NZATJ,25.45,71,Two year,0,Low value,Low risk,Low value / Low risk,0
1867-TJHTS,79.8,58,Month-to-month,0,Mid value,Medium risk,Mid value / Medium risk,2
9137-NOQKA,19.2,2,Month-to-month,0,Low value,High risk,Low value / High risk,0
1670-SVOWZ,89.65,14,Month-to-month,1,High value,Medium risk,High value / Medium risk,1
6892-BOGQE,20.9,71,Two year,0,Low value,Low risk,Low value / Low risk,0
6615-NGGZJ,100.55,14,Month-to-month,1,High value,Medium risk,High value / Medium risk,1
7351-MHQVU,50.95,6,Month-to-month,0,Mid value,High risk,Mid value / High risk,1
3466-BYAVD,69.5,15,Month-to-month,0,Mid value,Medium risk,Mid value / Medium risk,1
1573-LGXBA,97.55,57,One year,0,High value,Low risk,High value / Low risk,2
5993-JSUWV,61.15,66,Two year,0,Mid value,Low risk,Mid value / Low risk,2
1891-FZYSA,89.95,69,Month-to-month,1,High value,Medium risk,High value / Medium risk,2
3067-SVMTC,55.9,68,One year,0,Mid value,Low risk,Mid value / Low risk,2
1004-NOZNR,94.8,56,One year,0,High value,Low risk,High value / Low risk,2
7028-DVOIQ,99.05,35,Month-to-month,1,High value,Medium risk,High value / Medium risk,2
4580-TMHJU,56.15,43,Month-to-month,1,Mid value,Medium risk,Mid value / Medium risk,1
7036-ZZKBD,66.4,31,Month-to-month,0,Mid value,Medium risk,Mid value / Medium risk,1
5844-QVTAT,58.45,33,One year,0,Mid value,Low risk,Mid value / Low risk,1
3428-XZMAZ,69.35,1,Month-to-month,1,Mid value,High risk,Mid value / High risk,1
2578-JQPHZ,100.1,44,Two year,0,High value,Low risk,High value / Low risk,2
2550-AEVRU,53.45,57,One year,0,Mid value,Low risk,Mid value / Low risk,2
8597-CTXVJ,64.95,70,One year,0,Mid value,Low risk,Mid value / Low risk,2
9708-KFDBY,20.55,1,Month-to-month,0,Low value,High risk,Low value / High risk,0
1335-MXCSE,55.25,55,Two year,0,Mid value,Low risk,Mid value / Low risk,2
9253-QXKBE,94.45,29,Month-to-month,1,High value,Medium risk,High value / Medium risk,1
5478-JJVZK,60.9,33,Month-to-month,0,Mid value,Medium risk,Mid value / Medium risk,1
9274-CNFMO,74.95,4,Month-to-month,1,Mid value,High risk,Mid value / High risk,1
2996-XAUVF,40.05,70,Two year,0,Low value,Low risk,Low value / Low risk,2
4163-KIUHY,25.6,35,Month-to-month,0,Low value,Medium risk,Low value / Medium risk,0
5365-LLFYV,45.85,2,Month-to-month,0,Low value,High risk,Low value / High risk,1
8337-UPOAQ,89.8,10,Month-to-month,1,High value,High risk,High value / High risk,1
1866-OBPNR,74.6,1,Month-to-month,0,Mid value,High risk,Mid value / High risk,1
6265-FRMTQ,20.4,31,Two year,0,Low value,Low risk,Low value / Low risk,0
6741-EGCBI,90.5,30,Month-to-month,0,High value,Medium risk,High value / Medium risk,1
4250-WAROZ,93.25,60,Month-to-month,0,High value,Medium risk,High value / Medium risk,2
1266-NZYUI,66.85,72,Two year,0,Mid value,Low risk,Mid value / Low risk,2
7976-CICYS,20.7,4,Month-to-month,0,Low value,High risk,Low value / High risk,0
8120-JDCAM,69.55,4,Month-to-month,0,Mid value,High risk,Mid value / High risk,1
4009-ALQFH,99.5,25,Month-to-month,1,High value,Medium risk,High value / Medium risk,1
6586-MYGKD,76.95,70,Two year,0,Mid value,Low risk,Mid value / Low risk,2
8262-COGGB,20.45,1,Month-to-month,0,Low value,High risk,Low value / High risk,0
9967-ATRFS,19.9,19,Month-to-month,0,Low value,Medium risk,Low value / Medium risk,0
7551-JOHTI,19.5,1,Month-to-month,1,Low value,High risk,Low value / High risk,0
0064-SUDOG,20.3,12,Two year,0,Low value,Low risk,Low value / Low risk,0
3976-HXHCE,19.3,72,Two year,0,Low value,Low risk,Low value / Low risk,0
2342-CKIAO,20.3,2,Month-to-month,0,Low value,High risk,Low value / High risk,0
7682-AZNDK,89.85,34,Month-to-month,0,High value,Medium risk,High value / Medium risk,1
3891-NLXJB,40.55,37,Two year,0,Low value,Low risk,Low value / Low risk,0
2205-LPVGL,89.85,58,One year,0,High value,Low risk,High value / Low risk,2
3566-HJGPK,45.55,1,Month-to-month,0,Low value,High risk,Low value / High risk,1
3878-AVSOQ,71.25,1,Month-to-month,0,Mid value,High risk,Mid value / High risk,1
7767-UXAGJ,50.45,1,Month-to-month,1,Low value,High risk,Low value / High risk,1
6087-YPWHO,68.15,72,Two year,0,Mid value,Low risk,Mid value / Low risk,2
0282-NVSJS,29.3,12,Month-to-month,0,Low value,High risk,Low value / High risk,0
0883-EIBTI,19.5,2,Month-to-month,1,Low value,High risk,Low value / High risk,0
5093-FEGLU,19.65,47,Two year,0,Low value,Low risk,Low value / Low risk,0
7593-JNWRU,44.6,6,Month-to-month,1,Low value,High risk,Low value / High risk,1
5110-CHOPY,53.6,60,Two year,0,Mid value,Low risk,Mid value / Low risk,2
6407-UTSLV,83.8,2,Month-to-month,0,Mid value,High risk,Mid value / High risk,1
3720-DBRWL,83.85,51,Two year,0,Mid value,Low risk,Mid value / Low risk,2
9802-CAQUT,109.55,72,Two year,0,High value,Low risk,High value / Low risk,2
9225-BZLNZ,85.25,72,Two year,0,High value,Low risk,High value / Low risk,2
1207-BLKSA,23.05,52,Two year,0,Low value,Low risk,Low value / Low risk,0
3779-OSWCF,93.2,71,Two year,0,High value,Low risk,High value / Low risk,2
9891-NQDBD,25.55,28,One year,0,Low value,Low risk,Low value / Low risk,0
5227-JSCFE,46.35,71,Two year,0,Low value,Low risk,Low value / Low risk,2
9938-TKDGL,99.55,68,Two year,0,High value,Low risk,High value / Low risk,2
7465-ZZRVX,70.35,1,Month-to-month,0,Mid value,High risk,Mid value / High risk,1
1173-XZPYF,89.2,11,Month-to-month,0,High value,High risk,High value / High risk,1
8824-RWFXJ,56.15,3,Month-to-month,1,Mid value,High risk,Mid value / High risk,1
8715-KKTFG,103.3,61,One year,0,High value,Low risk,High value / Low risk,2
8185-UPYBR,75.5,6,Month-to-month,1,Mid value,High risk,Mid value / High risk,1
5619-PTMIK,53.1,46,Month-to-month,0,Mid value,Medium risk,Mid value / Medium risk,1
9174-IHETN,70.35,50,Two year,0,Mid value,Low risk,Mid value / Low risk,2
6305-YLBMM,104.05,69,One year,1,High value,Low risk,High value / Low risk,2
7037-MTYVW,85.4,38,Two year,0,High value,Low risk,High value / Low risk,2
9306-CPCBC,74.25,3,Month-to-month,1,Mid value,High risk,Mid value / High risk,1
6818-WOBHJ,89.6,68,Month-to-month,1,High value,Medium risk,High value / Medium risk,2
1760-CAZHT,20.8,25,Month-to-month,0,Low value,Medium risk,Low value / Medium risk,0
7240-FQLHE,99.75,18,Month-to-month,1,High value,Medium risk,High value / Medium risk,1
3834-XUIFC,85.2,7,Month-to-month,1,High value,High risk,High value / High risk,1
8316-BBQAY,59.95,65,Two year,0,Mid value,Low risk,Mid value / Low risk,2
5602-BVFMK,19.3,12,One year,0,Low value,Low risk,Low value / Low risk,0
6366-ZGQGL,24.8,1,Month-to-month,1,Low value,High risk,Low value / High risk,0
2023-VQFDL,19.0,18,Month-to-month,0,Low value,Medium risk,Low value / Medium risk,0
9795-NREXC,85.0,64,Two year,0,High value,Low risk,High value / Low risk,2
8404-FYDIB,86.65,26,Month-to-month,0,High value,Medium risk,High value / Medium risk,1
9565-DJPIB,89.6,4,Month-to-month,1,High value,High risk,High value / High risk,1
7688-AWMDX,54.5,71,Two year,0,Mid value,Low risk,Mid value / Low risk,2
8624-GIOUT,59.75,49,Month-to-month,1,Mid value,Medium risk,Mid value / Medium risk,1
9451-LPGOO,86.8,7,Month-to-month,1,High value,High risk,High value / High risk,1
4118-CEVPF,110.8,35,One year,0,High value,Low risk,High value / Low risk,2
1363-TXLSL,70.3,1,Month-to-month,1,Mid value,High risk,Mid value / High risk,1
0345-HKJVM,89.3,6,Month-to-month,1,High value,High risk,High value / High risk,1
4607-CHPCA,90.4,25,One year,1,High value,Low risk,High value / Low risk,1
0939-EREMR,53.45,13,Month-to-month,0,Mid value,Medium risk,Mid value / Medium risk,1
5707-ORNDZ,54.55,9,Month-to-month,1,Mid value,High risk,Mid value / High risk,1
8125-QPFJD,84.9,72,Two year,0,High value,Low risk,High value / Low risk,2
7163-OCEQI,78.65,22,One year,0,Mid value,Low risk,Mid value / Low risk,1
0454-OKRCT,80.6,33,Two year,0,Mid value,Low risk,Mid value / Low risk,1
1986-PHGZF,58.4,18,Month-to-month,0,Mid value,Medium risk,Mid value / Medium risk,1
9086-YJYXS,77.2,34,One year,0,Mid value,Low risk,Mid value / Low risk,2
8780-IXSTS,90.1,6,Month-to-month,1,High value,High risk,High value / High risk,1
0835-DUUIQ,21.05,24,One year,0,Low value,Low risk,Low value / Low risk,0
0236-HFWSV,93.35,15,Month-to-month,1,High value,Medium risk,High value / Medium risk,1
4191-XOVOM,105.4,63,Month-to-month,0,High value,Medium risk,High value / Medium risk,2
3223-DWFIO,69.35,4,Month-to-month,0,Mid value,High risk,Mid value / High risk,1
8016-ZMGMO,70.85,66,One year,0,Mid value,Low risk,Mid value / Low risk,2
1552-TKMXS,20.35,42,Month-to-month,0,Low value,Medium risk,Low value / Medium risk,0
1251-STYSZ,80.25,4,Month-to-month,0,Mid value,High risk,Mid value / High risk,1
7714-YXSMB,100.5,26,Month-to-month,0,High value,Medium risk,High value / Medium risk,1
9738-QLWTP,81.9,39,One year,0,Mid value,Low risk,Mid value / Low risk,2
8285-ABVLB,19.85,70,Two year,0,Low value,Low risk,Low value / Low risk,0
8806-EAGWC,55.15,3,Month-to-month,1,Mid value,High risk,Mid value / High risk,1
0843-WTBXE,85.45,53,Month-to-month,1,High value,Medium risk,High value / Medium risk,2
9588-OZDMQ,45.0,2,Month-to-month,0,Low value,High risk,Low value / High risk,1
8468-FZTOE,74.35,72,Two year,0,Mid value,Low risk,Mid value / Low risk,2
5275-PMFUT,64.8,72,Two year,0,Mid value,Low risk,Mid value / Low risk,2
9822-OAOVB,55.45,1,Month-to-month,0,Mid value,High risk,Mid value / High risk,1
6339-RZCBJ,78.9,48,Two year,0,Mid value,Low risk,Mid value / Low risk,2
7860-UXCRM,74.5,63,Two year,0,Mid value,Low risk,Mid value / Low risk,2
7010-BRBUU,24.1,72,Two year,0,Low value,Low risk,Low value / Low risk,0
9102-OXKFY,54.15,59,Two year,0,Mid value,Low risk,Mid value / Low risk,2
1430-SFQSA,35.6,29,One year,0,Low value,Low risk,Low value / Low risk,0
7153-CHRBV,59.3,57,One year,0,Mid value,Low risk,Mid value / Low risk,2
6647-ZEDXT,110.45,30,One year,0,High value,Low risk,High value / Low risk,2
7459-IMVYU,69.95,38,Month-to-month,0,Mid value,Medium risk,Mid value / Medium risk,1
7998-ZLXWN,20.45,15,Month-to-month,0,Low value,Medium risk,Low value / Medium risk,0
2674-MLXMN,99.65,71,Month-to-month,0,High value,Medium risk,High value / Medium risk,2
2645-QTLMB,94.25,7,Month-to-month,1,High value,High risk,High value / High risk,1
3721-WKIIL,19.6,27,Two year,0,Low value,Low risk,Low value / Low risk,0
4933-BSAIP,19.1,40,Two year,0,Low value,Low risk,Low value / Low risk,0
4844-JJWUY,86.0,1,Month-to-month,1,High value,High risk,High value / High risk,1
9614-RMGHA,91.85,65,Month-to-month,1,High value,Medium risk,High value / Medium risk,2
4614-NUVZD,81.1,1,Month-to-month,1,Mid value,High risk,Mid value / High risk,1
4855-SNKMY,44.1,1,Month-to-month,1,Low value,High risk,Low value / High risk,1
5066-GFJMM,19.9,3,Month-to-month,0,Low value,High risk,Low value / High risk,0
3565-UNOCC,99.05,29,Month-to-month,1,High value,Medium risk,High value / Medium risk,1
3721-CNZHX,19.8,15,One year,0,Low value,Low risk,Low value / Low risk,0
3486-HOOGQ,79.7,70,Two year,0,Mid value,Low risk,Mid value / Low risk,2
9912-GVSEQ,93.85,26,Month-to-month,1,High value,Medium risk,High value / Medium risk,1
8547-NSBBO,96.75,35,Month-to-month,0,High value,Medium risk,High value / Medium risk,2
2256-YLYLP,72.95,68,Two year,0,Mid value,Low risk,Mid value / Low risk,2
6358-LYNGM,74.9,1,Month-to-month,1,Mid value,High risk,Mid value / High risk,1
8203-XJZRC,20.25,1,Month-to-month,0,Low value,High risk,Low value / High risk,0
6670-MFRPK,79.2,69,Two year,0,Mid value,Low risk,Mid value / Low risk,2
1336-EZFZY,20.05,4,Month-to-month,0,Low value,High risk,Low value / High risk,0
9518-IMLHK,72.45,31,Month-to-month,0,Mid value,Medium risk,Mid value / Medium risk,1
3424-NMNBO,108.85,58,One year,1,High value,Low risk,High value / Low risk,2
3227-WLKLI,91.55,65,Two year,0,High value,Low risk,High value / Low risk,2
0743-HNPFG,69.75,51,One year,0,Mid value,Low risk,Mid value / Low risk,2
6569-KTMDU,19.1,1,Month-to-month,0,Low value,High risk,Low value / High risk,0
0680-DFNNY,101.1,15,Month-to-month,1,High value,Medium risk,High value / Medium risk,1
1834-ABKHQ,50.95,52,One year,0,Mid value,Low risk,Mid value / Low risk,0
2672-DZUOY,25.15,1,Month-to-month,1,Low value,High risk,Low value / High risk,1
7521-YXVZY,19.95,3,Month-to-month,0,Low value,High risk,Low value / High risk,0
4522-AKYLR,54.8,13,Month-to-month,0,Mid value,Medium risk,Mid value / Medium risk,1
3494-JCHRQ,70.05,1,Month-to-month,1,Mid value,High risk,Mid value / High risk,1
6060-DRTNL,84.85,5,Month-to-month,1,High value,High risk,High value / High risk,1
7175-NTIXE,76.15,25,Month-to-month,0,Mid value,Medium risk,Mid value / Medium risk,1
7519-JTWQH,110.5,69,Two year,0,High value,Low risk,High value / Low risk,2
5172-MIGPM,65.55,4,Month-to-month,0,Mid value,High risk,Mid value / High risk,1
9770-LXDBK,20.4,3,Month-to-month,0,Low value,High risk,Low value / High risk,0
6180-YBIQI,24.3,5,Month-to-month,0,Low value,High risk,Low value / High risk,0
3904-UKFRE,80.1,4,Month-to-month,0,Mid value,High risk,Mid value / High risk,1
1226-IENZN,78.75,16,Month-to-month,0,Mid value,Medium risk,Mid value / Medium risk,1
3021-VLNRJ,70.8,50,One year,0,Mid value,Low risk,Mid value / Low risk,2
7746-QYVCO,55.85,16,One year,0,Mid value,Low risk,Mid value / Low risk,1
0701-RFGFI,95.4,49,Month-to-month,0,High value,Medium risk,High value / Medium risk,2
0696-UKTOX,54.15,23,Month-to-month,0,Mid value,Medium risk,Mid value / Medium risk,1
0434-CSFON,100.5,47,Month-to-month,0,High value,Medium risk,High value / Medium risk,2
7639-SUPCW,48.8,22,Month-to-month,1,Low value,Medium risk,Low value / Medium risk,1
0864-FVJNJ,113.35,64,One year,0,High value,Low risk,High value / Low risk,2
1208-NBVFH,49.6,20,Month-to-month,0,Low value,Medium risk,Low value / Medium risk,1
2330-PQGDQ,84.2,51,One year,0,Mid value,Low risk,Mid value / Low risk,2
3677-TNKIO,71.0,14,Month-to-month,1,Mid value,Medium risk,Mid value / Medium risk,1
9060-HJJRW,56.4,51,One year,0,Mid value,Low risk,Mid value / Low risk,2
3391-JSQEW,50.15,40,Month-to-month,0,Low value,Medium risk,Low value / Medium risk,1
6108-OQZDQ,97.95,4,Month-to-month,1,High value,High risk,High value / High risk,1
8348-HFYIV,49.25,2,Month-to-month,1,Low value,High risk,Low value / High risk,1
3537-HPKQT,77.75,55,Month-to-month,0,Mid value,Medium risk,Mid value / Medium risk,2
0440-EKDCF,60.15,62,Two year,0,Mid value,Low risk,Mid value / Low risk,2
3620-MWJNE,54.45,2,Month-to-month,0,Mid value,High risk,Mid value / High risk,1
3577-AMVUX,55.05,1,Month-to-month,0,Mid value,High risk,Mid value / High risk,1
8999-BOHSE,89.7,11,Month-to-month,1,High value,High risk,High value / High risk,1
6435-SRWBJ,82.75,5,Month-to-month,0,Mid value,High risk,Mid value / High risk,1
7798-JVXYM,69.65,14,Month-to-month,0,Mid value,Medium risk,Mid value / Medium risk,1
4686-GEFRM,98.7,70,Two year,0,High value,Low risk,High value / Low risk,2
9153-BTBVV,25.0,71,Two year,0,Low value,Low risk,Low value / Low risk,0
1125-SNVCK,43.8,49,Month-to-month,0,Low value,Medium risk,Low value / Medium risk,0
5474-LAMUQ,20.1,24,One year,0,Low value,Low risk,Low value / Low risk,0
0303-UNCIP,65.0,41,One year,0,Mid value,Low risk,Mid value / Low risk,1
1442-BQPVU,29.15,13,Month-to-month,0,Low value,Medium risk,Low value / Medium risk,1
7252-NTGSS,45.15,1,Month-to-month,0,Low value,High risk,Low value / High risk,1
2453-SAFNS,72.1,54,One year,0,Mid value,Low risk,Mid value / Low risk,2
3799-ISUZQ,69.95,7,Month-to-month,1,Mid value,High risk,Mid value / High risk,1
4737-AQCPU,72.1,72,Two year,0,Mid value,Low risk,Mid value / Low risk,2
3957-LXOLK,106.15,28,Month-to-month,1,High value,Medium risk,High value / Medium risk,2
7284-BUYEC,50.95,5,Month-to-month,0,Mid value,High risk,Mid value / High risk,1
1342-JPNKI,86.05,10,Month-to-month,1,High value,High risk,High value / High risk,1
7472-EQOAV,86.7,71,One year,0,High value,Low risk,High value / Low risk,2
5472-CVMDX,38.9,68,Two year,0,Low value,Low risk,Low value / Low risk,2
4537-DKTAL,45.55,2,Month-to-month,0,Low value,High risk,Low value / High risk,1
0442-ZXKVS,115.6,54,One year,0,High value,Low risk,High value / Low risk,2
1794-SWWKL,59.65,15,Month-to-month,0,Mid value,Medium risk,Mid value / Medium risk,1
0975-VOOVL,29.2,3,Month-to-month,0,Low value,High risk,Low value / High risk,1
6435-VWCCY,92.7,65,Two year,0,High value,Low risk,High value / Low risk,2
5003-OKNNK,20.35,15,One year,0,Low value,Low risk,Low value / Low risk,0
8294-UIMBA,94.4,30,One year,0,High value,Low risk,High value / Low risk,2
9067-YGSCA,26.05,70,One year,0,Low value,Low risk,Low value / Low risk,0
5148-HKFIR,19.7,20,Two year,0,Low value,Low risk,Low value / Low risk,0
5261-QSHQM,24.45,4,Month-to-month,1,Low value,High risk,Low value / High risk,1
6741-QRLUP,80.3,63,Two year,0,Mid value,Low risk,Mid value / Low risk,2
2379-ENZGV,84.85,6,Month-to-month,1,High value,High risk,High value / High risk,1
4291-HYEBC,39.1,28,One year,0,Low value,Low risk,Low value / Low risk,1
3556-BVQGL,20.0,20,One year,0,Low value,Low risk,Low value / Low risk,0
4957-TREIR,64.4,3,Month-to-month,0,Mid value,High risk,Mid value / High risk,1
8182-PNAGI,50.25,12,Month-to-month,1,Low value,High risk,Low value / High risk,1
8722-NGNBH,40.0,5,Month-to-month,1,Low value,High risk,Low value / High risk,1
6064-PUPMC,57.2,23,One year,0,Mid value,Low risk,Mid value / Low risk,1
0214-JHPFW,57.8,70,Two year,0,Mid value,Low risk,Mid value / Low risk,2
0687-ZVTHB,72.45,65,One year,1,Mid value,Low risk,Mid value / Low risk,2
4827-DPADN,83.3,72,Two year,0,Mid value,Low risk,Mid value / Low risk,2
8665-UTDHZ,30.2,1,Month-to-month,1,Low value,High risk,Low value / High risk,1
7758-UJWYS,40.55,34,Two year,0,Low value,Low risk,Low value / Low risk,1
7969-AULMZ,97.35,21,Month-to-month,1,High value,Medium risk,High value / Medium risk,1
6668-CNMFP,89.35,19,One year,0,High value,Low risk,High value / Low risk,1
3181-VTHOE,51.05,70,One year,0,Mid value,Low risk,Mid value / Low risk,2
4007-NHVHI,96.85,56,Month-to-month,0,High value,Medium risk,High value / Medium risk,2
6629-CZTTH,55.7,1,Month-to-month,1,Mid value,High risk,Mid value / High risk,1
9555-SAHUZ,54.5,38,Month-to-month,0,Mid value,Medium risk,Mid value / Medium risk,1
2592-HODOV,19.3,13,One year,0,Low value,Low risk,Low value / Low risk,0
4433-JCGCG,101.0,46,Month-to-month,1,High value,Medium risk,High value / Medium risk,2
8904-OPDCK,24.95,54,Month-to-month,0,Low value,Medium risk,Low value / Medium risk,0
1996-DBMUS,70.65,48,Month-to-month,0,Mid value,Medium risk,Mid value / Medium risk,1
6369-MCAKO,89.05,68,Two year,0,High value,Low risk,High value / Low risk,2
4070-OKWVH,94.6,52,Month-to-month,0,High value,Medium risk,High value / Medium risk,2
4443-EMBNA,24.75,71,Two year,0,Low value,Low risk,Low value / Low risk,0
2856-HYAPG,68.65,1,Month-to-month,1,Mid value,High risk,Mid value / High risk,1
5148-ORICT,74.35,64,Two year,0,Mid value,Low risk,Mid value / Low risk,2
0842-IWYCP,44.95,46,Month-to-month,0,Low value,Medium risk,Low value / Medium risk,0
7321-PKUYW,90.15,11,Month-to-month,1,High value,High risk,High value / High risk,1
7470-DYNOE,61.1,53,One year,0,Mid value,Low risk,Mid value / Low risk,2
0871-OPBXW,20.05,2,Month-to-month,0,Low value,High risk,Low value / High risk,0
3768-NLUBH,100.6,57,Month-to-month,1,High value,Medium risk,High value / Medium risk,2
9619-GSATL,55.45,43,One year,0,Mid value,Low risk,Mid value / Low risk,1
6725-TPKJO,20.05,44,Two year,0,Low value,Low risk,Low value / Low risk,0
1866-DIOQZ,66.8,71,One year,0,Mid value,Low risk,Mid value / Low risk,2
4459-BBGHE,44.5,30,Month-to-month,0,Low value,Medium risk,Low value / Medium risk,1
4092-OFQZS,20.65,20,One year,0,Low value,Low risk,Low value / Low risk,0
0859-YGKFW,20.05,18,One year,0,Low value,Low risk,Low value / Low risk,0
8910-LEDAG,71.55,34,Month-to-month,0,Mid value,Medium risk,Mid value / Medium risk,1
5762-TJXGK,58.75,52,Two year,0,Mid value,Low risk,Mid value / Low risk,2
0786-IVLAW,108.1,66,One year,0,High value,Low risk,High value / Low risk,2
4021-RQSNY,98.5,29,Month-to-month,1,High value,Medium risk,High value / Medium risk,1
9170-GYZJC,79.9,41,Month-to-month,1,Mid value,Medium risk,Mid value / Medium risk,2
2882-WDTBA,75.75,69,Two year,0,Mid value,Low risk,Mid value / Low risk,2
3536-IQCTX,85.3,32,Month-to-month,1,High value,Medium risk,High value / Medium risk,1
5895-QSXOD,70.05,9,Month-to-month,0,Mid value,High risk,Mid value / High risk,1
1142-WACZW,29.85,2,Month-to-month,1,Low value,High risk,Low value / High risk,1
8327-WKMIE,20.15,37,One year,0,Low value,Low risk,Low value / Low risk,0
2483-XSSMZ,47.85,39,One year,0,Low value,Low risk,Low value / Low risk,1
5229-PRWKT,86.55,8,Month-to-month,1,High value,High risk,High value / High risk,1
2690-DVRVK,20.55,5,One year,0,Low value,Low risk,Low value / Low risk,0
1853-ARAAQ,50.35,26,Month-to-month,0,Low value,Medium risk,Low value / Medium risk,1
2796-UUZZO,80.3,63,Month-to-month,0,Mid value,Medium risk,Mid value / Medium risk,2
6847-KJLTS,100.4,58,Month-to-month,0,High value,Medium risk,High value / Medium risk,2
2569-WGERO,21.15,72,Two year,0,Low value,Low risk,Low value / Low risk,0
7359-SSBJK,70.2,64,Two year,1,Mid value,Low risk,Mid value / Low risk,2
0023-UYUPN,25.2,50,One year,0,Low value,Low risk,Low value / Low risk,0
2680-XKKNJ,58.2,8,One year,0,Mid value,Low risk,Mid value / Low risk,1
8945-GRKHX,78.65,1,Month-to-month,1,Mid value,High risk,Mid value / High risk,1
9620-ENEJV,70.55,6,Month-to-month,0,Mid value,High risk,Mid value / High risk,1
9227-YBAXE,82.5,65,Two year,0,Mid value,Low risk,Mid value / Low risk,2
9705-ZJBCG,54.15,13,One year,0,Mid value,Low risk,Mid value / Low risk,1
6599-RCLCJ,109.55,47,Month-to-month,1,High value,Medium risk,High value / Medium risk,2
1260-TTRXI,54.3,4,Month-to-month,1,Mid value,High risk,Mid value / High risk,1
6407-GSJNL,24.95,51,Two year,0,Low value,Low risk,Low value / Low risk,0
5337-IIWKZ,44.85,34,Month-to-month,0,Low value,Medium risk,Low value / Medium risk,1
2207-QPJED,90.0,37,Month-to-month,0,High value,Medium risk,High value / Medium risk,2
4813-HQMGZ,90.25,8,Month-to-month,0,High value,High risk,High value / High risk,1
0089-IIQKO,99.95,39,Month-to-month,0,High value,Medium risk,High value / Medium risk,2
8654-DHAOW,54.15,2,Month-to-month,0,Mid value,High risk,Mid value / High risk,1
8739-QOTTN,20.35,2,Month-to-month,0,Low value,High risk,Low value / High risk,0
6171-ZTVYB,66.25,43,Month-to-month,0,Mid value,Medium risk,Mid value / Medium risk,1
0107-YHINA,99.75,1,Month-to-month,1,High value,High risk,High value / High risk,1
4713-ZBURT,99.7,45,Two year,0,High value,Low risk,High value / Low risk,2
0812-WUPTB,70.85,1,Month-to-month,1,Mid value,High risk,Mid value / High risk,1
2103-ZRXFN,50.75,1,Month-to-month,0,Mid value,High risk,Mid value / High risk,1
3370-GQEAL,85.45,30,Month-to-month,0,High value,Medium risk,High value / Medium risk,1
1282-IHQAC,44.05,70,One year,0,Low value,Low risk,Low value / Low risk,2
5074-FBGHB,104.65,64,One year,0,High value,Low risk,High value / Low risk,2
1092-WPIVQ,25.1,18,Two year,0,Low value,Low risk,Low value / Low risk,0
7696-CFTAT,19.8,37,Two year,0,Low value,Low risk,Low value / Low risk,0
6115-ZTBFQ,65.5,72,Two year,0,Mid value,Low risk,Mid value / Low risk,2
2959-EEXWB,50.9,45,Month-to-month,0,Mid value,Medium risk,Mid value / Medium risk,1
3050-RLLXC,81.25,56,Two year,0,Mid value,Low risk,Mid value / Low risk,2
5216-WASFJ,84.85,31,Month-to-month,0,High value,Medium risk,High value / Medium risk,1
4636-TVXVG,19.95,62,One year,0,Low value,Low risk,Low value / Low risk,0
9309-BZGNT,29.8,69,One year,0,Low value,Low risk,Low value / Low risk,0
2495-TTHBQ,20.4,4,One year,0,Low value,Low risk,Low value / Low risk,0
1764-VUUMT,19.95,66,Two year,0,Low value,Low risk,Low value / Low risk,0
9489-DEDVP,69.2,70,Two year,0,Mid value,Low risk,Mid value / Low risk,2
8999-XXGNS,105.75,72,One year,0,High value,Low risk,High value / Low risk,2
9150-HEPMB,52.7,56,One year,0,Mid value,Low risk,Mid value / Low risk,2
5649-VUKMC,95.5,12,One year,1,High value,Low risk,High value / Low risk,1
0519-XUZJU,70.75,1,Month-to-month,1,Mid value,High risk,Mid value / High risk,1
4361-BKAXE,114.5,41,Month-to-month,1,High value,Medium risk,High value / Medium risk,2
2853-CWQFQ,59.55,1,Month-to-month,0,Mid value,High risk,Mid value / High risk,1
0956-SYCWG,19.65,13,One year,0,Low value,Low risk,Low value / Low risk,0
8436-BJUMM,83.75,26,Month-to-month,1,Mid value,Medium risk,Mid value / Medium risk,1
8652-YHIYU,79.5,16,One year,0,Mid value,Low risk,Mid value / Low risk,1
9261-WDCAF,54.65,3,Month-to-month,0,Mid value,High risk,Mid value / High risk,1
0556-FJEGU,70.1,58,Two year,0,Mid value,Low risk,Mid value / Low risk,2
3219-JQRSL,89.1,72,Two year,0,High value,Low risk,High value / Low risk,2
6922-NCEDI,21.2,56,One year,0,Low value,Low risk,Low value / Low risk,0
7254-IQWOZ,69.65,1,Month-to-month,1,Mid value,High risk,Mid value / High risk,1
7841-FCRQD,53.75,33,One year,0,Mid value,Low risk,Mid value / Low risk,1
7852-LECYP,93.8,13,Month-to-month,0,High value,Medium risk,High value / Medium risk,1
4685-ERGHK,86.9,57,One year,0,High value,Low risk,High value / Low risk,2
7401-RUBNK,74.8,18,Month-to-month,0,Mid value,Medium risk,Mid value / Medium risk,1
1723-HKXJQ,101.75,42,Month-to-month,1,High value,Medium risk,High value / Medium risk,2
9730-DRTMJ,72.8,32,One year,0,Mid value,Low risk,Mid value / Low risk,1
4803-LBYPN,20.8,34,Month-to-month,0,Low value,Medium risk,Low value / Medium risk,0
8984-EYLLL,105.25,64,Two year,0,High value,Low risk,High value / Low risk,2
7625-XCQRH,76.5,11,Month-to-month,1,Mid value,High risk,Mid value / High risk,1
2040-VZIKE,100.85,49,Month-to-month,0,High value,Medium risk,High value / Medium risk,2
0461-CVKMU,83.8,23,Month-to-month,1,Mid value,Medium risk,Mid value / Medium risk,1
5791-KAJFD,68.75,56,One year,0,Mid value,Low risk,Mid value / Low risk,2
9467-ROOLM,19.05,25,Month-to-month,0,Low value,Medium risk,Low value / Medium risk,0
2761-XECQW,43.35,8,Month-to-month,0,Low value,High risk,Low value / High risk,1
9259-PACGQ,62.65,34,Month-to-month,1,Mid value,Medium risk,Mid value / Medium risk,1
1222-LRYKO,26.35,6,Month-to-month,0,Low value,High risk,Low value / High risk,0
4391-RESHN,104.05,23,Month-to-month,1,High value,Medium risk,High value / Medium risk,1
4139-SUGLD,35.4,31,Month-to-month,1,Low value,Medium risk,Low value / Medium risk,1
0953-LGOVU,35.5,12,Month-to-month,0,Low value,High risk,Low value / High risk,1
0793-TWELN,80.15,4,Month-to-month,0,Mid value,High risk,Mid value / High risk,1
7549-MYGPK,100.55,63,Month-to-month,1,High value,Medium risk,High value / Medium risk,2
2640-LYMOV,19.65,2,Month-to-month,0,Low value,High risk,Low value / High risk,0
8229-BUJHX,20.5,71,Two year,0,Low value,Low risk,Low value / Low risk,0
2672-TGEFF,88.8,37,Month-to-month,0,High value,Medium risk,High value / Medium risk,1
1612-EOHDH,45.15,1,Month-to-month,1,Low value,High risk,Low value / High risk,1
5119-NZPTV,70.1,2,Month-to-month,0,Mid value,High risk,Mid value / High risk,1
5445-UTODQ,81.1,7,Month-to-month,1,Mid value,High risk,Mid value / High risk,1
7524-VRLPL,74.1,69,Two year,0,Mid value,Low risk,Mid value / Low risk,2
4013-TLDHQ,78.25,19,Month-to-month,1,Mid value,Medium risk,Mid value / Medium risk,1
7825-ECJRF,106.6,19,Month-to-month,1,High value,Medium risk,High value / Medium risk,1
5980-BDHPY,87.1,72,Two year,0,High value,Low risk,High value / Low risk,2
8949-JTMAY,98.6,29,Month-to-month,1,High value,Medium risk,High value / Medium risk,1
7675-OZCZG,45.0,3,Month-to-month,1,Low value,High risk,Low value / High risk,1
9496-IVVRP,51.0,11,Month-to-month,0,Mid value,High risk,Mid value / High risk,1
2045-BMBTJ,59.45,33,Month-to-month,0,Mid value,Medium risk,Mid value / Medium risk,1
8152-VETUR,97.7,72,Two year,0,High value,Low risk,High value / Low risk,2
4785-NKHCX,20.05,5,Month-to-month,0,Low value,High risk,Low value / High risk,0
3445-HXXGF,45.3,58,Month-to-month,1,Low value,Medium risk,Low value / Medium risk,1
6257-DTAYD,104.15,71,Two year,0,High value,Low risk,High value / Low risk,2
7511-YMXVQ,45.4,9,Month-to-month,1,Low value,High risk,Low value / High risk,1
0248-IPDFW,50.1,1,Month-to-month,0,Low value,High risk,Low value / High risk,1
9667-TKTVZ,54.35,2,Month-to-month,0,Mid value,High risk,Mid value / High risk,1
2085-JVGAD,20.35,37,Month-to-month,0,Low value,Medium risk,Low value / Medium risk,0
7551-DACSP,55.3,6,Month-to-month,1,Mid value,High risk,Mid value / High risk,1
7964-YESJC,66.3,24,Month-to-month,0,Mid value,Medium risk,Mid value / Medium risk,1
7609-YBPXG,87.1,54,Two year,0,High value,Low risk,High value / Low risk,2
9801-NOSHQ,19.8,23,One year,0,Low value,Low risk,Low value / Low risk,0
6877-LGWXO,78.55,18,Month-to-month,1,Mid value,Medium risk,Mid value / Medium risk,1
6166-YIPFO,64.7,72,Two year,0,Mid value,Low risk,Mid value / Low risk,2
9677-AVKED,84.6,53,One year,0,High value,Low risk,High value / Low risk,2
6427-FEFIG,78.6,24,Two year,0,Mid value,Low risk,Mid value / Low risk,1
7622-FWGEW,85.65,56,Two year,0,High value,Low risk,High value / Low risk,2
0320-JDNQG,99.85,23,Month-to-month,1,High value,Medium risk,High value / Medium risk,1
3261-CQXOL,25.45,71,Two year,0,Low value,Low risk,Low value / Low risk,0
7568-PODML,45.3,1,Month-to-month,1,Low value,High risk,Low value / High risk,1
8685-WHQPW,74.4,22,Month-to-month,1,Mid value,Medium risk,Mid value / Medium risk,1
7493-GVFIO,20.55,57,Two year,0,Low value,Low risk,Low value / Low risk,0
8039-EQPIM,60.25,69,Two year,0,Mid value,Low risk,Mid value / Low risk,2
6771-XWBDM,104.5,57,Month-to-month,1,High value,Medium risk,High value / Medium risk,2
4381-MHQDC,65.0,47,Two year,0,Mid value,Low risk,Mid value / Low risk,2
5688-KZTSN,20.0,15,Month-to-month,1,Low value,Medium risk,Low value / Medium risk,0
3689-MOZGR,31.2,29,Month-to-month,0,Low value,Medium risk,Low value / Medium risk,1
6765-MBQNU,26.0,26,One year,0,Low value,Low risk,Low value / Low risk,0
5124-EOGYE,20.45,31,Two year,0,Low value,Low risk,Low value / Low risk,0
5288-AHOUP,78.5,11,Month-to-month,0,Mid value,High risk,Mid value / High risk,1
8434-PNQZX,78.45,42,Two year,0,Mid value,Low risk,Mid value / Low risk,2
5010-IPEAQ,54.2,67,Two year,0,Mid value,Low risk,Mid value / Low risk,2
1932-UEDCX,100.6,33,Month-to-month,0,High value,Medium risk,High value / Medium risk,2
1226-JZNKR,19.8,8,One year,0,Low value,Low risk,Low value / Low risk,0
8098-LLAZX,95.45,4,Month-to-month,1,High value,High risk,High value / High risk,1
0230-WEQUW,56.6,66,Two year,0,Mid value,Low risk,Mid value / Low risk,2
3143-ILDAL,94.45,56,Month-to-month,1,High value,Medium risk,High value / Medium risk,2
4795-KTRTH,81.0,5,Month-to-month,1,Mid value,High risk,Mid value / High risk,1
6330-JKLPC,80.5,11,Month-to-month,1,Mid value,High risk,Mid value / High risk,1
2235-DWLJU,44.4,6,Month-to-month,0,Low value,High risk,Low value / High risk,1
6479-SZPLM,19.45,36,Two year,0,Low value,Low risk,Low value / Low risk,0
0318-QUUOB,80.55,1,Month-to-month,1,Mid value,High risk,Mid value / High risk,1
2896-TBNBE,80.8,40,One year,0,Mid value,Low risk,Mid value / Low risk,2
7080-TNUWP,95.0,70,One year,0,High value,Low risk,High value / Low risk,2
0723-FDLAY,85.25,44,One year,0,High value,Low risk,High value / Low risk,2
9095-HFAFX,81.0,5,Month-to-month,1,Mid value,High risk,Mid value / High risk,1
7609-NRNCA,19.55,17,One year,0,Low value,Low risk,Low value / Low risk,0
8749-TZYEC,24.8,72,Two year,0,Low value,Low risk,Low value / Low risk,0
5092-STPKP,56.35,24,Month-to-month,0,Mid value,Medium risk,Mid value / Medium risk,1
9851-QXEEQ,104.7,41,Month-to-month,1,High value,Medium risk,High value / Medium risk,2
2160-GPFXD,65.65,54,Two year,0,Mid value,Low risk,Mid value / Low risk,2
4116-IQRFR,24.1,4,One year,0,Low value,Low risk,Low value / Low risk,0
0811-GSDTP,30.15,13,Month-to-month,0,Low value,Medium risk,Low value / Medium risk,1
4625-XMOYM,26.25,72,Two year,0,Low value,Low risk,Low value / Low risk,0
0594-UFTUL,19.85,13,Month-to-month,0,Low value,Medium risk,Low value / Medium risk,0
2480-JZOSN,20.65,1,Month-to-month,0,Low value,High risk,Low value / High risk,0
8405-IGQFX,90.05,63,One year,0,High value,Low risk,High value / Low risk,2
4423-YLHDV,104.4,21,Month-to-month,1,High value,Medium risk,High value / Medium risk,1
7030-FZTFM,110.9,72,Two year,0,High value,Low risk,High value / Low risk,2
4361-FEBGN,20.15,48,Two year,0,Low value,Low risk,Low value / Low risk,0
5902-WBLSE,20.15,70,Two year,0,Low value,Low risk,Low value / Low risk,0
9848-JQJTX,100.9,72,Two year,0,High value,Low risk,High value / Low risk,2
8096-LOIST,56.2,19,Month-to-month,0,Mid value,Medium risk,Mid value / Medium risk,1
6352-TWCAU,86.45,35,Month-to-month,1,High value,Medium risk,High value / Medium risk,1
1642-HMARX,91.7,68,Two year,0,High value,Low risk,High value / Low risk,2
2038-OEQZH,86.05,4,Month-to-month,0,High value,High risk,High value / High risk,1
8679-LZBMD,90.65,44,One year,0,High value,Low risk,High value / Low risk,2
5073-WXOYN,50.8,60,Month-to-month,1,Mid value,Medium risk,Mid value / Medium risk,2
9392-XBGTD,20.6,27,Two year,0,Low value,Low risk,Low value / Low risk,0
4826-DXMUP,72.1,35,One year,0,Mid value,Low risk,Mid value / Low risk,1
2623-DRYAM,101.75,70,One year,0,High value,Low risk,High value / Low risk,2
5916-QEWPT,69.0,2,Month-to-month,0,Mid value,High risk,Mid value / High risk,1
4770-UEZOX,74.75,2,Month-to-month,0,Mid value,High risk,Mid value / High risk,1
2380-DAMQP,115.15,72,Two year,0,High value,Low risk,High value / Low risk,2
5377-NDTOU,91.05,71,Two year,0,High value,Low risk,High value / Low risk,2
3838-OZURD,105.0,66,Month-to-month,1,High value,Medium risk,High value / Medium risk,2
3657-COGMW,108.1,52,Month-to-month,0,High value,Medium risk,High value / Medium risk,2
7691-KGKGP,65.0,53,Month-to-month,0,Mid value,Medium risk,Mid value / Medium risk,2
5321-NTRKC,79.85,66,Two year,0,Mid value,Low risk,Mid value / Low risk,2
9099-FTUHS,54.4,23,Month-to-month,0,Mid value,Medium risk,Mid value / Medium risk,1
6110-OHIHY,79.25,3,Month-to-month,1,Mid value,High risk,Mid value / High risk,1
4816-LXZYW,79.15,23,Month-to-month,1,Mid value,Medium risk,Mid value / Medium risk,1
9693-XMUOB,50.25,59,Month-to-month,0,Low value,Medium risk,Low value / Medium risk,2
3170-GWYKC,104.95,60,Month-to-month,0,High value,Medium risk,High value / Medium risk,2
3086-RUCRN,103.1,66,Month-to-month,0,High value,Medium risk,High value / Medium risk,2
4957-TIALW,65.6,15,One year,0,Mid value,Low risk,Mid value / Low risk,1
1215-FIGMP,89.9,60,Month-to-month,0,High value,Medium risk,High value / Medium risk,2
6603-QWSPR,104.4,46,Two year,0,High value,Low risk,High value / Low risk,2
2869-ADAWR,89.3,45,Month-to-month,1,High value,Medium risk,High value / Medium risk,2
5583-EJXRD,54.05,44,Two year,0,Mid value,Low risk,Mid value / Low risk,2
8631-WUXGY,99.8,46,Month-to-month,0,High value,Medium risk,High value / Medium risk,2
3372-CDXFJ,24.5,13,One year,0,Low value,Low risk,Low value / Low risk,0
5375-XLDOF,114.35,69,Two year,0,High value,Low risk,High value / Low risk,2
3551-HUAZH,74.4,1,Month-to-month,1,Mid value,High risk,Mid value / High risk,1
8357-EQXFO,95.35,7,Month-to-month,1,High value,High risk,High value / High risk,1
0114-IGABW,58.25,71,Two year,0,Mid value,Low risk,Mid value / Low risk,2
7552-KEYGT,19.55,27,Two year,0,Low value,Low risk,Low value / Low risk,0
8659-HDIYE,74.65,64,Month-to-month,0,Mid value,Medium risk,Mid value / Medium risk,2
5930-GBIWP,81.5,69,Two year,0,Mid value,Low risk,Mid value / Low risk,2
7310-EGVHZ,20.2,1,Month-to-month,0,Low value,High risk,Low value / High risk,0
6289-CPNLD,73.9,33,One year,1,Mid value,Low risk,Mid value / Low risk,2
0375-HVGXO,34.7,1,Month-to-month,1,Low value,High risk,Low value / High risk,1
4716-HHKQH,107.05,20,Month-to-month,0,High value,Medium risk,High value / Medium risk,1
1583-IHQZE,112.95,12,Month-to-month,1,High value,High risk,High value / High risk,1
3898-BSJYF,73.55,10,One year,0,Mid value,Low risk,Mid value / Low risk,1
6689-VRRTK,109.8,44,One year,0,High value,Low risk,High value / Low risk,2
6339-DKLMK,31.65,13,Month-to-month,0,Low value,Medium risk,Low value / Medium risk,1
0621-TSSMU,19.95,56,One year,0,Low value,Low risk,Low value / Low risk,0
0754-UKWQP,95.85,2,Month-to-month,1,High value,High risk,High value / High risk,1
5935-FCCNB,94.2,17,Month-to-month,0,High value,Medium risk,High value / Medium risk,1
2433-KMEAS,54.45,22,Month-to-month,1,Mid value,Medium risk,Mid value / Medium risk,1
7245-JMTTQ,111.5,51,One year,0,High value,Low risk,High value / Low risk,2
2676-OXPPQ,55.7,6,Month-to-month,0,Mid value,High risk,Mid value / High risk,1
6356-ELRKD,95.6,1,Month-to-month,1,High value,High risk,High value / High risk,1
2688-BHGOG,79.55,9,Month-to-month,0,Mid value,High risk,Mid value / High risk,1
2692-BUCFV,101.45,29,Month-to-month,0,High value,Medium risk,High value / Medium risk,2
2082-CEFLT,45.6,1,Month-to-month,1,Low value,High risk,Low value / High risk,1
9782-LGXMC,61.75,49,Month-to-month,0,Mid value,Medium risk,Mid value / Medium risk,2
4608-LCIMN,44.65,8,Month-to-month,0,Low value,High risk,Low value / High risk,1
0872-NXJYS,79.55,9,Month-to-month,1,Mid value,High risk,Mid value / High risk,1
5651-CRHKQ,86.2,41,One year,0,High value,Low risk,High value / Low risk,2
3683-QKIUE,50.8,6,Month-to-month,1,Mid value,High risk,Mid value / High risk,1
5136-KCKGI,103.7,33,One year,1,High value,Low risk,High value / Low risk,2
5804-JMYIO,19.75,39,Two year,0,Low value,Low risk,Low value / Low risk,0
9058-CBREO,50.55,1,Month-to-month,1,Mid value,High risk,Mid value / High risk,1
0550-DCXLH,73.35,13,Month-to-month,0,Mid value,Medium risk,Mid value / Medium risk,1
9809-IMGCQ,96.7,22,Month-to-month,1,High value,Medium risk,High value / Medium risk,1
3162-KKZXO,100.15,55,One year,0,High value,Low risk,High value / Low risk,2
6357-JJPQT,80.5,3,Month-to-month,0,Mid value,High risk,Mid value / High risk,1
8672-OAUPW,47.85,51,One year,0,Low value,Low risk,Low value / Low risk,0
8668-KNZTI,53.75,52,One year,0,Mid value,Low risk,Mid value / Low risk,2
5640-CAXOA,40.35,30,One year,0,Low value,Low risk,Low value / Low risk,1
3472-QPRCH,25.25,40,Two year,0,Low value,Low risk,Low value / Low risk,0
9185-TQCVP,85.15,14,Month-to-month,1,High value,Medium risk,High value / Medium risk,1
2887-JPYLU,45.2,41,Month-to-month,0,Low value,Medium risk,Low value / Medium risk,0
9839-ETQOE,40.45,43,Month-to-month,0,Low value,Medium risk,Low value / Medium risk,1
0078-XZMHT,85.15,72,Two year,0,High value,Low risk,High value / Low risk,2
3315-IKYZQ,50.8,28,One year,0,Mid value,Low risk,Mid value / Low risk,1
8883-ANODQ,84.4,68,Two year,0,High value,Low risk,High value / Low risk,2
2272-JKMSI,110.8,62,One year,0,High value,Low risk,High value / Low risk,2
4361-JEIVL,44.4,1,Month-to-month,1,Low value,High risk,Low value / High risk,1
3009-JWMPU,96.75,62,One year,1,High value,Low risk,High value / Low risk,2
1897-RCFUM,24.2,39,One year,0,Low value,Low risk,Low value / Low risk,0
5032-MIYKT,70.7,1,Month-to-month,0,Mid value,High risk,Mid value / High risk,1
1597-FZREH,76.4,2,Month-to-month,1,Mid value,High risk,Mid value / High risk,1
2530-ENDWQ,93.7,71,Two year,1,High value,Low risk,High value / Low risk,2
8364-TRMMK,50.65,3,Month-to-month,1,Mid value,High risk,Mid value / High risk,1
3696-XRIEN,82.5,50,One year,0,Mid value,Low risk,Mid value / Low risk,2
8200-KLNYW,80.9,21,One year,0,Mid value,Low risk,Mid value / Low risk,1
5568-DMXZS,65.45,8,Month-to-month,0,Mid value,High risk,Mid value / High risk,1
9102-IAYHT,85.45,17,Month-to-month,1,High value,Medium risk,High value / Medium risk,1
4584-LBNMK,24.7,45,One year,0,Low value,Low risk,Low value / Low risk,0
2626-URJFX,50.9,4,Month-to-month,1,Mid value,High risk,Mid value / High risk,1
3813-DHBBB,50.95,67,Two year,0,Mid value,Low risk,Mid value / Low risk,2
3815-SLMEF,34.25,3,Month-to-month,1,Low value,High risk,Low value / High risk,1
5998-DZLYR,94.35,61,Two year,0,High value,Low risk,High value / Low risk,2
0083-PIVIK,81.25,64,One year,0,Mid value,Low risk,Mid value / Low risk,2
8022-BECSI,19.6,22,One year,0,Low value,Low risk,Low value / Low risk,0
6994-KERXL,55.9,4,Month-to-month,0,Mid value,High risk,Mid value / High risk,1
1309-XGFSN,80.85,52,One year,0,Mid value,Low risk,Mid value / Low risk,2
5628-RKIFK,101.55,49,Month-to-month,0,High value,Medium risk,High value / Medium risk,2
4350-ZTLPI,108.95,53,One year,0,High value,Low risk,High value / Low risk,2
8884-MRNSU,19.9,17,One year,0,Low value,Low risk,Low value / Low risk,0
5397-TUPSH,70.95,65,One year,0,Mid value,Low risk,Mid value / Low risk,2
2874-YXVVA,105.1,34,Month-to-month,0,High value,Medium risk,High value / Medium risk,2
5567-WSELE,94.6,3,Month-to-month,1,High value,High risk,High value / High risk,1
0310-VQXAM,19.85,9,Month-to-month,0,Low value,High risk,Low value / High risk,0
7136-RVDTZ,45.25,70,One year,1,Low value,Low risk,Low value / Low risk,2
6007-TCTST,115.8,72,Two year,0,High value,Low risk,High value / Low risk,2
2292-XQWSV,60.3,40,One year,0,Mid value,Low risk,Mid value / Low risk,2
8331-ZXFOE,71.1,58,One year,0,Mid value,Low risk,Mid value / Low risk,2
4592-IWTJI,29.7,3,Month-to-month,1,Low value,High risk,Low value / High risk,1
7794-JASDG,50.75,1,Month-to-month,0,Mid value,High risk,Mid value / High risk,1
5939-SXWHM,26.3,48,Two year,0,Low value,Low risk,Low value / Low risk,0
8929-KSWIH,99.3,25,Two year,0,High value,Low risk,High value / Low risk,2
6386-SZZKH,107.95,49,Two year,1,High value,Low risk,High value / Low risk,2
4116-TZAQJ,74.25,9,Month-to-month,1,Mid value,High risk,Mid value / High risk,1
8903-WMRNW,101.75,15,Month-to-month,0,High value,Medium risk,High value / Medium risk,1
0771-CHWSK,74.6,66,Two year,0,Mid value,Low risk,Mid value / Low risk,2
1448-CYWKC,105.2,58,One year,0,High value,Low risk,High value / Low risk,2
7100-FQPRV,71.9,43,One year,0,Mid value,Low risk,Mid value / Low risk,2
6718-BDGHG,64.85,43,One year,0,Mid value,Low risk,Mid value / Low risk,2
2452-SNHFZ,75.45,47,Month-to-month,0,Mid value,Medium risk,Mid value / Medium risk,1
5035-PGZXH,106.8,56,One year,0,High value,Low risk,High value / Low risk,2
1814-WFGVS,48.9,72,Two year,0,Low value,Low risk,Low value / Low risk,2
5146-CBVOE,75.1,16,Month-to-month,0,Mid value,Medium risk,Mid value / Medium risk,1
9281-CEDRU,64.1,68,Two year,0,Mid value,Low risk,Mid value / Low risk,2
0422-OHQHQ,20.55,15,One year,0,Low value,Low risk,Low value / Low risk,0
3745-HRPHI,54.65,66,Two year,0,Mid value,Low risk,Mid value / Low risk,2
4086-YQSNZ,80.4,3,Month-to-month,1,Mid value,High risk,Mid value / High risk,1
9680-NIAUV,109.7,72,Two year,0,High value,Low risk,High value / Low risk,2
2346-CZYIL,20.35,27,Two year,0,Low value,Low risk,Low value / Low risk,0
1465-WCZVT,19.65,3,Month-to-month,0,Low value,High risk,Low value / High risk,0
6298-QDFNH,79.35,22,Month-to-month,1,Mid value,Medium risk,Mid value / Medium risk,1
3969-JQABI,65.25,58,Month-to-month,0,Mid value,Medium risk,Mid value / Medium risk,2
2560-QTSBS,23.3,72,One year,0,Low value,Low risk,Low value / Low risk,0
2325-WINES,104.05,32,One year,0,High value,Low risk,High value / Low risk,2
0002-ORFBO,65.6,9,One year,0,Mid value,Low risk,Mid value / Low risk,1
3272-VUHPV,56.3,8,Month-to-month,0,Mid value,High risk,Mid value / High risk,1
3164-AALRN,70.0,5,One year,1,Mid value,Low risk,Mid value / Low risk,1
9710-NJERN,20.15,39,Two year,0,Low value,Low risk,Low value / Low risk,0
7567-ECMCM,79.85,24,Month-to-month,0,Mid value,Medium risk,Mid value / Medium risk,1
0269-XFESX,24.35,23,One year,0,Low value,Low risk,Low value / Low risk,0
1200-TUZHR,85.2,8,Month-to-month,0,High value,High risk,High value / High risk,1
7753-USQYQ,64.2,55,One year,0,Mid value,Low risk,Mid value / Low risk,2
6416-TVAIH,68.5,1,Month-to-month,1,Mid value,High risk,Mid value / High risk,1
1183-CANVH,60.0,23,One year,0,Mid value,Low risk,Mid value / Low risk,1
6892-EZDTG,91.65,4,Month-to-month,1,High value,High risk,High value / High risk,1
0956-ACVZC,94.1,54,One year,0,High value,Low risk,High value / Low risk,2
9776-OJUZI,95.45,65,Month-to-month,0,High value,Medium risk,High value / Medium risk,2
1696-MZVAU,25.25,39,One year,0,Low value,Low risk,Low value / Low risk,0
3584-WKTTW,111.55,51,One year,0,High value,Low risk,High value / Low risk,2
3688-FTHLT,63.05,16,Month-to-month,0,Mid value,Medium risk,Mid value / Medium risk,1
5982-FPVQN,95.15,37,Month-to-month,0,High value,Medium risk,High value / Medium risk,2
8295-KMENE,76.45,59,Two year,0,Mid value,Low risk,Mid value / Low risk,2
8552-OBVRU,104.5,48,Month-to-month,0,High value,Medium risk,High value / Medium risk,2
5458-CQJTA,74.8,65,Two year,1,Mid value,Low risk,Mid value / Low risk,2
8194-PEEBY,19.9,24,One year,0,Low value,Low risk,Low value / Low risk,0
7797-EJMDP,66.05,8,Month-to-month,0,Mid value,High risk,Mid value / High risk,1
5175-WLYXL,78.85,22,Month-to-month,0,Mid value,Medium risk,Mid value / Medium risk,1
7143-BQIBA,62.25,10,Month-to-month,0,Mid value,High risk,Mid value / High risk,1
3571-RFHAR,109.15,65,Month-to-month,1,High value,Medium risk,High value / Medium risk,2
9921-QFQUL,90.15,23,Month-to-month,0,High value,Medium risk,High value / Medium risk,1
5447-VYTKW,53.45,27,Month-to-month,0,Mid value,Medium risk,Mid value / Medium risk,1
7244-KXYZN,20.45,24,One year,0,Low value,Low risk,Low value / Low risk,0
1794-HBQTJ,48.6,1,Month-to-month,1,Low value,High risk,Low value / High risk,1
6211-WWLTF,99.7,63,Two year,0,High value,Low risk,High value / Low risk,2
7139-JZFVG,60.5,60,Two year,0,Mid value,Low risk,Mid value / Low risk,2
7605-BDWDC,49.85,31,Two year,0,Low value,Low risk,Low value / Low risk,1
3704-IEAXF,53.65,72,Two year,0,Mid value,Low risk,Mid value / Low risk,2
6072-NUQCB,20.25,22,One year,0,Low value,Low risk,Low value / Low risk,0
7351-KYHQH,64.95,7,Month-to-month,0,Mid value,High risk,Mid value / High risk,1
7396-VJUZB,45.25,4,Month-to-month,0,Low value,High risk,Low value / High risk,1
1814-DKOLC,25.45,5,Month-to-month,0,Low value,High risk,Low value / High risk,0
6288-LBEAR,79.1,23,Month-to-month,0,Mid value,Medium risk,Mid value / Medium risk,1
8148-WOCMK,19.6,8,Two year,0,Low value,Low risk,Low value / Low risk,0
8990-ZXLSU,69.05,9,Month-to-month,0,Mid value,High risk,Mid value / High risk,1
6242-MBHPK,95.1,23,Month-to-month,0,High value,Medium risk,High value / Medium risk,1
0270-THENM,69.85,72,Two year,0,Mid value,Low risk,Mid value / Low risk,2
2115-BFTIW,70.95,25,Month-to-month,1,Mid value,Medium risk,Mid value / Medium risk,1
2533-TIBIX,30.2,15,Month-to-month,0,Low value,Medium risk,Low value / Medium risk,1
4320-QMLLA,54.85,7,Month-to-month,0,Mid value,High risk,Mid value / High risk,1
4929-BSTRX,53.55,1,Month-to-month,1,Mid value,High risk,Mid value / High risk,1
3643-AHCFP,95.6,7,Month-to-month,1,High value,High risk,High value / High risk,1
1545-ACTAS,99.7,48,One year,0,High value,Low risk,High value / Low risk,2
8213-TAZPM,108.75,69,One year,0,High value,Low risk,High value / Low risk,2
4913-EHYUI,104.55,56,One year,1,High value,Low risk,High value / Low risk,2
6161-UUUTA,79.9,3,Month-to-month,1,Mid value,High risk,Mid value / High risk,1
6873-UDNLD,67.45,40,Month-to-month,0,Mid value,Medium risk,Mid value / Medium risk,1
7196-LIWRH,19.55,6,Two year,0,Low value,Low risk,Low value / Low risk,0
6804-GDMOI,106.6,61,Two year,1,High value,Low risk,High value / Low risk,2
4826-XTSOH,86.05,1,Month-to-month,1,High value,High risk,High value / High risk,1
2039-JONDJ,55.45,27,One year,0,Mid value,Low risk,Mid value / Low risk,1
5129-HHMZC,86.45,43,Two year,0,High value,Low risk,High value / Low risk,2
7000-WCEVQ,61.6,20,Month-to-month,1,Mid value,Medium risk,Mid value / Medium risk,1
6198-RTPMF,92.6,17,Month-to-month,0,High value,Medium risk,High value / Medium risk,1
3453-RTHJQ,69.1,6,Month-to-month,0,Mid value,High risk,Mid value / High risk,1
2073-QBVBI,35.45,41,One year,0,Low value,Low risk,Low value / Low risk,0
1285-OKIPP,79.9,1,Month-to-month,1,Mid value,High risk,Mid value / High risk,1
7665-TOALD,69.6,1,Month-to-month,1,Mid value,High risk,Mid value / High risk,1
3058-WQDRE,25.15,13,Month-to-month,0,Low value,Medium risk,Low value / Medium risk,0
6769-DCQLI,105.0,52,One year,1,High value,Low risk,High value / Low risk,2
4130-MZLCC,50.55,5,Month-to-month,0,Mid value,High risk,Mid value / High risk,1
1951-IEYXM,90.6,72,Two year,0,High value,Low risk,High value / Low risk,2
9881-VCZEP,54.1,25,Month-to-month,0,Mid value,Medium risk,Mid value / Medium risk,1
6408-OTUBZ,104.55,66,One year,0,High value,Low risk,High value / Low risk,2
8626-XHBIE,24.8,56,Two year,0,Low value,Low risk,Low value / Low risk,0
3440-JPSCL,99.95,6,Month-to-month,1,High value,High risk,High value / High risk,1
7131-ZQZNK,59.85,60,Two year,0,Mid value,Low risk,Mid value / Low risk,2
7064-FRRSW,99.0,48,One year,0,High value,Low risk,High value / Low risk,2
0285-INHLN,54.75,27,Month-to-month,0,Mid value,Medium risk,Mid value / Medium risk,1
1452-UZOSF,106.1,72,Two year,0,High value,Low risk,High value / Low risk,2
3038-PQIUY,66.15,38,Month-to-month,0,Mid value,Medium risk,Mid value / Medium risk,1
2656-TABEH,100.2,4,Month-to-month,1,High value,High risk,High value / High risk,1
1354-YZFNB,19.55,4,Two year,0,Low value,Low risk,Low value / Low risk,0
5197-PYEPU,94.45,42,One year,0,High value,Low risk,High value / Low risk,2
2379-GYFLQ,94.9,46,One year,0,High value,Low risk,High value / Low risk,2
8035-BUYVG,42.35,40,One year,1,Low value,Low risk,Low value / Low risk,1
6341-JVQGF,81.15,31,One year,0,Mid value,Low risk,Mid value / Low risk,2
8800-ZKRFW,107.5,30,Month-to-month,0,High value,Medium risk,High value / Medium risk,2
0708-LGSMF,65.85,13,Month-to-month,0,Mid value,Medium risk,Mid value / Medium risk,1
3082-WQRVY,19.65,14,One year,0,Low value,Low risk,Low value / Low risk,0
4815-TUMEQ,19.3,10,One year,0,Low value,Low risk,Low value / Low risk,0
3280-MRDOF,69.1,30,Two year,0,Mid value,Low risk,Mid value / Low risk,1
2378-HTWFW,91.0,35,Month-to-month,0,High value,Medium risk,High value / Medium risk,1
1422-DGUBX,79.25,32,One year,0,Mid value,Low risk,Mid value / Low risk,1
8433-WXGNA,75.7,2,Month-to-month,1,Mid value,High risk,Mid value / High risk,1
2878-DHMIN,19.9,35,One year,0,Low value,Low risk,Low value / Low risk,0
7587-AOVVU,100.75,27,Month-to-month,0,High value,Medium risk,High value / Medium risk,1
6181-AXXYF,24.75,72,Two year,0,Low value,Low risk,Low value / Low risk,0
3308-MHOOC,19.2,1,Month-to-month,0,Low value,High risk,Low value / High risk,0
3085-QUOZK,43.95,1,Month-to-month,1,Low value,High risk,Low value / High risk,1
5223-UZAVK,100.3,64,One year,0,High value,Low risk,High value / Low risk,2
5939-XAIXZ,56.1,19,Month-to-month,0,Mid value,Medium risk,Mid value / Medium risk,1
5295-PCJOO,49.4,4,Month-to-month,1,Low value,High risk,Low value / High risk,1
6502-MJQAE,69.6,1,Month-to-month,1,Mid value,High risk,Mid value / High risk,1
0708-SJDIS,65.0,34,Month-to-month,0,Mid value,Medium risk,Mid value / Medium risk,1
2192-CKRLV,49.2,72,Two year,0,Low value,Low risk,Low value / Low risk,2
3795-CAWEX,116.55,70,Two year,0,High value,Low risk,High value / Low risk,2
5176-OLSKT,66.9,66,Two year,0,Mid value,Low risk,Mid value / Low risk,2
5440-FLBQG,108.4,69,Two year,1,High value,Low risk,High value / Low risk,2
7105-BENQF,64.85,15,One year,0,Mid value,Low risk,Mid value / Low risk,1
8071-SBTRN,111.15,70,Two year,0,High value,Low risk,High value / Low risk,2
7996-MHXLW,25.15,66,Two year,0,Low value,Low risk,Low value / Low risk,0
9490-DFPMD,84.65,42,Month-to-month,1,High value,Medium risk,High value / Medium risk,1
3191-CSNMG,80.7,3,Month-to-month,0,Mid value,High risk,Mid value / High risk,1
7774-OJSXI,103.45,31,One year,1,High value,Low risk,High value / Low risk,2
1708-PBBOA,54.75,42,One year,0,Mid value,Low risk,Mid value / Low risk,2
7938-OUHIO,98.7,3,Month-to-month,1,High value,High risk,High value / High risk,1
9639-BUJXT,20.5,63,One year,0,Low value,Low risk,Low value / Low risk,0
1215-EXRMO,20.55,50,Two year,0,Low value,Low risk,Low value / Low risk,0
5875-YPQFJ,69.9,1,Month-to-month,1,Mid value,High risk,Mid value / High risk,1
3327-YBAKM,96.9,64,One year,0,High value,Low risk,High value / Low risk,2
3137-NYQQI,64.8,17,One year,0,Mid value,Low risk,Mid value / Low risk,1
5306-BVTKJ,55.8,48,One year,0,Mid value,Low risk,Mid value / Low risk,2
8106-GWQOK,60.0,38,Two year,0,Mid value,Low risk,Mid value / Low risk,2
6586-PSJOX,55.2,15,One year,0,Mid value,Low risk,Mid value / Low risk,1
0369-ZGOVK,70.4,28,One year,0,Mid value,Low risk,Mid value / Low risk,1
2193-SFWQW,111.95,72,Two year,0,High value,Low risk,High value / Low risk,2
5656-MJEFC,48.15,42,Two year,0,Low value,Low risk,Low value / Low risk,2
2002-MZHWP,20.5,1,Month-to-month,1,Low value,High risk,Low value / High risk,0
4911-BANWH,86.55,31,Month-to-month,1,High value,Medium risk,High value / Medium risk,1
8919-FYFQZ,30.35,44,Month-to-month,1,Low value,Medium risk,Low value / Medium risk,0
2450-ZKEED,53.8,11,One year,0,Mid value,Low risk,Mid value / Low risk,1
6599-SFQVE,55.0,6,Month-to-month,0,Mid value,High risk,Mid value / High risk,1
6500-JVEGC,101.35,68,One year,0,High value,Low risk,High value / Low risk,2
1599-MMYRQ,81.45,62,One year,0,Mid value,Low risk,Mid value / Low risk,2
5519-YLDGW,103.9,21,Month-to-month,1,High value,Medium risk,High value / Medium risk,1
4075-WKNIU,73.35,0,Two year,0,Mid value,Low risk,Mid value / Low risk,1
9965-YOKZB,83.85,9,Month-to-month,1,Mid value,High risk,Mid value / High risk,1
6993-YGFJV,112.55,69,Two year,0,High value,Low risk,High value / Low risk,2
0750-EKNGL,20.75,7,Month-to-month,0,Low value,High risk,Low value / High risk,0
3199-NPKCN,111.25,67,One year,0,High value,Low risk,High value / Low risk,2
5906-CVLHP,54.15,45,One year,1,Mid value,Low risk,Mid value / Low risk,1
7225-CBZPL,94.8,17,Month-to-month,0,High value,Medium risk,High value / Medium risk,1
1293-HHSHJ,21.1,35,One year,0,Low value,Low risk,Low value / Low risk,0
4140-MUHUG,86.85,3,Month-to-month,1,High value,High risk,High value / High risk,1
7858-GTZSP,86.55,12,Month-to-month,0,High value,High risk,High value / High risk,1
6345-HOVES,25.05,34,Month-to-month,0,Low value,Medium risk,Low value / Medium risk,0
5285-MVEHD,105.6,56,One year,0,High value,Low risk,High value / Low risk,2
0187-QSXOE,89.0,7,Month-to-month,0,High value,High risk,High value / High risk,1
2712-SYWAY,25.7,1,Month-to-month,0,Low value,High risk,Low value / High risk,0
9504-YAZWB,20.25,53,Two year,0,Low value,Low risk,Low value / Low risk,0
7789-HKSBS,105.2,42,One year,0,High value,Low risk,High value / Low risk,2
0750-EBAIU,91.25,52,One year,0,High value,Low risk,High value / Low risk,2
6650-BWFRT,117.15,72,Two year,0,High value,Low risk,High value / Low risk,2
2933-FILNV,24.4,2,Month-to-month,1,Low value,High risk,Low value / High risk,0
3420-YJLQT,79.55,2,Month-to-month,0,Mid value,High risk,Mid value / High risk,1
5811-IWXYM,101.25,52,One year,0,High value,Low risk,High value / Low risk,2
9575-IWCAZ,25.1,6,One year,0,Low value,Low risk,Low value / Low risk,0
8513-OLYGY,115.8,72,Two year,0,High value,Low risk,High value / Low risk,2
3988-RQIXO,91.3,1,Month-to-month,1,High value,High risk,High value / High risk,1
5013-SBUIH,109.65,50,Two year,1,High value,Low risk,High value / Low risk,2
5680-LQOGP,82.45,68,Two year,0,Mid value,Low risk,Mid value / Low risk,2
1447-GIQMR,69.15,1,Month-to-month,1,Mid value,High risk,Mid value / High risk,1
3043-TYBNO,60.65,3,Month-to-month,0,Mid value,High risk,Mid value / High risk,1
1353-GHZOS,59.75,22,One year,0,Mid value,Low risk,Mid value / Low risk,1
9488-FVZCC,79.5,72,Two year,0,Mid value,Low risk,Mid value / Low risk,2
1813-JLKWR,19.8,64,One year,0,Low value,Low risk,Low value / Low risk,0
7435-ZNUYY,20.6,6,One year,0,Low value,Low risk,Low value / Low risk,0
2181-TIDSV,19.95,68,Two year,0,Low value,Low risk,Low value / Low risk,0
9821-BESNZ,104.25,66,One year,0,High value,Low risk,High value / Low risk,2
9885-CSMWE,78.45,1,Month-to-month,1,Mid value,High risk,Mid value / High risk,1
2990-HWIML,89.5,6,Month-to-month,1,High value,High risk,High value / High risk,1
2055-PDADH,70.4,3,Month-to-month,1,Mid value,High risk,Mid value / High risk,1
4374-YMUSQ,116.25,34,One year,0,High value,Low risk,High value / Low risk,2
9933-QRGTX,97.2,60,Two year,0,High value,Low risk,High value / Low risk,2
4572-DVCGN,80.25,10,Month-to-month,1,Mid value,High risk,Mid value / High risk,1
6770-UAYGJ,25.25,49,Two year,0,Low value,Low risk,Low value / Low risk,0
7445-WMRBW,73.85,48,One year,0,Mid value,Low risk,Mid value / Low risk,2
9796-MVYXX,39.7,14,Two year,0,Low value,Low risk,Low value / Low risk,1
6952-OMNWB,80.35,68,Month-to-month,0,Mid value,Medium risk,Mid value / Medium risk,2
7041-TXQJH,40.2,37,Month-to-month,0,Low value,Medium risk,Low value / Medium risk,1
3655-SNQYZ,113.25,69,Two year,0,High value,Low risk,High value / Low risk,2
0458-HEUZG,35.4,13,Two year,0,Low value,Low risk,Low value / Low risk,0
4801-KFYKL,19.45,8,Month-to-month,0,Low value,High risk,Low value / High risk,0
5924-IFQTT,72.8,13,Month-to-month,0,Mid value,Medium risk,Mid value / Medium risk,1
7633-MVPUY,59.75,57,Two year,0,Mid value,Low risk,Mid value / Low risk,2
1775-KWJKQ,89.85,72,Two year,0,High value,Low risk,High value / Low risk,2
2005-DWQZJ,19.05,8,Two year,0,Low value,Low risk,Low value / Low risk,0
7284-ZZLOH,53.3,45,Two year,0,Mid value,Low risk,Mid value / Low risk,1
8706-HRADD,43.55,21,Month-to-month,0,Low value,Medium risk,Low value / Medium risk,1
7074-STDCN,40.6,39,Month-to-month,0,Low value,Medium risk,Low value / Medium risk,1
9578-FOMUK,24.8,15,Month-to-month,0,Low value,Medium risk,Low value / Medium risk,0
0757-WCUUZ,63.35,54,Two year,0,Mid value,Low risk,Mid value / Low risk,2
3428-MMGUB,89.55,60,Two year,0,High value,Low risk,High value / Low risk,2
2737-WFVYW,45.25,2,Month-to-month,1,Low value,High risk,Low value / High risk,1
9469-WEJBT,90.35,37,Month-to-month,0,High value,Medium risk,High value / Medium risk,2
1202-KKGFU,54.2,12,Month-to-month,0,Mid value,High risk,Mid value / High risk,1
1552-AAGRX,106.4,30,Month-to-month,0,High value,Medium risk,High value / Medium risk,2
1548-FEHVL,106.2,61,Month-to-month,0,High value,Medium risk,High value / Medium risk,2
8204-YJCLA,64.8,72,Two year,0,Mid value,Low risk,Mid value / Low risk,2
6469-MRVET,20.2,1,One year,0,Low value,Low risk,Low value / Low risk,0
4083-BFNYK,95.0,38,One year,0,High value,Low risk,High value / Low risk,2
4923-ADWXJ,65.8,25,Month-to-month,0,Mid value,Medium risk,Mid value / Medium risk,1
4565-NLZBV,24.65,71,Two year,0,Low value,Low risk,Low value / Low risk,0
5260-UMPWX,20.25,26,Month-to-month,0,Low value,Medium risk,Low value / Medium risk,0
5626-MGTUK,89.1,20,Month-to-month,0,High value,Medium risk,High value / Medium risk,1
1481-ZUWZA,94.5,28,Month-to-month,1,High value,Medium risk,High value / Medium risk,1
1855-AGAWH,93.8,31,One year,0,High value,Low risk,High value / Low risk,2
5959-BELXA,96.15,32,Month-to-month,1,High value,Medium risk,High value / Medium risk,1
8066-POXGX,35.1,13,Month-to-month,1,Low value,Medium risk,Low value / Medium risk,1
7610-TVOPG,26.35,15,Month-to-month,0,Low value,Medium risk,Low value / Medium risk,0
0343-QLUZP,39.6,60,Two year,0,Low value,Low risk,Low value / Low risk,2
0925-VYDLG,75.25,3,Month-to-month,1,Mid value,High risk,Mid value / High risk,1
0931-MHTEM,100.05,54,One year,0,High value,Low risk,High value / Low risk,2
1407-DIGZV,19.1,3,Two year,0,Low value,Low risk,Low value / Low risk,0
3627-FCRDW,71.0,9,Month-to-month,1,Mid value,High risk,Mid value / High risk,1
9874-QLCLH,104.2,17,Month-to-month,1,High value,Medium risk,High value / Medium risk,1
3500-RMZLT,96.3,15,Month-to-month,1,High value,Medium risk,High value / Medium risk,1
3129-AAQOU,25.6,19,Two year,0,Low value,Low risk,Low value / Low risk,0
4952-YSOGZ,85.95,4,Month-to-month,1,High value,High risk,High value / High risk,1
5919-TMRGD,79.35,1,Month-to-month,1,Mid value,High risk,Mid value / High risk,1
7722-VJRQD,60.95,72,Two year,0,Mid value,Low risk,Mid value / Low risk,2
2519-TWKFS,55.1,25,One year,0,Mid value,Low risk,Mid value / Low risk,1
5928-QLDHB,76.25,9,Month-to-month,0,Mid value,High risk,Mid value / High risk,1
2732-ISEZX,20.5,5,Month-to-month,0,Low value,High risk,Low value / High risk,0
2683-JXWQQ,33.6,61,Month-to-month,0,Low value,Medium risk,Low value / Medium risk,0
5678-VFNEQ,104.1,71,One year,0,High value,Low risk,High value / Low risk,2
7293-LSCDV,19.25,60,Two year,0,Low value,Low risk,Low value / Low risk,0
0412-UCCNP,59.2,55,Two year,0,Mid value,Low risk,Mid value / Low risk,2
4667-QONEA,74.85,60,One year,0,Mid value,Low risk,Mid value / Low risk,2
6635-MYYYZ,85.35,30,One year,1,High value,Low risk,High value / Low risk,2
9158-VCTQB,113.6,41,Month-to-month,1,High value,Medium risk,High value / Medium risk,2
1877-HKBQX,54.6,11,One year,0,Mid value,Low risk,Mid value / Low risk,1
7657-DYEPJ,70.15,38,One year,1,Mid value,Low risk,Mid value / Low risk,2
3798-EPWRR,43.95,2,Month-to-month,0,Low value,High risk,Low value / High risk,1
3133-PZNSR,97.75,72,Two year,0,High value,Low risk,High value / Low risk,2
0580-PIQHM,101.6,41,One year,0,High value,Low risk,High value / Low risk,2
8149-RSOUN,93.85,1,Month-to-month,1,High value,High risk,High value / High risk,1
2410-CIYFZ,20.4,2,Month-to-month,0,Low value,High risk,Low value / High risk,0
6467-CHFZW,99.35,47,Month-to-month,1,High value,Medium risk,High value / Medium risk,2
0094-OIFMO,95.0,11,Month-to-month,1,High value,High risk,High value / High risk,1
7365-BVCJH,24.4,1,Month-to-month,0,Low value,High risk,Low value / High risk,1
1257-SXUXQ,19.45,5,Month-to-month,0,Low value,High risk,Low value / High risk,0
4611-ANLQC,50.05,60,One year,0,Low value,Low risk,Low value / Low risk,2
2817-LVCPP,19.4,50,Two year,0,Low value,Low risk,Low value / Low risk,0
0880-FVFWF,86.4,56,Month-to-month,0,High value,Medium risk,High value / Medium risk,2
1193-RTSLK,83.9,38,Month-to-month,1,Mid value,Medium risk,Mid value / Medium risk,2
4176-FXYBO,109.55,54,Month-to-month,0,High value,Medium risk,High value / Medium risk,2
1899-VXWXM,106.1,48,One year,1,High value,Low risk,High value / Low risk,2
0697-ZMSWS,85.65,4,Month-to-month,1,High value,High risk,High value / High risk,1
1746-TGTWV,75.35,1,Month-to-month,0,Mid value,High risk,Mid value / High risk,1
6030-REHUX,110.85,28,Month-to-month,0,High value,Medium risk,High value / Medium risk,2
5138-WVKYJ,98.55,10,Month-to-month,1,High value,High risk,High value / High risk,1
4685-TFLLS,19.8,18,One year,0,Low value,Low risk,Low value / Low risk,0
8466-PZBLH,104.6,67,Two year,0,High value,Low risk,High value / Low risk,2
2446-PLQVO,70.3,1,Month-to-month,1,Mid value,High risk,Mid value / High risk,1
7113-HIPFI,65.85,66,Two year,0,Mid value,Low risk,Mid value / Low risk,2
6439-LAJXL,68.95,9,Month-to-month,0,Mid value,High risk,Mid value / High risk,1
2898-MRKPI,101.05,68,One year,0,High value,Low risk,High value / Low risk,2
3585-YNADK,74.6,57,One year,0,Mid value,Low risk,Mid value / Low risk,2
6692-UDPJC,91.65,14,Month-to-month,1,High value,Medium risk,High value / Medium risk,1
4868-AADLV,116.25,66,One year,0,High value,Low risk,High value / Low risk,2
1970-KKFWL,23.3,35,Two year,0,Low value,Low risk,Low value / Low risk,0
7576-OYWBN,76.05,3,Month-to-month,1,Mid value,High risk,Mid value / High risk,1
0661-WCQNQ,56.25,22,One year,0,Mid value,Low risk,Mid value / Low risk,1
5177-RVZNU,20.3,37,One year,0,Low value,Low risk,Low value / Low risk,0
9717-IOAAF,25.85,27,Two year,0,Low value,Low risk,Low value / Low risk,0
4625-EWPTF,30.45,8,Month-to-month,1,Low value,High risk,Low value / High risk,1
3768-VHXQO,24.85,67,Two year,0,Low value,Low risk,Low value / Low risk,0
4307-KTUMW,93.9,53,Month-to-month,1,High value,Medium risk,High value / Medium risk,2
8265-HKSOW,107.45,72,Two year,0,High value,Low risk,High value / Low risk,2
5442-UTCVD,91.85,3,Month-to-month,1,High value,High risk,High value / High risk,1
0311-QYWSS,49.45,6,Month-to-month,0,Low value,High risk,Low value / High risk,1
3841-NFECX,96.35,71,Two year,0,High value,Low risk,High value / Low risk,2
8857-CUPFQ,19.25,63,Two year,0,Low value,Low risk,Low value / Low risk,0
7055-VKGDA,105.4,54,One year,1,High value,Low risk,High value / Low risk,2
0082-LDZUE,44.3,1,Month-to-month,0,Low value,High risk,Low value / High risk,1
9500-IWPXQ,79.4,61,One year,0,Mid value,Low risk,Mid value / Low risk,2
4770-QAZXN,19.45,13,Month-to-month,0,Low value,Medium risk,Low value / Medium risk,0
9092-GDZKO,24.85,22,Month-to-month,0,Low value,Medium risk,Low value / Medium risk,0
5144-PQCDZ,19.95,4,Month-to-month,0,Low value,High risk,Low value / High risk,0
5989-OMNJE,57.6,24,One year,0,Mid value,Low risk,Mid value / Low risk,1
4782-OSFXZ,82.7,71,Two year,0,Mid value,Low risk,Mid value / Low risk,2
4853-RULSV,104.0,70,Two year,1,High value,Low risk,High value / Low risk,2
8922-LIEGH,89.7,25,Month-to-month,1,High value,Medium risk,High value / Medium risk,1
2091-GPPIQ,78.95,72,Two year,0,Mid value,Low risk,Mid value / Low risk,2
8051-HJRLT,70.55,1,Month-to-month,1,Mid value,High risk,Mid value / High risk,1
1091-SOZGA,99.8,56,One year,0,High value,Low risk,High value / Low risk,2
0479-HMSWA,105.45,26,Two year,0,High value,Low risk,High value / Low risk,2
8627-ZYGSZ,78.9,47,One year,0,Mid value,Low risk,Mid value / Low risk,2
3259-KNMRR,79.75,57,Two year,0,Mid value,Low risk,Mid value / Low risk,2
6439-PKTRR,80.7,70,Two year,0,Mid value,Low risk,Mid value / Low risk,2
3520-FJGCV,112.6,72,Two year,0,High value,Low risk,High value / Low risk,2
8040-MNRTF,71.1,1,Month-to-month,0,Mid value,High risk,Mid value / High risk,1
4323-ELYYB,20.0,13,One year,0,Low value,Low risk,Low value / Low risk,0
3927-NLNRY,94.25,53,One year,1,High value,Low risk,High value / Low risk,2
6047-SUHPR,59.8,39,One year,0,Mid value,Low risk,Mid value / Low risk,1
5134-IKDAY,69.8,1,Month-to-month,1,Mid value,High risk,Mid value / High risk,1
9076-AXYIK,102.1,64,Two year,0,High value,Low risk,High value / Low risk,2
2573-GYRUU,91.05,48,Month-to-month,0,High value,Medium risk,High value / Medium risk,2
4729-XKASR,24.75,1,Month-to-month,1,Low value,High risk,Low value / High risk,1
2868-MZAGQ,79.25,1,Month-to-month,1,Mid value,High risk,Mid value / High risk,1
7216-EWTRS,100.8,1,Month-to-month,1,High value,High risk,High value / High risk,1
6908-VVYHM,90.65,65,Month-to-month,0,High value,Medium risk,High value / Medium risk,2
9714-EDSUC,94.9,4,Month-to-month,0,High value,High risk,High value / High risk,1
3807-BPOMJ,94.75,55,One year,0,High value,Low risk,High value / Low risk,2
5724-BIDBU,55.35,49,One year,0,Mid value,Low risk,Mid value / Low risk,1
2484-DGXPZ,19.55,31,Month-to-month,1,Low value,Medium risk,Low value / Medium risk,0
1488-PBLJN,116.85,72,Two year,0,High value,Low risk,High value / Low risk,2
9647-ERGBE,100.05,30,Month-to-month,1,High value,Medium risk,High value / Medium risk,1
6034-ZRYCV,54.2,72,Two year,1,Mid value,Low risk,Mid value / Low risk,2
5141-ZUVBH,93.0,9,Month-to-month,0,High value,High risk,High value / High risk,1
9305-CDSKC,99.65,8,Month-to-month,1,High value,High risk,High value / High risk,1
9912-OMZDS,106.15,59,One year,0,High value,Low risk,High value / Low risk,2
5572-ZDXHY,84.3,22,Month-to-month,1,High value,Medium risk,High value / Medium risk,1
8920-NAVAY,110.75,62,One year,0,High value,Low risk,High value / Low risk,2
1976-CFOCS,46.0,1,Month-to-month,1,Low value,High risk,Low value / High risk,1
3765-JXVKY,74.7,1,Month-to-month,1,Mid value,High risk,Mid value / High risk,1
4817-KEQSP,19.85,71,Two year,0,Low value,Low risk,Low value / Low risk,0
6510-UPNKS,24.8,23,One year,0,Low value,Low risk,Low value / Low risk,0
0436-TWFFZ,85.25,67,Two year,0,High value,Low risk,High value / Low risk,2
4795-UXVCJ,19.8,26,One year,0,Low value,Low risk,Low value / Low risk,0
1832-PEUTS,89.1,62,Two year,0,High value,Low risk,High value / Low risk,2
9818-XQCUV,20.35,2,Month-to-month,0,Low value,High risk,Low value / High risk,0
8720-RQSBJ,44.0,1,Month-to-month,0,Low value,High risk,Low value / High risk,1
6870-ECSHE,20.45,2,One year,0,Low value,Low risk,Low value / Low risk,0
3528-HFRIQ,52.3,71,Month-to-month,0,Mid value,Medium risk,Mid value / Medium risk,2
8844-TONUD,96.65,13,Month-to-month,1,High value,Medium risk,High value / Medium risk,1
5149-QYTTU,95.15,71,One year,0,High value,Low risk,High value / Low risk,2
9861-PDSZP,108.05,72,Two year,0,High value,Low risk,High value / Low risk,2
0376-OIWME,93.6,36,Month-to-month,0,High value,Medium risk,High value / Medium risk,2
1697-NVVGY,66.4,19,Month-to-month,0,Mid value,Medium risk,Mid value / Medium risk,1
0536-ESJEP,74.55,54,Two year,0,Mid value,Low risk,Mid value / Low risk,2
1060-ENTOF,105.4,67,One year,0,High value,Low risk,High value / Low risk,2
1150-FTQGN,94.15,60,One year,0,High value,Low risk,High value / Low risk,2
9830-ECLEN,50.0,58,One year,0,Low value,Low risk,Low value / Low risk,2
1270-XKUCC,19.7,30,Two year,0,Low value,Low risk,Low value / Low risk,0
7921-BEPCI,59.75,72,Two year,0,Mid value,Low risk,Mid value / Low risk,2
6616-AALSR,104.3,65,Two year,0,High value,Low risk,High value / Low risk,2
6941-KXRRV,58.95,48,One year,0,Mid value,Low risk,Mid value / Low risk,2
0722-TROQR,74.9,4,Month-to-month,1,Mid value,High risk,Mid value / High risk,1
6786-OBWQR,80.85,5,Month-to-month,0,Mid value,High risk,Mid value / High risk,1
1194-BHJYC,62.15,61,Two year,0,Mid value,Low risk,Mid value / Low risk,2
3914-FDRHP,86.25,9,Month-to-month,0,High value,High risk,High value / High risk,1
5192-EBGOV,85.7,1,Month-to-month,1,High value,High risk,High value / High risk,1
2294-SALNE,86.8,23,One year,0,High value,Low risk,High value / Low risk,1
0970-QXPXW,19.65,1,Month-to-month,0,Low value,High risk,Low value / High risk,0
8799-OXZMD,29.75,28,Month-to-month,0,Low value,Medium risk,Low value / Medium risk,0
8272-ONJLV,95.7,12,One year,0,High value,Low risk,High value / Low risk,1
5787-KXGIY,19.3,72,Two year,0,Low value,Low risk,Low value / Low risk,0
9399-APLBT,74.7,1,Month-to-month,1,Mid value,High risk,Mid value / High risk,1
0186-CAERR,116.3,71,One year,0,High value,Low risk,High value / Low risk,2
2978-XXSOG,59.05,22,Month-to-month,0,Mid value,Medium risk,Mid value / Medium risk,1
1488-SYSFC,20.65,31,Month-to-month,0,Low value,Medium risk,Low value / Medium risk,0
3174-AKMAS,64.2,46,Two year,0,Mid value,Low risk,Mid value / Low risk,2
6127-ISGTU,84.95,16,Month-to-month,1,High value,Medium risk,High value / Medium risk,1
3269-ATYWD,95.65,39,Month-to-month,1,High value,Medium risk,High value / Medium risk,2
4676-WLUHT,46.2,54,Two year,0,Low value,Low risk,Low value / Low risk,2
8257-RZAHR,64.7,14,Month-to-month,1,Mid value,Medium risk,Mid value / Medium risk,1
0961-ZWLVI,109.2,49,One year,0,High value,Low risk,High value / Low risk,2
8007-YYPWD,25.05,15,Two year,0,Low value,Low risk,Low value / Low risk,0
9503-XJUME,19.65,52,One year,0,Low value,Low risk,Low value / Low risk,0
2587-YNLES,20.1,6,Two year,0,Low value,Low risk,Low value / Low risk,0
3049-SOLAY,95.2,3,Month-to-month,1,High value,High risk,High value / High risk,1
5868-YWPDW,84.2,6,Month-to-month,1,Mid value,High risk,Mid value / High risk,1
5393-RXQSZ,79.6,1,Month-to-month,1,Mid value,High risk,Mid value / High risk,1
3800-LYTRK,55.7,14,One year,0,Mid value,Low risk,Mid value / Low risk,1
8902-ZEOVF,20.05,47,One year,0,Low value,Low risk,Low value / Low risk,0
7890-VYYWG,36.45,3,Month-to-month,1,Low value,High risk,Low value / High risk,1
2607-FBDFF,49.0,1,Month-to-month,0,Low value,High risk,Low value / High risk,1
1987-AUELQ,25.05,71,Two year,0,Low value,Low risk,Low value / Low risk,0
4482-EWFMI,69.7,2,Month-to-month,0,Mid value,High risk,Mid value / High risk,1
5546-QUERU,19.95,13,One year,0,Low value,Low risk,Low value / Low risk,0
0292-WEGCH,86.2,54,Month-to-month,0,High value,Medium risk,High value / Medium risk,2
4324-AHJKS,55.8,5,Month-to-month,0,Mid value,High risk,Mid value / High risk,1
0212-ISBBF,50.35,22,Month-to-month,0,Low value,Medium risk,Low value / Medium risk,1
0011-IGKFF,98.0,13,Month-to-month,1,High value,Medium risk,High value / Medium risk,1
0644-OQMDK,70.65,4,Month-to-month,0,Mid value,High risk,Mid value / High risk,1
7130-YXBRO,111.45,48,Month-to-month,0,High value,Medium risk,High value / Medium risk,2
8681-ICONS,20.65,29,Month-to-month,0,Low value,Medium risk,Low value / Medium risk,0
3387-PLKUI,18.8,13,Month-to-month,0,Low value,Medium risk,Low value / Medium risk,0
1582-RAFML,60.1,1,Month-to-month,1,Mid value,High risk,Mid value / High risk,1
5117-ZSMHQ,89.9,71,Two year,0,High value,Low risk,High value / Low risk,2
1841-YSJGV,109.95,72,Two year,0,High value,Low risk,High value / Low risk,2
8060-HIWJJ,86.55,64,Two year,0,High value,Low risk,High value / Low risk,2
5862-BRIXZ,60.75,46,Two year,0,Mid value,Low risk,Mid value / Low risk,2
8216-AZUUZ,100.4,42,Two year,0,High value,Low risk,High value / Low risk,2
5956-YHHRX,104.35,21,Month-to-month,0,High value,Medium risk,High value / Medium risk,1
3196-NVXLZ,84.6,25,Month-to-month,0,High value,Medium risk,High value / Medium risk,1
1834-WULEG,20.25,24,One year,0,Low value,Low risk,Low value / Low risk,0
4032-RMHCI,35.4,41,One year,0,Low value,Low risk,Low value / Low risk,0
4872-VXRIL,64.65,56,One year,0,Mid value,Low risk,Mid value / Low risk,2
3439-GVUSX,24.4,1,Month-to-month,0,Low value,High risk,Low value / High risk,0
1334-FJSVR,24.25,1,Month-to-month,1,Low value,High risk,Low value / High risk,1
6447-EGDIV,20.95,31,One year,0,Low value,Low risk,Low value / Low risk,0
5887-IKKYO,94.35,58,Two year,0,High value,Low risk,High value / Low risk,2
9780-FKVVF,59.15,6,Month-to-month,0,Mid value,High risk,Mid value / High risk,1
6413-XKKPU,89.4,17,Month-to-month,1,High value,Medium risk,High value / Medium risk,1
3898-GUYTS,97.05,45,Month-to-month,0,High value,Medium risk,High value / Medium risk,2
9845-PEEKO,79.2,59,Two year,0,Mid value,Low risk,Mid value / Low risk,2
5804-LEPIM,70.35,2,Month-to-month,1,Mid value,High risk,Mid value / High risk,1
8404-GFGCZ,65.6,4,Month-to-month,0,Mid value,High risk,Mid value / High risk,1
7801-KICAO,74.15,18,Month-to-month,0,Mid value,Medium risk,Mid value / Medium risk,1
1763-KUAAW,20.35,18,One year,0,Low value,Low risk,Low value / Low risk,0
2049-BAFNW,35.9,1,Month-to-month,0,Low value,High risk,Low value / High risk,1
2347-WKKAE,94.4,42,Month-to-month,0,High value,Medium risk,High value / Medium risk,2
6331-EWIEB,85.25,20,Month-to-month,1,High value,Medium risk,High value / Medium risk,1
1170-SASML,85.4,69,Month-to-month,0,High value,Medium risk,High value / Medium risk,2
3518-PZXZQ,55.3,1,Month-to-month,0,Mid value,High risk,Mid value / High risk,1
2243-FNMMI,19.4,20,Month-to-month,0,Low value,Medium risk,Low value / Medium risk,0
5089-IFSDP,109.45,58,Two year,1,High value,Low risk,High value / Low risk,2
4024-CSNBY,94.25,72,Two year,0,High value,Low risk,High value / Low risk,2
4456-RHSNB,49.6,19,Month-to-month,0,Low value,Medium risk,Low value / Medium risk,1
9578-VRMNM,65.2,16,Month-to-month,1,Mid value,Medium risk,Mid value / Medium risk,1
5519-NPHVG,94.2,12,Month-to-month,1,High value,High risk,High value / High risk,1
1941-HOSAM,90.1,1,Month-to-month,0,High value,High risk,High value / High risk,1
0742-NXBGR,82.3,1,Month-to-month,1,Mid value,High risk,Mid value / High risk,1
0795-XCCTE,25.4,72,Two year,0,Low value,Low risk,Low value / Low risk,0
3920-HIHMQ,49.5,26,Month-to-month,0,Low value,Medium risk,Low value / Medium risk,1
4585-HETAI,73.75,4,Month-to-month,1,Mid value,High risk,Mid value / High risk,1
6840-RESVB,84.8,24,One year,0,High value,Low risk,High value / Low risk,2
4893-GYUJU,19.35,50,One year,0,Low value,Low risk,Low value / Low risk,0
9134-WYRVP,86.35,51,One year,0,High value,Low risk,High value / Low risk,2
9958-MEKUC,103.95,72,Two year,0,High value,Low risk,High value / Low risk,2
8821-KVZKQ,58.4,70,One year,0,Mid value,Low risk,Mid value / Low risk,2
7208-PSIHR,104.3,70,Two year,0,High value,Low risk,High value / Low risk,2
9402-ORRAH,91.5,15,Month-to-month,0,High value,Medium risk,High value / Medium risk,1
6732-FZUGP,94.9,47,One year,0,High value,Low risk,High value / Low risk,2
4006-HKYHO,86.7,63,Two year,0,High value,Low risk,High value / Low risk,2
8869-LIHMK,115.1,64,Two year,0,High value,Low risk,High value / Low risk,2
6917-YACBP,89.75,59,Month-to-month,0,High value,Medium risk,High value / Medium risk,2
5701-SVCWR,24.0,1,Month-to-month,0,Low value,High risk,Low value / High risk,0
7586-ZATGZ,84.9,40,Month-to-month,0,High value,Medium risk,High value / Medium risk,1
1073-XXCZD,25.7,55,Two year,0,Low value,Low risk,Low value / Low risk,0
9602-WCXPI,20.15,50,One year,0,Low value,Low risk,Low value / Low risk,0
5336-UFNZP,107.45,65,One year,0,High value,Low risk,High value / Low risk,2
6484-LATFU,24.55,68,Two year,0,Low value,Low risk,Low value / Low risk,0
3866-MDTUB,70.75,2,Month-to-month,1,Mid value,High risk,Mid value / High risk,1
2055-BFOCC,84.0,63,One year,0,Mid value,Low risk,Mid value / Low risk,2
0266-CLZKZ,105.65,67,Two year,0,High value,Low risk,High value / Low risk,2
8651-ENBZX,106.0,60,One year,1,High value,Low risk,High value / Low risk,2
2451-YMUXS,64.55,67,Two year,0,Mid value,Low risk,Mid value / Low risk,2
8085-MSNLK,113.95,62,Two year,0,High value,Low risk,High value / Low risk,2
8788-DOXSU,61.35,59,One year,0,Mid value,Low risk,Mid value / Low risk,2
3606-SBKRY,50.05,31,One year,0,Low value,Low risk,Low value / Low risk,1
6048-UWKAL,105.4,69,Two year,0,High value,Low risk,High value / Low risk,2
3446-QDSZF,55.5,4,Month-to-month,0,Mid value,High risk,Mid value / High risk,1
2013-SGDXK,84.3,1,Month-to-month,1,High value,High risk,High value / High risk,1
5353-WILCI,56.05,28,Month-to-month,0,Mid value,Medium risk,Mid value / Medium risk,1
7570-WELNY,84.7,68,Two year,0,High value,Low risk,High value / Low risk,2
8942-DBMHZ,20.45,12,Month-to-month,0,Low value,High risk,Low value / High risk,0
8777-MBMTS,105.85,65,Two year,0,High value,Low risk,High value / Low risk,2
0329-GTIAJ,97.9,3,Month-to-month,1,High value,High risk,High value / High risk,1
5442-XSDCW,79.5,11,Month-to-month,1,Mid value,High risk,Mid value / High risk,1
3209-ZPKFI,54.25,47,Month-to-month,0,Mid value,Medium risk,Mid value / Medium risk,1
0203-HHYIJ,25.3,25,One year,1,Low value,Low risk,Low value / Low risk,0
7442-YGZFK,49.8,1,Month-to-month,0,Low value,High risk,Low value / High risk,1
5193-QLVZB,104.75,63,Two year,0,High value,Low risk,High value / Low risk,2
8595-SIZNC,25.6,22,One year,0,Low value,Low risk,Low value / Low risk,0
8847-GEOOQ,60.2,60,Month-to-month,0,Mid value,Medium risk,Mid value / Medium risk,2
6689-KXGBO,50.55,1,Month-to-month,1,Mid value,High risk,Mid value / High risk,1
0596-BQCEQ,100.15,62,Month-to-month,1,High value,Medium risk,High value / Medium risk,2
3452-ABWRL,86.05,47,Month-to-month,0,High value,Medium risk,High value / Medium risk,2
1162-ECVII,109.75,72,Two year,0,High value,Low risk,High value / Low risk,2
8731-WBBMB,81.9,26,Month-to-month,0,Mid value,Medium risk,Mid value / Medium risk,1
0897-FEGMU,99.5,11,Month-to-month,1,High value,High risk,High value / High risk,1
4806-DXQCE,113.65,70,Two year,0,High value,Low risk,High value / Low risk,2
8100-HZZLJ,63.95,43,Month-to-month,0,Mid value,Medium risk,Mid value / Medium risk,1
9066-QRSDU,26.3,69,One year,0,Low value,Low risk,Low value / Low risk,0
9127-FHJBZ,114.0,72,Two year,0,High value,Low risk,High value / Low risk,2
3413-DHLPB,103.75,60,Month-to-month,0,High value,Medium risk,High value / Medium risk,2
7562-UXTPG,70.15,13,Month-to-month,0,Mid value,Medium risk,Mid value / Medium risk,1
7721-JXEAW,41.05,59,Month-to-month,1,Low value,Medium risk,Low value / Medium risk,1
6625-IUTTT,65.55,67,Two year,0,Mid value,Low risk,Mid value / Low risk,2
6476-EPYZR,20.5,12,Month-to-month,0,Low value,High risk,Low value / High risk,0
9631-XEYKE,50.4,3,Month-to-month,0,Low value,High risk,Low value / High risk,1
7754-IXRMC,45.35,1,Month-to-month,0,Low value,High risk,Low value / High risk,1
8999-YPYBV,84.35,45,Two year,0,High value,Low risk,High value / Low risk,2
5012-YSPJJ,54.35,31,Month-to-month,0,Mid value,Medium risk,Mid value / Medium risk,1
3546-GHEAE,19.45,7,Two year,0,Low value,Low risk,Low value / Low risk,0
1403-LKLIK,20.1,33,One year,0,Low value,Low risk,Low value / Low risk,0
2931-SVLTV,110.1,40,Month-to-month,0,High value,Medium risk,High value / Medium risk,2
2037-XJFUP,95.8,33,One year,1,High value,Low risk,High value / Low risk,2
6142-VSJQO,44.35,1,Month-to-month,1,Low value,High risk,Low value / High risk,1
0264-CNITK,20.1,71,Two year,0,Low value,Low risk,Low value / Low risk,0
4918-QLLIW,53.4,3,Month-to-month,1,Mid value,High risk,Mid value / High risk,1
4971-PUYQO,94.55,27,Month-to-month,1,High value,Medium risk,High value / Medium risk,1
3642-GKTCT,115.1,61,One year,0,High value,Low risk,High value / Low risk,2
8859-YSTWS,19.95,48,One year,0,Low value,Low risk,Low value / Low risk,0
3097-FQTVJ,20.0,41,Two year,0,Low value,Low risk,Low value / Low risk,0
1262-OPMFY,75.75,9,Month-to-month,1,Mid value,High risk,Mid value / High risk,1
0308-IVGOK,40.4,11,One year,0,Low value,Low risk,Low value / Low risk,1
0411-EZJZE,60.25,3,Month-to-month,0,Mid value,High risk,Mid value / High risk,1
8631-NBHFZ,79.4,66,Two year,1,Mid value,Low risk,Mid value / Low risk,2
8634-CILSZ,104.7,69,One year,1,High value,Low risk,High value / Low risk,2
9356-AXGMP,110.7,38,One year,0,High value,Low risk,High value / Low risk,2
4603-JANFB,69.85,1,Month-to-month,1,Mid value,High risk,Mid value / High risk,1
8099-MZPUJ,111.8,48,Two year,0,High value,Low risk,High value / Low risk,2
7883-ROJOC,44.9,19,Month-to-month,0,Low value,Medium risk,Low value / Medium risk,1
2096-XOTMO,19.35,16,Month-to-month,0,Low value,Medium risk,Low value / Medium risk,0
6620-JDYNW,60.6,18,Month-to-month,0,Mid value,Medium risk,Mid value / Medium risk,1
1069-QJOEE,19.9,25,One year,0,Low value,Low risk,Low value / Low risk,0
7148-XZPHA,79.4,55,Month-to-month,0,Mid value,Medium risk,Mid value / Medium risk,2
1589-AGTLK,45.35,3,Month-to-month,1,Low value,High risk,Low value / High risk,1
8808-ELEHO,81.25,8,Month-to-month,1,Mid value,High risk,Mid value / High risk,1
4328-VUFWD,59.3,39,One year,0,Mid value,Low risk,Mid value / Low risk,1
3977-QCRSL,20.15,5,Month-to-month,0,Low value,High risk,Low value / High risk,0
5734-EJKXG,118.6,61,One year,0,High value,Low risk,High value / Low risk,2
5378-IKEEG,35.75,1,Month-to-month,1,Low value,High risk,Low value / High risk,1
8746-OQQRW,25.25,4,Month-to-month,0,Low value,High risk,Low value / High risk,0
9199-PWQVC,79.7,63,One year,0,Mid value,Low risk,Mid value / Low risk,2
3823-KYNQY,24.95,12,One year,0,Low value,Low risk,Low value / Low risk,0
5570-PTWEH,75.15,3,Month-to-month,1,Mid value,High risk,Mid value / High risk,1
5947-SGKCL,105.35,15,Month-to-month,0,High value,Medium risk,High value / Medium risk,1
6598-KELSS,43.05,50,One year,0,Low value,Low risk,Low value / Low risk,2
7547-EKNFS,95.25,42,Month-to-month,1,High value,Medium risk,High value / Medium risk,2
0114-RSRRW,19.95,10,Month-to-month,0,Low value,High risk,Low value / High risk,0
4547-FZJWE,59.45,55,One year,0,Mid value,Low risk,Mid value / Low risk,2
7850-VWJUU,75.0,23,Month-to-month,0,Mid value,Medium risk,Mid value / Medium risk,1
9643-YBLUR,69.05,9,Month-to-month,0,Mid value,High risk,Mid value / High risk,1
2931-VUVJN,94.05,59,One year,0,High value,Low risk,High value / Low risk,2
9453-PATOS,85.1,72,Two year,0,High value,Low risk,High value / Low risk,2
1393-IMKZG,95.85,1,Month-to-month,0,High value,High risk,High value / High risk,1
8067-NIOYM,21.1,24,Two year,0,Low value,Low risk,Low value / Low risk,0
1697-BCSHV,66.8,58,Month-to-month,0,Mid value,Medium risk,Mid value / Medium risk,2
6663-JOCQO,75.25,31,One year,0,Mid value,Low risk,Mid value / Low risk,2
6036-TTFYU,19.6,16,Month-to-month,0,Low value,Medium risk,Low value / Medium risk,0
9592-ERDKV,79.25,37,One year,0,Mid value,Low risk,Mid value / Low risk,2
9824-BEMCV,69.0,17,Month-to-month,1,Mid value,Medium risk,Mid value / Medium risk,1
5002-GCQFH,93.85,49,Month-to-month,0,High value,Medium risk,High value / Medium risk,2
2962-XPMCQ,45.15,2,Month-to-month,1,Low value,High risk,Low value / High risk,1
6686-YPGHK,85.5,47,Month-to-month,1,High value,Medium risk,High value / Medium risk,2
0488-GSLFR,69.5,1,Month-to-month,1,Mid value,High risk,Mid value / High risk,1
1935-IMVBB,89.7,56,Month-to-month,0,High value,Medium risk,High value / Medium risk,2
7432-FFVAR,90.95,46,One year,0,High value,Low risk,High value / Low risk,2
0238-WHBIQ,89.7,72,Two year,0,High value,Low risk,High value / Low risk,2
7486-KSRVI,100.0,43,One year,1,High value,Low risk,High value / Low risk,2
1915-IOFGU,70.5,1,Month-to-month,1,Mid value,High risk,Mid value / High risk,1
5304-EFJLP,111.65,72,Two year,0,High value,Low risk,High value / Low risk,2
7636-OWBPG,29.35,12,Month-to-month,0,Low value,High risk,Low value / High risk,1
3908-MKIMJ,41.95,68,Two year,0,Low value,Low risk,Low value / Low risk,2
1866-RZZQS,98.4,41,Month-to-month,1,High value,Medium risk,High value / Medium risk,2
4001-TSBTV,91.55,58,Month-to-month,0,High value,Medium risk,High value / Medium risk,2
5202-IVJNU,30.1,39,Month-to-month,1,Low value,Medium risk,Low value / Medium risk,0
4091-TVOCN,78.75,48,One year,0,Mid value,Low risk,Mid value / Low risk,2
8815-LMFLX,25.4,25,Month-to-month,0,Low value,Medium risk,Low value / Medium risk,0
6696-YDAYZ,20.5,16,Two year,0,Low value,Low risk,Low value / Low risk,0
1307-ATKGB,89.55,24,Month-to-month,0,High value,Medium risk,High value / Medium risk,1
9386-LDCZR,90.65,43,One year,0,High value,Low risk,High value / Low risk,2
3751-KTZEL,35.05,1,Month-to-month,1,Low value,High risk,Low value / High risk,1
9269-CQOOL,54.7,3,Month-to-month,1,Mid value,High risk,Mid value / High risk,1
9633-XQABV,70.25,3,Month-to-month,0,Mid value,High risk,Mid value / High risk,1
7672-VFMXZ,55.7,57,Month-to-month,0,Mid value,Medium risk,Mid value / Medium risk,1
2267-WTPYD,94.0,57,Month-to-month,0,High value,Medium risk,High value / Medium risk,2
7246-ZGQDF,54.5,1,Month-to-month,0,Mid value,High risk,Mid value / High risk,1
6410-LEFEN,45.15,9,Month-to-month,1,Low value,High risk,Low value / High risk,1
3319-DWOEP,95.75,6,Month-to-month,1,High value,High risk,High value / High risk,1
3552-CTCYF,104.8,63,Two year,0,High value,Low risk,High value / Low risk,2
5599-HVLTW,80.35,14,Month-to-month,0,Mid value,Medium risk,Mid value / Medium risk,1
0396-UKGAI,55.3,23,Month-to-month,0,Mid value,Medium risk,Mid value / Medium risk,1
3612-YVGSJ,24.45,71,Two year,0,Low value,Low risk,Low value / Low risk,0
5977-CKHON,92.55,43,Month-to-month,0,High value,Medium risk,High value / Medium risk,2
1792-UXAFY,89.15,17,Month-to-month,1,High value,Medium risk,High value / Medium risk,1
0799-DDIHE,46.3,15,Month-to-month,0,Low value,Medium risk,Low value / Medium risk,1
3057-VJJQE,55.25,35,Two year,0,Mid value,Low risk,Mid value / Low risk,0
4077-CROMM,104.2,31,Month-to-month,1,High value,Medium risk,High value / Medium risk,2
5248-KWLAR,90.35,71,Two year,0,High value,Low risk,High value / Low risk,2
6599-CEBNN,73.95,34,Month-to-month,1,Mid value,Medium risk,Mid value / Medium risk,1
7459-RRWQZ,64.65,15,Month-to-month,1,Mid value,Medium risk,Mid value / Medium risk,1
9574-BOSMD,25.4,68,Two year,0,Low value,Low risk,Low value / Low risk,0
9470-RTWDV,82.0,26,One year,0,Mid value,Low risk,Mid value / Low risk,1
2585-KTFRE,70.45,1,Month-to-month,0,Mid value,High risk,Mid value / High risk,1
6463-MVYRY,69.85,57,Two year,0,Mid value,Low risk,Mid value / Low risk,2
2237-ZFSMY,95.55,39,One year,1,High value,Low risk,High value / Low risk,2
5512-IDZEI,24.9,46,One year,0,Low value,Low risk,Low value / Low risk,0
2324-EFHVG,104.4,64,Two year,0,High value,Low risk,High value / Low risk,2
7398-SKNQZ,94.9,3,Month-to-month,0,High value,High risk,High value / High risk,1
5712-VBOXD,20.15,4,Month-to-month,0,Low value,High risk,Low value / High risk,0
7579-KKLOE,91.25,71,Two year,0,High value,Low risk,High value / Low risk,2
5480-TBGPH,99.3,24,Month-to-month,1,High value,Medium risk,High value / Medium risk,1
1985-MBRYP,19.65,43,Two year,0,Low value,Low risk,Low value / Low risk,0
1703-MGIAB,69.0,17,Month-to-month,0,Mid value,Medium risk,Mid value / Medium risk,1
0666-UXTJO,85.2,34,Month-to-month,0,High value,Medium risk,High value / Medium risk,1
3580-REOAC,44.85,10,Month-to-month,1,Low value,High risk,Low value / High risk,1
0093-EXYQL,91.55,40,Month-to-month,0,High value,Medium risk,High value / Medium risk,1
5792-JALQC,59.85,52,Two year,0,Mid value,Low risk,Mid value / Low risk,2
3062-ICYZQ,93.8,51,Month-to-month,0,High value,Medium risk,High value / Medium risk,2
7315-WYOAW,100.75,13,Month-to-month,0,High value,Medium risk,High value / Medium risk,1
2937-FTHUR,64.8,18,Month-to-month,0,Mid value,Medium risk,Mid value / Medium risk,1
8845-LWKGE,64.5,30,One year,0,Mid value,Low risk,Mid value / Low risk,1
2984-MIIZL,74.8,4,Month-to-month,1,Mid value,High risk,Mid value / High risk,1
1564-HJUVY,63.75,4,Month-to-month,0,Mid value,High risk,Mid value / High risk,1
8305-VHZBZ,20.2,1,Month-to-month,1,Low value,High risk,Low value / High risk,0
4487-ZYJZK,19.6,38,One year,0,Low value,Low risk,Low value / Low risk,0
8398-TBIYD,84.7,72,Two year,0,High value,Low risk,High value / Low risk,2
1813-JYWTO,80.45,72,Two year,0,Mid value,Low risk,Mid value / Low risk,2
0674-EYYZV,54.65,1,Month-to-month,0,Mid value,High risk,Mid value / High risk,1
2530-FMFXO,103.2,56,Two year,0,High value,Low risk,High value / Low risk,2
0529-ONKER,75.65,15,Month-to-month,1,Mid value,Medium risk,Mid value / Medium risk,1
5982-XMDEX,26.5,65,Two year,0,Low value,Low risk,Low value / Low risk,0
4710-NKCAW,64.4,5,Month-to-month,0,Mid value,High risk,Mid value / High risk,1
6024-RUGGH,25.2,72,Two year,0,Low value,Low risk,Low value / Low risk,0
1304-SEGFY,97.85,72,Two year,0,High value,Low risk,High value / Low risk,2
8148-BPLZQ,49.8,34,Month-to-month,0,Low value,Medium risk,Low value / Medium risk,1
1728-CXQBE,94.25,64,Month-to-month,0,High value,Medium risk,High value / Medium risk,2
0374-FIUCA,20.4,65,Two year,0,Low value,Low risk,Low value / Low risk,0
6035-RIIOM,97.2,54,Two year,0,High value,Low risk,High value / Low risk,2
3590-TCXTB,20.35,1,Month-to-month,0,Low value,High risk,Low value / High risk,0
0315-LVCRK,84.8,11,Month-to-month,0,High value,High risk,High value / High risk,1
0314-TKOSI,55.15,6,Month-to-month,0,Mid value,High risk,Mid value / High risk,1
0971-QIFJK,24.25,69,Two year,0,Low value,Low risk,Low value / Low risk,0
2792-VPPET,20.5,3,Month-to-month,0,Low value,High risk,Low value / High risk,0
9443-JUBUO,65.25,72,Two year,0,Mid value,Low risk,Mid value / Low risk,2
4578-PHJYZ,68.75,52,One year,0,Mid value,Low risk,Mid value / Low risk,2
3588-WSTTJ,99.05,35,Month-to-month,0,High value,Medium risk,High value / Medium risk,2
1347-KTTTA,102.45,64,One year,0,High value,Low risk,High value / Low risk,2
7073-QETQY,20.35,66,One year,0,Low value,Low risk,Low value / Low risk,0
7892-POOKP,104.8,28,Month-to-month,1,High value,Medium risk,High value / Medium risk,2
6480-YAGIY,112.2,45,One year,0,High value,Low risk,High value / Low risk,2
4625-LAMOB,20.4,44,Two year,0,Low value,Low risk,Low value / Low risk,0
5277-ZLOOR,85.55,2,Month-to-month,1,High value,High risk,High value / High risk,1
5906-DVAPM,75.0,55,One year,0,Mid value,Low risk,Mid value / Low risk,2
1501-SGHBW,45.85,2,Month-to-month,1,Low value,High risk,Low value / High risk,1
7663-YJHSN,103.95,72,Two year,0,High value,Low risk,High value / Low risk,2
9019-QVLZD,79.55,1,Month-to-month,1,Mid value,High risk,Mid value / High risk,1
0117-LFRMW,40.2,37,Month-to-month,1,Low value,Medium risk,Low value / Medium risk,1
0885-HMGPY,69.4,62,Two year,0,Mid value,Low risk,Mid value / Low risk,2
5158-RIVOP,20.9,11,Two year,0,Low value,Low risk,Low value / Low risk,0
1302-TPUBN,19.35,66,Two year,0,Low value,Low risk,Low value / Low risk,0
7105-MXJLL,60.7,26,One year,0,Mid value,Low risk,Mid value / Low risk,1
2550-QHZGP,19.5,7,One year,0,Low value,Low risk,Low value / Low risk,0
8443-WVPSS,99.85,10,Month-to-month,1,High value,High risk,High value / High risk,1
4056-QHXHZ,107.45,72,Two year,0,High value,Low risk,High value / Low risk,2
4510-HIMLV,69.8,1,Month-to-month,1,Mid value,High risk,Mid value / High risk,1
5071-FBJFS,50.3,4,Month-to-month,0,Low value,High risk,Low value / High risk,1
1429-UYJSV,19.7,12,One year,0,Low value,Low risk,Low value / Low risk,0
8286-AFUYI,47.95,1,Month-to-month,0,Low value,High risk,Low value / High risk,1
0345-XMMUG,108.9,46,Two year,0,High value,Low risk,High value / Low risk,2
3221-CJMSG,51.1,24,Month-to-month,0,Mid value,Medium risk,Mid value / Medium risk,1
8981-FJGLA,78.0,11,Month-to-month,0,Mid value,High risk,Mid value / High risk,1
1223-UNPKS,20.05,20,Two year,0,Low value,Low risk,Low value / Low risk,0
9921-EZKBY,95.3,33,Month-to-month,0,High value,Medium risk,High value / Medium risk,2
4822-NGOCH,84.45,13,Month-to-month,1,High value,Medium risk,High value / Medium risk,1
0318-ZOPWS,20.15,49,Two year,0,Low value,Low risk,Low value / Low risk,0
4881-GQJTW,19.6,14,Month-to-month,0,Low value,Medium risk,Low value / Medium risk,0
2956-GGUCQ,78.85,24,Month-to-month,1,Mid value,Medium risk,Mid value / Medium risk,1
0880-TKATG,101.15,4,Month-to-month,1,High value,High risk,High value / High risk,1
3190-XFANI,100.6,49,One year,1,High value,Low risk,High value / Low risk,2
7234-KMNRQ,19.0,4,Month-to-month,0,Low value,High risk,Low value / High risk,0
5406-KGRMX,24.55,71,Two year,0,Low value,Low risk,Low value / Low risk,0
0780-XNZFN,20.65,57,Two year,0,Low value,Low risk,Low value / Low risk,0
2916-BQZLN,84.75,19,Month-to-month,0,High value,Medium risk,High value / Medium risk,1
8496-EJAUI,73.85,19,Month-to-month,1,Mid value,Medium risk,Mid value / Medium risk,1
6719-OXYBR,85.3,15,Month-to-month,0,High value,Medium risk,High value / Medium risk,1
2144-BFDSO,108.75,50,Month-to-month,0,High value,Medium risk,High value / Medium risk,2
9492-TOKRI,90.0,18,Month-to-month,1,High value,Medium risk,High value / Medium risk,1
4730-AWNAU,60.7,36,One year,0,Mid value,Low risk,Mid value / Low risk,2
6992-TKNYO,69.0,38,One year,0,Mid value,Low risk,Mid value / Low risk,2
5668-MEISB,106.1,72,Two year,0,High value,Low risk,High value / Low risk,2
8263-JQAIK,24.45,2,Month-to-month,1,Low value,High risk,Low value / High risk,0
5176-LDKUH,75.15,48,One year,0,Mid value,Low risk,Mid value / Low risk,2
4749-VFKVB,50.1,1,Month-to-month,1,Low value,High risk,Low value / High risk,1
5161-UBZXI,106.35,69,Two year,0,High value,Low risk,High value / Low risk,2
1600-DILPE,45.0,12,Month-to-month,0,Low value,High risk,Low value / High risk,1
3097-PYWXL,19.95,4,Month-to-month,0,Low value,High risk,Low value / High risk,0
0515-YPMCW,70.45,1,Month-to-month,1,Mid value,High risk,Mid value / High risk,1
4163-NCJAK,24.45,46,One year,0,Low value,Low risk,Low value / Low risk,0
2804-ETQDK,20.55,66,Two year,0,Low value,Low risk,Low value / Low risk,0
0305-SQECB,36.05,11,One year,0,Low value,Low risk,Low value / Low risk,1
6122-EFVKN,35.75,24,Two year,0,Low value,Low risk,Low value / Low risk,0
4393-GEADV,114.75,70,Two year,0,High value,Low risk,High value / Low risk,2
0281-CNTZX,19.95,63,Two year,0,Low value,Low risk,Low value / Low risk,0
6972-SNKKW,20.0,6,Month-to-month,0,Low value,High risk,Low value / High risk,0
3061-BCKYI,19.9,14,Month-to-month,0,Low value,Medium risk,Low value / Medium risk,0
7480-SPLEF,26.0,69,Two year,0,Low value,Low risk,Low value / Low risk,0
6135-OZQVA,53.65,7,Month-to-month,0,Mid value,High risk,Mid value / High risk,1
4290-BSXUX,79.65,3,Month-to-month,1,Mid value,High risk,Mid value / High risk,1
7670-ZBPOQ,61.05,58,One year,0,Mid value,Low risk,Mid value / Low risk,2
0804-XBFBV,25.2,11,Month-to-month,0,Low value,High risk,Low value / High risk,0
8670-ERCJH,113.4,72,Two year,0,High value,Low risk,High value / Low risk,2
4335-BSMJS,25.8,62,Two year,0,Low value,Low risk,Low value / Low risk,0
8150-QUDFX,19.85,2,Month-to-month,0,Low value,High risk,Low value / High risk,0
1550-EENBN,104.35,31,Month-to-month,0,High value,Medium risk,High value / Medium risk,2
3797-VTIDR,23.45,1,Month-to-month,1,Low value,High risk,Low value / High risk,1
6260-XLACS,19.7,4,One year,0,Low value,Low risk,Low value / Low risk,0
3946-JEWRQ,95.2,47,One year,0,High value,Low risk,High value / Low risk,2
0440-MOGPM,80.55,41,One year,0,Mid value,Low risk,Mid value / Low risk,2
4837-PZTIC,41.9,47,Two year,0,Low value,Low risk,Low value / Low risk,0
3091-FYHKI,35.45,1,Month-to-month,1,Low value,High risk,Low value / High risk,1
4694-PHWFW,19.95,8,Month-to-month,0,Low value,High risk,Low value / High risk,0
5788-YPOEG,84.75,34,Two year,0,High value,Low risk,High value / Low risk,2
2208-NKVVH,24.25,43,Two year,0,Low value,Low risk,Low value / Low risk,0
7009-LGECI,50.55,4,Month-to-month,0,Mid value,High risk,Mid value / High risk,1
5294-IMHHT,97.75,53,One year,0,High value,Low risk,High value / Low risk,2
8413-YNHNV,90.65,69,Two year,0,High value,Low risk,High value / Low risk,2
7823-JSOAG,74.5,3,Month-to-month,0,Mid value,High risk,Mid value / High risk,1
9055-MOJJJ,65.8,64,One year,0,Mid value,Low risk,Mid value / Low risk,2
5555-RNPGT,24.8,10,Month-to-month,0,Low value,High risk,Low value / High risk,0
7407-SUJIZ,20.6,25,Month-to-month,0,Low value,Medium risk,Low value / Medium risk,0
2947-DOMLJ,50.6,1,Month-to-month,1,Mid value,High risk,Mid value / High risk,1
7241-AJHFS,87.65,32,Month-to-month,0,High value,Medium risk,High value / Medium risk,1
6092-QZVPP,79.2,36,Month-to-month,0,Mid value,Medium risk,Mid value / Medium risk,2
6865-JZNKO,55.3,30,Month-to-month,0,Mid value,Medium risk,Mid value / Medium risk,1
4404-HIBDJ,74.3,25,One year,1,Mid value,Low risk,Mid value / Low risk,1
3001-UNBTL,103.95,29,Month-to-month,0,High value,Medium risk,High value / Medium risk,1
6960-HVYXR,76.0,1,Month-to-month,1,Mid value,High risk,Mid value / High risk,1
0103-CSITQ,109.4,57,One year,0,High value,Low risk,High value / Low risk,2
6479-OAUSD,19.9,25,One year,0,Low value,Low risk,Low value / Low risk,0
3757-NJYBX,106.35,32,Month-to-month,1,High value,Medium risk,High value / Medium risk,2
0363-SVHYR,86.85,71,Two year,0,High value,Low risk,High value / Low risk,2
7075-BNDVQ,35.0,4,Month-to-month,0,Low value,High risk,Low value / High risk,1
9691-HKOVS,90.15,55,One year,0,High value,Low risk,High value / Low risk,2
4558-FANTW,91.85,17,Month-to-month,1,High value,Medium risk,High value / Medium risk,1
8780-IHCRN,24.65,63,Two year,0,Low value,Low risk,Low value / Low risk,0
5533-NHFRF,44.4,7,Month-to-month,0,Low value,High risk,Low value / High risk,1
2889-FPWRM,117.8,72,One year,1,High value,Low risk,High value / Low risk,2
0723-VSOBE,34.2,45,One year,0,Low value,Low risk,Low value / Low risk,0
4273-MBHYA,89.35,1,Month-to-month,0,High value,High risk,High value / High risk,1
7602-MVRMB,110.45,72,Two year,0,High value,Low risk,High value / Low risk,2
1508-DFXCU,81.45,12,Month-to-month,0,Mid value,High risk,Mid value / High risk,1
1028-FFNJK,101.5,30,Month-to-month,0,High value,Medium risk,High value / Medium risk,1
9481-IEBZY,112.9,72,Month-to-month,0,High value,Medium risk,High value / Medium risk,2
7924-GJZFI,69.3,25,Month-to-month,0,Mid value,Medium risk,Mid value / Medium risk,1
9445-ZUEQE,85.2,27,Month-to-month,0,High value,Medium risk,High value / Medium risk,1
7162-WPHPM,71.6,58,Two year,0,Mid value,Low risk,Mid value / Low risk,2
4671-LXRDQ,45.0,2,Month-to-month,1,Low value,High risk,Low value / High risk,1
1752-OZXFY,59.8,60,One year,0,Mid value,Low risk,Mid value / Low risk,2
2466-FCCPT,19.7,20,One year,0,Low value,Low risk,Low value / Low risk,0
6121-TNHBO,83.0,63,One year,0,Mid value,Low risk,Mid value / Low risk,2
9845-QOMAD,19.75,14,One year,0,Low value,Low risk,Low value / Low risk,0
1872-EBWSC,20.35,29,One year,0,Low value,Low risk,Low value / Low risk,0
4806-HIPDW,68.95,1,Month-to-month,1,Mid value,High risk,Mid value / High risk,1
6897-UUBNU,89.65,29,Month-to-month,0,High value,Medium risk,High value / Medium risk,1
6923-EFPNL,51.75,4,Month-to-month,1,Mid value,High risk,Mid value / High risk,1
0201-OAMXR,115.55,70,One year,1,High value,Low risk,High value / Low risk,2
5876-HZVZM,55.9,6,Month-to-month,1,Mid value,High risk,Mid value / High risk,1
6350-XFYGW,94.75,4,Month-to-month,0,High value,High risk,High value / High risk,1
9975-GPKZU,19.75,46,Two year,0,Low value,Low risk,Low value / Low risk,0
3589-PPVKW,44.4,9,Month-to-month,0,Low value,High risk,Low value / High risk,1
8042-JVNFH,71.35,1,Month-to-month,1,Mid value,High risk,Mid value / High risk,1
2603-HVKCG,101.4,31,Month-to-month,0,High value,Medium risk,High value / Medium risk,2
4988-IQIGL,75.35,1,Month-to-month,1,Mid value,High risk,Mid value / High risk,1
1506-YJTYT,73.85,45,Two year,0,Mid value,Low risk,Mid value / Low risk,2
2458-EOMRE,64.05,11,Month-to-month,0,Mid value,High risk,Mid value / High risk,1
1656-DRSMG,109.85,63,Month-to-month,0,High value,Medium risk,High value / Medium risk,2
9277-JOOMO,24.6,3,Month-to-month,0,Low value,High risk,Low value / High risk,0
6371-NZYEG,64.25,16,Two year,0,Mid value,Low risk,Mid value / Low risk,1
6131-IUNXN,20.2,19,Month-to-month,0,Low value,Medium risk,Low value / Medium risk,0
8766-PAFNE,79.1,71,Two year,0,Mid value,Low risk,Mid value / Low risk,2
5686-CMAWK,86.75,17,One year,0,High value,Low risk,High value / Low risk,1
9702-AIUJO,44.8,50,One year,0,Low value,Low risk,Low value / Low risk,0
4450-DLLMH,71.3,2,Month-to-month,0,Mid value,High risk,Mid value / High risk,1
3374-PZLXD,19.7,34,Month-to-month,0,Low value,Medium risk,Low value / Medium risk,0
7995-ZHHNZ,56.1,42,One year,0,Mid value,Low risk,Mid value / Low risk,1
0197-PNKNK,84.45,69,One year,0,High value,Low risk,High value / Low risk,2
8775-CEBBJ,44.2,9,Month-to-month,1,Low value,High risk,Low value / High risk,1
8676-OOQEJ,30.5,4,Month-to-month,0,Low value,High risk,Low value / High risk,1
0206-TBWLC,114.65,54,One year,0,High value,Low risk,High value / Low risk,2
8383-SGHJU,59.4,33,One year,0,Mid value,Low risk,Mid value / Low risk,1
8800-JOOCF,84.05,12,Month-to-month,0,Mid value,High risk,Mid value / High risk,1
6161-ERDGD,85.45,71,One year,0,High value,Low risk,High value / Low risk,2
5960-MVTUK,29.75,3,Month-to-month,0,Low value,High risk,Low value / High risk,1
8325-QRPZR,75.15,7,Month-to-month,0,Mid value,High risk,Mid value / High risk,1
2300-RQGOI,20.05,38,Two year,0,Low value,Low risk,Low value / Low risk,0
8748-HFWBO,19.9,19,One year,0,Low value,Low risk,Low value / Low risk,0
2126-GSEGL,84.8,70,Two year,0,High value,Low risk,High value / Low risk,2
2586-CWXVV,30.4,54,Month-to-month,0,Low value,Medium risk,Low value / Medium risk,0
5127-BZENZ,65.2,56,One year,0,Mid value,Low risk,Mid value / Low risk,2
7596-ZYWBB,59.6,65,Two year,0,Mid value,Low risk,Mid value / Low risk,2
4628-WQCQQ,85.15,35,One year,1,High value,Low risk,High value / Low risk,1
0621-HJWXJ,81.55,63,Month-to-month,0,Mid value,Medium risk,Mid value / Medium risk,2
4750-UKWJK,19.6,37,One year,0,Low value,Low risk,Low value / Low risk,0
4228-ZGYUW,90.05,4,Month-to-month,1,High value,High risk,High value / High risk,1
9172-ANCRX,98.7,10,Month-to-month,1,High value,High risk,High value / High risk,1
1846-XWOQN,70.15,1,Month-to-month,1,Mid value,High risk,Mid value / High risk,1
8750-QWZAJ,19.8,70,Two year,0,Low value,Low risk,Low value / Low risk,0
7270-BDIOA,90.0,22,Month-to-month,1,High value,Medium risk,High value / Medium risk,1
2272-UOINI,78.5,7,Month-to-month,0,Mid value,High risk,Mid value / High risk,1
7869-ZYDST,59.05,31,Month-to-month,0,Mid value,Medium risk,Mid value / Medium risk,1
6522-OIQSX,54.95,69,Two year,0,Mid value,Low risk,Mid value / Low risk,2
2107-FBPTK,104.1,30,Month-to-month,0,High value,Medium risk,High value / Medium risk,2
6313-GIDIT,54.45,53,Month-to-month,1,Mid value,Medium risk,Mid value / Medium risk,2
6140-QNRQQ,71.55,1,Month-to-month,1,Mid value,High risk,Mid value / High risk,1
2400-XIWIO,90.1,71,Two year,0,High value,Low risk,High value / Low risk,2
4360-QRAVE,36.65,37,Month-to-month,0,Low value,Medium risk,Low value / Medium risk,1
4476-OSWTN,110.55,69,One year,0,High value,Low risk,High value / Low risk,2
3842-QTGDL,80.75,16,Month-to-month,0,Mid value,Medium risk,Mid value / Medium risk,1
5143-WMWOG,19.95,1,Month-to-month,1,Low value,High risk,Low value / High risk,0
9220-CXRSC,61.4,69,Two year,0,Mid value,Low risk,Mid value / Low risk,2
0115-TFERT,111.2,21,Month-to-month,1,High value,Medium risk,High value / Medium risk,1
8535-SFUTN,106.45,61,Month-to-month,0,High value,Medium risk,High value / Medium risk,2
6518-LGAOV,105.0,38,Month-to-month,1,High value,Medium risk,High value / Medium risk,2
9441-QHEVC,19.1,1,Month-to-month,0,Low value,High risk,Low value / High risk,0
2474-LCNUE,73.65,23,Month-to-month,0,Mid value,Medium risk,Mid value / Medium risk,1
9462-MJUAW,50.4,4,Month-to-month,1,Low value,High risk,Low value / High risk,1
9332-GYWLO,54.85,6,Month-to-month,0,Mid value,High risk,Mid value / High risk,1
5448-VWNAM,75.9,19,Month-to-month,0,Mid value,Medium risk,Mid value / Medium risk,1
9091-WTUUY,69.25,64,Two year,0,Mid value,Low risk,Mid value / Low risk,2
0784-GTUUK,23.75,62,One year,0,Low value,Low risk,Low value / Low risk,0
6772-KSATR,81.7,1,Month-to-month,1,Mid value,High risk,Mid value / High risk,1
0032-PGELS,30.5,1,Month-to-month,1,Low value,High risk,Low value / High risk,1
5133-VRSAB,29.35,8,Month-to-month,0,Low value,High risk,Low value / High risk,1
9239-GZHZE,113.65,72,Two year,0,High value,Low risk,High value / Low risk,2
1353-LJWEM,60.9,11,Month-to-month,0,Mid value,High risk,Mid value / High risk,1
7267-FRMJW,20.1,25,Two year,0,Low value,Low risk,Low value / Low risk,0
6900-PXRMS,105.75,26,Month-to-month,1,High value,Medium risk,High value / Medium risk,1
7088-FBAWU,74.55,17,Month-to-month,0,Mid value,Medium risk,Mid value / Medium risk,1
9873-MNDKV,44.65,11,Month-to-month,0,Low value,High risk,Low value / High risk,1
7695-PKLCZ,20.5,68,Two year,0,Low value,Low risk,Low value / Low risk,0
6168-YBYNP,111.35,59,Month-to-month,0,High value,Medium risk,High value / Medium risk,2
8314-DPQHL,50.8,9,One year,0,Mid value,Low risk,Mid value / Low risk,1
3295-YVUSR,72.6,2,Month-to-month,0,Mid value,High risk,Mid value / High risk,1
2195-ZRVAX,85.3,47,Month-to-month,1,High value,Medium risk,High value / Medium risk,2
2519-ERQOJ,54.6,33,Month-to-month,0,Mid value,Medium risk,Mid value / Medium risk,1
5970-GHJAW,19.95,46,Two year,0,Low value,Low risk,Low value / Low risk,0
4616-ULAOA,110.8,65,Two year,0,High value,Low risk,High value / Low risk,2
6661-EIPZC,29.5,48,Month-to-month,0,Low value,Medium risk,Low value / Medium risk,0
7841-TZDMQ,46.0,2,Month-to-month,1,Low value,High risk,Low value / High risk,1
2024-BASKD,74.6,1,Month-to-month,1,Mid value,High risk,Mid value / High risk,1
8064-RAVOH,49.85,1,Month-to-month,0,Low value,High risk,Low value / High risk,1
6103-BOCOU,80.7,26,Month-to-month,0,Mid value,Medium risk,Mid value / Medium risk,1
1159-WFSGR,20.4,16,Month-to-month,0,Low value,Medium risk,Low value / Medium risk,0
5855-EIBDE,106.65,49,Two year,0,High value,Low risk,High value / Low risk,2
8512-WIWYV,20.35,32,One year,0,Low value,Low risk,Low value / Low risk,0
2829-HYVZP,19.8,29,One year,0,Low value,Low risk,Low value / Low risk,0
1777-JYQPJ,24.3,2,Month-to-month,0,Low value,High risk,Low value / High risk,0
2988-GBIVW,90.85,70,Month-to-month,0,High value,Medium risk,High value / Medium risk,2
1591-MQJTP,93.65,51,One year,0,High value,Low risk,High value / Low risk,2
3605-JISKB,60.0,55,One year,0,Mid value,Low risk,Mid value / Low risk,2
1624-NALOJ,89.8,5,Month-to-month,1,High value,High risk,High value / High risk,1
3148-AOIQT,24.95,69,Two year,0,Low value,Low risk,Low value / Low risk,0
8735-IJJEG,50.2,14,Month-to-month,0,Low value,Medium risk,Low value / Medium risk,1
1335-HQMKX,101.35,72,One year,0,High value,Low risk,High value / Low risk,2
3911-RSNHI,61.4,71,Two year,0,Mid value,Low risk,Mid value / Low risk,2
5546-BYZSM,20.45,41,Month-to-month,0,Low value,Medium risk,Low value / Medium risk,0
0128-MKWSG,45.8,26,Month-to-month,0,Low value,Medium risk,Low value / Medium risk,1
6311-UEUME,78.9,29,Month-to-month,1,Mid value,Medium risk,Mid value / Medium risk,1
4135-FRWKJ,76.25,55,One year,0,Mid value,Low risk,Mid value / Low risk,2
1452-XRSJV,51.05,39,Month-to-month,0,Mid value,Medium risk,Mid value / Medium risk,1
3744-ZRRDZ,82.35,21,Month-to-month,1,Mid value,Medium risk,Mid value / Medium risk,1
3034-ZBEQN,34.7,48,One year,1,Low value,Low risk,Low value / Low risk,0
0774-RMNUW,59.7,71,Two year,0,Mid value,Low risk,Mid value / Low risk,2
9553-DLCLU,88.95,13,Two year,0,High value,Low risk,High value / Low risk,1
4397-FRLTA,20.15,4,Month-to-month,0,Low value,High risk,Low value / High risk,0
7055-JCGNI,111.95,70,Two year,0,High value,Low risk,High value / Low risk,2
6261-RCVNS,73.9,42,One year,1,Mid value,Low risk,Mid value / Low risk,2
3007-FDPEA,20.7,2,Month-to-month,0,Low value,High risk,Low value / High risk,0
1790-NESIO,20.4,13,Two year,0,Low value,Low risk,Low value / Low risk,0
4647-XXZAM,45.5,6,Month-to-month,0,Low value,High risk,Low value / High risk,1
0511-JTEOY,71.1,1,Month-to-month,1,Mid value,High risk,Mid value / High risk,1
1498-DQNRX,19.85,29,Month-to-month,0,Low value,Medium risk,Low value / Medium risk,0
9501-UKKNL,51.7,59,Month-to-month,0,Mid value,Medium risk,Mid value / Medium risk,2
6723-CEGQI,45.25,65,Two year,0,Low value,Low risk,Low value / Low risk,2
0795-LAFGP,90.4,71,Two year,0,High value,Low risk,High value / Low risk,2
5076-YVXCM,83.4,51,Month-to-month,0,Mid value,Medium risk,Mid value / Medium risk,2
1328-EUZHC,20.1,18,Two year,0,Low value,Low risk,Low value / Low risk,0
6537-QLGEX,38.9,16,Month-to-month,0,Low value,Medium risk,Low value / Medium risk,1
9695-IDRZR,116.15,34,Two year,0,High value,Low risk,High value / Low risk,2
7129-CAKJW,80.05,17,Month-to-month,0,Mid value,Medium risk,Mid value / Medium risk,1
6933-VLYFX,59.95,31,One year,0,Mid value,Low risk,Mid value / Low risk,1
8417-GSODA,92.2,28,One year,0,High value,Low risk,High value / Low risk,1
3162-ZJZFU,92.55,53,Month-to-month,0,High value,Medium risk,High value / Medium risk,2
7945-HLKEA,64.75,60,One year,0,Mid value,Low risk,Mid value / Low risk,2
1208-DNHLN,48.35,23,One year,1,Low value,Low risk,Low value / Low risk,0
8565-HBFNN,107.2,69,One year,0,High value,Low risk,High value / Low risk,2
3458-IDMFK,20.75,25,Two year,0,Low value,Low risk,Low value / Low risk,0
6988-CJEYV,98.7,49,Month-to-month,0,High value,Medium risk,High value / Medium risk,2
3005-NFMTA,98.8,55,Month-to-month,1,High value,Medium risk,High value / Medium risk,2
1268-ASBGA,85.35,16,Month-to-month,1,High value,Medium risk,High value / Medium risk,1
9391-YZEJW,94.0,62,One year,0,High value,Low risk,High value / Low risk,2
5708-EVONK,93.4,58,Month-to-month,1,High value,Medium risk,High value / Medium risk,2
5346-BZCHP,19.4,69,Two year,0,Low value,Low risk,Low value / Low risk,0
9444-JTXHZ,76.2,1,Month-to-month,1,Mid value,High risk,Mid value / High risk,1
2851-MMUTZ,56.15,27,Month-to-month,0,Mid value,Medium risk,Mid value / Medium risk,1
8050-DVOJX,81.35,49,Two year,0,Mid value,Low risk,Mid value / Low risk,2
5597-GLBUC,85.45,1,Month-to-month,1,High value,High risk,High value / High risk,1
2662-NNTDK,24.8,65,One year,0,Low value,Low risk,Low value / Low risk,0
9801-GDWGV,103.45,39,Month-to-month,1,High value,Medium risk,High value / Medium risk,2
2716-GFZOR,86.1,43,Month-to-month,0,High value,Medium risk,High value / Medium risk,2
5590-YRFJT,24.45,20,Month-to-month,1,Low value,Medium risk,Low value / Medium risk,0
4536-PLEQY,85.05,12,Month-to-month,0,High value,High risk,High value / High risk,1
4719-UMSIY,19.65,6,Month-to-month,0,Low value,High risk,Low value / High risk,0
3696-DFHHB,25.5,68,Two year,0,Low value,Low risk,Low value / Low risk,0
5499-ECUTN,66.05,47,One year,0,Mid value,Low risk,Mid value / Low risk,2
8480-PPONV,115.55,62,Two year,0,High value,Low risk,High value / Low risk,2
1427-VERSM,98.7,56,Month-to-month,0,High value,Medium risk,High value / Medium risk,2
9766-HGEDE,19.35,17,One year,0,Low value,Low risk,Low value / Low risk,0
9500-LTVBP,80.05,35,Month-to-month,0,Mid value,Medium risk,Mid value / Medium risk,1
5561-NWEVX,79.2,2,Month-to-month,1,Mid value,High risk,Mid value / High risk,1
3841-CONLJ,35.0,1,Month-to-month,0,Low value,High risk,Low value / High risk,1
4800-CZMPC,103.25,48,One year,1,High value,Low risk,High value / Low risk,2
6233-HXJMX,89.3,45,Month-to-month,0,High value,Medium risk,High value / Medium risk,2
6122-LJADA,90.15,70,Two year,0,High value,Low risk,High value / Low risk,2
4183-WCSEP,78.45,31,Month-to-month,1,Mid value,Medium risk,Mid value / Medium risk,1
4458-KVRBJ,25.0,59,Two year,0,Low value,Low risk,Low value / Low risk,0
9978-HYCIN,84.95,47,One year,0,High value,Low risk,High value / Low risk,2
4635-EJYPD,18.95,32,Two year,0,Low value,Low risk,Low value / Low risk,0
1154-HYWWO,70.6,38,One year,0,Mid value,Low risk,Mid value / Low risk,2
7346-MEDWM,83.25,59,Month-to-month,0,Mid value,Medium risk,Mid value / Medium risk,2
8982-NHAVY,100.5,27,One year,0,High value,Low risk,High value / Low risk,2
5443-SCMKX,94.3,58,One year,0,High value,Low risk,High value / Low risk,2
3508-CFVZL,111.3,71,Two year,0,High value,Low risk,High value / Low risk,2
0141-YEAYS,86.45,27,Month-to-month,0,High value,Medium risk,High value / Medium risk,1
4832-VRBMR,103.15,65,One year,0,High value,Low risk,High value / Low risk,2
1661-CZBAU,70.95,48,One year,0,Mid value,Low risk,Mid value / Low risk,2
3956-MGXOG,80.6,28,Month-to-month,0,Mid value,Medium risk,Mid value / Medium risk,1
9546-KDTRB,24.7,19,Month-to-month,0,Low value,Medium risk,Low value / Medium risk,0
5320-BRKGK,75.8,58,Two year,0,Mid value,Low risk,Mid value / Low risk,2
5447-WZAFP,100.3,53,One year,0,High value,Low risk,High value / Low risk,2
9898-KZQDZ,94.55,40,Month-to-month,1,High value,Medium risk,High value / Medium risk,2
5510-BOIUJ,19.25,1,Month-to-month,1,Low value,High risk,Low value / High risk,0
0093-XWZFY,104.5,40,Month-to-month,1,High value,Medium risk,High value / Medium risk,2
1241-EZFMJ,25.45,61,Two year,0,Low value,Low risk,Low value / Low risk,0
9835-ZIITK,110.85,66,One year,1,High value,Low risk,High value / Low risk,2
2606-PKWJB,40.25,40,One year,0,Low value,Low risk,Low value / Low risk,1
6215-NQCPY,99.7,15,Month-to-month,0,High value,Medium risk,High value / Medium risk,1
7225-IILWY,25.75,68,Two year,0,Low value,Low risk,Low value / Low risk,0
9391-EOYLI,80.45,12,Month-to-month,1,Mid value,High risk,Mid value / High risk,1
2220-IAHLS,19.4,1,Month-to-month,0,Low value,High risk,Low value / High risk,0
2229-DPMBI,19.5,8,Two year,0,Low value,Low risk,Low value / Low risk,0
4826-TZEVA,74.8,40,Month-to-month,0,Mid value,Medium risk,Mid value / Medium risk,1
2878-RMWXY,102.65,72,Two year,0,High value,Low risk,High value / Low risk,2
0260-ZDLGK,72.9,9,Month-to-month,1,Mid value,High risk,Mid value / High risk,1
0851-DFJKB,58.95,15,Month-to-month,0,Mid value,Medium risk,Mid value / Medium risk,1
7617-EYGLW,19.45,1,Month-to-month,0,Low value,High risk,Low value / High risk,0
3550-SAHFP,83.35,33,Month-to-month,1,Mid value,Medium risk,Mid value / Medium risk,1
9418-RUKPH,19.95,38,Two year,0,Low value,Low risk,Low value / Low risk,0
9018-PCIOK,64.75,55,Two year,0,Mid value,Low risk,Mid value / Low risk,2
4293-ETKAP,79.4,65,Two year,0,Mid value,Low risk,Mid value / Low risk,2
5542-DHSXL,54.7,4,Month-to-month,0,Mid value,High risk,Mid value / High risk,1
5056-FIMPT,106.0,43,One year,0,High value,Low risk,High value / Low risk,2
6133-OZILE,35.2,18,Month-to-month,0,Low value,Medium risk,Low value / Medium risk,1
9497-QCMMS,93.55,1,Month-to-month,1,High value,High risk,High value / High risk,1
9975-SKRNR,18.9,1,Month-to-month,0,Low value,High risk,Low value / High risk,0
7379-POKDZ,70.3,3,Month-to-month,1,Mid value,High risk,Mid value / High risk,1
0936-NQLJU,20.65,41,Two year,0,Low value,Low risk,Low value / Low risk,0
6087-MVHJH,88.45,16,Month-to-month,1,High value,Medium risk,High value / Medium risk,1
6918-UMQCG,80.2,5,Month-to-month,0,Mid value,High risk,Mid value / High risk,1
0899-WZRSD,105.35,56,Month-to-month,0,High value,Medium risk,High value / Medium risk,2
5539-HIVAK,25.7,28,Month-to-month,0,Low value,Medium risk,Low value / Medium risk,0
8540-ZQGEA,20.05,54,Two year,0,Low value,Low risk,Low value / Low risk,0
5906-BFOZT,19.5,1,Month-to-month,0,Low value,High risk,Low value / High risk,0
6362-QHAFM,108.3,42,One year,0,High value,Low risk,High value / Low risk,2
3186-AJIEK,105.65,66,Two year,0,High value,Low risk,High value / Low risk,2
5383-MMTWC,84.0,8,Month-to-month,1,Mid value,High risk,Mid value / High risk,1
9146-JRIOX,25.55,14,Month-to-month,0,Low value,Medium risk,Low value / Medium risk,0
2027-OAQQC,49.05,43,Month-to-month,1,Low value,Medium risk,Low value / Medium risk,1
4312-GVYNH,49.85,70,Two year,0,Low value,Low risk,Low value / Low risk,2
5898-IGSLP,89.3,31,Month-to-month,0,High value,Medium risk,High value / Medium risk,1
0619-OLYUR,111.9,72,Two year,0,High value,Low risk,High value / Low risk,2
9871-ELEYA,67.65,34,Two year,0,Mid value,Low risk,Mid value / Low risk,2
1561-BWHIN,19.8,19,One year,0,Low value,Low risk,Low value / Low risk,0
9651-GTSAQ,106.1,53,One year,1,High value,Low risk,High value / Low risk,2
9505-SQFSW,40.3,3,Month-to-month,0,Low value,High risk,Low value / High risk,1
5364-EVNIB,79.8,13,Month-to-month,1,Mid value,Medium risk,Mid value / Medium risk,1
0496-AHOOK,74.4,24,One year,0,Mid value,Low risk,Mid value / Low risk,1
1273-MTETI,88.85,4,Month-to-month,1,High value,High risk,High value / High risk,1
1730-ZMAME,79.5,32,Month-to-month,0,Mid value,Medium risk,Mid value / Medium risk,1
7325-ENZFI,40.3,39,One year,0,Low value,Low risk,Low value / Low risk,1
4670-TABXH,109.75,72,Two year,0,High value,Low risk,High value / Low risk,2
7752-XUSCI,105.9,60,Month-to-month,1,High value,Medium risk,High value / Medium risk,2
4430-YHXGG,25.45,4,Month-to-month,0,Low value,High risk,Low value / High risk,0
8092-NLTGF,24.75,72,Two year,0,Low value,Low risk,Low value / Low risk,0
7240-ETPTR,48.75,9,Month-to-month,1,Low value,High risk,Low value / High risk,1
6114-TCFID,39.5,29,One year,0,Low value,Low risk,Low value / Low risk,1
9229-RQABD,23.75,18,One year,0,Low value,Low risk,Low value / Low risk,0
3398-GCPMU,89.55,72,Two year,0,High value,Low risk,High value / Low risk,2
5919-VCZYM,20.05,2,Month-to-month,0,Low value,High risk,Low value / High risk,0
5945-AZYHT,109.6,71,One year,0,High value,Low risk,High value / Low risk,2
4365-MSDYN,19.55,8,Month-to-month,0,Low value,High risk,Low value / High risk,0
3146-MSEGF,88.05,72,Two year,0,High value,Low risk,High value / Low risk,2
5846-NEQVZ,70.85,71,Two year,0,Mid value,Low risk,Mid value / Low risk,2
4393-RYCRE,106.05,44,One year,0,High value,Low risk,High value / Low risk,2
5968-HYJRZ,24.55,47,Two year,0,Low value,Low risk,Low value / Low risk,0
1258-YMZNM,110.5,27,One year,0,High value,Low risk,High value / Low risk,2
7312-XSBAT,49.75,1,Month-to-month,0,Low value,High risk,Low value / High risk,1
4538-WNTMJ,24.95,46,One year,0,Low value,Low risk,Low value / Low risk,0
7950-XWOVN,34.7,11,Month-to-month,0,Low value,High risk,Low value / High risk,1
2845-AFFTX,99.8,41,Month-to-month,1,High value,Medium risk,High value / Medium risk,2
6023-GSSXW,61.45,69,Two year,0,Mid value,Low risk,Mid value / Low risk,2
9522-ZSINC,19.95,13,One year,0,Low value,Low risk,Low value / Low risk,0
2208-MPXIO,20.0,45,Two year,0,Low value,Low risk,Low value / Low risk,0
5789-LDFXO,24.6,24,One year,0,Low value,Low risk,Low value / Low risk,0
2097-YVPKN,25.75,65,Two year,0,Low value,Low risk,Low value / Low risk,0
2722-JMONI,49.55,1,Month-to-month,1,Low value,High risk,Low value / High risk,1
7833-PKIHD,76.4,51,One year,0,Mid value,Low risk,Mid value / Low risk,2
8084-OIVBS,20.0,11,One year,0,Low value,Low risk,Low value / Low risk,0
7548-SEPYI,96.25,5,Month-to-month,1,High value,High risk,High value / High risk,1
3981-QSVQI,19.7,8,Month-to-month,0,Low value,High risk,Low value / High risk,0
7898-PDWQE,80.4,71,Two year,0,Mid value,Low risk,Mid value / Low risk,2
6833-JMZYP,94.0,15,Month-to-month,0,High value,Medium risk,High value / Medium risk,1
0536-BGFMZ,20.5,28,Month-to-month,0,Low value,Medium risk,Low value / Medium risk,0
4546-FOKWR,74.75,16,Month-to-month,0,Mid value,Medium risk,Mid value / Medium risk,1
1177-XZBJL,64.15,53,One year,0,Mid value,Low risk,Mid value / Low risk,2
6502-KUGLL,59.45,14,Month-to-month,0,Mid value,Medium risk,Mid value / Medium risk,1
5278-PNYOX,100.65,49,Two year,0,High value,Low risk,High value / Low risk,2
7110-BDTWG,47.05,71,Two year,0,Low value,Low risk,Low value / Low risk,2
6619-RPLQZ,20.85,45,Two year,0,Low value,Low risk,Low value / Low risk,0
1323-OOEPC,98.4,53,Month-to-month,1,High value,Medium risk,High value / Medium risk,2
2320-SLKMB,44.45,26,Month-to-month,0,Low value,Medium risk,Low value / Medium risk,1
2990-OGYTD,86.15,67,Two year,0,High value,Low risk,High value / Low risk,2
3489-HHPFY,84.05,2,Month-to-month,0,Mid value,High risk,Mid value / High risk,1
2739-CACDQ,82.65,17,Month-to-month,0,Mid value,Medium risk,Mid value / Medium risk,1
1564-NTYXF,82.0,13,Month-to-month,1,Mid value,Medium risk,Mid value / Medium risk,1
9959-WOFKT,106.7,71,Two year,0,High value,Low risk,High value / Low risk,2
6152-ONASV,58.25,68,One year,0,Mid value,Low risk,Mid value / Low risk,2
0247-SLUJI,19.7,1,Month-to-month,0,Low value,High risk,Low value / High risk,0
0221-NAUXK,19.95,10,One year,0,Low value,Low risk,Low value / Low risk,0
2516-XSJKX,78.45,41,Two year,0,Mid value,Low risk,Mid value / Low risk,2
4023-RTIQM,50.4,31,One year,0,Low value,Low risk,Low value / Low risk,1
1399-UBQIU,69.35,11,Month-to-month,0,Mid value,High risk,Mid value / High risk,1
8896-BQTTI,25.0,1,Month-to-month,0,Low value,High risk,Low value / High risk,0
4018-KJYUY,20.15,22,Month-to-month,0,Low value,Medium risk,Low value / Medium risk,0
5414-OFQCB,90.45,57,Two year,0,High value,Low risk,High value / Low risk,2
6625-UTXEW,51.25,12,Month-to-month,0,Mid value,High risk,Mid value / High risk,1
8441-SHIPE,25.6,67,Two year,0,Low value,Low risk,Low value / Low risk,0
3016-KSVCP,33.75,29,Month-to-month,0,Low value,Medium risk,Low value / Medium risk,0
6231-WFGFH,20.5,4,Month-to-month,0,Low value,High risk,Low value / High risk,0
7895-VONWT,48.25,25,Month-to-month,0,Low value,Medium risk,Low value / Medium risk,1
2314-TNDJQ,55.65,72,Two year,0,Mid value,Low risk,Mid value / Low risk,2
6408-WHTEF,89.4,72,Two year,0,High value,Low risk,High value / Low risk,2
9026-LHEVG,40.75,9,Month-to-month,0,Low value,High risk,Low value / High risk,1
1172-VIYBP,69.7,53,Two year,0,Mid value,Low risk,Mid value / Low risk,2
5795-KTGUD,110.8,68,Two year,0,High value,Low risk,High value / Low risk,2
8996-ZROXE,53.5,57,One year,0,Mid value,Low risk,Mid value / Low risk,2
8404-VLQFB,25.25,15,Month-to-month,0,Low value,Medium risk,Low value / Medium risk,0
8143-ETQTI,19.65,23,Two year,0,Low value,Low risk,Low value / Low risk,0
3549-ZTMNH,24.0,12,Two year,0,Low value,Low risk,Low value / Low risk,0
8318-LCNBW,53.15,35,One year,0,Mid value,Low risk,Mid value / Low risk,1
5922-ABDVO,89.65,19,Month-to-month,1,High value,Medium risk,High value / Medium risk,1
9367-WXLCH,84.5,8,Month-to-month,1,High value,High risk,High value / High risk,1
2675-IJRGJ,19.65,53,Two year,0,Low value,Low risk,Low value / Low risk,0
4486-EFAEB,20.4,13,Month-to-month,0,Low value,Medium risk,Low value / Medium risk,0
5564-NEMQO,75.3,1,Month-to-month,1,Mid value,High risk,Mid value / High risk,1
7892-QVYKW,85.6,23,Month-to-month,0,High value,Medium risk,High value / Medium risk,1
8648-PFRMP,46.35,14,Month-to-month,0,Low value,Medium risk,Low value / Medium risk,1
1821-BUCWY,55.65,30,Two year,0,Mid value,Low risk,Mid value / Low risk,1
5726-CVNYA,19.85,8,Two year,0,Low value,Low risk,Low value / Low risk,0
0106-GHRQR,71.4,16,Month-to-month,0,Mid value,Medium risk,Mid value / Medium risk,1
2675-DHUTR,98.9,58,Month-to-month,0,High value,Medium risk,High value / Medium risk,2
3811-VBYBZ,99.8,7,Month-to-month,1,High value,High risk,High value / High risk,1
2446-BEGGB,98.25,6,Month-to-month,1,High value,High risk,High value / High risk,1
8146-QQKZH,81.85,71,Two year,0,Mid value,Low risk,Mid value / Low risk,2
8710-YGLWG,44.9,1,Month-to-month,0,Low value,High risk,Low value / High risk,1
4188-FRABG,103.05,57,Month-to-month,0,High value,Medium risk,High value / Medium risk,2
0761-AETCS,19.3,1,Month-to-month,1,Low value,High risk,Low value / High risk,0
8204-TIFGJ,20.3,23,Month-to-month,0,Low value,Medium risk,Low value / Medium risk,0
1898-JSNDC,58.6,39,One year,0,Mid value,Low risk,Mid value / Low risk,1
9079-LWTFD,100.75,47,Month-to-month,0,High value,Medium risk,High value / Medium risk,2
4895-TMWIR,19.95,11,Month-to-month,1,Low value,High risk,Low value / High risk,0
9626-VFRGG,88.5,41,Month-to-month,0,High value,Medium risk,High value / Medium risk,2
2710-WYVXG,71.1,3,Two year,0,Mid value,Low risk,Mid value / Low risk,1
5832-TRLPB,75.35,29,One year,0,Mid value,Low risk,Mid value / Low risk,2
1090-PYKCI,105.1,69,One year,0,High value,Low risk,High value / Low risk,2
4510-PYUSH,57.15,38,Month-to-month,1,Mid value,Medium risk,Mid value / Medium risk,1
4652-NNHNY,73.85,16,Month-to-month,1,Mid value,Medium risk,Mid value / Medium risk,1
9027-TMATR,78.8,43,Two year,0,Mid value,Low risk,Mid value / Low risk,2
8124-NZVGJ,49.25,6,One year,0,Low value,Low risk,Low value / Low risk,1
2809-ILCYT,26.8,25,One year,0,Low value,Low risk,Low value / Low risk,0
9985-MWVIX,70.15,1,Month-to-month,1,Mid value,High risk,Mid value / High risk,1
5439-WIKXB,94.55,41,Month-to-month,0,High value,Medium risk,High value / Medium risk,2
3932-IJWDZ,103.65,45,Month-to-month,0,High value,Medium risk,High value / Medium risk,2
2135-DQWAQ,85.3,5,Month-to-month,0,High value,High risk,High value / High risk,1
1950-KSVVJ,113.3,45,One year,0,High value,Low risk,High value / Low risk,2
9168-INPSZ,104.15,44,Month-to-month,0,High value,Medium risk,High value / Medium risk,2
7501-IWUNG,73.8,61,Two year,0,Mid value,Low risk,Mid value / Low risk,2
1485-YDHMM,93.25,52,Month-to-month,0,High value,Medium risk,High value / Medium risk,2
6400-BWQKW,79.05,6,Month-to-month,1,Mid value,High risk,Mid value / High risk,1
1468-DEFNC,24.4,64,Two year,0,Low value,Low risk,Low value / Low risk,0
8999-EXMNO,20.15,19,Two year,0,Low value,Low risk,Low value / Low risk,0
0308-GIQJT,105.75,71,One year,0,High value,Low risk,High value / Low risk,2
2826-UWHIS,81.4,45,Month-to-month,0,Mid value,Medium risk,Mid value / Medium risk,1
4676-MQUEA,101.9,50,One year,0,High value,Low risk,High value / Low risk,2
5989-AXPUC,118.6,68,Two year,0,High value,Low risk,High value / Low risk,2
8062-YBDOE,69.65,1,Month-to-month,1,Mid value,High risk,Mid value / High risk,1
3398-FSHON,91.3,12,Month-to-month,1,High value,High risk,High value / High risk,1
2495-KZNFB,90.65,33,Month-to-month,0,High value,Medium risk,High value / Medium risk,1
9904-EHEVJ,91.35,32,Month-to-month,0,High value,Medium risk,High value / Medium risk,1
2718-YSKCS,19.6,71,Two year,0,Low value,Low risk,Low value / Low risk,0
7668-XCFYV,92.55,17,Month-to-month,0,High value,Medium risk,High value / Medium risk,1
6937-GCDGQ,48.95,19,One year,0,Low value,Low risk,Low value / Low risk,1
5188-HGMLP,74.0,54,Month-to-month,0,Mid value,Medium risk,Mid value / Medium risk,1
0699-NDKJM,58.75,57,Month-to-month,0,Mid value,Medium risk,Mid value / Medium risk,2
3889-VWBID,82.85,68,Two year,0,Mid value,Low risk,Mid value / Low risk,2
5307-UVGNB,48.7,53,Month-to-month,0,Low value,Medium risk,Low value / Medium risk,2
6394-MFYNG,107.4,48,Month-to-month,1,High value,Medium risk,High value / Medium risk,2
2703-AMTUL,53.65,36,One year,0,Mid value,Low risk,Mid value / Low risk,1
3727-OWVYD,61.2,35,One year,0,Mid value,Low risk,Mid value / Low risk,1
4102-HLENU,65.65,67,Two year,0,Mid value,Low risk,Mid value / Low risk,2
3160-TYXLT,46.3,53,Month-to-month,0,Low value,Medium risk,Low value / Medium risk,1
9800-ONTFE,75.8,22,Month-to-month,0,Mid value,Medium risk,Mid value / Medium risk,1
0191-ZHSKZ,74.75,30,Month-to-month,0,Mid value,Medium risk,Mid value / Medium risk,1
4366-CTOUZ,100.2,50,Two year,0,High value,Low risk,High value / Low risk,2
5242-UOWHD,20.35,45,Two year,0,Low value,Low risk,Low value / Low risk,0
7016-BPGEU,25.1,29,Month-to-month,1,Low value,Medium risk,Low value / Medium risk,0
2957-LOLHO,45.4,12,Month-to-month,1,Low value,High risk,Low value / High risk,1
4430-UZIPO,36.85,3,Month-to-month,1,Low value,High risk,Low value / High risk,1
1740-CSDJP,35.25,1,Month-to-month,1,Low value,High risk,Low value / High risk,1
2074-GKOWZ,89.55,2,Month-to-month,1,High value,High risk,High value / High risk,1
2523-EWWZL,76.1,27,Month-to-month,0,Mid value,Medium risk,Mid value / Medium risk,1
0533-BNWKF,85.45,55,Month-to-month,1,High value,Medium risk,High value / Medium risk,2
2320-JRSDE,19.9,1,Month-to-month,1,Low value,High risk,Low value / High risk,0
2951-QOQTK,80.8,4,Month-to-month,1,Mid value,High risk,Mid value / High risk,1
8807-OPMBM,25.65,55,Two year,0,Low value,Low risk,Low value / Low risk,0
0277-BKSQP,54.4,8,Month-to-month,0,Mid value,High risk,Mid value / High risk,1
7176-WRTNX,114.95,70,Two year,0,High value,Low risk,High value / Low risk,2
0617-AQNWT,47.85,64,Two year,1,Low value,Low risk,Low value / Low risk,2
5035-BVCXS,75.9,11,Month-to-month,0,Mid value,High risk,Mid value / High risk,1
0322-YINQP,48.55,1,Month-to-month,1,Low value,High risk,Low value / High risk,1
1084-UQCHV,69.75,1,Month-to-month,1,Mid value,High risk,Mid value / High risk,1
9300-RENDD,79.95,1,Month-to-month,1,Mid value,High risk,Mid value / High risk,1
3727-OVPRY,25.7,66,One year,0,Low value,Low risk,Low value / Low risk,0
5701-ZIKJE,50.55,13,Month-to-month,0,Mid value,Medium risk,Mid value / Medium risk,1
7115-IRDHS,24.65,72,Two year,0,Low value,Low risk,Low value / Low risk,0
8908-NMQTX,65.6,72,Two year,0,Mid value,Low risk,Mid value / Low risk,2
0689-DSXGL,85.8,52,Month-to-month,0,High value,Medium risk,High value / Medium risk,2
5201-USSQZ,85.9,26,Month-to-month,0,High value,Medium risk,High value / Medium risk,1
5199-FPUSP,34.05,33,One year,0,Low value,Low risk,Low value / Low risk,0
5889-LFOLL,84.6,13,Month-to-month,1,High value,Medium risk,High value / Medium risk,1
8718-PTMEZ,31.05,13,Month-to-month,1,Low value,Medium risk,Low value / Medium risk,1
5214-CHIWJ,20.3,27,One year,0,Low value,Low risk,Low value / Low risk,0
7975-JMZNT,91.7,66,Two year,0,High value,Low risk,High value / Low risk,2
3726-TBHQT,114.0,71,Two year,0,High value,Low risk,High value / Low risk,2
6582-OIVSP,45.3,1,Month-to-month,0,Low value,High risk,Low value / High risk,1
5872-OEQNH,44.45,60,One year,0,Low value,Low risk,Low value / Low risk,2
3235-ETOOB,74.5,8,Month-to-month,1,Mid value,High risk,Mid value / High risk,1
7271-AJDTL,94.45,55,Month-to-month,0,High value,Medium risk,High value / Medium risk,2
7317-GGVPB,108.6,71,Two year,1,High value,Low risk,High value / Low risk,2
8033-ATFAS,59.85,39,Month-to-month,0,Mid value,Medium risk,Mid value / Medium risk,1
0869-PAPRP,85.7,26,Month-to-month,0,High value,Medium risk,High value / Medium risk,1
2794-XIMMO,60.45,53,One year,1,Mid value,Low risk,Mid value / Low risk,2
4236-XPXAV,99.15,5,Month-to-month,1,High value,High risk,High value / High risk,1
7203-OYKCT,104.95,72,One year,0,High value,Low risk,High value / Low risk,2
0187-WZNAB,74.4,27,Month-to-month,0,Mid value,Medium risk,Mid value / Medium risk,1
1357-MVDOZ,59.65,11,Month-to-month,0,Mid value,High risk,Mid value / High risk,1
3786-WOVKF,106.85,72,One year,0,High value,Low risk,High value / Low risk,2
8952-WCVCD,104.45,41,One year,0,High value,Low risk,High value / Low risk,2
4186-ZBUEW,70.7,36,One year,0,Mid value,Low risk,Mid value / Low risk,1
5701-YVSVF,82.9,11,Month-to-month,0,Mid value,High risk,Mid value / High risk,1
0847-HGRML,20.0,62,Two year,0,Low value,Low risk,Low value / Low risk,0
6344-SFJVH,24.9,20,Month-to-month,0,Low value,Medium risk,Low value / Medium risk,0
7269-JISCY,45.05,55,One year,0,Low value,Low risk,Low value / Low risk,0
1094-BKOSX,51.0,45,One year,0,Mid value,Low risk,Mid value / Low risk,2
3407-JMJQQ,109.0,71,Two year,0,High value,Low risk,High value / Low risk,2
3776-EKTKM,36.45,1,Month-to-month,1,Low value,High risk,Low value / High risk,1
6199-IPCAO,26.1,29,Two year,0,Low value,Low risk,Low value / Low risk,0
5651-CPDND,46.0,10,Month-to-month,0,Low value,High risk,Low value / High risk,1
2371-JUNGC,20.25,11,Month-to-month,0,Low value,High risk,Low value / High risk,0
9415-DPEWS,88.35,18,Month-to-month,1,High value,Medium risk,High value / Medium risk,1
7134-HBPBS,108.1,72,Two year,0,High value,Low risk,High value / Low risk,2
1478-VPOAD,43.8,1,Month-to-month,0,Low value,High risk,Low value / High risk,1
0356-OBMAC,99.9,56,Two year,0,High value,Low risk,High value / Low risk,2
9793-WECQC,95.3,23,Month-to-month,0,High value,Medium risk,High value / Medium risk,1
5955-ERIHD,94.7,18,Month-to-month,1,High value,Medium risk,High value / Medium risk,1
2684-EIWEO,91.7,30,Month-to-month,1,High value,Medium risk,High value / Medium risk,1
3712-PKXZA,20.55,61,One year,0,Low value,Low risk,Low value / Low risk,0
1839-UMACK,25.05,42,One year,0,Low value,Low risk,Low value / Low risk,0
3194-ORPIK,84.4,50,Month-to-month,1,High value,Medium risk,High value / Medium risk,2
5022-KVDQT,81.3,27,Month-to-month,0,Mid value,Medium risk,Mid value / Medium risk,1
1031-IIDEO,70.85,1,Month-to-month,1,Mid value,High risk,Mid value / High risk,1
1768-HNVGJ,70.05,45,Month-to-month,0,Mid value,Medium risk,Mid value / Medium risk,1
1576-PFZIW,105.35,70,Two year,0,High value,Low risk,High value / Low risk,2
2011-TRQYE,33.5,18,Month-to-month,1,Low value,Medium risk,Low value / Medium risk,1
2800-VEQXM,74.75,3,Month-to-month,0,Mid value,High risk,Mid value / High risk,1
7776-QGYJC,81.5,39,Month-to-month,0,Mid value,Medium risk,Mid value / Medium risk,1
3620-EHIMZ,19.35,52,Two year,0,Low value,Low risk,Low value / Low risk,0
9763-PDTKK,94.4,4,Month-to-month,1,High value,High risk,High value / High risk,1
3192-NQECA,110.0,68,Two year,1,High value,Low risk,High value / Low risk,2
1439-LCGVL,19.2,26,One year,0,Low value,Low risk,Low value / Low risk,0
6905-NIQIN,50.65,1,Month-to-month,1,Mid value,High risk,Mid value / High risk,1
8191-XWSZG,20.65,52,One year,0,Low value,Low risk,Low value / Low risk,0
3945-GFWQL,44.55,12,Month-to-month,1,Low value,High risk,Low value / High risk,1
2065-MMKGR,71.0,29,One year,0,Mid value,Low risk,Mid value / Low risk,1
0495-RVCBF,79.7,1,Month-to-month,1,Mid value,High risk,Mid value / High risk,1
3948-XHGNA,49.55,24,Month-to-month,1,Low value,Medium risk,Low value / Medium risk,1
0016-QLJIS,90.45,65,Two year,0,High value,Low risk,High value / Low risk,2
3669-LVWZB,51.0,5,Month-to-month,1,Mid value,High risk,Mid value / High risk,1
3451-VAWLI,19.7,35,Two year,0,Low value,Low risk,Low value / Low risk,0
2911-IJORQ,90.6,37,One year,0,High value,Low risk,High value / Low risk,2
2773-MADBQ,53.1,36,Two year,0,Mid value,Low risk,Mid value / Low risk,2
2612-RRIDN,81.0,4,Month-to-month,1,Mid value,High risk,Mid value / High risk,1
1299-AURJA,24.7,70,Two year,0,Low value,Low risk,Low value / Low risk,0
9426-SXNHE,18.75,2,Month-to-month,0,Low value,High risk,Low value / High risk,0
0221-WMXNQ,75.35,4,Month-to-month,0,Mid value,High risk,Mid value / High risk,1
3144-KMTWZ,93.25,71,Month-to-month,0,High value,Medium risk,High value / Medium risk,2
7503-MIOGA,89.85,72,Two year,0,High value,Low risk,High value / Low risk,2
3537-RYBHH,67.45,47,Month-to-month,0,Mid value,Medium risk,Mid value / Medium risk,2
6504-VBLFL,58.6,55,Two year,0,Mid value,Low risk,Mid value / Low risk,2
5364-XYIRR,94.65,51,Month-to-month,1,High value,Medium risk,High value / Medium risk,2
9924-JPRMC,118.2,72,Two year,0,High value,Low risk,High value / Low risk,2
2040-XBAVJ,114.45,72,Two year,0,High value,Low risk,High value / Low risk,2
8608-OZTLB,74.05,38,One year,0,Mid value,Low risk,Mid value / Low risk,2
4526-RMTLL,76.15,8,Two year,0,Mid value,Low risk,Mid value / Low risk,1
0504-HHAPI,88.3,27,Month-to-month,1,High value,Medium risk,High value / Medium risk,1
0856-NAOES,60.9,6,Month-to-month,0,Mid value,High risk,Mid value / High risk,1
3266-FTKHB,19.15,17,Two year,0,Low value,Low risk,Low value / Low risk,0
0831-JNISG,19.8,71,Two year,0,Low value,Low risk,Low value / Low risk,0
0815-MFZGM,99.0,42,Two year,0,High value,Low risk,High value / Low risk,2
2592-YKDIF,20.35,1,Month-to-month,0,Low value,High risk,Low value / High risk,0
1984-FCOWB,109.5,70,One year,1,High value,Low risk,High value / Low risk,2
3987-KQDDU,75.6,9,Month-to-month,0,Mid value,High risk,Mid value / High risk,1
4291-HPAXL,19.85,1,Month-to-month,0,Low value,High risk,Low value / High risk,0
8111-BKVDS,40.7,10,Month-to-month,0,Low value,High risk,Low value / High risk,1
6322-PJJDJ,94.8,49,Two year,0,High value,Low risk,High value / Low risk,2
9281-PKKZE,43.95,46,Month-to-month,0,Low value,Medium risk,Low value / Medium risk,1
7047-FWEYA,103.15,46,One year,0,High value,Low risk,High value / Low risk,2
2265-CYWIV,99.6,4,Month-to-month,1,High value,High risk,High value / High risk,1
3259-FDWOY,106.0,71,Two year,1,High value,Low risk,High value / Low risk,2
9715-SBVSU,61.4,14,Two year,0,Mid value,Low risk,Mid value / Low risk,1
5067-WJEUN,54.2,67,Two year,0,Mid value,Low risk,Mid value / Low risk,2
8049-WJCLQ,60.2,10,Month-to-month,0,Mid value,High risk,Mid value / High risk,1
3635-QQRQD,20.05,62,Two year,0,Low value,Low risk,Low value / Low risk,0
8079-XRJRS,89.75,65,One year,1,High value,Low risk,High value / Low risk,2
2634-HCZGT,60.05,53,One year,1,Mid value,Low risk,Mid value / Low risk,2
8410-BGQXN,19.4,4,Month-to-month,0,Low value,High risk,Low value / High risk,0
3638-WEABW,59.9,58,Two year,0,Mid value,Low risk,Mid value / Low risk,2
5960-WPXQM,79.05,1,Month-to-month,1,Mid value,High risk,Mid value / High risk,1
5954-BDFSG,107.5,72,Two year,0,High value,Low risk,High value / Low risk,2
7718-UPSKJ,106.4,69,One year,0,High value,Low risk,High value / Low risk,2
8642-GVWRF,79.7,2,Month-to-month,1,Mid value,High risk,Mid value / High risk,1
2252-NKNSI,85.15,52,Two year,0,High value,Low risk,High value / Low risk,2
4277-PVRAN,80.1,8,Month-to-month,1,Mid value,High risk,Mid value / High risk,1
2469-DTSGX,111.65,72,Two year,0,High value,Low risk,High value / Low risk,2
8887-IPQNC,44.25,7,Month-to-month,0,Low value,High risk,Low value / High risk,1
9770-KXGQU,98.6,53,One year,0,High value,Low risk,High value / Low risk,2
5527-ACHSO,70.5,11,Month-to-month,0,Mid value,High risk,Mid value / High risk,1
4712-AUQZO,33.6,18,Month-to-month,0,Low value,Medium risk,Low value / Medium risk,1
4877-EVATK,20.0,1,Month-to-month,1,Low value,High risk,Low value / High risk,0
8946-BFWSG,25.25,63,Two year,0,Low value,Low risk,Low value / Low risk,0
7927-AUXBZ,85.15,30,Month-to-month,1,High value,Medium risk,High value / Medium risk,1
7096-UCLNH,20.05,1,Month-to-month,0,Low value,High risk,Low value / High risk,0
9362-MWODR,64.1,40,Month-to-month,0,Mid value,Medium risk,Mid value / Medium risk,1
8514-VZHEB,19.5,59,Two year,0,Low value,Low risk,Low value / Low risk,0
3402-XRIUO,63.55,22,Month-to-month,0,Mid value,Medium risk,Mid value / Medium risk,1
6348-SNFUS,55.45,72,Two year,0,Mid value,Low risk,Mid value / Low risk,2
3317-VLGQT,78.1,14,Month-to-month,0,Mid value,Medium risk,Mid value / Medium risk,1
8309-PPCED,110.45,72,Two year,0,High value,Low risk,High value / Low risk,2
8454-AATJP,115.05,72,Two year,0,High value,Low risk,High value / Low risk,2
3452-SRFEG,74.6,49,Month-to-month,0,Mid value,Medium risk,Mid value / Medium risk,1
3346-BRMIS,48.35,18,Month-to-month,1,Low value,Medium risk,Low value / Medium risk,1
4936-YPJNK,19.9,10,Month-to-month,0,Low value,High risk,Low value / High risk,0
3106-ULWFW,85.2,8,Month-to-month,1,High value,High risk,High value / High risk,1
2187-LZGPL,40.1,7,Month-to-month,1,Low value,High risk,Low value / High risk,1
7389-KBFIT,30.25,2,Month-to-month,0,Low value,High risk,Low value / High risk,1
3192-LNKRK,84.05,34,Month-to-month,0,Mid value,Medium risk,Mid value / Medium risk,1
9769-TSBZE,66.0,70,Two year,0,Mid value,Low risk,Mid value / Low risk,2
5296-PSYVW,24.55,72,Two year,0,Low value,Low risk,Low value / Low risk,0
5233-GEEAX,29.4,8,Month-to-month,1,Low value,High risk,Low value / High risk,1
7562-GSUHK,93.2,16,Month-to-month,1,High value,Medium risk,High value / Medium risk,1
6227-FBDXH,99.5,69,One year,0,High value,Low risk,High value / Low risk,2
1480-IVEVR,81.6,35,One year,0,Mid value,Low risk,Mid value / Low risk,1
1552-CZCLL,20.0,55,Month-to-month,0,Low value,Medium risk,Low value / Medium risk,0
9500-WBGRP,19.1,69,Two year,0,Low value,Low risk,Low value / Low risk,0
2868-SNELZ,80.6,2,Month-to-month,1,Mid value,High risk,Mid value / High risk,1
5598-IKHQQ,25.45,72,Two year,0,Low value,Low risk,Low value / Low risk,0
3363-EWLGO,19.95,5,Month-to-month,0,Low value,High risk,Low value / High risk,0
9272-LSVYH,70.15,10,Month-to-month,0,Mid value,High risk,Mid value / High risk,1
8464-EETCQ,18.8,57,Two year,0,Low value,Low risk,Low value / Low risk,0
6207-WIOLX,58.6,25,Month-to-month,1,Mid value,Medium risk,Mid value / Medium risk,1
2027-WKXMW,108.75,63,Month-to-month,0,High value,Medium risk,High value / Medium risk,2
1027-LKKQQ,80.45,72,Two year,0,Mid value,Low risk,Mid value / Low risk,2
5327-CNLUQ,96.9,48,Two year,0,High value,Low risk,High value / Low risk,2
5131-PONJI,90.4,49,Month-to-month,0,High value,Medium risk,High value / Medium risk,2
5372-FBKBN,20.75,21,Month-to-month,0,Low value,Medium risk,Low value / Medium risk,0
3132-TVFDZ,44.85,57,Month-to-month,1,Low value,Medium risk,Low value / Medium risk,1
3703-TTEPD,65.35,21,Month-to-month,0,Mid value,Medium risk,Mid value / Medium risk,1
3629-WEAAM,64.1,8,Month-to-month,0,Mid value,High risk,Mid value / High risk,1
2215-ZAFGX,85.5,9,Month-to-month,0,High value,High risk,High value / High risk,1
5349-IECLD,94.95,2,Month-to-month,1,High value,High risk,High value / High risk,1
2344-JMOGN,94.85,9,Month-to-month,1,High value,High risk,High value / High risk,1
5883-GTGVD,99.95,19,Month-to-month,1,High value,Medium risk,High value / Medium risk,1
8837-VVWLQ,84.95,8,Month-to-month,1,High value,High risk,High value / High risk,1
8677-HDZEE,105.45,56,Month-to-month,0,High value,Medium risk,High value / Medium risk,2
2898-LSJGD,55.95,21,One year,1,Mid value,Low risk,Mid value / Low risk,1
5394-MEITZ,80.6,60,Two year,0,Mid value,Low risk,Mid value / Low risk,2
6229-UOLQL,52.0,56,One year,0,Mid value,Low risk,Mid value / Low risk,2
8380-MQINP,20.3,55,Two year,0,Low value,Low risk,Low value / Low risk,0
7009-PCARS,19.1,55,One year,0,Low value,Low risk,Low value / Low risk,0
2272-QAGFO,74.3,14,Month-to-month,1,Mid value,Medium risk,Mid value / Medium risk,1
3654-ARMGP,88.65,61,Two year,0,High value,Low risk,High value / Low risk,2
9800-OUIGR,20.0,66,Two year,0,Low value,Low risk,Low value / Low risk,0
6195-MELTI,54.65,57,One year,0,Mid value,Low risk,Mid value / Low risk,2
3863-QSTYI,64.65,59,Month-to-month,0,Mid value,Medium risk,Mid value / Medium risk,2
1169-SAOCL,106.65,49,One year,0,High value,Low risk,High value / Low risk,2
1568-LJSZU,92.2,68,Two year,0,High value,Low risk,High value / Low risk,2
4948-WBBKL,74.9,36,Month-to-month,0,Mid value,Medium risk,Mid value / Medium risk,1
2506-TNFCO,69.55,1,Month-to-month,1,Mid value,High risk,Mid value / High risk,1
4998-IKFSE,100.45,30,Month-to-month,0,High value,Medium risk,High value / Medium risk,1
9964-WBQDJ,24.4,71,Two year,0,Low value,Low risk,Low value / Low risk,0
0302-JOIVN,101.15,8,Month-to-month,1,High value,High risk,High value / High risk,1
1704-NRWYE,80.85,9,Month-to-month,1,Mid value,High risk,Mid value / High risk,1
5748-RNCJT,106.5,69,Two year,1,High value,Low risk,High value / Low risk,2
6465-GSRCL,106.6,67,One year,0,High value,Low risk,High value / Low risk,2
2801-NISEI,54.95,24,Month-to-month,0,Mid value,Medium risk,Mid value / Medium risk,1
3755-JBMNH,71.8,16,Month-to-month,1,Mid value,Medium risk,Mid value / Medium risk,1
7296-PIXQY,70.2,14,Month-to-month,0,Mid value,Medium risk,Mid value / Medium risk,1
9971-ZWPBF,108.9,34,Month-to-month,0,High value,Medium risk,High value / Medium risk,2
7872-BAAZR,19.55,53,One year,0,Low value,Low risk,Low value / Low risk,0
2249-YPRNG,105.85,20,Month-to-month,1,High value,Medium risk,High value / Medium risk,1
6778-EICRF,74.8,24,One year,0,Mid value,Low risk,Mid value / Low risk,1
1265-ZFOSD,81.3,64,Two year,0,Mid value,Low risk,Mid value / Low risk,2
1131-QQZEB,23.95,71,Two year,0,Low value,Low risk,Low value / Low risk,0
9498-FIMXL,19.2,8,One year,0,Low value,Low risk,Low value / Low risk,0
9565-FLVCG,69.55,65,Two year,0,Mid value,Low risk,Mid value / Low risk,2
0655-YDGFJ,48.95,29,Month-to-month,0,Low value,Medium risk,Low value / Medium risk,1
2696-ECXKC,100.9,55,One year,0,High value,Low risk,High value / Low risk,2
4636-OLWOE,61.0,54,One year,0,Mid value,Low risk,Mid value / Low risk,2
5317-FLPJF,61.35,66,Two year,0,Mid value,Low risk,Mid value / Low risk,2
8734-FNWVH,59.7,31,Month-to-month,0,Mid value,Medium risk,Mid value / Medium risk,1
6689-TCZHQ,78.95,5,Month-to-month,1,Mid value,High risk,Mid value / High risk,1
8992-OBVDG,61.65,21,Month-to-month,0,Mid value,Medium risk,Mid value / Medium risk,1
3055-MJDSB,24.6,9,Month-to-month,0,Low value,High risk,Low value / High risk,0
5692-ICXLW,90.7,31,Month-to-month,0,High value,Medium risk,High value / Medium risk,1
2284-VFLKH,99.25,49,One year,0,High value,Low risk,High value / Low risk,2
2982-VPSGI,94.0,11,Month-to-month,1,High value,High risk,High value / High risk,1
9025-AOMKI,93.55,6,Month-to-month,1,High value,High risk,High value / High risk,1
2520-SGTTA,20.0,0,Two year,0,Low value,Low risk,Low value / Low risk,0
5821-MMEIL,19.9,57,Two year,0,Low value,Low risk,Low value / Low risk,0
6778-YSNIH,59.0,2,Month-to-month,0,Mid value,High risk,Mid value / High risk,1
5569-KGJHX,85.35,9,Month-to-month,1,High value,High risk,High value / High risk,1
0582-AVCLN,20.3,38,Two year,0,Low value,Low risk,Low value / Low risk,0
2724-FJDYW,54.85,39,One year,0,Mid value,Low risk,Mid value / Low risk,2
6100-QQHEB,92.55,17,Month-to-month,1,High value,Medium risk,High value / Medium risk,1
5743-KHMNA,25.55,71,Two year,0,Low value,Low risk,Low value / Low risk,0
0824-VWDPO,96.75,45,One year,0,High value,Low risk,High value / Low risk,2
3769-MHZNV,20.1,33,Two year,0,Low value,Low risk,Low value / Low risk,0
1293-BSEUN,20.7,72,Two year,0,Low value,Low risk,Low value / Low risk,0
6303-KFWSL,55.25,29,One year,0,Mid value,Low risk,Mid value / Low risk,1
0020-INWCK,95.75,71,Two year,0,High value,Low risk,High value / Low risk,2
9129-UXERG,103.6,18,Month-to-month,0,High value,Medium risk,High value / Medium risk,1
1120-BMWUB,53.9,16,Month-to-month,1,Mid value,Medium risk,Mid value / Medium risk,1
0886-QGENL,101.25,27,Month-to-month,1,High value,Medium risk,High value / Medium risk,1
5702-SKUOB,19.6,4,Month-to-month,0,Low value,High risk,Low value / High risk,0
7096-ZNBZI,26.45,72,Two year,0,Low value,Low risk,Low value / Low risk,0
1095-JUDTC,95.05,47,Month-to-month,1,High value,Medium risk,High value / Medium risk,2
9762-YAQAA,81.4,39,One year,0,Mid value,Low risk,Mid value / Low risk,1
0392-BZIUW,105.0,72,Two year,0,High value,Low risk,High value / Low risk,2
1415-YFWLT,89.3,1,Month-to-month,1,High value,High risk,High value / High risk,1
5985-BEHZK,105.0,72,One year,0,High value,Low risk,High value / Low risk,2
2122-YWVYA,75.4,18,Month-to-month,0,Mid value,Medium risk,Mid value / Medium risk,1
9470-YFUYI,71.0,71,One year,0,Mid value,Low risk,Mid value / Low risk,2
9351-LZYGF,66.4,42,Month-to-month,0,Mid value,Medium risk,Mid value / Medium risk,1
5248-YGIJN,90.25,72,Two year,0,High value,Low risk,High value / Low risk,2
9094-AZPHK,100.15,15,Month-to-month,0,High value,Medium risk,High value / Medium risk,1
2664-XJZNO,104.9,72,Two year,0,High value,Low risk,High value / Low risk,2
6584-VQMYT,56.2,27,One year,0,Mid value,Low risk,Mid value / Low risk,1
2884-GBPFB,70.3,35,Month-to-month,1,Mid value,Medium risk,Mid value / Medium risk,1
8118-TJAFG,101.5,9,Month-to-month,0,High value,High risk,High value / High risk,1
2576-HXMPA,19.55,1,Month-to-month,0,Low value,High risk,Low value / High risk,0
3808-HFKDE,44.35,20,Month-to-month,0,Low value,Medium risk,Low value / Medium risk,1
8747-UDCOI,19.35,65,Two year,0,Low value,Low risk,Low value / Low risk,0
0426-TIRNE,20.9,1,Month-to-month,1,Low value,High risk,Low value / High risk,0
1383-EZRWL,20.05,7,Month-to-month,1,Low value,High risk,Low value / High risk,0
4115-BNPJY,75.55,29,Two year,0,Mid value,Low risk,Mid value / Low risk,1
1322-AGOQM,30.3,46,Month-to-month,1,Low value,Medium risk,Low value / Medium risk,0
4065-JJAVA,49.5,1,Month-to-month,0,Low value,High risk,Low value / High risk,1
3411-WLRSQ,74.6,3,Month-to-month,0,Mid value,High risk,Mid value / High risk,1
1195-OIYEJ,91.1,13,Month-to-month,1,High value,Medium risk,High value / Medium risk,1
4291-YZODP,20.05,7,One year,0,Low value,Low risk,Low value / Low risk,0
0107-WESLM,19.85,1,Month-to-month,1,Low value,High risk,Low value / High risk,0
6648-INWPS,20.15,16,Month-to-month,0,Low value,Medium risk,Low value / Medium risk,0
8792-AOROI,65.5,8,Two year,0,Mid value,Low risk,Mid value / Low risk,1
5923-GXUOC,104.4,10,Month-to-month,1,High value,High risk,High value / High risk,1
7663-ZTEGJ,100.55,29,One year,0,High value,Low risk,High value / Low risk,2
5940-NFXKV,83.65,19,Month-to-month,1,Mid value,Medium risk,Mid value / Medium risk,1
6859-QNXIQ,113.1,72,Two year,0,High value,Low risk,High value / Low risk,2
6956-SMUCM,99.0,3,Month-to-month,1,High value,High risk,High value / High risk,1
3378-AJRAO,24.85,44,One year,0,Low value,Low risk,Low value / Low risk,0
9661-ACXBS,105.2,42,Month-to-month,1,High value,Medium risk,High value / Medium risk,2
5060-TQUQN,83.55,30,Month-to-month,0,Mid value,Medium risk,Mid value / Medium risk,1
4138-NAXED,81.0,51,Month-to-month,0,Mid value,Medium risk,Mid value / Medium risk,2
8329-IBCTI,19.65,1,Month-to-month,1,Low value,High risk,Low value / High risk,0
1401-FTHFQ,20.0,23,One year,0,Low value,Low risk,Low value / Low risk,0
8008-ESFLK,110.5,53,One year,0,High value,Low risk,High value / Low risk,2
7079-QRCBC,98.75,24,Month-to-month,1,High value,Medium risk,High value / Medium risk,1
8974-OVACP,20.15,1,Month-to-month,0,Low value,High risk,Low value / High risk,0
1543-LLLFT,98.3,61,One year,0,High value,Low risk,High value / Low risk,2
5482-VXSXJ,93.2,22,Month-to-month,0,High value,Medium risk,High value / Medium risk,1
8414-MYSHR,91.4,5,Month-to-month,1,High value,High risk,High value / High risk,1
4835-YSJMR,49.8,39,Two year,0,Low value,Low risk,Low value / Low risk,0
9074-KGVOX,39.45,50,Month-to-month,0,Low value,Medium risk,Low value / Medium risk,1
5016-LIPDW,19.4,57,One year,0,Low value,Low risk,Low value / Low risk,0
7452-FOLON,25.45,39,One year,0,Low value,Low risk,Low value / Low risk,0
3737-GCSPV,96.2,11,Month-to-month,1,High value,High risk,High value / High risk,1
1963-SVUCV,45.3,1,Month-to-month,1,Low value,High risk,Low value / High risk,1
1061-PNTHC,109.6,56,Month-to-month,0,High value,Medium risk,High value / Medium risk,2
5575-GNVDE,56.95,34,One year,0,Mid value,Low risk,Mid value / Low risk,1
4415-WNGVR,79.2,12,One year,0,Mid value,Low risk,Mid value / Low risk,1
2725-KXXWT,90.75,1,Month-to-month,1,High value,High risk,High value / High risk,1
6746-WAUWT,19.7,19,One year,0,Low value,Low risk,Low value / Low risk,0
3096-GKWEB,94.75,18,Month-to-month,0,High value,Medium risk,High value / Medium risk,1
3340-QBBFM,54.1,36,One year,0,Mid value,Low risk,Mid value / Low risk,1
7446-YPODE,60.25,11,Month-to-month,0,Mid value,High risk,Mid value / High risk,1
1450-SKCVI,73.85,56,Month-to-month,1,Mid value,Medium risk,Mid value / Medium risk,2
9776-CLUJA,77.5,51,Month-to-month,1,Mid value,Medium risk,Mid value / Medium risk,1
1173-NOEYG,90.15,27,Month-to-month,0,High value,Medium risk,High value / Medium risk,1
0151-ONTOV,70.9,1,Month-to-month,1,Mid value,High risk,Mid value / High risk,1
2718-GAXQD,46.0,4,Month-to-month,1,Low value,High risk,Low value / High risk,1
5456-ITGIC,64.45,72,Two year,0,Mid value,Low risk,Mid value / Low risk,2
0523-VNGTF,50.5,52,Month-to-month,0,Low value,Medium risk,Low value / Medium risk,2
7083-YNSKY,25.4,15,Month-to-month,1,Low value,Medium risk,Low value / Medium risk,0
2232-DMLXU,55.2,1,Month-to-month,1,Mid value,High risk,Mid value / High risk,1
4671-VJLCL,79.85,63,Two year,0,Mid value,Low risk,Mid value / Low risk,2
4373-MAVJG,90.9,14,Month-to-month,1,High value,Medium risk,High value / Medium risk,1
2811-POVEX,88.45,23,Month-to-month,0,High value,Medium risk,High value / Medium risk,1
4128-ETESU,99.7,47,Month-to-month,0,High value,Medium risk,High value / Medium risk,2
8901-UPRHR,109.2,72,Two year,0,High value,Low risk,High value / Low risk,2
8822-KNBHV,83.45,48,One year,0,Mid value,Low risk,Mid value / Low risk,2
4718-DHSMV,35.8,11,Month-to-month,0,Low value,High risk,Low value / High risk,1
9251-AWQGT,20.0,48,Two year,0,Low value,Low risk,Low value / Low risk,0
6614-YWYSC,25.0,61,Two year,0,Low value,Low risk,Low value / Low risk,0
7594-LZNWR,69.15,34,Month-to-month,0,Mid value,Medium risk,Mid value / Medium risk,1
1395-WSWXR,20.75,24,Two year,0,Low value,Low risk,Low value / Low risk,0
1402-PTHGN,61.5,18,One year,0,Mid value,Low risk,Mid value / Low risk,1
0744-GKNGE,86.8,64,Month-to-month,0,High value,Medium risk,High value / Medium risk,2
1658-XUHBX,88.75,59,Month-to-month,0,High value,Medium risk,High value / Medium risk,2
8070-AAWZP,34.25,24,Month-to-month,0,Low value,Medium risk,Low value / Medium risk,1
3213-VVOLG,25.35,0,Two year,0,Low value,Low risk,Low value / Low risk,0
9087-EYCPR,25.0,60,Two year,0,Low value,Low risk,Low value / Low risk,0
8591-NXRCV,74.65,41,Month-to-month,0,Mid value,Medium risk,Mid value / Medium risk,2
0334-GDDSO,81.35,3,Month-to-month,1,Mid value,High risk,Mid value / High risk,1
2419-FSORS,108.4,72,Two year,0,High value,Low risk,High value / Low risk,2
4789-KWMXN,110.85,47,One year,1,High value,Low risk,High value / Low risk,2
1228-ZLNBX,75.3,21,Month-to-month,0,Mid value,Medium risk,Mid value / Medium risk,1
5312-UXESG,98.05,41,Month-to-month,0,High value,Medium risk,High value / Medium risk,2
3727-RJMEO,82.85,6,Month-to-month,1,Mid value,High risk,Mid value / High risk,1
8246-SHFGA,21.1,17,Month-to-month,0,Low value,Medium risk,Low value / Medium risk,0
0464-WJTKO,20.1,72,Two year,0,Low value,Low risk,Low value / Low risk,0
5639-NTUPK,52.1,13,Month-to-month,0,Mid value,Medium risk,Mid value / Medium risk,1
9499-XPZXM,64.75,72,Two year,0,Mid value,Low risk,Mid value / Low risk,2
4298-OYIFC,103.45,15,Month-to-month,0,High value,Medium risk,High value / Medium risk,1
3050-GBUSH,34.8,3,Month-to-month,0,Low value,High risk,Low value / High risk,1
6572-ADKRS,74.8,46,Month-to-month,0,Mid value,Medium risk,Mid value / Medium risk,1
6734-PSBAW,23.55,72,Two year,0,Low value,Low risk,Low value / Low risk,0
6728-CZFEI,56.15,15,One year,0,Mid value,Low risk,Mid value / Low risk,1
2067-QYTCF,111.15,64,Month-to-month,0,High value,Medium risk,High value / Medium risk,2
6736-DHUQI,84.8,67,One year,0,High value,Low risk,High value / Low risk,2
0673-IGUQO,20.45,1,Month-to-month,0,Low value,High risk,Low value / High risk,0
8630-QSGXK,75.2,51,Two year,0,Mid value,Low risk,Mid value / Low risk,2
7876-AEHIG,60.15,51,One year,0,Mid value,Low risk,Mid value / Low risk,2
8740-XLHDR,43.25,5,Month-to-month,1,Low value,High risk,Low value / High risk,1
9350-ZXYJC,25.3,4,Two year,0,Low value,Low risk,Low value / Low risk,0
8221-HVAYI,69.15,35,Two year,0,Mid value,Low risk,Mid value / Low risk,2
7014-ZZXAW,24.25,71,Two year,0,Low value,Low risk,Low value / Low risk,0
0620-DLSLK,81.9,13,Month-to-month,0,Mid value,Medium risk,Mid value / Medium risk,1
3744-ZBHON,20.2,3,Month-to-month,0,Low value,High risk,Low value / High risk,0
4774-HHGGS,19.05,30,Two year,0,Low value,Low risk,Low value / Low risk,0
0947-MUGVO,73.65,20,Month-to-month,1,Mid value,Medium risk,Mid value / Medium risk,1
7508-DQAKK,86.4,64,Two year,0,High value,Low risk,High value / Low risk,2
9764-REAFF,18.4,59,Two year,0,Low value,Low risk,Low value / Low risk,0
4201-JMNGR,55.8,1,Month-to-month,1,Mid value,High risk,Mid value / High risk,1
0716-BQNDX,93.75,57,Two year,0,High value,Low risk,High value / Low risk,2
0277-ORXQS,50.55,66,Two year,0,Mid value,Low risk,Mid value / Low risk,2
9495-REDIY,40.65,25,One year,0,Low value,Low risk,Low value / Low risk,1
5016-ETTFF,29.5,10,Month-to-month,1,Low value,High risk,Low value / High risk,0
5687-DKDTV,20.35,4,Month-to-month,1,Low value,High risk,Low value / High risk,0
3084-DOWLE,92.0,72,Two year,0,High value,Low risk,High value / Low risk,2
8029-XYPWT,115.05,71,Two year,0,High value,Low risk,High value / Low risk,2
8510-BBWMU,19.75,41,One year,0,Low value,Low risk,Low value / Low risk,0
9424-CMPOG,19.6,9,Two year,0,Low value,Low risk,Low value / Low risk,0
3946-MHCZW,50.9,1,Month-to-month,1,Mid value,High risk,Mid value / High risk,1
6390-DSAZX,73.6,1,Month-to-month,1,Mid value,High risk,Mid value / High risk,1
1163-VIPRI,109.3,65,Two year,0,High value,Low risk,High value / Low risk,2
1602-IJQQE,75.35,4,Month-to-month,1,Mid value,High risk,Mid value / High risk,1
9840-EFJQB,74.35,1,Month-to-month,0,Mid value,High risk,Mid value / High risk,1
6959-UWKHF,42.9,1,Month-to-month,1,Low value,High risk,Low value / High risk,1
3530-CRZSB,20.65,7,Month-to-month,0,Low value,High risk,Low value / High risk,0
6621-YOBKI,20.35,5,Month-to-month,0,Low value,High risk,Low value / High risk,0
3863-IUBJR,53.65,12,One year,1,Mid value,Low risk,Mid value / Low risk,1
0727-BMPLR,100.0,55,One year,1,High value,Low risk,High value / Low risk,2
0017-DINOC,45.2,54,Two year,0,Low value,Low risk,Low value / Low risk,2
9799-CAYJJ,69.3,2,Month-to-month,0,Mid value,High risk,Mid value / High risk,1
0354-VXMJC,19.6,23,Two year,0,Low value,Low risk,Low value / Low risk,0
2507-QZPQS,95.7,15,Month-to-month,0,High value,Medium risk,High value / Medium risk,1
1226-UDFZR,49.6,2,Month-to-month,1,Low value,High risk,Low value / High risk,1
2208-UGTGR,98.6,56,Month-to-month,0,High value,Medium risk,High value / Medium risk,2
5055-MGMGF,105.05,65,Month-to-month,0,High value,Medium risk,High value / Medium risk,2
5149-CUZUJ,92.9,28,One year,0,High value,Low risk,High value / Low risk,2
8260-NGFNY,25.2,1,Month-to-month,1,Low value,High risk,Low value / High risk,0
7634-WSWDB,38.5,8,Month-to-month,0,Low value,High risk,Low value / High risk,1
5829-NVSQN,68.75,23,One year,0,Mid value,Low risk,Mid value / Low risk,1
0872-JCPIB,65.75,17,Month-to-month,0,Mid value,Medium risk,Mid value / Medium risk,1
2364-UFROM,70.4,30,One year,0,Mid value,Low risk,Mid value / Low risk,1
5897-ZYEKH,105.6,67,One year,0,High value,Low risk,High value / Low risk,2
2018-QKYGT,81.05,1,Month-to-month,0,Mid value,High risk,Mid value / High risk,1
6581-NQCBA,49.95,16,Month-to-month,1,Low value,Medium risk,Low value / Medium risk,1
1135-LMECX,19.85,1,Month-to-month,0,Low value,High risk,Low value / High risk,0
3758-CKOQL,107.0,59,One year,0,High value,Low risk,High value / Low risk,2
1891-UAWWU,90.8,20,Month-to-month,1,High value,Medium risk,High value / Medium risk,1
4931-TRZWN,71.95,13,Month-to-month,0,Mid value,Medium risk,Mid value / Medium risk,1
8182-BJDSI,89.95,28,Month-to-month,1,High value,Medium risk,High value / Medium risk,1
7402-PWYJJ,91.15,53,One year,0,High value,Low risk,High value / Low risk,2
1009-IRMNA,20.0,7,Month-to-month,1,Low value,High risk,Low value / High risk,0
5249-QYHEX,24.8,40,Two year,0,Low value,Low risk,Low value / Low risk,0
2560-WBWXF,24.15,68,Two year,0,Low value,Low risk,Low value / Low risk,0
1122-JWTJW,70.65,1,Month-to-month,1,Mid value,High risk,Mid value / High risk,1
1017-FBQMM,106.05,62,One year,0,High value,Low risk,High value / Low risk,2
3736-BLEPA,91.25,28,One year,0,High value,Low risk,High value / Low risk,2
5828-DWPIL,89.1,62,Month-to-month,0,High value,Medium risk,High value / Medium risk,2
3470-BTGQO,45.65,21,Month-to-month,0,Low value,Medium risk,Low value / Medium risk,1
9825-YCXWZ,101.1,41,One year,0,High value,Low risk,High value / Low risk,2
7326-RIGQZ,69.8,6,Month-to-month,0,Mid value,High risk,Mid value / High risk,1
4554-YGZIH,90.05,49,Month-to-month,1,High value,Medium risk,High value / Medium risk,2
8849-PRIQJ,109.4,67,One year,0,High value,Low risk,High value / Low risk,2
0853-NWIFK,100.3,45,One year,0,High value,Low risk,High value / Low risk,2
2146-EGVDT,19.3,59,Two year,0,Low value,Low risk,Low value / Low risk,0
3186-BAXNB,91.7,1,Month-to-month,1,High value,High risk,High value / High risk,1
4815-YOSUK,104.9,72,One year,0,High value,Low risk,High value / Low risk,2
7558-IMLMT,20.8,67,Two year,0,Low value,Low risk,Low value / Low risk,0
1051-EQPZR,19.6,44,Month-to-month,0,Low value,Medium risk,Low value / Medium risk,0
9214-EKVXR,44.0,1,Month-to-month,0,Low value,High risk,Low value / High risk,1
2172-EJXVF,105.9,71,One year,0,High value,Low risk,High value / Low risk,2
3420-ZDBMA,71.45,5,Month-to-month,0,Mid value,High risk,Mid value / High risk,1
4827-LTQRJ,110.6,66,One year,0,High value,Low risk,High value / Low risk,2
0674-DGMAQ,93.5,32,Month-to-month,0,High value,Medium risk,High value / Medium risk,1
4568-KNYWR,63.25,52,Two year,0,Mid value,Low risk,Mid value / Low risk,2
6982-SSHFK,44.4,1,Month-to-month,1,Low value,High risk,Low value / High risk,1
7542-CYDDM,20.05,18,Month-to-month,0,Low value,Medium risk,Low value / Medium risk,0
2430-RRYUW,54.8,66,One year,0,Mid value,Low risk,Mid value / Low risk,2
9948-YPTDG,79.45,38,Month-to-month,1,Mid value,Medium risk,Mid value / Medium risk,1
6967-QIQRV,101.9,15,One year,0,High value,Low risk,High value / Low risk,1
0572-ZJKLT,99.65,46,Two year,0,High value,Low risk,High value / Low risk,2
4837-QUSFT,100.15,65,One year,0,High value,Low risk,High value / Low risk,2
3118-UHVVQ,25.8,68,Two year,0,Low value,Low risk,Low value / Low risk,0
3644-QXEHN,97.0,13,Month-to-month,0,High value,Medium risk,High value / Medium risk,1
1450-GALXR,98.5,10,Month-to-month,1,High value,High risk,High value / High risk,1
0428-AXXLJ,19.5,25,One year,0,Low value,Low risk,Low value / Low risk,0
7554-NEWDD,25.7,10,Two year,0,Low value,Low risk,Low value / Low risk,0
4707-MAXGU,25.85,72,Two year,0,Low value,Low risk,Low value / Low risk,0
4026-SKKHW,50.25,3,Month-to-month,0,Low value,High risk,Low value / High risk,1
1251-KRREG,54.4,2,Month-to-month,1,Mid value,High risk,Mid value / High risk,1
6516-NKQBO,81.0,38,Two year,0,Mid value,Low risk,Mid value / Low risk,2
4683-WYDOU,107.6,62,Two year,0,High value,Low risk,High value / Low risk,2
2460-NGXBJ,75.2,11,Month-to-month,0,Mid value,High risk,Mid value / High risk,1
6204-IEUXJ,80.1,3,Month-to-month,1,Mid value,High risk,Mid value / High risk,1
7614-QVWQL,51.8,49,One year,1,Mid value,Low risk,Mid value / Low risk,2
5696-EXCYS,19.45,17,Two year,0,Low value,Low risk,Low value / Low risk,0
1614-JBEBI,20.7,8,Month-to-month,0,Low value,High risk,Low value / High risk,0
6844-DZKRF,50.2,2,Month-to-month,0,Low value,High risk,Low value / High risk,1
0772-GYEQQ,88.35,3,Month-to-month,1,High value,High risk,High value / High risk,1
8058-JMEQO,84.45,9,Month-to-month,1,High value,High risk,High value / High risk,1
4589-IUAJB,24.25,70,Two year,0,Low value,Low risk,Low value / Low risk,0
8947-YRTDV,94.8,32,One year,0,High value,Low risk,High value / Low risk,2
7611-YKYTC,75.0,22,Month-to-month,0,Mid value,Medium risk,Mid value / Medium risk,1
3423-HHXAO,19.5,14,One year,0,Low value,Low risk,Low value / Low risk,0
3703-VAVCL,90.0,2,Month-to-month,1,High value,High risk,High value / High risk,1
2072-ZVJJX,25.25,68,Two year,0,Low value,Low risk,Low value / Low risk,0
7817-OMJNA,20.4,14,One year,0,Low value,Low risk,Low value / Low risk,0
5091-HFAZW,91.15,2,Month-to-month,0,High value,High risk,High value / High risk,1
1981-INRFU,79.75,2,Month-to-month,1,Mid value,High risk,Mid value / High risk,1
6821-JPCDC,97.05,48,One year,0,High value,Low risk,High value / Low risk,2
3144-AUDBS,49.15,6,Month-to-month,1,Low value,High risk,Low value / High risk,1
7142-HVGBG,103.0,43,Month-to-month,1,High value,Medium risk,High value / Medium risk,2
1866-NXPSP,75.55,36,One year,0,Mid value,Low risk,Mid value / Low risk,2
2003-CKLOR,99.5,66,Month-to-month,1,High value,Medium risk,High value / Medium risk,2
1930-WNXSB,92.85,58,Month-to-month,0,High value,Medium risk,High value / Medium risk,2
0634-SZPQA,90.05,23,Month-to-month,1,High value,Medium risk,High value / Medium risk,1
5419-JPRRN,101.45,1,Month-to-month,1,High value,High risk,High value / High risk,1
0829-DDVLK,20.1,15,One year,0,Low value,Low risk,Low value / Low risk,0
9028-LIHRP,100.2,71,Two year,0,High value,Low risk,High value / Low risk,2
5429-LWCMV,89.15,12,Month-to-month,0,High value,High risk,High value / High risk,1
2833-SLKDQ,45.05,1,Month-to-month,1,Low value,High risk,Low value / High risk,1
0423-UDIJQ,49.2,9,Month-to-month,0,Low value,High risk,Low value / High risk,1
3373-DIUUN,21.25,30,Two year,0,Low value,Low risk,Low value / Low risk,0
4958-XCBDQ,101.4,35,Month-to-month,1,High value,Medium risk,High value / Medium risk,2
3126-WQMGH,52.15,49,Month-to-month,0,Mid value,Medium risk,Mid value / Medium risk,1
4891-NLUBA,61.45,61,Two year,0,Mid value,Low risk,Mid value / Low risk,2
2535-PBCGC,64.55,70,Two year,0,Mid value,Low risk,Mid value / Low risk,2
2968-SSGAA,100.6,10,Month-to-month,1,High value,High risk,High value / High risk,1
9838-BFCQT,26.1,72,Two year,0,Low value,Low risk,Low value / Low risk,0
8050-XGRVL,54.75,62,One year,0,Mid value,Low risk,Mid value / Low risk,2
1767-TGTKO,45.45,8,Month-to-month,0,Low value,High risk,Low value / High risk,1
4234-XTNEA,79.95,2,Month-to-month,0,Mid value,High risk,Mid value / High risk,1
0280-XJGEX,103.7,49,Month-to-month,1,High value,Medium risk,High value / Medium risk,2
8393-JMVMB,19.45,1,Month-to-month,0,Low value,High risk,Low value / High risk,0
7011-CVEUC,95.7,25,Month-to-month,0,High value,Medium risk,High value / Medium risk,1
1676-MQAOA,75.1,72,Two year,0,Mid value,Low risk,Mid value / Low risk,2
4450-YOOHP,50.65,39,Month-to-month,0,Mid value,Medium risk,Mid value / Medium risk,1
7159-FVYPK,69.15,3,Month-to-month,0,Mid value,High risk,Mid value / High risk,1
5502-RLUYV,103.95,69,Month-to-month,1,High value,Medium risk,High value / Medium risk,2
8573-CGOCC,19.75,16,Month-to-month,0,Low value,Medium risk,Low value / Medium risk,0
4198-VFOEA,33.6,12,One year,0,Low value,Low risk,Low value / Low risk,0
9803-FTJCG,66.85,71,One year,0,Mid value,Low risk,Mid value / Low risk,2
0208-BPQEJ,19.4,12,Month-to-month,0,Low value,High risk,Low value / High risk,0
4119-ZYPZY,106.8,71,Two year,0,High value,Low risk,High value / Low risk,2
2725-IWWBA,56.9,46,One year,0,Mid value,Low risk,Mid value / Low risk,2
0244-LGNFY,92.65,72,Two year,0,High value,Low risk,High value / Low risk,2
6202-DYYFX,76.0,22,One year,0,Mid value,Low risk,Mid value / Low risk,1
2043-WVTQJ,55.7,1,Month-to-month,0,Mid value,High risk,Mid value / High risk,1
0675-NCDYU,116.4,72,Two year,0,High value,Low risk,High value / Low risk,2
0484-JPBRU,25.25,41,Month-to-month,0,Low value,Medium risk,Low value / Medium risk,0
0691-JVSYA,94.85,53,One year,1,High value,Low risk,High value / Low risk,2
7182-OVLBJ,101.15,62,Two year,0,High value,Low risk,High value / Low risk,2
3158-MOERK,96.0,2,Month-to-month,1,High value,High risk,High value / High risk,1
7710-JSYOA,93.3,69,Two year,0,High value,Low risk,High value / Low risk,2
8229-TNIQA,45.3,4,Month-to-month,1,Low value,High risk,Low value / High risk,1
5778-BVOFB,59.5,9,Month-to-month,0,Mid value,High risk,Mid value / High risk,1
4890-VMUAV,71.5,63,One year,0,Mid value,Low risk,Mid value / Low risk,2
0224-HJAPT,47.15,5,Month-to-month,1,Low value,High risk,Low value / High risk,1
8402-OOOHJ,20.65,41,Two year,0,Low value,Low risk,Low value / Low risk,0
5380-AFSSK,93.9,5,Month-to-month,1,High value,High risk,High value / High risk,1
4929-XIHVW,95.5,2,Month-to-month,0,High value,High risk,High value / High risk,1
6603-YRDCJ,61.05,33,Two year,0,Mid value,Low risk,Mid value / Low risk,1
1663-MHLHE,19.2,1,Month-to-month,0,Low value,High risk,Low value / High risk,0
5044-XDPYX,25.5,51,Two year,0,Low value,Low risk,Low value / Low risk,0
7234-FECYN,101.35,8,Month-to-month,1,High value,High risk,High value / High risk,1
3070-DVEYC,73.75,7,Month-to-month,1,Mid value,High risk,Mid value / High risk,1
2369-UAPKZ,104.1,5,Month-to-month,1,High value,High risk,High value / High risk,1
6086-ESGRL,80.15,1,Month-to-month,1,Mid value,High risk,Mid value / High risk,1
4081-DYXAV,44.85,19,One year,1,Low value,Low risk,Low value / Low risk,1
6907-NZZIJ,99.15,36,Month-to-month,1,High value,Medium risk,High value / Medium risk,2
6094-ZIVKX,54.45,68,One year,0,Mid value,Low risk,Mid value / Low risk,2
0420-HLGXF,99.75,39,Month-to-month,0,High value,Medium risk,High value / Medium risk,2
8010-EZLOU,80.2,15,Month-to-month,1,Mid value,Medium risk,Mid value / Medium risk,1
0640-YJTPY,21.0,72,Two year,0,Low value,Low risk,Low value / Low risk,0
1976-AZZPJ,34.2,7,Month-to-month,0,Low value,High risk,Low value / High risk,1
5846-ABOBJ,24.45,71,Two year,0,Low value,Low risk,Low value / Low risk,0
7683-CBDKJ,65.45,14,Month-to-month,1,Mid value,Medium risk,Mid value / Medium risk,1
4623-ZKHLY,20.45,22,Month-to-month,0,Low value,Medium risk,Low value / Medium risk,0
6904-JLBGY,117.35,72,Two year,0,High value,Low risk,High value / Low risk,2
1455-HFBXA,91.6,52,Two year,0,High value,Low risk,High value / Low risk,2
8980-WQFWL,62.1,35,Month-to-month,0,Mid value,Medium risk,Mid value / Medium risk,1
3170-NMYVV,20.15,50,Two year,0,Low value,Low risk,Low value / Low risk,0
8468-EHYJA,99.65,57,Month-to-month,0,High value,Medium risk,High value / Medium risk,2
8561-NMTBD,112.35,67,One year,0,High value,Low risk,High value / Low risk,2
6416-YJTTB,79.5,11,Month-to-month,0,Mid value,High risk,Mid value / High risk,1
9609-BENEA,69.0,35,One year,0,Mid value,Low risk,Mid value / Low risk,1
6513-EECDB,73.55,1,Month-to-month,1,Mid value,High risk,Mid value / High risk,1
3002-WQZWT,74.2,29,Month-to-month,0,Mid value,Medium risk,Mid value / Medium risk,1
5918-VUKWP,20.55,32,One year,0,Low value,Low risk,Low value / Low risk,0
4827-USJHP,51.8,20,Month-to-month,0,Mid value,Medium risk,Mid value / Medium risk,1
1431-CYWMH,19.05,22,Month-to-month,0,Low value,Medium risk,Low value / Medium risk,0
3943-KDREE,74.95,26,Month-to-month,1,Mid value,Medium risk,Mid value / Medium risk,1
7771-ZONAT,56.75,22,Two year,0,Mid value,Low risk,Mid value / Low risk,1
6010-DDPPW,25.15,70,Two year,0,Low value,Low risk,Low value / Low risk,0
2211-RMNHO,85.3,68,Two year,0,High value,Low risk,High value / Low risk,2
8563-OYMQY,90.95,17,Month-to-month,0,High value,Medium risk,High value / Medium risk,1
4030-VPZBD,30.9,2,Month-to-month,1,Low value,High risk,Low value / High risk,1
6974-DAFLI,19.7,55,One year,0,Low value,Low risk,Low value / Low risk,0
6807-SIWJI,104.85,38,One year,0,High value,Low risk,High value / Low risk,2
8259-NFJTV,34.65,7,Month-to-month,0,Low value,High risk,Low value / High risk,1
4439-JMPMT,85.75,5,Month-to-month,1,High value,High risk,High value / High risk,1
5229-DTFYB,98.8,41,Two year,0,High value,Low risk,High value / Low risk,2
6652-YFFJO,64.9,11,Month-to-month,0,Mid value,High risk,Mid value / High risk,1
5197-LQXXH,83.3,71,Two year,0,Mid value,Low risk,Mid value / Low risk,2
6360-SVNWV,73.55,31,Month-to-month,0,Mid value,Medium risk,Mid value / Medium risk,1
6258-PVZWJ,90.8,68,Two year,0,High value,Low risk,High value / Low risk,2
1937-OTUKY,98.2,72,Two year,0,High value,Low risk,High value / Low risk,2
1904-WAJAA,64.35,24,Two year,0,Mid value,Low risk,Mid value / Low risk,1
4078-SAYYN,100.75,11,Month-to-month,1,High value,High risk,High value / High risk,1
0541-FITGH,62.15,2,Month-to-month,0,Mid value,High risk,Mid value / High risk,1
1320-GVNHT,108.4,72,Two year,0,High value,Low risk,High value / Low risk,2
1563-IWQEX,19.7,12,Month-to-month,0,Low value,High risk,Low value / High risk,0
3282-ZISZV,83.7,32,One year,0,Mid value,Low risk,Mid value / Low risk,2
1977-STDKI,73.0,1,Month-to-month,1,Mid value,High risk,Mid value / High risk,1
8044-BGWPI,21.15,12,Month-to-month,0,Low value,High risk,Low value / High risk,0
9600-NAXZN,101.4,43,Month-to-month,1,High value,Medium risk,High value / Medium risk,2
6828-HMKWP,21.05,12,Two year,0,Low value,Low risk,Low value / Low risk,0
2812-ENYMO,54.55,26,One year,0,Mid value,Low risk,Mid value / Low risk,1
1640-PLFMP,70.25,1,Month-to-month,0,Mid value,High risk,Mid value / High risk,1
8785-EPNCG,23.15,11,Month-to-month,1,Low value,High risk,Low value / High risk,0
7622-NXQZR,30.1,28,Month-to-month,0,Low value,Medium risk,Low value / Medium risk,0
8166-ZZTFS,80.55,66,Two year,1,Mid value,Low risk,Mid value / Low risk,2
9909-IDLEK,96.8,20,Month-to-month,0,High value,Medium risk,High value / Medium risk,1
6341-AEVKX,104.3,62,One year,0,High value,Low risk,High value / Low risk,2
1833-VGRUM,74.2,1,Month-to-month,1,Mid value,High risk,Mid value / High risk,1
7964-VEXDG,80.35,21,Month-to-month,0,Mid value,Medium risk,Mid value / Medium risk,1
9136-ALYBR,24.45,1,Month-to-month,1,Low value,High risk,Low value / High risk,0
8465-SBRXP,94.9,38,Two year,0,High value,Low risk,High value / Low risk,2
7989-VCQOH,83.25,18,Month-to-month,0,Mid value,Medium risk,Mid value / Medium risk,1
3154-HMWUU,20.5,60,Two year,0,Low value,Low risk,Low value / Low risk,0
5504-WSIUR,90.25,70,One year,0,High value,Low risk,High value / Low risk,2
5996-EBTKM,69.9,67,Two year,0,Mid value,Low risk,Mid value / Low risk,2
0568-ONFPC,25.9,5,Month-to-month,1,Low value,High risk,Low value / High risk,0
0052-DCKON,115.8,66,One year,0,High value,Low risk,High value / Low risk,2
8774-GSBUN,25.4,72,Two year,0,Low value,Low risk,Low value / Low risk,0
6437-UDQJM,84.1,72,Two year,0,Mid value,Low risk,Mid value / Low risk,2
3407-QGWLG,20.05,3,Month-to-month,0,Low value,High risk,Low value / High risk,0
0442-TDYUO,20.05,48,Two year,0,Low value,Low risk,Low value / Low risk,0
6711-FLDFB,74.9,7,Month-to-month,1,Mid value,High risk,Mid value / High risk,1
0139-IVFJG,90.35,2,Month-to-month,0,High value,High risk,High value / High risk,1
4062-HBMOS,103.05,52,Month-to-month,0,High value,Medium risk,High value / Medium risk,2
8577-QSOCG,20.2,38,Two year,0,Low value,Low risk,Low value / Low risk,0
6585-WCEWR,20.35,72,Two year,0,Low value,Low risk,Low value / Low risk,0
0709-TVGUR,74.55,9,Month-to-month,1,Mid value,High risk,Mid value / High risk,1
8755-OGKNA,19.5,57,Two year,0,Low value,Low risk,Low value / Low risk,0
8082-GHXOP,44.0,13,Month-to-month,0,Low value,Medium risk,Low value / Medium risk,1
8564-LDKFL,106.0,40,One year,0,High value,Low risk,High value / Low risk,2
1839-FBNFR,19.85,39,Two year,0,Low value,Low risk,Low value / Low risk,0
3336-JORSO,110.45,33,Month-to-month,1,High value,Medium risk,High value / Medium risk,2
7601-DHFWZ,24.0,48,Two year,0,Low value,Low risk,Low value / Low risk,0
5143-EGQFK,29.65,10,Month-to-month,1,Low value,High risk,Low value / High risk,1
3969-GYXEL,76.4,11,Month-to-month,0,Mid value,High risk,Mid value / High risk,1
3547-LQRIK,26.9,47,One year,0,Low value,Low risk,Low value / Low risk,0
8740-CRYFY,78.95,1,Month-to-month,1,Mid value,High risk,Mid value / High risk,1
7109-CQYUZ,89.25,52,Two year,0,High value,Low risk,High value / Low risk,2
0455-ENTCR,85.25,66,Two year,0,High value,Low risk,High value / Low risk,2
7072-MBHEV,78.1,11,Month-to-month,0,Mid value,High risk,Mid value / High risk,1
7356-IWLFW,80.0,46,Month-to-month,0,Mid value,Medium risk,Mid value / Medium risk,1
5980-NOPLP,96.1,44,Month-to-month,1,High value,Medium risk,High value / Medium risk,2
5287-QWLKY,105.1,71,Month-to-month,1,High value,Medium risk,High value / Medium risk,2
6214-EDAKZ,55.15,22,Month-to-month,1,Mid value,Medium risk,Mid value / Medium risk,1
3082-YVEKW,77.15,23,Two year,0,Mid value,Low risk,Mid value / Low risk,1
5385-SUIRI,104.2,52,Month-to-month,1,High value,Medium risk,High value / Medium risk,2
2848-YXSMW,19.4,72,Two year,0,Low value,Low risk,Low value / Low risk,0
2873-ZLIWT,84.85,40,Month-to-month,1,High value,Medium risk,High value / Medium risk,1
8905-IAZPF,95.65,69,One year,0,High value,Low risk,High value / Low risk,2
4902-OHLSK,98.65,29,Month-to-month,1,High value,Medium risk,High value / Medium risk,1
3258-SYSWS,113.8,72,Two year,0,High value,Low risk,High value / Low risk,2
9699-UBQFS,94.5,43,Month-to-month,0,High value,Medium risk,High value / Medium risk,2
6651-RLGGM,26.3,67,Two year,0,Low value,Low risk,Low value / Low risk,0
5793-YOLJN,21.0,55,Two year,0,Low value,Low risk,Low value / Low risk,0
9668-PUGNU,24.5,71,Two year,0,Low value,Low risk,Low value / Low risk,0
0357-NVCRI,20.05,25,Month-to-month,0,Low value,Medium risk,Low value / Medium risk,0
5624-BQSSA,20.95,1,Month-to-month,1,Low value,High risk,Low value / High risk,0
6614-FHDBO,109.2,72,Two year,0,High value,Low risk,High value / Low risk,2
2546-KZAAT,75.4,52,One year,0,Mid value,Low risk,Mid value / Low risk,2
9617-UDPEU,19.25,22,One year,0,Low value,Low risk,Low value / Low risk,0
8932-CZHRQ,76.75,68,One year,0,Mid value,Low risk,Mid value / Low risk,2
6379-RXJRQ,70.1,10,Month-to-month,1,Mid value,High risk,Mid value / High risk,1
5299-RULOA,100.25,10,Month-to-month,1,High value,High risk,High value / High risk,1
0036-IHMOT,103.7,55,One year,0,High value,Low risk,High value / Low risk,2
4597-ELFTS,24.9,56,One year,1,Low value,Low risk,Low value / Low risk,0
7576-JMYWV,110.2,46,Month-to-month,0,High value,Medium risk,High value / Medium risk,2
8937-RDTHP,84.6,1,Month-to-month,1,High value,High risk,High value / High risk,1
2842-BCQGE,75.35,43,Month-to-month,0,Mid value,Medium risk,Mid value / Medium risk,1
8111-SLLHI,105.65,39,Month-to-month,1,High value,Medium risk,High value / Medium risk,2
7244-QWYHG,44.45,50,One year,0,Low value,Low risk,Low value / Low risk,2
9970-QBCDA,19.7,6,Month-to-month,0,Low value,High risk,Low value / High risk,0
4652-ODEVH,24.45,45,Two year,0,Low value,Low risk,Low value / Low risk,0
2582-FFFZR,50.6,22,Month-to-month,0,Mid value,Medium risk,Mid value / Medium risk,1
5884-FBCTL,25.1,72,Two year,0,Low value,Low risk,Low value / Low risk,0
0722-SVSFK,100.4,7,Month-to-month,0,High value,High risk,High value / High risk,1
2465-BLLEU,19.75,1,Month-to-month,0,Low value,High risk,Low value / High risk,0
3963-RYFNS,116.45,72,Two year,0,High value,Low risk,High value / Low risk,2
5747-PMBSQ,92.5,10,Month-to-month,1,High value,High risk,High value / High risk,1
9514-JDSKI,40.2,1,Month-to-month,1,Low value,High risk,Low value / High risk,1
0667-NSRGI,69.55,48,One year,0,Mid value,Low risk,Mid value / Low risk,2
0042-JVWOJ,19.6,26,One year,0,Low value,Low risk,Low value / Low risk,0
8871-JLMHM,90.2,68,Two year,0,High value,Low risk,High value / Low risk,2
5120-ZBLAI,75.7,50,One year,0,Mid value,Low risk,Mid value / Low risk,2
2121-JAFOM,115.55,72,Two year,0,High value,Low risk,High value / Low risk,2
4933-IKULF,20.65,17,One year,0,Low value,Low risk,Low value / Low risk,0
9659-ZTWSM,107.35,66,One year,0,High value,Low risk,High value / Low risk,2
9170-CCKOU,90.2,17,Month-to-month,1,High value,Medium risk,High value / Medium risk,1
5815-HGGHV,64.15,20,One year,0,Mid value,Low risk,Mid value / Low risk,1
2357-COQEK,103.3,28,Month-to-month,1,High value,Medium risk,High value / Medium risk,1
5382-TEMLV,50.9,45,Month-to-month,0,Mid value,Medium risk,Mid value / Medium risk,1
6752-APNJL,54.5,42,Month-to-month,0,Mid value,Medium risk,Mid value / Medium risk,1
5077-DXTCG,45.3,1,Month-to-month,1,Low value,High risk,Low value / High risk,1
8155-IBNHG,75.4,24,Month-to-month,1,Mid value,Medium risk,Mid value / Medium risk,1
4544-RXFMG,43.45,8,One year,0,Low value,Low risk,Low value / Low risk,0
2316-ESMLS,33.15,12,One year,0,Low value,Low risk,Low value / Low risk,1
5396-IZEPB,19.7,9,Month-to-month,0,Low value,High risk,Low value / High risk,0
3503-TYDAY,80.45,43,Month-to-month,0,Mid value,Medium risk,Mid value / Medium risk,1
0731-EBJQB,20.4,52,One year,0,Low value,Low risk,Low value / Low risk,0
3522-CDKHF,75.5,32,Month-to-month,0,Mid value,Medium risk,Mid value / Medium risk,1
3871-IKPYH,69.1,1,Month-to-month,1,Mid value,High risk,Mid value / High risk,1
3810-DVDQQ,117.6,72,Two year,0,High value,Low risk,High value / Low risk,2
3138-BKYAV,85.35,6,Month-to-month,1,High value,High risk,High value / High risk,1
7599-NTMDP,48.7,62,Two year,0,Low value,Low risk,Low value / Low risk,2
4425-OWHWB,19.35,20,One year,0,Low value,Low risk,Low value / Low risk,0
3161-GETRM,90.05,34,Month-to-month,0,High value,Medium risk,High value / Medium risk,1
6017-PPLPX,70.45,20,Month-to-month,1,Mid value,Medium risk,Mid value / Medium risk,1
2625-TRCZQ,49.65,51,Month-to-month,0,Low value,Medium risk,Low value / Medium risk,1
7083-MIOPC,20.25,72,Two year,0,Low value,Low risk,Low value / Low risk,0
4059-IIEBK,78.55,7,Month-to-month,0,Mid value,High risk,Mid value / High risk,1
3247-MHJKM,20.2,1,Month-to-month,0,Low value,High risk,Low value / High risk,0
5590-ZSKRV,54.65,8,Month-to-month,0,Mid value,High risk,Mid value / High risk,1
8878-HMWBV,49.15,3,Month-to-month,1,Low value,High risk,Low value / High risk,1
8819-IMISP,80.45,31,Month-to-month,0,Mid value,Medium risk,Mid value / Medium risk,1
4282-YMKNA,74.75,9,Month-to-month,1,Mid value,High risk,Mid value / High risk,1
9208-OLGAQ,84.95,18,Month-to-month,0,High value,Medium risk,High value / Medium risk,1
4143-HHPMK,85.35,52,Month-to-month,1,High value,Medium risk,High value / Medium risk,2
8075-GXIUB,19.85,9,One year,0,Low value,Low risk,Low value / Low risk,0
3308-DGHKL,19.3,69,Two year,0,Low value,Low risk,Low value / Low risk,0
0374-AACSZ,50.15,1,Month-to-month,0,Low value,High risk,Low value / High risk,1
7951-QKZPL,24.5,33,Two year,1,Low value,Low risk,Low value / Low risk,0
0787-LHDYT,20.6,16,Month-to-month,0,Low value,Medium risk,Low value / Medium risk,0
8498-XXGWA,55.15,65,Month-to-month,0,Mid value,Medium risk,Mid value / Medium risk,2
4697-LUPSU,20.2,2,One year,0,Low value,Low risk,Low value / Low risk,0
9290-SHCMB,96.85,13,Month-to-month,0,High value,Medium risk,High value / Medium risk,1
6050-FFXES,105.35,69,Two year,0,High value,Low risk,High value / Low risk,2
0727-IWKVK,79.9,9,Month-to-month,1,Mid value,High risk,Mid value / High risk,1
9938-ZREHM,72.1,37,One year,0,Mid value,Low risk,Mid value / Low risk,2
5151-HQRDG,55.05,37,Month-to-month,0,Mid value,Medium risk,Mid value / Medium risk,1
6950-TWMYB,79.95,54,Two year,0,Mid value,Low risk,Mid value / Low risk,2
4422-QVIJA,50.15,35,Month-to-month,0,Low value,Medium risk,Low value / Medium risk,1
2466-NEJOJ,19.65,8,Month-to-month,0,Low value,High risk,Low value / High risk,0
3662-FXJFO,20.5,54,Two year,0,Low value,Low risk,Low value / Low risk,0
3703-KBKZP,74.45,16,Month-to-month,0,Mid value,Medium risk,Mid value / Medium risk,1
5756-JYOJT,64.9,11,One year,0,Mid value,Low risk,Mid value / Low risk,1
3551-GAEGL,30.4,34,One year,0,Low value,Low risk,Low value / Low risk,0
3030-YZADT,44.95,9,Month-to-month,1,Low value,High risk,Low value / High risk,1
4836-WNFNO,25.0,72,Two year,0,Low value,Low risk,Low value / Low risk,0
1585-MQSSU,51.5,17,Month-to-month,1,Mid value,Medium risk,Mid value / Medium risk,1
6817-WTYHE,44.9,2,Month-to-month,0,Low value,High risk,Low value / High risk,1
9053-EJUNL,89.2,41,Month-to-month,0,High value,Medium risk,High value / Medium risk,1
3521-SYVOR,64.75,37,Month-to-month,1,Mid value,Medium risk,Mid value / Medium risk,1
4908-XAXAY,89.85,49,One year,0,High value,Low risk,High value / Low risk,2
7619-PLRLP,74.1,53,One year,0,Mid value,Low risk,Mid value / Low risk,2
6022-KOUQO,29.05,2,Month-to-month,0,Low value,High risk,Low value / High risk,1
6987-XQSJT,79.5,54,Month-to-month,1,Mid value,Medium risk,Mid value / Medium risk,2
1453-RZFON,49.9,1,Month-to-month,0,Low value,High risk,Low value / High risk,1
5849-ASHZJ,20.05,27,One year,0,Low value,Low risk,Low value / Low risk,0
1539-LNKHM,20.4,12,Month-to-month,0,Low value,High risk,Low value / High risk,0
7206-PQBBZ,70.2,11,Month-to-month,0,Mid value,High risk,Mid value / High risk,1
0191-EQUUH,35.05,25,Two year,0,Low value,Low risk,Low value / Low risk,0
1179-INLAT,19.45,3,One year,0,Low value,Low risk,Low value / Low risk,0
8086-OVPWV,80.2,2,Month-to-month,1,Mid value,High risk,Mid value / High risk,1
0854-UYHZD,19.55,13,Two year,0,Low value,Low risk,Low value / Low risk,0
4598-XLKNJ,98.5,25,Month-to-month,1,High value,Medium risk,High value / Medium risk,1
0940-OUQEC,80.7,10,Month-to-month,1,Mid value,High risk,Mid value / High risk,1
0795-GMVQO,109.9,67,One year,0,High value,Low risk,High value / Low risk,2
3569-JFODW,90.95,72,Two year,0,High value,Low risk,High value / Low risk,2
2791-SFVEW,20.15,9,Month-to-month,0,Low value,High risk,Low value / High risk,0
4726-DLWQN,70.35,50,Month-to-month,0,Mid value,Medium risk,Mid value / Medium risk,2
3473-XIIIT,100.0,16,Month-to-month,1,High value,Medium risk,High value / Medium risk,1
7596-LDUXP,85.15,12,One year,0,High value,Low risk,High value / Low risk,1
0196-JTUQI,75.2,9,Month-to-month,0,Mid value,High risk,Mid value / High risk,1
9631-RXVJM,19.25,35,Two year,0,Low value,Low risk,Low value / Low risk,0
1389-WNUIB,76.0,20,One year,0,Mid value,Low risk,Mid value / Low risk,1
9206-GVPEQ,54.45,13,Month-to-month,1,Mid value,Medium risk,Mid value / Medium risk,1
2018-PZKMU,103.1,9,Month-to-month,0,High value,High risk,High value / High risk,1
7969-FFOWG,19.9,65,Two year,0,Low value,Low risk,Low value / Low risk,0
1022-RKXDR,24.85,41,One year,0,Low value,Low risk,Low value / Low risk,0
0348-SDKOL,102.1,58,Month-to-month,1,High value,Medium risk,High value / Medium risk,2
9169-BSVIN,74.75,12,Month-to-month,0,Mid value,High risk,Mid value / High risk,1
4012-ZTHBR,44.95,21,Month-to-month,0,Low value,Medium risk,Low value / Medium risk,1
0137-OCGAB,80.2,1,Month-to-month,1,Mid value,High risk,Mid value / High risk,1
4661-NJEUX,20.05,1,Month-to-month,0,Low value,High risk,Low value / High risk,0
7277-KAMWT,20.0,13,Two year,0,Low value,Low risk,Low value / Low risk,0
3961-SXAXY,44.05,1,Month-to-month,0,Low value,High risk,Low value / High risk,1
0774-IFUVM,65.15,11,Month-to-month,0,Mid value,High risk,Mid value / High risk,1
1442-OKRJE,103.15,66,One year,0,High value,Low risk,High value / Low risk,2
0409-WTMPL,110.65,58,One year,0,High value,Low risk,High value / Low risk,2
9725-SCPZG,90.85,1,Month-to-month,1,High value,High risk,High value / High risk,1
5480-XTFFL,21.0,31,Two year,0,Low value,Low risk,Low value / Low risk,0
7878-RTCZG,19.9,1,Month-to-month,0,Low value,High risk,Low value / High risk,0
8387-UGUSU,20.05,15,Month-to-month,0,Low value,Medium risk,Low value / Medium risk,0
7742-MYPGI,48.8,6,Month-to-month,0,Low value,High risk,Low value / High risk,1
9953-ZMKSM,25.25,63,Two year,0,Low value,Low risk,Low value / Low risk,0
8760-ZRHKE,69.2,71,One year,0,Mid value,Low risk,Mid value / Low risk,2
5696-QURRL,45.05,1,Month-to-month,1,Low value,High risk,Low value / High risk,1
3211-ILJTT,70.4,17,Month-to-month,1,Mid value,Medium risk,Mid value / Medium risk,1
4061-UKJWL,45.45,3,Month-to-month,0,Low value,High risk,Low value / High risk,1
2081-KJSQF,20.25,1,Month-to-month,0,Low value,High risk,Low value / High risk,0
7608-RGIRO,24.4,62,Two year,0,Low value,Low risk,Low value / Low risk,0
0320-DWVTU,99.5,53,Two year,0,High value,Low risk,High value / Low risk,2
7916-VCCPB,73.25,16,Month-to-month,0,Mid value,Medium risk,Mid value / Medium risk,1
4334-HOWRP,64.95,72,Two year,0,Mid value,Low risk,Mid value / Low risk,2
4439-YRNVD,36.25,10,Month-to-month,0,Low value,High risk,Low value / High risk,1
4804-NCPET,20.2,19,Two year,0,Low value,Low risk,Low value / Low risk,0
9385-EHGDO,19.85,35,Two year,0,Low value,Low risk,Low value / Low risk,0
3793-MMFUH,95.05,13,Month-to-month,1,High value,Medium risk,High value / Medium risk,1
5482-PLVPE,24.35,2,Month-to-month,1,Low value,High risk,Low value / High risk,1
7508-SMHXL,89.0,15,Month-to-month,0,High value,Medium risk,High value / Medium risk,1
9512-PHSMG,20.55,10,Month-to-month,0,Low value,High risk,Low value / High risk,0
3566-VVORZ,45.9,12,Month-to-month,0,Low value,High risk,Low value / High risk,1
6486-LHTMA,90.7,31,One year,0,High value,Low risk,High value / Low risk,1
6345-ULYRW,88.4,44,One year,1,High value,Low risk,High value / Low risk,2
7831-QGOXH,85.2,18,Month-to-month,1,High value,Medium risk,High value / Medium risk,1
2351-BKRZW,75.2,43,Two year,0,Mid value,Low risk,Mid value / Low risk,2
3663-MITLP,101.25,15,Month-to-month,1,High value,Medium risk,High value / Medium risk,1
3733-LSYCE,75.35,15,Month-to-month,0,Mid value,Medium risk,Mid value / Medium risk,1
7932-WPTDS,24.8,1,Month-to-month,1,Low value,High risk,Low value / High risk,1
3887-PBQAO,25.9,45,One year,0,Low value,Low risk,Low value / Low risk,0
9646-NMHXE,19.65,47,Two year,0,Low value,Low risk,Low value / Low risk,0
8680-CGLTP,58.75,29,One year,0,Mid value,Low risk,Mid value / Low risk,1
0253-ZTEOB,79.65,48,Two year,0,Mid value,Low risk,Mid value / Low risk,2
2017-CCBLH,20.0,8,Two year,0,Low value,Low risk,Low value / Low risk,0
5339-TJFEK,105.5,62,Month-to-month,0,High value,Medium risk,High value / Medium risk,2
9337-SRRNI,25.3,66,Two year,0,Low value,Low risk,Low value / Low risk,0
6734-CKRSM,20.0,3,Month-to-month,0,Low value,High risk,Low value / High risk,0
2731-GJRDG,109.55,32,One year,0,High value,Low risk,High value / Low risk,2
0786-VSSUD,39.0,16,Month-to-month,1,Low value,Medium risk,Low value / Medium risk,1
0691-NIKRI,105.95,40,One year,0,High value,Low risk,High value / Low risk,2
8388-DMKAE,20.25,8,Two year,0,Low value,Low risk,Low value / Low risk,0
1548-ARAGG,58.5,4,Month-to-month,0,Mid value,High risk,Mid value / High risk,1
7639-OPLNG,79.25,70,Two year,0,Mid value,Low risk,Mid value / Low risk,2
7242-QZLXF,25.3,1,Month-to-month,1,Low value,High risk,Low value / High risk,1
7821-DPRQE,107.7,68,Month-to-month,0,High value,Medium risk,High value / Medium risk,2
6981-TDRFT,54.3,44,One year,0,Mid value,Low risk,Mid value / Low risk,2
5309-TAIKL,62.8,7,Month-to-month,0,Mid value,High risk,Mid value / High risk,1
2176-LVPNX,89.85,71,Two year,0,High value,Low risk,High value / Low risk,2
0475-RIJEP,77.85,43,Month-to-month,1,Mid value,Medium risk,Mid value / Medium risk,1
5716-LIBJC,104.15,13,One year,0,High value,Low risk,High value / Low risk,1
6857-TKDJV,24.65,67,Two year,0,Low value,Low risk,Low value / Low risk,0
6849-WLEYG,19.75,1,Month-to-month,1,Low value,High risk,Low value / High risk,0
9805-FILKB,20.2,46,One year,0,Low value,Low risk,Low value / Low risk,0
6097-EQISJ,102.45,66,One year,1,High value,Low risk,High value / Low risk,2
2985-JUUBZ,74.55,40,Month-to-month,0,Mid value,Medium risk,Mid value / Medium risk,1
3351-NQLDI,94.35,67,One year,1,High value,Low risk,High value / Low risk,2
7107-UBYKY,25.75,35,Month-to-month,0,Low value,Medium risk,Low value / Medium risk,0
4106-HADHQ,80.0,39,One year,1,Mid value,Low risk,Mid value / Low risk,2
4759-TRPLW,70.4,1,Month-to-month,1,Mid value,High risk,Mid value / High risk,1
3498-LZGQZ,19.15,63,Two year,0,Low value,Low risk,Low value / Low risk,0
6876-ADESB,48.95,1,Month-to-month,1,Low value,High risk,Low value / High risk,1
9282-IZGQK,85.0,1,Month-to-month,1,High value,High risk,High value / High risk,1
4860-YZGZM,20.0,10,Month-to-month,0,Low value,High risk,Low value / High risk,0
1157-BQCUW,74.95,1,Month-to-month,1,Mid value,High risk,Mid value / High risk,1
5312-IRCFR,92.85,64,One year,0,High value,Low risk,High value / Low risk,2
4616-EWBNJ,20.1,16,One year,0,Low value,Low risk,Low value / Low risk,0
1265-BCFEO,80.45,71,Two year,0,Mid value,Low risk,Mid value / Low risk,2
2754-VDLTR,95.2,10,Month-to-month,1,High value,High risk,High value / High risk,1
5995-SNNEW,104.45,23,Month-to-month,0,High value,Medium risk,High value / Medium risk,1
9124-LHCJQ,85.45,1,Month-to-month,1,High value,High risk,High value / High risk,1
4189-NAKJS,51.55,26,One year,0,Mid value,Low risk,Mid value / Low risk,0
6250-CGGUN,84.4,54,One year,0,High value,Low risk,High value / Low risk,2
8128-YVJRG,79.65,7,Month-to-month,1,Mid value,High risk,Mid value / High risk,1
0303-WMMRN,19.25,5,Month-to-month,0,Low value,High risk,Low value / High risk,0
9445-SZLCH,97.35,36,Month-to-month,1,High value,Medium risk,High value / Medium risk,2
8861-HGGKB,86.45,10,Month-to-month,1,High value,High risk,High value / High risk,1
7343-EOBEU,23.6,3,Month-to-month,0,Low value,High risk,Low value / High risk,0
2100-BDNSN,67.95,5,Month-to-month,1,Mid value,High risk,Mid value / High risk,1
8749-JMNKX,93.8,51,Month-to-month,1,High value,Medium risk,High value / Medium risk,2
3750-RNQKR,19.45,12,Month-to-month,0,Low value,High risk,Low value / High risk,0
7674-YTAFD,79.95,33,One year,0,Mid value,Low risk,Mid value / Low risk,1
1376-HHBDV,48.8,30,Month-to-month,0,Low value,Medium risk,Low value / Medium risk,1
3669-WHAFY,115.15,71,Two year,0,High value,Low risk,High value / Low risk,2
7206-GZCDC,69.25,1,Month-to-month,1,Mid value,High risk,Mid value / High risk,1
4629-NRXKX,70.4,2,Month-to-month,1,Mid value,High risk,Mid value / High risk,1
5014-GSOUQ,19.95,13,Two year,0,Low value,Low risk,Low value / Low risk,0
2027-CWDNU,85.6,18,Month-to-month,0,High value,Medium risk,High value / Medium risk,1
5386-THSLQ,45.55,66,One year,0,Low value,Low risk,Low value / Low risk,2
2143-LJULT,25.25,67,Two year,0,Low value,Low risk,Low value / Low risk,0
6464-KEXXH,25.25,8,Month-to-month,0,Low value,High risk,Low value / High risk,0
9897-KXHCM,80.3,3,Month-to-month,1,Mid value,High risk,Mid value / High risk,1
8450-LUGUK,24.1,37,Two year,0,Low value,Low risk,Low value / Low risk,0
0136-IFMYD,109.95,69,Two year,0,High value,Low risk,High value / Low risk,2
6546-OPBBH,23.95,51,One year,0,Low value,Low risk,Low value / Low risk,0
7968-QUXNS,18.95,6,Month-to-month,0,Low value,High risk,Low value / High risk,0
7305-ZWMAJ,20.7,30,One year,0,Low value,Low risk,Low value / Low risk,0
6963-KQYQB,24.05,70,Two year,0,Low value,Low risk,Low value / Low risk,0
1498-NHTLT,86.75,59,Two year,0,High value,Low risk,High value / Low risk,2
1307-TVUFB,79.35,42,Month-to-month,0,Mid value,Medium risk,Mid value / Medium risk,1
7721-DVEKZ,19.65,1,Month-to-month,0,Low value,High risk,Low value / High risk,0
3806-YAZOV,18.8,3,Month-to-month,0,Low value,High risk,Low value / High risk,0
8413-VONUO,95.65,2,Month-to-month,1,High value,High risk,High value / High risk,1
3078-ZKNTS,19.75,13,Two year,0,Low value,Low risk,Low value / Low risk,0
5445-GLVOT,49.8,22,Month-to-month,0,Low value,Medium risk,Low value / Medium risk,1
7409-JURKQ,111.8,53,One year,0,High value,Low risk,High value / Low risk,2
3410-MHHUM,94.4,44,One year,0,High value,Low risk,High value / Low risk,2
5914-XRFQB,115.8,72,Two year,0,High value,Low risk,High value / Low risk,2
7929-SKFGK,114.3,70,Two year,0,High value,Low risk,High value / Low risk,2
3717-OFRTN,19.75,1,Month-to-month,0,Low value,High risk,Low value / High risk,0
0567-GGCAC,61.4,7,Month-to-month,0,Mid value,High risk,Mid value / High risk,1
4829-ZLJTK,112.4,72,Two year,0,High value,Low risk,High value / Low risk,2
3855-ONCAR,78.9,4,Month-to-month,0,Mid value,High risk,Mid value / High risk,1
2012-NWRPA,99.55,11,Month-to-month,1,High value,High risk,High value / High risk,1
0578-SKVMF,83.3,22,Month-to-month,1,Mid value,Medium risk,Mid value / Medium risk,1
0512-FLFDW,100.5,60,One year,0,High value,Low risk,High value / Low risk,2
6156-UZDLF,87.15,26,One year,0,High value,Low risk,High value / Low risk,1
5394-SVGJV,98.8,37,Month-to-month,1,High value,Medium risk,High value / Medium risk,2
3992-YWPKO,109.9,6,Month-to-month,1,High value,High risk,High value / High risk,1
2362-IBOOY,84.75,36,Month-to-month,1,High value,Medium risk,High value / Medium risk,1
0229-LFJAF,69.65,72,Two year,0,Mid value,Low risk,Mid value / Low risk,2
4778-IZARL,110.1,63,Two year,0,High value,Low risk,High value / Low risk,2
2595-KIWPV,19.7,27,Two year,0,Low value,Low risk,Low value / Low risk,0
5208-HFSBT,55.05,2,Month-to-month,1,Mid value,High risk,Mid value / High risk,1
2946-KIQSP,33.45,35,Month-to-month,0,Low value,Medium risk,Low value / Medium risk,1
5312-TSZVC,19.65,15,One year,0,Low value,Low risk,Low value / Low risk,0
4441-NIHPT,74.3,13,Month-to-month,1,Mid value,Medium risk,Mid value / Medium risk,1
9058-HRZSV,94.4,65,Month-to-month,0,High value,Medium risk,High value / Medium risk,2
1518-VOWAV,74.65,9,Month-to-month,1,Mid value,High risk,Mid value / High risk,1
7379-FNIUJ,100.2,2,Month-to-month,0,High value,High risk,High value / High risk,1
4817-QRJSX,81.0,10,Month-to-month,1,Mid value,High risk,Mid value / High risk,1
0486-LGCCH,19.65,11,Two year,0,Low value,Low risk,Low value / Low risk,0
9531-NSBMR,19.25,36,One year,0,Low value,Low risk,Low value / Low risk,0
0822-QGCXA,83.85,27,Month-to-month,0,Mid value,Medium risk,Mid value / Medium risk,1
3544-FBCAS,83.6,72,Two year,0,Mid value,Low risk,Mid value / Low risk,2
0916-KNFAJ,69.9,61,Two year,0,Mid value,Low risk,Mid value / Low risk,2
0193-ESZXP,105.5,58,One year,1,High value,Low risk,High value / Low risk,2
0428-IKYCP,87.0,22,Month-to-month,0,High value,Medium risk,High value / Medium risk,1
7330-WZLNC,90.8,5,Month-to-month,1,High value,High risk,High value / High risk,1
1597-LHYNC,95.0,26,Month-to-month,1,High value,Medium risk,High value / Medium risk,1
9705-IOVQQ,99.0,61,One year,0,High value,Low risk,High value / Low risk,2
2474-BRUCM,101.85,40,Month-to-month,1,High value,Medium risk,High value / Medium risk,2
8065-BVEPF,99.1,65,Month-to-month,0,High value,Medium risk,High value / Medium risk,2
2081-VEYEH,107.95,3,Month-to-month,0,High value,High risk,High value / High risk,1
7801-CEDNV,48.7,27,One year,0,Low value,Low risk,Low value / Low risk,1
5736-YEJAX,79.45,69,Two year,0,Mid value,Low risk,Mid value / Low risk,2
8510-TMWYB,59.8,54,Two year,0,Mid value,Low risk,Mid value / Low risk,2
2038-YSEZE,67.45,29,Month-to-month,0,Mid value,Medium risk,Mid value / Medium risk,1
4847-TAJYI,89.35,6,Month-to-month,0,High value,High risk,High value / High risk,1
6082-GLJIX,19.25,18,Month-to-month,0,Low value,Medium risk,Low value / Medium risk,0
5832-XKAES,69.8,2,Month-to-month,1,Mid value,High risk,Mid value / High risk,1
9867-NNXLC,20.05,22,Month-to-month,0,Low value,Medium risk,Low value / Medium risk,0
7850-THJMU,19.65,26,Two year,0,Low value,Low risk,Low value / Low risk,0
3797-FKOGQ,86.2,11,Month-to-month,0,High value,High risk,High value / High risk,1
8647-SDTWQ,74.3,57,Month-to-month,0,Mid value,Medium risk,Mid value / Medium risk,1
0690-SRQID,19.65,4,Month-to-month,0,Low value,High risk,Low value / High risk,0
0362-ZBZWJ,84.9,36,Month-to-month,1,High value,Medium risk,High value / Medium risk,1
6729-FZWSY,19.45,67,One year,0,Low value,Low risk,Low value / Low risk,0
2338-BQEZT,50.55,55,Month-to-month,0,Mid value,Medium risk,Mid value / Medium risk,1
1194-HVAIF,95.0,27,Month-to-month,0,High value,Medium risk,High value / Medium risk,1
0887-HJGAR,45.7,1,Month-to-month,1,Low value,High risk,Low value / High risk,1
8957-THMOA,20.15,50,Two year,0,Low value,Low risk,Low value / Low risk,0
8197-BFWVU,93.25,72,Two year,0,High value,Low risk,High value / Low risk,2
4484-CGXFK,55.3,3,Month-to-month,1,Mid value,High risk,Mid value / High risk,1
1837-YQUCE,58.35,70,Two year,0,Mid value,Low risk,Mid value / Low risk,2
0835-JKADZ,111.25,71,Two year,0,High value,Low risk,High value / Low risk,2
0031-PVLZI,20.35,4,Month-to-month,1,Low value,High risk,Low value / High risk,0
5405-ZMYXQ,74.6,8,Month-to-month,0,Mid value,High risk,Mid value / High risk,1
3043-SUDUA,19.9,32,Month-to-month,0,Low value,Medium risk,Low value / Medium risk,0
4123-FCVCB,75.85,12,One year,0,Mid value,Low risk,Mid value / Low risk,1
8734-DKSTZ,85.95,10,Month-to-month,0,High value,High risk,High value / High risk,1
7716-YTYHG,82.05,48,One year,1,Mid value,Low risk,Mid value / Low risk,2
1447-PJGGA,95.25,57,Two year,1,High value,Low risk,High value / Low risk,2
0570-BFQHT,80.55,9,Month-to-month,0,Mid value,High risk,Mid value / High risk,1
8802-UNOJF,83.8,12,Month-to-month,1,Mid value,High risk,Mid value / High risk,1
3165-HDOEW,45.85,1,Month-to-month,1,Low value,High risk,Low value / High risk,1
6633-SYEUS,83.2,23,Month-to-month,0,Mid value,Medium risk,Mid value / Medium risk,1
3262-EIDHV,84.7,72,Two year,0,High value,Low risk,High value / Low risk,2
6128-CZOMY,45.65,1,Month-to-month,1,Low value,High risk,Low value / High risk,1
1850-AKQEP,20.35,8,Month-to-month,0,Low value,High risk,Low value / High risk,0
0030-FNXPP,19.85,3,Month-to-month,0,Low value,High risk,Low value / High risk,0
8969-PRHFK,19.65,18,One year,0,Low value,Low risk,Low value / Low risk,0
5590-BYNII,100.75,22,Month-to-month,1,High value,Medium risk,High value / Medium risk,1
4609-KNNWG,19.9,27,Two year,0,Low value,Low risk,Low value / Low risk,0
4803-AXVYP,99.55,38,Month-to-month,1,High value,Medium risk,High value / Medium risk,2
3580-HYCSP,110.3,72,Two year,0,High value,Low risk,High value / Low risk,2
7306-YDSOI,59.75,69,Two year,0,Mid value,Low risk,Mid value / Low risk,2
3088-LHEFH,79.0,11,Month-to-month,0,Mid value,High risk,Mid value / High risk,1
3190-FZATL,19.95,14,Month-to-month,0,Low value,Medium risk,Low value / Medium risk,0
9297-FVVDH,84.5,57,Two year,0,High value,Low risk,High value / Low risk,2
5627-TVBPP,20.1,35,One year,0,Low value,Low risk,Low value / Low risk,0
3090-LETTY,60.95,2,Month-to-month,0,Mid value,High risk,Mid value / High risk,1
8118-LSUEL,106.4,23,Month-to-month,1,High value,Medium risk,High value / Medium risk,1
2068-WWXQZ,20.05,46,Two year,0,Low value,Low risk,Low value / Low risk,0
2882-DDZPG,19.45,12,Month-to-month,0,Low value,High risk,Low value / High risk,0
5816-SCGFC,51.3,7,Month-to-month,0,Mid value,High risk,Mid value / High risk,1
3283-WCWXT,25.4,6,Two year,0,Low value,Low risk,Low value / Low risk,0
3276-HDUEG,75.05,1,Month-to-month,1,Mid value,High risk,Mid value / High risk,1
9488-FYQAU,109.25,63,Two year,0,High value,Low risk,High value / Low risk,2
7839-NUIAA,59.8,61,Month-to-month,0,Mid value,Medium risk,Mid value / Medium risk,2
4673-KKSLS,87.6,31,Month-to-month,0,High value,Medium risk,High value / Medium risk,1
5998-VVEJY,80.5,26,Month-to-month,1,Mid value,Medium risk,Mid value / Medium risk,1
9342-VNIMQ,54.65,33,Month-to-month,0,Mid value,Medium risk,Mid value / Medium risk,1
5360-XGYAZ,65.65,72,Two year,0,Mid value,Low risk,Mid value / Low risk,2
7576-ASEJU,74.7,41,One year,0,Mid value,Low risk,Mid value / Low risk,2
7711-YIJWC,84.9,61,One year,0,High value,Low risk,High value / Low risk,2
6508-NJYRO,18.8,15,One year,0,Low value,Low risk,Low value / Low risk,0
1925-LFCZZ,50.05,55,One year,0,Low value,Low risk,Low value / Low risk,2
4566-GOLUK,107.35,47,Month-to-month,1,High value,Medium risk,High value / Medium risk,2
0406-BPDVR,101.5,54,One year,1,High value,Low risk,High value / Low risk,2
2676-ISHSF,20.3,1,Month-to-month,0,Low value,High risk,Low value / High risk,0
5630-IXDXV,106.35,47,Month-to-month,0,High value,Medium risk,High value / Medium risk,2
8894-JVDCV,115.05,62,One year,0,High value,Low risk,High value / Low risk,2
6980-CDGFC,20.85,67,One year,0,Low value,Low risk,Low value / Low risk,0
7349-ALMUX,65.6,37,Two year,0,Mid value,Low risk,Mid value / Low risk,2
3055-OYMSE,73.8,53,Month-to-month,0,Mid value,Medium risk,Mid value / Medium risk,2
6418-PIQSP,81.0,62,Two year,0,Mid value,Low risk,Mid value / Low risk,2
8317-BVKSO,20.05,14,Month-to-month,0,Low value,Medium risk,Low value / Medium risk,0
7623-HKYRK,19.7,6,Month-to-month,0,Low value,High risk,Low value / High risk,0
9323-HGFWY,101.9,27,One year,0,High value,Low risk,High value / Low risk,2
5567-GZKQY,20.3,58,Two year,0,Low value,Low risk,Low value / Low risk,0
5536-RTPWK,99.05,49,Month-to-month,1,High value,Medium risk,High value / Medium risk,2
7103-ZGVNT,73.7,69,One year,0,Mid value,Low risk,Mid value / Low risk,2
5816-JMLGY,80.4,70,Two year,0,Mid value,Low risk,Mid value / Low risk,2
7243-LCGGZ,20.9,1,Month-to-month,0,Low value,High risk,Low value / High risk,0
9987-LUTYD,55.15,13,One year,0,Mid value,Low risk,Mid value / Low risk,1
4367-NHWMM,24.9,1,Month-to-month,0,Low value,High risk,Low value / High risk,0
7020-OZKXZ,75.5,9,Month-to-month,0,Mid value,High risk,Mid value / High risk,1
2636-SJDOU,84.3,64,One year,0,High value,Low risk,High value / Low risk,2
1230-QAJDW,65.25,3,Month-to-month,0,Mid value,High risk,Mid value / High risk,1
1089-HDMKP,54.55,11,Month-to-month,0,Mid value,High risk,Mid value / High risk,1
4139-JPIAM,44.45,51,Month-to-month,0,Low value,Medium risk,Low value / Medium risk,1
4942-VZZOM,66.15,64,One year,0,Mid value,Low risk,Mid value / Low risk,2
6131-JLWZM,20.3,13,Month-to-month,0,Low value,Medium risk,Low value / Medium risk,0
3884-HCSWG,70.0,17,Month-to-month,1,Mid value,Medium risk,Mid value / Medium risk,1
4644-PIZRT,70.35,17,One year,0,Mid value,Low risk,Mid value / Low risk,1
9750-BOOHV,30.15,32,One year,0,Low value,Low risk,Low value / Low risk,0
5208-FVQKB,67.95,70,Two year,0,Mid value,Low risk,Mid value / Low risk,2
1761-AEZZR,79.55,1,Month-to-month,1,Mid value,High risk,Mid value / High risk,1
7607-QKKTJ,95.0,45,One year,0,High value,Low risk,High value / Low risk,2
4720-VSTSI,84.8,44,Month-to-month,1,High value,Medium risk,High value / Medium risk,2
5197-YPYBZ,25.25,12,Two year,0,Low value,Low risk,Low value / Low risk,0
1591-XWLGB,19.85,71,Two year,0,Low value,Low risk,Low value / Low risk,0
7598-UAASY,76.4,2,Month-to-month,1,Mid value,High risk,Mid value / High risk,1
4765-OXPPD,65.0,9,Month-to-month,1,Mid value,High risk,Mid value / High risk,1
1329-VHWNP,25.05,7,Month-to-month,0,Low value,High risk,Low value / High risk,0
3583-KRKMD,75.9,18,Month-to-month,0,Mid value,Medium risk,Mid value / Medium risk,1
8111-RKSPX,72.2,4,Month-to-month,1,Mid value,High risk,Mid value / High risk,1
6040-CGACY,19.6,15,Month-to-month,0,Low value,Medium risk,Low value / Medium risk,0
3705-RHRFR,99.15,69,Two year,0,High value,Low risk,High value / Low risk,2
6595-COKXZ,44.45,1,Month-to-month,1,Low value,High risk,Low value / High risk,1
7503-ZGUZJ,84.65,1,Month-to-month,1,High value,High risk,High value / High risk,1
9795-VOWON,24.35,7,One year,0,Low value,Low risk,Low value / Low risk,0
6762-QVYJO,59.75,58,Two year,0,Mid value,Low risk,Mid value / Low risk,2
9659-QEQSY,115.65,45,Month-to-month,0,High value,Medium risk,High value / Medium risk,2
0930-EHUZA,76.35,36,One year,0,Mid value,Low risk,Mid value / Low risk,2
9774-NRNAU,84.8,27,Month-to-month,0,High value,Medium risk,High value / Medium risk,2
2378-VTKDH,104.35,65,Month-to-month,0,High value,Medium risk,High value / Medium risk,2
1480-BKXGA,116.05,72,Two year,0,High value,Low risk,High value / Low risk,2
2706-QZIHY,25.2,15,Two year,0,Low value,Low risk,Low value / Low risk,0
3234-VKACU,70.3,2,Month-to-month,0,Mid value,High risk,Mid value / High risk,1
9518-RWHZL,100.05,64,One year,1,High value,Low risk,High value / Low risk,2
9330-IJWIO,100.35,13,Month-to-month,1,High value,Medium risk,High value / Medium risk,1
9477-LGWQI,80.15,70,Two year,0,Mid value,Low risk,Mid value / Low risk,2
4349-GFQHK,54.35,1,Month-to-month,1,Mid value,High risk,Mid value / High risk,1
3771-PZOBW,90.7,20,Month-to-month,0,High value,Medium risk,High value / Medium risk,1
5075-JSDKI,24.45,59,Two year,0,Low value,Low risk,Low value / Low risk,0
2675-OTVVJ,89.45,31,Month-to-month,0,High value,Medium risk,High value / Medium risk,1
7541-YLXCL,65.4,36,One year,1,Mid value,Low risk,Mid value / Low risk,1
1455-ESIQH,89.1,1,Month-to-month,1,High value,High risk,High value / High risk,1
3148-BLQJT,20.1,1,Month-to-month,1,Low value,High risk,Low value / High risk,0
1991-VOPLL,19.05,9,Month-to-month,0,Low value,High risk,Low value / High risk,0
1333-PBMXB,24.75,54,One year,0,Low value,Low risk,Low value / Low risk,0
9063-ZGTUY,19.4,61,Month-to-month,1,Low value,Medium risk,Low value / Medium risk,0
3074-GQWYX,75.9,5,Month-to-month,1,Mid value,High risk,Mid value / High risk,1
1163-ONYEY,74.55,41,Month-to-month,0,Mid value,Medium risk,Mid value / Medium risk,2
5766-FTRTS,84.45,72,Two year,0,High value,Low risk,High value / Low risk,2
8725-JEDFD,69.05,27,Month-to-month,0,Mid value,Medium risk,Mid value / Medium risk,1
9863-JZAIC,55.0,35,Month-to-month,1,Mid value,Medium risk,Mid value / Medium risk,1
5565-FILXA,96.15,16,Month-to-month,1,High value,Medium risk,High value / Medium risk,1
9847-HNVGP,19.95,17,One year,0,Low value,Low risk,Low value / Low risk,0
5201-CBWYG,24.8,62,One year,0,Low value,Low risk,Low value / Low risk,0
0021-IKXGC,72.1,1,Month-to-month,0,Mid value,High risk,Mid value / High risk,1
6599-GZWCM,74.65,13,One year,0,Mid value,Low risk,Mid value / Low risk,1
8065-YKXKD,74.75,10,Month-to-month,1,Mid value,High risk,Mid value / High risk,1
2235-ZGKPT,50.85,4,Month-to-month,1,Mid value,High risk,Mid value / High risk,1
7665-VIGUD,20.35,10,One year,0,Low value,Low risk,Low value / Low risk,0
8708-XPXHZ,94.2,42,Month-to-month,1,High value,Medium risk,High value / Medium risk,2
2542-HYGIQ,19.95,1,Month-to-month,0,Low value,High risk,Low value / High risk,0
3092-IGHWF,87.4,67,One year,1,High value,Low risk,High value / Low risk,2
7064-JHXCE,20.05,62,Two year,0,Low value,Low risk,Low value / Low risk,0
7268-IGMFD,93.9,18,Month-to-month,0,High value,Medium risk,High value / Medium risk,1
7517-LDMPS,84.6,12,Month-to-month,0,High value,High risk,High value / High risk,1
8344-WFMFH,50.1,9,Month-to-month,0,Low value,High risk,Low value / High risk,1
2509-TFPJU,25.75,72,Two year,0,Low value,Low risk,Low value / Low risk,0
1955-IBMMB,20.2,59,Two year,0,Low value,Low risk,Low value / Low risk,0
8080-POTJR,79.3,30,One year,0,Mid value,Low risk,Mid value / Low risk,2
9402-CXWPL,98.9,70,One year,0,High value,Low risk,High value / Low risk,2
7673-BQGKU,20.15,69,Two year,0,Low value,Low risk,Low value / Low risk,0
7634-HLQJR,20.05,47,Two year,0,Low value,Low risk,Low value / Low risk,0
1699-HPSBG,59.8,12,One year,1,Mid value,Low risk,Mid value / Low risk,1
4471-KXAUH,84.3,42,Month-to-month,1,High value,Medium risk,High value / Medium risk,1
4791-QRGMF,99.5,59,One year,1,High value,Low risk,High value / Low risk,2
0481-SUMCB,102.15,45,One year,0,High value,Low risk,High value / Low risk,2
5976-JCJRH,70.3,10,Month-to-month,1,Mid value,High risk,Mid value / High risk,1
7696-AMHOD,78.0,49,One year,0,Mid value,Low risk,Mid value / Low risk,2
4534-WGCIR,25.15,58,Two year,0,Low value,Low risk,Low value / Low risk,0
8399-YNDCH,60.05,21,Month-to-month,1,Mid value,Medium risk,Mid value / Medium risk,1
0840-DFEZH,75.35,7,Month-to-month,0,Mid value,High risk,Mid value / High risk,1
9931-DCEZH,54.4,28,One year,0,Mid value,Low risk,Mid value / Low risk,1
3001-CBHLQ,104.9,32,Month-to-month,1,High value,Medium risk,High value / Medium risk,2
2014-MKGMH,101.1,46,One year,0,High value,Low risk,High value / Low risk,2
7526-BEZQB,96.05,12,Month-to-month,1,High value,High risk,High value / High risk,1
7394-FKDNK,89.45,9,Month-to-month,1,High value,High risk,High value / High risk,1
2696-NARTR,73.85,11,Month-to-month,1,Mid value,High risk,Mid value / High risk,1
4195-SMMNX,20.35,2,Month-to-month,1,Low value,High risk,Low value / High risk,0
0220-EBGCE,85.85,2,Month-to-month,1,High value,High risk,High value / High risk,1
3870-MQAMG,110.35,54,One year,1,High value,Low risk,High value / Low risk,2
9058-MJLZC,94.6,24,Month-to-month,0,High value,Medium risk,High value / Medium risk,1
7245-NIIWQ,69.85,3,Month-to-month,0,Mid value,High risk,Mid value / High risk,1
7359-PTSXY,45.75,1,Month-to-month,1,Low value,High risk,Low value / High risk,1
1338-CECEE,68.5,41,One year,0,Mid value,Low risk,Mid value / Low risk,2
2911-UREFD,55.9,39,Month-to-month,1,Mid value,Medium risk,Mid value / Medium risk,1
0895-LNKRC,19.45,6,One year,0,Low value,Low risk,Low value / Low risk,0
8148-NLEGT,22.95,42,Two year,0,Low value,Low risk,Low value / Low risk,0
1641-RQDAY,100.4,32,Month-to-month,0,High value,Medium risk,High value / Medium risk,1
7501-VTYLJ,51.55,2,Month-to-month,0,Mid value,High risk,Mid value / High risk,1
3308-JSGML,64.05,59,Two year,0,Mid value,Low risk,Mid value / Low risk,2
6457-USBER,80.8,1,Month-to-month,1,Mid value,High risk,Mid value / High risk,1
5384-ZTTWP,19.8,15,Month-to-month,0,Low value,Medium risk,Low value / Medium risk,0
8003-EWNDZ,21.2,10,Month-to-month,0,Low value,High risk,Low value / High risk,0
5605-IYGFG,69.85,7,Month-to-month,0,Mid value,High risk,Mid value / High risk,1
2070-XYMFH,79.35,23,Month-to-month,0,Mid value,Medium risk,Mid value / Medium risk,1
8232-UTFOZ,19.95,69,Two year,0,Low value,Low risk,Low value / Low risk,0
3956-CJUST,75.4,23,Month-to-month,0,Mid value,Medium risk,Mid value / Medium risk,1
7013-PSXHK,80.75,40,One year,0,Mid value,Low risk,Mid value / Low risk,2
9152-AMKAK,80.25,6,Two year,0,Mid value,Low risk,Mid value / Low risk,1
8178-EYZUO,93.7,46,Month-to-month,1,High value,Medium risk,High value / Medium risk,2
2007-QVGAW,19.35,68,Two year,0,Low value,Low risk,Low value / Low risk,0
4567-AKPIA,109.1,41,One year,0,High value,Low risk,High value / Low risk,2
8292-FRFZQ,41.15,39,One year,0,Low value,Low risk,Low value / Low risk,1
4338-EYCER,54.6,21,Month-to-month,0,Mid value,Medium risk,Mid value / Medium risk,1
7147-AYBAA,70.35,37,Month-to-month,0,Mid value,Medium risk,Mid value / Medium risk,1
3070-BDOQC,99.65,60,Two year,0,High value,Low risk,High value / Low risk,2
8670-MEFCP,92.9,36,Two year,0,High value,Low risk,High value / Low risk,2
9137-UIYPG,106.9,35,Month-to-month,0,High value,Medium risk,High value / Medium risk,2
6234-RAAPL,99.9,72,Two year,0,High value,Low risk,High value / Low risk,2
5997-OPVFA,89.05,72,Two year,0,High value,Low risk,High value / Low risk,2
5027-QPKTE,69.35,7,Month-to-month,1,Mid value,High risk,Mid value / High risk,1
8309-IEYJD,70.6,1,Month-to-month,0,Mid value,High risk,Mid value / High risk,1
5730-DBDSI,19.7,66,Two year,0,Low value,Low risk,Low value / Low risk,0
7954-MLBUN,99.45,31,Two year,0,High value,Low risk,High value / Low risk,2
4626-GYCZP,93.85,7,Month-to-month,1,High value,High risk,High value / High risk,1
2260-USTRB,70.2,2,Month-to-month,1,Mid value,High risk,Mid value / High risk,1
1732-FEKLD,94.75,54,One year,0,High value,Low risk,High value / Low risk,2
2565-JSLRY,24.05,1,Month-to-month,1,Low value,High risk,Low value / High risk,0
5676-CFLYY,73.35,71,Two year,0,Mid value,Low risk,Mid value / Low risk,2
9367-OIUXP,20.7,4,Month-to-month,0,Low value,High risk,Low value / High risk,0
1678-FYZOW,79.4,3,Month-to-month,1,Mid value,High risk,Mid value / High risk,1
8773-HHUOZ,64.7,17,Month-to-month,1,Mid value,Medium risk,Mid value / Medium risk,1
7639-LIAYI,79.75,52,Two year,0,Mid value,Low risk,Mid value / Low risk,2
8610-ZIKJJ,20.3,2,One year,0,Low value,Low risk,Low value / Low risk,0
1113-IUJYX,105.95,14,One year,1,High value,Low risk,High value / Low risk,1
3468-DRVQJ,70.3,10,One year,0,Mid value,Low risk,Mid value / Low risk,1
5067-DGXLL,20.25,2,Month-to-month,0,Low value,High risk,Low value / High risk,0
3950-VPYJB,59.6,57,One year,0,Mid value,Low risk,Mid value / Low risk,2
6078-VESFR,70.45,13,Month-to-month,0,Mid value,Medium risk,Mid value / Medium risk,1
8979-CAMGB,102.1,64,One year,0,High value,Low risk,High value / Low risk,2
8745-PVESG,41.1,57,One year,0,Low value,Low risk,Low value / Low risk,2
6556-DBKZF,76.05,71,Two year,0,Mid value,Low risk,Mid value / Low risk,2
9617-INGJY,70.6,1,Month-to-month,0,Mid value,High risk,Mid value / High risk,1
8816-VXNZD,75.1,1,Month-to-month,1,Mid value,High risk,Mid value / High risk,1
4146-SVFUD,44.6,1,Month-to-month,0,Low value,High risk,Low value / High risk,1
2858-EIMXH,95.85,53,One year,0,High value,Low risk,High value / Low risk,2
5673-FSSMF,60.15,1,Month-to-month,1,Mid value,High risk,Mid value / High risk,1
0575-CUQOV,97.95,60,One year,0,High value,Low risk,High value / Low risk,2
8356-WUAOJ,45.0,1,Month-to-month,0,Low value,High risk,Low value / High risk,1
9560-ARGQJ,81.0,16,Month-to-month,1,Mid value,Medium risk,Mid value / Medium risk,1
7706-YLMQA,19.7,70,One year,0,Low value,Low risk,Low value / Low risk,0
3224-DFQNQ,89.0,66,One year,0,High value,Low risk,High value / Low risk,2
7133-VBDCG,79.85,25,Month-to-month,1,Mid value,Medium risk,Mid value / Medium risk,1
7302-ZHMHP,19.15,1,Month-to-month,0,Low value,High risk,Low value / High risk,0
9207-ZPANB,67.45,37,One year,0,Mid value,Low risk,Mid value / Low risk,2
1725-MIMXW,19.45,1,Month-to-month,1,Low value,High risk,Low value / High risk,0
4210-QFJMF,79.15,4,Month-to-month,1,Mid value,High risk,Mid value / High risk,1
0374-IOEGQ,44.6,3,Month-to-month,0,Low value,High risk,Low value / High risk,1
3301-LSLWQ,66.1,29,Month-to-month,0,Mid value,Medium risk,Mid value / Medium risk,1
9068-VPWQQ,75.35,61,Two year,0,Mid value,Low risk,Mid value / Low risk,2
8628-MFKAX,116.75,72,Two year,0,High value,Low risk,High value / Low risk,2
9625-QNLUX,103.25,68,Two year,0,High value,Low risk,High value / Low risk,2
1066-JKSGK,20.15,1,Month-to-month,1,Low value,High risk,Low value / High risk,0
6582-PLFUU,19.55,51,Two year,0,Low value,Low risk,Low value / Low risk,0
7089-IVVAZ,103.35,8,Month-to-month,1,High value,High risk,High value / High risk,1
2988-QRAJY,110.05,69,Two year,0,High value,Low risk,High value / Low risk,2
1345-ZUKID,19.35,14,One year,0,Low value,Low risk,Low value / Low risk,0
4553-DVPZG,101.35,62,Month-to-month,0,High value,Medium risk,High value / Medium risk,2
5371-VYLSX,83.4,50,Month-to-month,0,Mid value,Medium risk,Mid value / Medium risk,2
0310-SUCIN,84.8,71,One year,0,High value,Low risk,High value / Low risk,2
7931-PXHFC,62.3,38,One year,1,Mid value,Low risk,Mid value / Low risk,1
0946-CLJTI,98.7,58,Month-to-month,1,High value,Medium risk,High value / Medium risk,2
1371-OJCEK,24.35,48,One year,0,Low value,Low risk,Low value / Low risk,0
5673-TIYIB,40.4,2,Month-to-month,1,Low value,High risk,Low value / High risk,1
5832-EXGTT,60.2,29,Month-to-month,0,Mid value,Medium risk,Mid value / Medium risk,1
9795-SHUHB,58.2,66,Two year,0,Mid value,Low risk,Mid value / Low risk,2
3763-GCZHZ,104.05,66,One year,1,High value,Low risk,High value / Low risk,2
5126-RCXYW,46.0,54,Two year,0,Low value,Low risk,Low value / Low risk,2
8232-CTLKO,59.75,66,Two year,0,Mid value,Low risk,Mid value / Low risk,2
8499-BRXTD,20.1,18,One year,0,Low value,Low risk,Low value / Low risk,0
0822-GAVAP,34.7,2,Month-to-month,1,Low value,High risk,Low value / High risk,1
6837-BJYDQ,19.6,3,One year,0,Low value,Low risk,Low value / Low risk,0
0023-HGHWL,25.1,1,Month-to-month,1,Low value,High risk,Low value / High risk,1
1423-BMPBQ,19.0,1,Month-to-month,0,Low value,High risk,Low value / High risk,0
0419-YAAPX,85.3,49,Month-to-month,0,High value,Medium risk,High value / Medium risk,2
2226-ICFDO,85.9,72,Two year,0,High value,Low risk,High value / Low risk,2
7729-JTEEC,44.5,2,Month-to-month,0,Low value,High risk,Low value / High risk,1
6924-TDGMT,20.55,11,One year,0,Low value,Low risk,Low value / Low risk,0
7785-RDVIG,19.3,3,Month-to-month,0,Low value,High risk,Low value / High risk,0
5846-QFDFI,88.6,33,Month-to-month,0,High value,Medium risk,High value / Medium risk,1
0420-BWTPW,25.5,8,Month-to-month,1,Low value,High risk,Low value / High risk,0
3134-DSHVC,98.0,63,Two year,0,High value,Low risk,High value / Low risk,2
6861-OKBCE,20.1,11,Month-to-month,1,Low value,High risk,Low value / High risk,0
7665-NKLAV,40.65,36,Two year,0,Low value,Low risk,Low value / Low risk,1
5168-MSWXT,94.75,8,Month-to-month,0,High value,High risk,High value / High risk,1
2408-WITXK,34.7,10,Month-to-month,1,Low value,High risk,Low value / High risk,1
2276-YDAVZ,75.1,3,Month-to-month,1,Mid value,High risk,Mid value / High risk,1
5766-XQXMQ,68.85,29,Month-to-month,1,Mid value,Medium risk,Mid value / Medium risk,1
8259-DZLIZ,53.85,64,One year,0,Mid value,Low risk,Mid value / Low risk,2
7550-WIQVA,108.25,50,One year,0,High value,Low risk,High value / Low risk,2
5539-TMZLF,69.75,1,Month-to-month,1,Mid value,High risk,Mid value / High risk,1
9191-MYQKX,75.15,7,Month-to-month,1,Mid value,High risk,Mid value / High risk,1
0080-EMYVY,51.45,14,One year,0,Mid value,Low risk,Mid value / Low risk,1
5940-AHUHD,70.6,1,Month-to-month,1,Mid value,High risk,Mid value / High risk,1
6168-WFVVF,70.3,3,Month-to-month,1,Mid value,High risk,Mid value / High risk,1
5356-CSVSQ,64.6,3,Month-to-month,0,Mid value,High risk,Mid value / High risk,1
1618-CFHME,75.9,2,Month-to-month,1,Mid value,High risk,Mid value / High risk,1
3739-YBWAB,35.35,36,One year,0,Low value,Low risk,Low value / Low risk,0
0862-PRCBS,103.75,68,Two year,0,High value,Low risk,High value / Low risk,2
5813-UECBU,83.85,33,Month-to-month,1,Mid value,Medium risk,Mid value / Medium risk,1
9734-YWGEX,98.3,9,Month-to-month,1,High value,High risk,High value / High risk,1
9606-PBKBQ,85.0,32,Month-to-month,1,High value,Medium risk,High value / Medium risk,1
0156-FVPTA,54.2,22,Month-to-month,1,Mid value,Medium risk,Mid value / Medium risk,1
3427-GGZZI,89.1,19,Month-to-month,0,High value,Medium risk,High value / Medium risk,1
6695-FRVEC,60.4,67,Two year,0,Mid value,Low risk,Mid value / Low risk,2
9938-PRCVK,19.7,41,Two year,0,Low value,Low risk,Low value / Low risk,0
0378-TOVMS,85.8,3,Month-to-month,1,High value,High risk,High value / High risk,1
1241-FPMOF,19.65,52,Two year,0,Low value,Low risk,Low value / Low risk,0
2004-OCQXK,81.95,1,Month-to-month,1,Mid value,High risk,Mid value / High risk,1
3415-TAILE,65.7,2,Month-to-month,1,Mid value,High risk,Mid value / High risk,1
5318-IXUZF,87.15,2,Month-to-month,1,High value,High risk,High value / High risk,1
1735-XMJVH,19.35,8,Month-to-month,0,Low value,High risk,Low value / High risk,0
4690-PKDQG,95.55,42,Month-to-month,0,High value,Medium risk,High value / Medium risk,2
2398-YPMUR,70.15,13,Month-to-month,1,Mid value,Medium risk,Mid value / Medium risk,1
4080-OGPJL,71.15,8,Month-to-month,1,Mid value,High risk,Mid value / High risk,1
9451-WLYRI,19.05,53,One year,0,Low value,Low risk,Low value / Low risk,0
9274-UARKJ,83.2,15,Month-to-month,0,Mid value,Medium risk,Mid value / Medium risk,1
5057-LCOUI,50.75,39,Month-to-month,1,Mid value,Medium risk,Mid value / Medium risk,1
5649-TJHOV,36.5,27,Month-to-month,1,Low value,Medium risk,Low value / Medium risk,1
3178-FESZO,100.25,1,Month-to-month,1,High value,High risk,High value / High risk,1
9798-OPFEM,21.1,46,Two year,0,Low value,Low risk,Low value / Low risk,0
5453-AXEPF,80.5,17,Month-to-month,0,Mid value,Medium risk,Mid value / Medium risk,1
8249-THVEC,19.4,51,One year,0,Low value,Low risk,Low value / Low risk,0
2959-FENLU,85.3,9,Month-to-month,0,High value,High risk,High value / High risk,1
9233-PSYHO,100.15,45,One year,0,High value,Low risk,High value / Low risk,2
6837-HAEVO,105.0,69,Two year,0,High value,Low risk,High value / Low risk,2
1399-OUPJN,19.75,57,Two year,0,Low value,Low risk,Low value / Low risk,0
8050-WYBND,49.45,22,One year,0,Low value,Low risk,Low value / Low risk,1
7439-DKZTW,80.55,1,Month-to-month,0,Mid value,High risk,Mid value / High risk,1
2709-UQGNP,51.65,10,Month-to-month,0,Mid value,High risk,Mid value / High risk,1
0301-KOBTQ,20.05,32,Two year,0,Low value,Low risk,Low value / Low risk,0
4828-FAZPK,79.95,16,Month-to-month,0,Mid value,Medium risk,Mid value / Medium risk,1
8961-QDZZJ,95.0,57,One year,0,High value,Low risk,High value / Low risk,2
1057-FOGLZ,19.65,18,Month-to-month,0,Low value,Medium risk,Low value / Medium risk,0
4174-LPGTI,66.5,41,One year,1,Mid value,Low risk,Mid value / Low risk,2
7901-HXJVA,76.45,14,Month-to-month,0,Mid value,Medium risk,Mid value / Medium risk,1
7943-RQCHR,94.75,9,Month-to-month,1,High value,High risk,High value / High risk,1
8510-AWCXC,100.8,13,Month-to-month,1,High value,Medium risk,High value / Medium risk,1
1452-VOQCH,75.1,1,Month-to-month,0,Mid value,High risk,Mid value / High risk,1
8375-KVTHK,100.3,68,One year,0,High value,Low risk,High value / Low risk,2
7033-CLAMM,20.2,48,Two year,0,Low value,Low risk,Low value / Low risk,0
3606-TWKGI,106.9,13,Month-to-month,1,High value,Medium risk,High value / Medium risk,1
5493-SDRDQ,55.1,2,Month-to-month,1,Mid value,High risk,Mid value / High risk,1
5985-TBABQ,74.75,32,One year,0,Mid value,Low risk,Mid value / Low risk,1
2239-CGBUZ,60.5,51,One year,0,Mid value,Low risk,Mid value / Low risk,2
4110-PFEUZ,69.55,1,Month-to-month,1,Mid value,High risk,Mid value / High risk,1
6061-PQHMK,19.9,25,One year,0,Low value,Low risk,Low value / Low risk,0
7473-ZBDSN,18.8,14,Two year,0,Low value,Low risk,Low value / Low risk,0
1137-DGOWI,70.25,30,One year,0,Mid value,Low risk,Mid value / Low risk,2
9739-JLPQJ,117.5,72,Two year,0,High value,Low risk,High value / Low risk,2
5018-GWURO,85.6,56,Month-to-month,0,High value,Medium risk,High value / Medium risk,2
6176-YJWAS,97.95,72,Two year,0,High value,Low risk,High value / Low risk,2
6518-PPLMZ,19.4,53,Two year,0,Low value,Low risk,Low value / Low risk,0
8963-JLGJT,55.9,3,Month-to-month,0,Mid value,High risk,Mid value / High risk,1
3208-YPIOE,75.25,39,Month-to-month,1,Mid value,Medium risk,Mid value / Medium risk,1
4289-DTDKW,101.3,40,Month-to-month,1,High value,Medium risk,High value / Medium risk,2
3507-GASNP,19.95,60,Two year,0,Low value,Low risk,Low value / Low risk,0
2200-DSAAL,80.65,68,Two year,0,Mid value,Low risk,Mid value / Low risk,2
1960-UOTYM,79.2,52,Two year,0,Mid value,Low risk,Mid value / Low risk,2
8328-SKJNO,40.65,23,One year,0,Low value,Low risk,Low value / Low risk,1
9548-LIGTA,81.05,61,Two year,0,Mid value,Low risk,Mid value / Low risk,2
9972-EWRJS,19.25,67,Two year,0,Low value,Low risk,Low value / Low risk,0
5485-ITNPC,85.9,66,Two year,0,High value,Low risk,High value / Low risk,2
7089-RKVSZ,24.4,8,One year,0,Low value,Low risk,Low value / Low risk,0
4504-YOULA,59.45,35,Month-to-month,0,Mid value,Medium risk,Mid value / Medium risk,1
8046-DNVTL,38.6,62,Two year,0,Low value,Low risk,Low value / Low risk,2
2792-LSHWX,83.4,1,Month-to-month,0,Mid value,High risk,Mid value / High risk,1
5996-DAOQL,20.45,1,Month-to-month,0,Low value,High risk,Low value / High risk,0
5465-BUBFA,19.3,41,Two year,0,Low value,Low risk,Low value / Low risk,0
5663-QBGIS,98.35,72,Two year,0,High value,Low risk,High value / Low risk,2
2462-XIIJB,92.5,5,Month-to-month,1,High value,High risk,High value / High risk,1
5322-TEUJK,114.6,71,Two year,0,High value,Low risk,High value / Low risk,2
8473-VUVJN,73.65,1,Month-to-month,1,Mid value,High risk,Mid value / High risk,1
6650-VJONK,43.85,1,Month-to-month,0,Low value,High risk,Low value / High risk,1
6485-QXWWE,26.0,62,Two year,0,Low value,Low risk,Low value / Low risk,0
2888-ADFAO,21.3,47,Two year,0,Low value,Low risk,Low value / Low risk,0
4385-GZQXV,94.45,16,Month-to-month,1,High value,Medium risk,High value / Medium risk,1
4455-BFSPD,101.15,61,One year,0,High value,Low risk,High value / Low risk,2
9347-AERRL,19.3,23,One year,0,Low value,Low risk,Low value / Low risk,0
1513-XNPPH,89.4,12,Month-to-month,1,High value,High risk,High value / High risk,1
7336-RLLRH,80.85,27,One year,0,Mid value,Low risk,Mid value / Low risk,1
6188-UXBBR,20.25,38,One year,0,Low value,Low risk,Low value / Low risk,0
4716-MRVEN,20.0,29,One year,0,Low value,Low risk,Low value / Low risk,0
3913-RDSJZ,25.55,64,Two year,0,Low value,Low risk,Low value / Low risk,0
4807-IZYOZ,20.65,51,Two year,0,Low value,Low risk,Low value / Low risk,0
3401-URHDA,59.9,51,One year,0,Mid value,Low risk,Mid value / Low risk,2
1666-JZPZT,49.0,27,Month-to-month,0,Low value,Medium risk,Low value / Medium risk,1
0295-QVKPB,63.95,5,Month-to-month,0,Mid value,High risk,Mid value / High risk,1
7765-LWVVH,95.1,72,Two year,0,High value,Low risk,High value / Low risk,2
4626-OZDTJ,78.65,51,One year,0,Mid value,Low risk,Mid value / Low risk,2
2114-MGINA,89.8,14,Month-to-month,1,High value,Medium risk,High value / Medium risk,1
8467-WYNSR,55.1,22,Month-to-month,0,Mid value,Medium risk,Mid value / Medium risk,1
3058-HJCUY,102.6,41,One year,1,High value,Low risk,High value / Low risk,2
5542-NKVRU,20.75,42,Two year,0,Low value,Low risk,Low value / Low risk,0
9408-SSNVZ,70.15,4,Month-to-month,1,Mid value,High risk,Mid value / High risk,1
5684-FJVYR,90.35,72,Two year,0,High value,Low risk,High value / Low risk,2
7874-ECPQJ,20.05,4,Month-to-month,0,Low value,High risk,Low value / High risk,0
4468-KAZHE,60.0,20,Month-to-month,0,Mid value,Medium risk,Mid value / Medium risk,1
7184-LRUUR,65.25,22,One year,0,Mid value,Low risk,Mid value / Low risk,1
5370-IIVVL,104.5,37,One year,0,High value,Low risk,High value / Low risk,2
8885-QSQBX,49.55,1,Month-to-month,0,Low value,High risk,Low value / High risk,1
6683-VLCTZ,98.55,20,Month-to-month,1,High value,Medium risk,High value / Medium risk,1
7978-DKUQH,74.6,25,Month-to-month,0,Mid value,Medium risk,Mid value / Medium risk,1
3249-ZPQRG,78.45,4,Month-to-month,1,Mid value,High risk,Mid value / High risk,1
6285-FTQBF,25.55,72,Two year,0,Low value,Low risk,Low value / Low risk,0
6878-GGDWG,19.4,32,Month-to-month,0,Low value,Medium risk,Low value / Medium risk,0
7328-ZJAJO,19.5,59,Two year,0,Low value,Low risk,Low value / Low risk,0
5186-PEIZU,19.25,35,Month-to-month,0,Low value,Medium risk,Low value / Medium risk,0
4632-XJMEX,62.85,53,One year,0,Mid value,Low risk,Mid value / Low risk,2
8231-BSWXX,79.05,71,One year,0,Mid value,Low risk,Mid value / Low risk,2
8168-UQWWF,97.85,11,Month-to-month,1,High value,High risk,High value / High risk,1
9371-BITHB,19.85,52,Two year,0,Low value,Low risk,Low value / Low risk,0
2144-ESWKO,35.2,43,One year,0,Low value,Low risk,Low value / Low risk,0
1982-FEBTD,25.6,23,Two year,0,Low value,Low risk,Low value / Low risk,0
8108-UXRQN,50.55,11,Month-to-month,0,Mid value,High risk,Mid value / High risk,1
8868-WOZGU,105.7,28,Month-to-month,1,High value,Medium risk,High value / Medium risk,2
8769-KKTPH,99.65,63,One year,0,High value,Low risk,High value / Low risk,2
2931-FSOHN,59.9,13,Month-to-month,0,Mid value,Medium risk,Mid value / Medium risk,1
9658-WYUFB,94.4,17,Month-to-month,1,High value,Medium risk,High value / Medium risk,1
1212-GLHMD,86.05,3,Month-to-month,0,High value,High risk,High value / High risk,1
3859-CVCET,45.65,4,Month-to-month,1,Low value,High risk,Low value / High risk,1
0178-SZBHO,87.2,47,Month-to-month,0,High value,Medium risk,High value / Medium risk,2
5795-BKOYE,59.1,69,One year,0,Mid value,Low risk,Mid value / Low risk,2
4587-NUKOX,79.1,3,Month-to-month,1,Mid value,High risk,Mid value / High risk,1
1734-ZMNTZ,25.0,11,Two year,0,Low value,Low risk,Low value / Low risk,0
3217-FZDMN,94.45,8,Month-to-month,1,High value,High risk,High value / High risk,1
5222-JCXZT,19.0,4,Month-to-month,0,Low value,High risk,Low value / High risk,0
4598-ZADCK,53.6,53,One year,0,Mid value,Low risk,Mid value / Low risk,2
4712-UYOOI,20.0,20,Month-to-month,0,Low value,Medium risk,Low value / Medium risk,0
9708-HPXWZ,45.4,5,Month-to-month,0,Low value,High risk,Low value / High risk,1
2608-BHKFN,70.05,4,Month-to-month,1,Mid value,High risk,Mid value / High risk,1
1221-GHZEP,65.1,62,Two year,0,Mid value,Low risk,Mid value / Low risk,2
9391-DXGGG,89.15,44,One year,0,High value,Low risk,High value / Low risk,2
1449-XQEMT,19.8,3,Month-to-month,1,Low value,High risk,Low value / High risk,0
2725-TTRIQ,84.2,72,Two year,0,Mid value,Low risk,Mid value / Low risk,2
5442-PPTJY,19.7,12,Two year,0,Low value,Low risk,Low value / Low risk,0
6645-MXQJT,97.1,2,Month-to-month,0,High value,High risk,High value / High risk,1
6425-JWTDV,19.25,48,Two year,0,Low value,Low risk,Low value / Low risk,0
5543-QDCRY,56.4,4,Month-to-month,0,Mid value,High risk,Mid value / High risk,1
5153-RTHKF,85.35,34,Month-to-month,0,High value,Medium risk,High value / Medium risk,1
3658-QQJYD,74.3,62,One year,0,Mid value,Low risk,Mid value / Low risk,2
5275-SQEIZ,80.85,1,Month-to-month,1,Mid value,High risk,Mid value / High risk,1
7247-XOZPB,77.4,53,One year,0,Mid value,Low risk,Mid value / Low risk,2
1754-GKYPY,89.75,22,Month-to-month,0,High value,Medium risk,High value / Medium risk,1
6384-VMJHP,73.0,72,Two year,0,Mid value,Low risk,Mid value / Low risk,2
2984-AFWNC,95.4,3,Month-to-month,0,High value,High risk,High value / High risk,1
1064-FBXNK,19.85,1,One year,0,Low value,Low risk,Low value / Low risk,0
4129-LYCOI,104.0,67,Two year,0,High value,Low risk,High value / Low risk,2
3137-LUPIX,64.4,4,Month-to-month,0,Mid value,High risk,Mid value / High risk,1
6100-FJZDG,20.05,26,One year,0,Low value,Low risk,Low value / Low risk,0
6474-FVJLC,86.0,2,Month-to-month,1,High value,High risk,High value / High risk,1
1796-JANOW,19.95,2,Month-to-month,0,Low value,High risk,Low value / High risk,0
8329-UTMVM,104.65,27,One year,0,High value,Low risk,High value / Low risk,2
5256-SKJGO,54.6,64,Two year,0,Mid value,Low risk,Mid value / Low risk,2
5087-SUURX,39.05,18,Month-to-month,1,Low value,Medium risk,Low value / Medium risk,1
4355-HBJHH,79.7,67,Two year,1,Mid value,Low risk,Mid value / Low risk,2
0679-TDGAK,75.5,50,One year,0,Mid value,Low risk,Mid value / Low risk,2
2359-QWQUL,104.7,39,One year,1,High value,Low risk,High value / Low risk,2
7228-OMTPN,88.45,4,Month-to-month,1,High value,High risk,High value / High risk,1
5293-WXJAK,104.05,11,Month-to-month,1,High value,High risk,High value / High risk,1
9050-IKDZA,81.5,2,Month-to-month,0,Mid value,High risk,Mid value / High risk,1
1915-OAKWD,19.3,16,One year,0,Low value,Low risk,Low value / Low risk,0
7530-HDYDS,84.25,38,Month-to-month,1,High value,Medium risk,High value / Medium risk,2
2190-PHBHR,94.45,72,Two year,0,High value,Low risk,High value / Low risk,2
3665-JATSN,39.7,19,Month-to-month,0,Low value,Medium risk,Low value / Medium risk,1
3030-ZKIWL,20.05,1,Month-to-month,0,Low value,High risk,Low value / High risk,0
5269-NRGDP,73.15,42,One year,0,Mid value,Low risk,Mid value / Low risk,2
0895-UADGO,44.55,8,Two year,0,Low value,Low risk,Low value / Low risk,1
2418-TPEUN,19.8,56,Two year,0,Low value,Low risk,Low value / Low risk,0
8184-WMOFI,71.4,62,One year,0,Mid value,Low risk,Mid value / Low risk,2
2181-UAESM,53.45,2,Month-to-month,0,Mid value,High risk,Mid value / High risk,1
9821-POOTN,75.2,35,Month-to-month,1,Mid value,Medium risk,Mid value / Medium risk,1
0219-QAERP,19.8,30,One year,0,Low value,Low risk,Low value / Low risk,0
9348-ROUAI,90.3,59,Two year,0,High value,Low risk,High value / Low risk,2
2692-AQCPF,108.05,65,One year,0,High value,Low risk,High value / Low risk,2
2382-BCKQJ,100.15,62,One year,1,High value,Low risk,High value / Low risk,2
7707-PYBBH,61.9,40,Month-to-month,0,Mid value,Medium risk,Mid value / Medium risk,1
0447-RXSGD,99.65,24,Month-to-month,0,High value,Medium risk,High value / Medium risk,1
3753-TSEMP,88.15,15,Month-to-month,1,High value,Medium risk,High value / Medium risk,1
8221-EQDGL,61.0,35,Month-to-month,0,Mid value,Medium risk,Mid value / Medium risk,1
1084-MNSMJ,85.5,51,Two year,0,High value,Low risk,High value / Low risk,2
2782-JEEBU,36.0,21,Month-to-month,0,Low value,Medium risk,Low value / Medium risk,1
2977-CEBSX,90.05,66,Two year,0,High value,Low risk,High value / Low risk,2
5494-WOZRZ,82.0,71,Two year,0,Mid value,Low risk,Mid value / Low risk,2
8384-FZBJK,100.6,57,Month-to-month,0,High value,Medium risk,High value / Medium risk,2
0067-DKWBL,49.25,2,Month-to-month,1,Low value,High risk,Low value / High risk,1
9957-YODKZ,80.8,6,Month-to-month,0,Mid value,High risk,Mid value / High risk,1
0386-CWRGM,19.4,46,Two year,0,Low value,Low risk,Low value / Low risk,0
1216-JWVUX,75.5,25,Month-to-month,0,Mid value,Medium risk,Mid value / Medium risk,1
0188-GWFLE,20.05,2,Month-to-month,0,Low value,High risk,Low value / High risk,0
2685-SREOM,89.1,25,Month-to-month,1,High value,Medium risk,High value / Medium risk,1
3285-UCQVC,28.6,37,Month-to-month,1,Low value,Medium risk,Low value / Medium risk,0
5219-YIPTK,104.4,33,Month-to-month,1,High value,Medium risk,High value / Medium risk,2
9227-UAQFT,19.75,16,Two year,0,Low value,Low risk,Low value / Low risk,0
7426-RHZGU,95.9,9,Month-to-month,0,High value,High risk,High value / High risk,1
5552-ZNFSJ,45.3,1,Month-to-month,1,Low value,High risk,Low value / High risk,1
9929-PLVPA,20.4,4,Month-to-month,0,Low value,High risk,Low value / High risk,0
6745-JEFZB,91.5,35,Month-to-month,0,High value,Medium risk,High value / Medium risk,1
5995-WWKKG,19.8,37,One year,0,Low value,Low risk,Low value / Low risk,0
2673-CXQEU,110.5,56,One year,0,High value,Low risk,High value / Low risk,2
7956-XQWGU,19.4,27,Month-to-month,0,Low value,Medium risk,Low value / Medium risk,0
1087-GRUYI,20.4,38,Two year,0,Low value,Low risk,Low value / Low risk,0
3845-JHAMY,35.5,16,Month-to-month,0,Low value,Medium risk,Low value / Medium risk,1
7207-RMRDB,105.5,65,Month-to-month,1,High value,Medium risk,High value / Medium risk,2
7228-PAQPD,59.1,14,One year,0,Mid value,Low risk,Mid value / Low risk,1
1724-BQUHA,89.5,5,Month-to-month,1,High value,High risk,High value / High risk,1
8107-RZLNV,106.3,72,Two year,0,High value,Low risk,High value / Low risk,2
7339-POGZN,50.7,4,Month-to-month,0,Mid value,High risk,Mid value / High risk,1
8883-GRDWQ,54.0,20,One year,0,Mid value,Low risk,Mid value / Low risk,1
0508-SQWPL,20.1,57,Two year,0,Low value,Low risk,Low value / Low risk,0
1830-GGFNM,94.55,65,Two year,0,High value,Low risk,High value / Low risk,2
7488-MXJIV,85.65,4,Month-to-month,1,High value,High risk,High value / High risk,1
2277-AXSDC,19.75,32,One year,0,Low value,Low risk,Low value / Low risk,0
4475-NVTLU,19.2,45,Two year,0,Low value,Low risk,Low value / Low risk,0
0921-OHLVP,83.05,22,Month-to-month,0,Mid value,Medium risk,Mid value / Medium risk,1
4636-JGAAI,88.85,34,Month-to-month,0,High value,Medium risk,High value / Medium risk,1
0840-DCNZE,86.95,47,One year,0,High value,Low risk,High value / Low risk,2
2333-KWEWW,20.05,18,Two year,0,Low value,Low risk,Low value / Low risk,0
7594-RQHXR,79.6,1,Month-to-month,1,Mid value,High risk,Mid value / High risk,1
3258-SANFR,44.7,6,Month-to-month,0,Low value,High risk,Low value / High risk,1
2908-ZTPNF,34.85,36,Month-to-month,0,Low value,Medium risk,Low value / Medium risk,1
2577-GVSIL,73.45,35,One year,0,Mid value,Low risk,Mid value / Low risk,2
6595-YGXIT,88.95,25,Month-to-month,1,High value,Medium risk,High value / Medium risk,1
5404-GGUKR,51.35,5,Month-to-month,0,Mid value,High risk,Mid value / High risk,1
1215-VFYVK,48.25,4,Month-to-month,0,Low value,High risk,Low value / High risk,1
4565-EVZMJ,58.9,47,One year,0,Mid value,Low risk,Mid value / Low risk,2
4132-POCZS,39.9,52,Month-to-month,0,Low value,Medium risk,Low value / Medium risk,1
7219-TLZHO,20.85,4,Month-to-month,0,Low value,High risk,Low value / High risk,0
2197-OMWGI,53.0,68,Two year,0,Mid value,Low risk,Mid value / Low risk,2
8746-BFOAJ,20.5,21,One year,0,Low value,Low risk,Low value / Low risk,0
7940-UQQUG,104.4,64,One year,0,High value,Low risk,High value / Low risk,2
5494-HECPR,80.25,1,Month-to-month,1,Mid value,High risk,Mid value / High risk,1
5485-WUYWF,66.4,2,Month-to-month,1,Mid value,High risk,Mid value / High risk,1
3541-ZNUHK,85.1,55,Month-to-month,0,High value,Medium risk,High value / Medium risk,2
5965-GGPRW,105.25,72,Two year,0,High value,Low risk,High value / Low risk,2
9895-VFOXH,24.4,1,Month-to-month,0,Low value,High risk,Low value / High risk,0
2612-RANWT,100.15,12,Month-to-month,1,High value,High risk,High value / High risk,1
4523-WXCEF,101.1,59,Month-to-month,1,High value,Medium risk,High value / Medium risk,2
1343-EHPYB,103.4,63,Month-to-month,1,High value,Medium risk,High value / Medium risk,2
3682-YEUWS,24.4,10,Month-to-month,0,Low value,High risk,Low value / High risk,0
3896-ZVNET,24.7,24,Two year,0,Low value,Low risk,Low value / Low risk,0
0960-HUWBM,104.1,65,Two year,0,High value,Low risk,High value / Low risk,2
8263-OKETD,68.9,20,Month-to-month,0,Mid value,Medium risk,Mid value / Medium risk,1
0657-DOGUM,60.6,48,One year,0,Mid value,Low risk,Mid value / Low risk,2
2363-BJLSL,80.4,62,Month-to-month,0,Mid value,Medium risk,Mid value / Medium risk,2
6806-YDEUL,19.5,6,Month-to-month,0,Low value,High risk,Low value / High risk,0
3723-BFBGR,54.8,24,Month-to-month,0,Mid value,Medium risk,Mid value / Medium risk,1
2202-OUTMO,60.85,34,Month-to-month,0,Mid value,Medium risk,Mid value / Medium risk,1
0756-MPZRL,33.7,46,One year,0,Low value,Low risk,Low value / Low risk,0
7109-MFBYV,45.45,26,Month-to-month,0,Low value,Medium risk,Low value / Medium risk,1
7909-FIOIY,24.85,19,Month-to-month,0,Low value,Medium risk,Low value / Medium risk,0
7901-IIDQV,54.6,24,One year,0,Mid value,Low risk,Mid value / Low risk,1
4884-TVUQF,101.3,57,Two year,0,High value,Low risk,High value / Low risk,2
3274-NSDWE,19.6,68,Two year,0,Low value,Low risk,Low value / Low risk,0
7077-XJMET,74.15,12,Month-to-month,0,Mid value,High risk,Mid value / High risk,1
1689-YQBYY,76.6,12,Month-to-month,0,Mid value,High risk,Mid value / High risk,1
0980-PVMRC,50.85,40,Month-to-month,0,Mid value,Medium risk,Mid value / Medium risk,1
2504-DSHIH,86.8,23,Month-to-month,0,High value,Medium risk,High value / Medium risk,1
4763-PGDPO,70.4,4,Month-to-month,1,Mid value,High risk,Mid value / High risk,1
0254-WWRKD,50.55,67,One year,0,Mid value,Low risk,Mid value / Low risk,2
4808-YNLEU,62.15,35,One year,0,Mid value,Low risk,Mid value / Low risk,1
7779-LGOVN,86.65,10,Month-to-month,1,High value,High risk,High value / High risk,1
2030-BTZRO,20.4,6,Two year,0,Low value,Low risk,Low value / Low risk,0
0195-IESCP,85.25,10,Month-to-month,1,High value,High risk,High value / High risk,1
3853-LYGAM,95.65,17,Month-to-month,0,High value,Medium risk,High value / Medium risk,1
0623-EJQEG,93.55,65,One year,0,High value,Low risk,High value / Low risk,2
5644-PDMZC,89.5,2,Month-to-month,1,High value,High risk,High value / High risk,1
5655-JSMZM,96.2,49,Month-to-month,1,High value,Medium risk,High value / Medium risk,2
9036-CSKBW,107.45,51,One year,0,High value,Low risk,High value / Low risk,2
7255-SSFBC,112.25,72,Two year,0,High value,Low risk,High value / Low risk,2
9142-KZXOP,68.85,44,Month-to-month,0,Mid value,Medium risk,Mid value / Medium risk,1
4615-PIVVU,66.5,42,Two year,0,Mid value,Low risk,Mid value / Low risk,2
4236-UJPWO,24.5,2,Month-to-month,0,Low value,High risk,Low value / High risk,1
3348-CFRNX,92.35,28,Month-to-month,1,High value,Medium risk,High value / Medium risk,1
0020-JDNXP,61.25,34,One year,0,Mid value,Low risk,Mid value / Low risk,2
2486-WYVVE,79.3,31,One year,0,Mid value,Low risk,Mid value / Low risk,2
1905-OEILC,19.5,1,Month-to-month,0,Low value,High risk,Low value / High risk,0
4704-ERYFC,69.25,22,Month-to-month,1,Mid value,Medium risk,Mid value / Medium risk,1
0637-KVDLV,76.5,2,Month-to-month,1,Mid value,High risk,Mid value / High risk,1
1291-CUOCY,110.6,72,Two year,0,High value,Low risk,High value / Low risk,2
7743-EXURX,51.05,8,Month-to-month,1,Mid value,High risk,Mid value / High risk,1
4139-DETXS,64.45,72,Two year,0,Mid value,Low risk,Mid value / Low risk,2
4316-XCSLJ,50.3,17,Month-to-month,0,Low value,Medium risk,Low value / Medium risk,1
6719-FGEDO,97.0,72,Two year,0,High value,Low risk,High value / Low risk,2
8780-YRMTT,47.4,66,Two year,0,Low value,Low risk,Low value / Low risk,2
1596-BBVTG,75.35,35,Month-to-month,1,Mid value,Medium risk,Mid value / Medium risk,1
8388-FYNPZ,56.75,4,Month-to-month,0,Mid value,High risk,Mid value / High risk,1
6928-ONTRW,19.7,72,Two year,0,Low value,Low risk,Low value / Low risk,0
6916-HIJSE,84.85,65,Two year,0,High value,Low risk,High value / Low risk,2
6980-IMXXE,20.2,69,Two year,0,Low value,Low risk,Low value / Low risk,0
2296-DKZFP,71.0,65,Two year,0,Mid value,Low risk,Mid value / Low risk,2
2321-OMBXY,80.3,38,One year,1,Mid value,Low risk,Mid value / Low risk,2
2371-JQHZZ,93.0,24,Month-to-month,0,High value,Medium risk,High value / Medium risk,1
6734-GMPVK,105.3,5,Month-to-month,0,High value,High risk,High value / High risk,1
7619-ODSGN,54.75,24,Month-to-month,1,Mid value,Medium risk,Mid value / Medium risk,1
4195-NZGTA,25.25,1,Month-to-month,0,Low value,High risk,Low value / High risk,1
1698-XFZCI,107.75,61,One year,0,High value,Low risk,High value / Low risk,2
6732-VAILE,85.95,70,Two year,0,High value,Low risk,High value / Low risk,2
6032-IGALN,25.1,1,Month-to-month,1,Low value,High risk,Low value / High risk,0
0999-QXNSA,45.75,7,Month-to-month,0,Low value,High risk,Low value / High risk,1
3506-LCJDC,19.95,1,Month-to-month,1,Low value,High risk,Low value / High risk,0
7925-PNRGI,81.3,45,Month-to-month,0,Mid value,Medium risk,Mid value / Medium risk,2
7766-CLTIC,60.95,10,Month-to-month,0,Mid value,High risk,Mid value / High risk,1
9722-UJOJR,70.75,29,Month-to-month,1,Mid value,Medium risk,Mid value / Medium risk,1
5614-DNZCE,64.9,58,Two year,0,Mid value,Low risk,Mid value / Low risk,2
1167-OYZJF,20.05,67,Two year,0,Low value,Low risk,Low value / Low risk,0
5433-KYGHE,86.0,14,Month-to-month,0,High value,Medium risk,High value / Medium risk,1
3284-SVCRO,25.5,45,Two year,0,Low value,Low risk,Low value / Low risk,0
3740-RLMVT,60.95,67,One year,0,Mid value,Low risk,Mid value / Low risk,2
0354-WYROK,98.9,31,Month-to-month,1,High value,Medium risk,High value / Medium risk,2
2720-WGKHP,94.0,2,Month-to-month,1,High value,High risk,High value / High risk,1
7446-SFAOA,19.85,37,One year,0,Low value,Low risk,Low value / Low risk,0
2753-JMMCV,74.2,65,Two year,0,Mid value,Low risk,Mid value / Low risk,2
7851-WZEKY,95.15,2,Month-to-month,1,High value,High risk,High value / High risk,1
5156-UMKOW,29.65,3,Month-to-month,0,Low value,High risk,Low value / High risk,1
9823-EALYC,80.85,72,Two year,0,Mid value,Low risk,Mid value / Low risk,2
4980-URKXC,20.85,36,One year,0,Low value,Low risk,Low value / Low risk,0
8218-FFJDS,86.4,72,Two year,0,High value,Low risk,High value / Low risk,2
5204-QZXPU,39.65,19,Month-to-month,1,Low value,Medium risk,Low value / Medium risk,1
5130-IEKQT,105.95,25,Month-to-month,1,High value,Medium risk,High value / Medium risk,1
2928-HLDBA,20.7,6,Month-to-month,0,Low value,High risk,Low value / High risk,0
6141-OOXUQ,19.65,1,Month-to-month,1,Low value,High risk,Low value / High risk,0
2123-VSCOT,72.1,59,Two year,0,Mid value,Low risk,Mid value / Low risk,2
7074-IEVOJ,79.4,3,Month-to-month,1,Mid value,High risk,Mid value / High risk,1
5652-MSDEY,75.75,10,Month-to-month,0,Mid value,High risk,Mid value / High risk,1
7156-MHUGY,90.5,13,Month-to-month,1,High value,Medium risk,High value / Medium risk,1
7854-EDSSA,59.0,22,Month-to-month,1,Mid value,Medium risk,Mid value / Medium risk,1
5172-RKOCB,108.95,72,Two year,0,High value,Low risk,High value / Low risk,2
8404-VIOMB,62.5,66,Two year,0,Mid value,Low risk,Mid value / Low risk,2
4192-GORJT,94.45,5,Month-to-month,1,High value,High risk,High value / High risk,1
3892-NXAZG,114.05,72,Two year,0,High value,Low risk,High value / Low risk,2
4958-GZWIY,48.7,7,Month-to-month,1,Low value,High risk,Low value / High risk,1
4199-QHJNM,102.9,67,Two year,0,High value,Low risk,High value / Low risk,2
4501-EQDRN,69.7,1,Month-to-month,1,Mid value,High risk,Mid value / High risk,1
6281-FKEWS,49.05,44,One year,0,Low value,Low risk,Low value / Low risk,1
0404-AHASP,19.7,72,Two year,0,Low value,Low risk,Low value / Low risk,0
8421-WZOOW,95.3,57,Month-to-month,0,High value,Medium risk,High value / Medium risk,2
7521-AFHAB,44.8,5,Month-to-month,0,Low value,High risk,Low value / High risk,1
6469-QJKZW,20.15,4,Month-to-month,0,Low value,High risk,Low value / High risk,0
2560-PPCHE,105.05,65,One year,0,High value,Low risk,High value / Low risk,2
9190-MFJLN,95.9,19,Month-to-month,1,High value,Medium risk,High value / Medium risk,1
1919-RTPQD,44.75,7,Month-to-month,0,Low value,High risk,Low value / High risk,1
9916-AYHTC,19.85,48,Two year,0,Low value,Low risk,Low value / Low risk,0
7517-SAWMO,73.2,19,Month-to-month,1,Mid value,Medium risk,Mid value / Medium risk,1
5047-LHVLY,50.15,1,Month-to-month,1,Low value,High risk,Low value / High risk,1
3097-IDVPU,50.1,19,Month-to-month,0,Low value,Medium risk,Low value / Medium risk,1
5649-RXQTV,99.0,51,Month-to-month,0,High value,Medium risk,High value / Medium risk,2
0135-NMXAP,89.75,12,Month-to-month,1,High value,High risk,High value / High risk,1
6000-UKLWI,20.15,41,Two year,0,Low value,Low risk,Low value / Low risk,0
0887-WBJVH,93.45,53,One year,0,High value,Low risk,High value / Low risk,2
4847-QNOKA,44.9,1,Month-to-month,1,Low value,High risk,Low value / High risk,1
8107-KNCIM,75.1,14,Month-to-month,0,Mid value,Medium risk,Mid value / Medium risk,1
6963-EZQEE,88.55,70,Two year,0,High value,Low risk,High value / Low risk,2
6302-JGYRJ,79.45,31,One year,1,Mid value,Low risk,Mid value / Low risk,2
4282-MSACW,117.2,68,One year,0,High value,Low risk,High value / Low risk,2
6172-FECYY,84.5,49,Month-to-month,1,High value,Medium risk,High value / Medium risk,2
2796-NNUFI,19.95,46,Two year,0,Low value,Low risk,Low value / Low risk,0
4692-NNQRU,79.2,21,One year,0,Mid value,Low risk,Mid value / Low risk,1
8336-TAVKX,78.45,72,Two year,0,Mid value,Low risk,Mid value / Low risk,2
1608-GMEWB,93.9,45,Month-to-month,0,High value,Medium risk,High value / Medium risk,2
9090-SGQXL,105.3,68,Month-to-month,1,High value,Medium risk,High value / Medium risk,2
3512-IZIKN,65.3,70,Two year,1,Mid value,Low risk,Mid value / Low risk,2
3511-APPBJ,99.95,23,One year,0,High value,Low risk,High value / Low risk,2
9430-FRQOC,87.1,4,Month-to-month,1,High value,High risk,High value / High risk,1
9605-WGJVW,70.2,1,Month-to-month,0,Mid value,High risk,Mid value / High risk,1
2824-MYYBN,95.25,37,Month-to-month,0,High value,Medium risk,High value / Medium risk,1
0402-CQAJN,101.9,37,Month-to-month,1,High value,Medium risk,High value / Medium risk,2
7873-CVMAW,88.55,72,Two year,0,High value,Low risk,High value / Low risk,2
6738-ISCBM,54.0,44,One year,0,Mid value,Low risk,Mid value / Low risk,2
6440-DKQGE,64.5,30,One year,0,Mid value,Low risk,Mid value / Low risk,1
7722-CVFXN,105.2,54,One year,0,High value,Low risk,High value / Low risk,2
2568-BRGYX,70.2,4,Month-to-month,1,Mid value,High risk,Mid value / High risk,1
7693-LCKZL,80.15,5,Month-to-month,1,Mid value,High risk,Mid value / High risk,1
7815-PDTHL,20.2,35,Two year,0,Low value,Low risk,Low value / Low risk,0
1702-CCFNJ,61.35,52,Month-to-month,0,Mid value,Medium risk,Mid value / Medium risk,2
0254-FNMCI,109.9,72,Two year,0,High value,Low risk,High value / Low risk,2
0237-YFUTL,109.65,50,Month-to-month,0,High value,Medium risk,High value / Medium risk,2
4311-QTTAI,19.35,16,One year,0,Low value,Low risk,Low value / Low risk,0
3318-OSATS,95.45,35,Month-to-month,1,High value,Medium risk,High value / Medium risk,1
6339-TBELP,86.4,71,Two year,0,High value,Low risk,High value / Low risk,2
2408-TZMJL,110.15,59,One year,1,High value,Low risk,High value / Low risk,2
3597-YASZG,104.45,70,Two year,0,High value,Low risk,High value / Low risk,2
2468-SJFLM,74.3,1,Month-to-month,0,Mid value,High risk,Mid value / High risk,1
2055-SIFSS,51.65,55,Month-to-month,0,Mid value,Medium risk,Mid value / Medium risk,0
1555-DJEQW,114.2,70,Two year,1,High value,Low risk,High value / Low risk,2
8993-IZEUX,69.15,7,Month-to-month,0,Mid value,High risk,Mid value / High risk,1
5671-UUNXD,100.65,50,One year,0,High value,Low risk,High value / Low risk,2
3774-VBNXY,20.2,64,Two year,0,Low value,Low risk,Low value / Low risk,0
9796-BPKIW,69.95,8,Month-to-month,0,Mid value,High risk,Mid value / High risk,1
4238-HFHSN,82.15,61,Month-to-month,0,Mid value,Medium risk,Mid value / Medium risk,2
4550-EVXNY,69.65,1,Month-to-month,1,Mid value,High risk,Mid value / High risk,1
0489-WMEMG,49.45,23,One year,0,Low value,Low risk,Low value / Low risk,1
1373-ORVIZ,66.35,11,Month-to-month,1,Mid value,High risk,Mid value / High risk,1
0537-QYZZN,79.85,24,Month-to-month,0,Mid value,Medium risk,Mid value / Medium risk,1
6563-VRERX,20.6,33,One year,0,Low value,Low risk,Low value / Low risk,0
6925-BAYGL,25.1,53,Two year,0,Low value,Low risk,Low value / Low risk,0
6923-AQONU,20.9,23,Two year,0,Low value,Low risk,Low value / Low risk,0
8337-MSSXB,86.3,14,Month-to-month,1,High value,Medium risk,High value / Medium risk,1
1414-YADCW,84.6,70,Two year,0,High value,Low risk,High value / Low risk,2
2189-UXTKY,79.2,22,Month-to-month,1,Mid value,Medium risk,Mid value / Medium risk,1
8138-EALND,19.75,15,Month-to-month,0,Low value,Medium risk,Low value / Medium risk,0
3096-YXENJ,107.65,65,Two year,0,High value,Low risk,High value / Low risk,2
6631-HMANX,85.45,72,Two year,0,High value,Low risk,High value / Low risk,2
2886-KEFUM,107.5,63,One year,1,High value,Low risk,High value / Low risk,2
8485-GJCDN,69.05,5,Month-to-month,1,Mid value,High risk,Mid value / High risk,1
9786-IJYDL,113.2,35,Two year,0,High value,Low risk,High value / Low risk,2
1024-VRZHF,74.95,11,Month-to-month,1,Mid value,High risk,Mid value / High risk,1
3317-HRTNN,45.7,5,Month-to-month,1,Low value,High risk,Low value / High risk,1
3410-YOQBQ,79.2,31,Two year,0,Mid value,Low risk,Mid value / Low risk,2
9564-KCLHR,51.25,1,Month-to-month,1,Mid value,High risk,Mid value / High risk,1
2498-XLDZR,73.6,32,Two year,0,Mid value,Low risk,Mid value / Low risk,2
9314-QDMDW,61.25,11,One year,0,Mid value,Low risk,Mid value / Low risk,1
7481-ATQQS,90.85,49,Month-to-month,1,High value,Medium risk,High value / Medium risk,2
7964-ZRKKG,88.4,67,One year,0,High value,Low risk,High value / Low risk,2
2225-ZRGSG,93.9,70,Two year,1,High value,Low risk,High value / Low risk,2
4588-YBNIB,19.6,1,Month-to-month,1,Low value,High risk,Low value / High risk,0
6549-YMFAW,21.25,9,Month-to-month,0,Low value,High risk,Low value / High risk,0
1866-ZSLJM,20.5,21,Month-to-month,0,Low value,Medium risk,Low value / Medium risk,0
4203-QGNZA,20.25,28,Month-to-month,0,Low value,Medium risk,Low value / Medium risk,0
5174-ITUMV,105.4,67,One year,0,High value,Low risk,High value / Low risk,2
9529-OFXHY,87.75,15,Month-to-month,0,High value,Medium risk,High value / Medium risk,1
5685-IIXLY,83.6,5,Month-to-month,1,Mid value,High risk,Mid value / High risk,1
0584-BJQGZ,78.35,25,Month-to-month,0,Mid value,Medium risk,Mid value / Medium risk,1
9618-LFJRU,20.45,4,Month-to-month,0,Low value,High risk,Low value / High risk,0
9210-IAHGH,70.75,7,Month-to-month,1,Mid value,High risk,Mid value / High risk,1
7825-GKXMW,45.8,1,Month-to-month,1,Low value,High risk,Low value / High risk,1
3359-DSRKA,19.85,58,Two year,0,Low value,Low risk,Low value / Low risk,0
8630-FJLIB,69.8,18,Month-to-month,0,Mid value,Medium risk,Mid value / Medium risk,1
0924-BJCRC,89.45,60,Month-to-month,0,High value,Medium risk,High value / Medium risk,2
1245-HARPS,20.4,14,Two year,0,Low value,Low risk,Low value / Low risk,0
3570-YUEKJ,49.55,42,Month-to-month,0,Low value,Medium risk,Low value / Medium risk,1
7854-FOKSF,35.9,1,Month-to-month,1,Low value,High risk,Low value / High risk,1
3566-CAAYU,49.85,64,Two year,0,Low value,Low risk,Low value / Low risk,2
0678-RLHVP,105.55,53,Two year,0,High value,Low risk,High value / Low risk,2
2636-ALXXZ,69.6,1,Month-to-month,1,Mid value,High risk,Mid value / High risk,1
9408-HRXRK,105.15,45,Month-to-month,0,High value,Medium risk,High value / Medium risk,2
1421-HCERK,105.7,30,Month-to-month,0,High value,Medium risk,High value / Medium risk,2
9584-EXCDZ,70.5,17,Month-to-month,0,Mid value,Medium risk,Mid value / Medium risk,1
2091-RFFBA,73.9,31,Month-to-month,1,Mid value,Medium risk,Mid value / Medium risk,1
8149-AIQCG,73.15,39,Month-to-month,0,Mid value,Medium risk,Mid value / Medium risk,1
4194-WHFCB,96.65,59,Month-to-month,0,High value,Medium risk,High value / Medium risk,2
3045-XETSH,94.85,10,Month-to-month,1,High value,High risk,High value / High risk,1
2789-HQBOU,80.35,3,Month-to-month,0,Mid value,High risk,Mid value / High risk,1
8012-SOUDQ,90.25,43,Month-to-month,0,High value,Medium risk,High value / Medium risk,2
0225-ZORZP,84.3,3,Month-to-month,0,High value,High risk,High value / High risk,1
0654-HMSHN,104.4,21,Month-to-month,1,High value,Medium risk,High value / Medium risk,1
9373-WSLOY,50.0,33,Month-to-month,0,Low value,Medium risk,Low value / Medium risk,1
6158-DWPZT,24.1,9,One year,1,Low value,Low risk,Low value / Low risk,0
3995-WFCSM,60.85,2,Month-to-month,0,Mid value,High risk,Mid value / High risk,1
2259-OUUSZ,35.5,7,One year,0,Low value,Low risk,Low value / Low risk,1
5349-AZPEW,25.05,5,Month-to-month,0,Low value,High risk,Low value / High risk,0
5600-KTXFM,69.95,2,Month-to-month,0,Mid value,High risk,Mid value / High risk,1
9432-VOFYX,70.8,17,Month-to-month,0,Mid value,Medium risk,Mid value / Medium risk,1
5298-GSTLM,101.4,60,One year,0,High value,Low risk,High value / Low risk,2
8896-RAZCR,19.9,44,Two year,0,Low value,Low risk,Low value / Low risk,0
8374-UULRV,86.05,72,Two year,0,High value,Low risk,High value / Low risk,2
9589-ABEPT,92.45,69,Two year,0,High value,Low risk,High value / Low risk,2
4432-ADRLB,44.65,2,Month-to-month,1,Low value,High risk,Low value / High risk,1
4912-PIGUY,84.6,1,Month-to-month,0,High value,High risk,High value / High risk,1
1400-WIVLL,107.95,57,Two year,0,High value,Low risk,High value / Low risk,2
6296-DDOOR,58.2,19,One year,0,Mid value,Low risk,Mid value / Low risk,1
5274-XHAKY,94.3,41,Month-to-month,0,High value,Medium risk,High value / Medium risk,2
3022-BEXHZ,111.2,67,Two year,0,High value,Low risk,High value / Low risk,2
5842-POCOP,88.9,5,Month-to-month,1,High value,High risk,High value / High risk,1
2774-LVQUS,83.05,15,Month-to-month,1,Mid value,Medium risk,Mid value / Medium risk,1
8984-HPEMB,118.65,71,Two year,0,High value,Low risk,High value / Low risk,2
4390-KYULV,20.55,3,Month-to-month,1,Low value,High risk,Low value / High risk,0
7711-GQBZC,24.7,71,Two year,0,Low value,Low risk,Low value / Low risk,0
2000-DHJUY,92.2,70,Two year,0,High value,Low risk,High value / Low risk,2
7880-XSOJX,42.4,4,Month-to-month,0,Low value,High risk,Low value / High risk,1
4395-PZMSN,85.55,5,Month-to-month,0,High value,High risk,High value / High risk,1
0704-VCUMB,20.25,61,Two year,0,Low value,Low risk,Low value / Low risk,0
0323-XWWTN,26.4,3,Two year,0,Low value,Low risk,Low value / Low risk,0
7963-GQRMY,44.3,3,Month-to-month,1,Low value,High risk,Low value / High risk,1
5498-TXHLF,87.45,34,Month-to-month,1,High value,Medium risk,High value / Medium risk,1
5569-IDSEY,105.7,71,One year,0,High value,Low risk,High value / Low risk,2
5982-PSMKW,91.1,23,Two year,0,High value,Low risk,High value / Low risk,2
3486-NPGST,19.55,36,One year,0,Low value,Low risk,Low value / Low risk,0
7718-RXDGG,68.6,15,Month-to-month,0,Mid value,Medium risk,Mid value / Medium risk,1
6859-RKMZJ,55.05,11,Month-to-month,0,Mid value,High risk,Mid value / High risk,1
8020-BWHYL,75.3,15,Month-to-month,1,Mid value,Medium risk,Mid value / Medium risk,1
3249-VHRIP,43.6,62,Two year,0,Low value,Low risk,Low value / Low risk,2
3874-EQOEP,95.0,7,Month-to-month,1,High value,High risk,High value / High risk,1
4636-QRJKY,80.5,6,Month-to-month,1,Mid value,High risk,Mid value / High risk,1
1984-GPTEH,25.15,29,Month-to-month,0,Low value,Medium risk,Low value / Medium risk,0
5968-XQIVE,89.7,72,One year,0,High value,Low risk,High value / Low risk,2
0383-CLDDA,85.35,69,Two year,0,High value,Low risk,High value / Low risk,2
0125-LZQXK,101.35,15,Month-to-month,1,High value,Medium risk,High value / Medium risk,1
1699-TLDLZ,19.7,16,Two year,0,Low value,Low risk,Low value / Low risk,0
1732-VHUBQ,70.55,47,Month-to-month,1,Mid value,Medium risk,Mid value / Medium risk,1
4342-HFXWS,69.7,48,One year,0,Mid value,Low risk,Mid value / Low risk,2
8039-ACLPL,68.75,72,Two year,0,Mid value,Low risk,Mid value / Low risk,2
0491-KAPQG,73.7,21,Month-to-month,0,Mid value,Medium risk,Mid value / Medium risk,1
7566-DSRLQ,110.15,72,Two year,0,High value,Low risk,High value / Low risk,2
3701-SFMUH,69.7,7,Month-to-month,0,Mid value,High risk,Mid value / High risk,1
8063-GBATB,85.25,27,Month-to-month,1,High value,Medium risk,High value / Medium risk,1
7341-LXCAF,74.65,4,Month-to-month,1,Mid value,High risk,Mid value / High risk,1
5175-AOBHI,46.0,4,Month-to-month,1,Low value,High risk,Low value / High risk,1
9172-JITSM,90.8,26,Month-to-month,1,High value,Medium risk,High value / Medium risk,1
9003-CPATH,79.9,42,Month-to-month,0,Mid value,Medium risk,Mid value / Medium risk,1
8645-KOMJQ,81.95,69,Two year,0,Mid value,Low risk,Mid value / Low risk,2
1306-RPWXZ,20.45,49,Two year,0,Low value,Low risk,Low value / Low risk,0
7595-EUIVN,75.8,1,Month-to-month,1,Mid value,High risk,Mid value / High risk,1
6368-NWMCE,68.15,38,Month-to-month,0,Mid value,Medium risk,Mid value / Medium risk,1
1666-JXLKU,100.05,37,Month-to-month,0,High value,Medium risk,High value / Medium risk,2
6727-IOTLZ,81.95,14,Two year,0,Mid value,Low risk,Mid value / Low risk,1
8580-AECUZ,79.1,1,Month-to-month,1,Mid value,High risk,Mid value / High risk,1
5624-RYAMH,19.5,9,Month-to-month,0,Low value,High risk,Low value / High risk,0
9828-QHFBK,51.15,24,Month-to-month,0,Mid value,Medium risk,Mid value / Medium risk,1
9415-TPKRV,55.75,8,Month-to-month,0,Mid value,High risk,Mid value / High risk,1
3049-NDXFL,85.8,1,Month-to-month,1,High value,High risk,High value / High risk,1
2235-EZAIK,79.2,72,Two year,0,Mid value,Low risk,Mid value / Low risk,2
4389-UEFCZ,105.5,72,Two year,0,High value,Low risk,High value / Low risk,2
5084-OOVCJ,55.35,17,Month-to-month,0,Mid value,Medium risk,Mid value / Medium risk,1
0361-HJRDX,64.35,68,Two year,0,Mid value,Low risk,Mid value / Low risk,2
9114-AAFQH,65.65,48,One year,0,Mid value,Low risk,Mid value / Low risk,2
4431-EDMIQ,75.7,7,Month-to-month,0,Mid value,High risk,Mid value / High risk,1
6174-NRBTZ,30.75,46,One year,0,Low value,Low risk,Low value / Low risk,0
1842-EZJMK,103.7,50,Month-to-month,1,High value,Medium risk,High value / Medium risk,2
6475-VHUIZ,54.25,23,Month-to-month,0,Mid value,Medium risk,Mid value / Medium risk,1
3752-CQSJI,20.45,13,Month-to-month,0,Low value,Medium risk,Low value / Medium risk,0
8606-OEGQZ,25.3,18,Two year,0,Low value,Low risk,Low value / Low risk,0
9361-YNQWJ,24.4,64,One year,0,Low value,Low risk,Low value / Low risk,0
0130-SXOUN,89.4,66,Month-to-month,0,High value,Medium risk,High value / Medium risk,2
7102-JJVTX,48.6,9,One year,0,Low value,Low risk,Low value / Low risk,1
4094-NSEDU,94.25,21,Month-to-month,1,High value,Medium risk,High value / Medium risk,1
6772-WFQRD,20.4,40,One year,0,Low value,Low risk,Low value / Low risk,0
7021-XSNYE,49.65,7,Two year,0,Low value,Low risk,Low value / Low risk,1
4010-YLMVT,106.6,56,Month-to-month,0,High value,Medium risk,High value / Medium risk,2
8966-OIQHG,20.75,22,One year,0,Low value,Low risk,Low value / Low risk,0
3376-BMGFE,70.9,4,Month-to-month,1,Mid value,High risk,Mid value / High risk,1
0723-DRCLG,74.45,1,Month-to-month,1,Mid value,High risk,Mid value / High risk,1
5222-IMUKT,91.05,32,Month-to-month,0,High value,Medium risk,High value / Medium risk,1
8319-QBEHW,39.95,26,One year,0,Low value,Low risk,Low value / Low risk,1
1337-BOZWO,46.4,18,One year,0,Low value,Low risk,Low value / Low risk,1
3174-RKMOW,109.95,35,Month-to-month,0,High value,Medium risk,High value / Medium risk,2
4900-MSOMT,80.2,72,Two year,0,Mid value,Low risk,Mid value / Low risk,2
4472-VESGY,98.15,52,Month-to-month,0,High value,Medium risk,High value / Medium risk,2
8972-HJWNV,84.55,7,Month-to-month,1,High value,High risk,High value / High risk,1
4480-MBMLB,104.8,36,One year,0,High value,Low risk,High value / Low risk,2
0396-HUJBP,19.3,2,Month-to-month,0,Low value,High risk,Low value / High risk,0
1397-XKKWR,35.3,7,One year,0,Low value,Low risk,Low value / Low risk,1
8944-AILEF,19.45,15,Month-to-month,0,Low value,Medium risk,Low value / Medium risk,0
3422-GALYP,79.45,2,Month-to-month,0,Mid value,High risk,Mid value / High risk,1
4872-JCVCA,47.6,71,Two year,0,Low value,Low risk,Low value / Low risk,2
0064-YIJGF,75.75,27,Month-to-month,0,Mid value,Medium risk,Mid value / Medium risk,1
4385-ZKVNW,54.9,44,Month-to-month,0,Mid value,Medium risk,Mid value / Medium risk,1
2361-UPSND,70.6,46,One year,0,Mid value,Low risk,Mid value / Low risk,2
7328-OWMOM,20.1,31,One year,0,Low value,Low risk,Low value / Low risk,0
0565-IYCGT,78.6,69,One year,1,Mid value,Low risk,Mid value / Low risk,2
8201-AAXCB,60.35,25,Month-to-month,0,Mid value,Medium risk,Mid value / Medium risk,1
0487-VVUVK,19.15,25,Month-to-month,0,Low value,Medium risk,Low value / Medium risk,0
3870-SPZSI,113.05,70,Two year,0,High value,Low risk,High value / Low risk,2
2545-LXYVJ,20.7,72,Two year,0,Low value,Low risk,Low value / Low risk,0
2372-HWUHI,44.35,2,Month-to-month,1,Low value,High risk,Low value / High risk,1
3806-DXQOM,33.65,4,Month-to-month,1,Low value,High risk,Low value / High risk,1
7973-DZRKH,90.95,66,Two year,0,High value,Low risk,High value / Low risk,2
9761-XUJWD,65.6,5,Month-to-month,0,Mid value,High risk,Mid value / High risk,1
2207-NHRJK,50.8,1,Month-to-month,1,Mid value,High risk,Mid value / High risk,1
0684-AOSIH,95.0,1,Month-to-month,1,High value,High risk,High value / High risk,1
7839-QRKXN,20.2,1,Month-to-month,1,Low value,High risk,Low value / High risk,0
0100-DUVFC,104.8,70,One year,0,High value,Low risk,High value / Low risk,2
5090-EMGTC,100.05,59,Two year,0,High value,Low risk,High value / Low risk,2
5961-VUSRV,19.35,12,One year,0,Low value,Low risk,Low value / Low risk,0
9101-NTIXF,19.4,2,Month-to-month,0,Low value,High risk,Low value / High risk,0
9585-KKMFD,20.0,41,Two year,0,Low value,Low risk,Low value / Low risk,0
2832-KJCRD,103.65,38,Month-to-month,0,High value,Medium risk,High value / Medium risk,2
1229-RCALF,115.0,64,One year,0,High value,Low risk,High value / Low risk,2
3746-EUBYR,74.6,1,Month-to-month,1,Mid value,High risk,Mid value / High risk,1
1010-DIAUQ,96.5,5,Month-to-month,1,High value,High risk,High value / High risk,1
2209-XADXF,25.25,1,Month-to-month,0,Low value,High risk,Low value / High risk,0
7242-EDTYC,19.55,44,Two year,0,Low value,Low risk,Low value / Low risk,0
3801-HMYNL,89.15,1,Month-to-month,1,High value,High risk,High value / High risk,1
9574-RKJIF,94.4,30,Month-to-month,1,High value,Medium risk,High value / Medium risk,1
5693-PIPCS,99.65,41,Two year,0,High value,Low risk,High value / Low risk,2
1657-DYMBM,19.9,53,Two year,0,Low value,Low risk,Low value / Low risk,0
5135-GRQJV,114.5,72,Two year,0,High value,Low risk,High value / Low risk,2
2205-YMZZJ,84.8,7,Month-to-month,1,High value,High risk,High value / High risk,1
7138-GIRSH,69.5,50,Two year,0,Mid value,Low risk,Mid value / Low risk,2
9244-ZVAPM,45.6,1,Month-to-month,0,Low value,High risk,Low value / High risk,1
8174-LNWMW,20.9,31,Two year,0,Low value,Low risk,Low value / Low risk,0
9412-GHEEC,104.8,40,Month-to-month,1,High value,Medium risk,High value / Medium risk,2
2876-VBBBL,20.25,1,Month-to-month,1,Low value,High risk,Low value / High risk,0
9000-PLFUZ,49.45,60,Two year,0,Low value,Low risk,Low value / Low risk,2
9798-DRYDS,61.95,17,One year,0,Mid value,Low risk,Mid value / Low risk,1
3108-PCCGG,84.45,72,Two year,0,High value,Low risk,High value / Low risk,2
6005-OBZPH,89.15,26,Month-to-month,1,High value,Medium risk,High value / Medium risk,1
7274-RTAPZ,90.55,1,Month-to-month,1,High value,High risk,High value / High risk,1
4013-UBXWQ,74.65,7,Month-to-month,1,Mid value,High risk,Mid value / High risk,1
5834-ASPWA,75.45,1,Month-to-month,1,Mid value,High risk,Mid value / High risk,1
4423-JWZJN,90.25,64,One year,0,High value,Low risk,High value / Low risk,2
1431-AIDJQ,82.1,33,Two year,0,Mid value,Low risk,Mid value / Low risk,2
5848-FHRFC,20.05,68,Two year,0,Low value,Low risk,Low value / Low risk,0
6016-LVTJQ,20.65,34,Month-to-month,0,Low value,Medium risk,Low value / Medium risk,0
7526-IVLYU,19.65,3,Month-to-month,0,Low value,High risk,Low value / High risk,0
7353-YOWFP,20.25,7,One year,0,Low value,Low risk,Low value / Low risk,0
8035-PWSEV,89.25,6,Month-to-month,0,High value,High risk,High value / High risk,1
0603-OLQDC,69.85,12,Month-to-month,0,Mid value,High risk,Mid value / High risk,1
0604-THJFP,75.95,59,Two year,0,Mid value,Low risk,Mid value / Low risk,2
1871-MOWRM,80.85,12,Month-to-month,1,Mid value,High risk,Mid value / High risk,1
0222-CNVPT,48.8,52,Month-to-month,0,Low value,Medium risk,Low value / Medium risk,1
7739-LAXOG,91.05,32,Month-to-month,1,High value,Medium risk,High value / Medium risk,1
5481-NTDOH,107.05,67,One year,0,High value,Low risk,High value / Low risk,2
4163-HFTUK,19.1,51,One year,0,Low value,Low risk,Low value / Low risk,0
5780-INQIK,49.4,8,Month-to-month,0,Low value,High risk,Low value / High risk,1
4184-TJFAN,88.3,3,Month-to-month,1,High value,High risk,High value / High risk,1
5781-BKHOP,100.65,72,Two year,0,High value,Low risk,High value / Low risk,2
7137-RYLPP,85.7,37,Month-to-month,1,High value,Medium risk,High value / Medium risk,1
1852-QSWCD,24.8,64,Two year,0,Low value,Low risk,Low value / Low risk,0
2657-ALMWY,84.95,26,Month-to-month,1,High value,Medium risk,High value / Medium risk,1
8063-RJYNF,94.25,16,Month-to-month,1,High value,Medium risk,High value / Medium risk,1
1875-QIVME,104.4,2,Month-to-month,1,High value,High risk,High value / High risk,1
3714-XPXBW,78.9,37,Month-to-month,0,Mid value,Medium risk,Mid value / Medium risk,2
9896-UYMIE,114.3,66,One year,0,High value,Low risk,High value / Low risk,2
9297-EONCV,91.35,72,Two year,0,High value,Low risk,High value / Low risk,2
4193-ORFCL,45.1,1,Month-to-month,1,Low value,High risk,Low value / High risk,1
7641-EUYET,100.7,46,Month-to-month,1,High value,Medium risk,High value / Medium risk,2
7876-DNYAP,19.8,69,Two year,0,Low value,Low risk,Low value / Low risk,0
8910-ICHIU,95.65,46,One year,0,High value,Low risk,High value / Low risk,2
7994-UYIVZ,85.65,8,Month-to-month,0,High value,High risk,High value / High risk,1
1849-RJYIG,60.0,8,Month-to-month,0,Mid value,High risk,Mid value / High risk,1
1349-WXNGG,20.05,1,Month-to-month,1,Low value,High risk,Low value / High risk,0
0248-PGHBZ,92.45,67,Two year,0,High value,Low risk,High value / Low risk,2
9397-TZSHA,24.6,69,Two year,0,Low value,Low risk,Low value / Low risk,0
8967-SZQAS,50.45,14,Month-to-month,0,Low value,Medium risk,Low value / Medium risk,1
9577-WJVCQ,54.45,68,Month-to-month,0,Mid value,Medium risk,Mid value / Medium risk,2
9388-ZEYVT,44.15,43,One year,0,Low value,Low risk,Low value / Low risk,1
2832-SCUCO,19.9,2,Month-to-month,0,Low value,High risk,Low value / High risk,0
4257-GAESD,45.0,6,Month-to-month,0,Low value,High risk,Low value / High risk,1
1843-TLSGD,20.85,13,Two year,0,Low value,Low risk,Low value / Low risk,0
7427-AUFPY,19.65,54,Two year,0,Low value,Low risk,Low value / Low risk,0
8660-BUETV,44.75,3,Month-to-month,0,Low value,High risk,Low value / High risk,1
9355-NPPFS,78.8,26,Month-to-month,0,Mid value,Medium risk,Mid value / Medium risk,1
5032-USPKF,84.1,38,One year,0,Mid value,Low risk,Mid value / Low risk,2
3070-FNFZQ,20.4,23,Two year,0,Low value,Low risk,Low value / Low risk,0
2138-VFAPZ,19.7,14,Two year,0,Low value,Low risk,Low value / Low risk,0
5338-YHWYT,61.45,37,Two year,0,Mid value,Low risk,Mid value / Low risk,1
9667-EQRXU,40.3,30,Month-to-month,1,Low value,Medium risk,Low value / Medium risk,1
6437-UKHMV,79.7,7,Month-to-month,1,Mid value,High risk,Mid value / High risk,1
9546-CQJSU,91.4,2,Month-to-month,1,High value,High risk,High value / High risk,1
6551-ZCOTS,24.9,33,One year,0,Low value,Low risk,Low value / Low risk,0
4304-XUMGI,75.15,50,Two year,0,Mid value,Low risk,Mid value / Low risk,2
2808-CHTDM,25.1,23,Two year,0,Low value,Low risk,Low value / Low risk,0
6749-UTDVX,103.65,72,Two year,0,High value,Low risk,High value / Low risk,2
7762-URZQH,106.05,66,Two year,1,High value,Low risk,High value / Low risk,2
9526-BIHHD,29.7,1,Month-to-month,1,Low value,High risk,Low value / High risk,1
9837-FWLCH,19.2,12,Month-to-month,0,Low value,High risk,Low value / High risk,0
4825-XJGDM,43.7,61,One year,0,Low value,Low risk,Low value / Low risk,2
6762-NSODU,19.4,46,Two year,0,Low value,Low risk,Low value / Low risk,0
5837-LXSDN,58.85,21,One year,0,Mid value,Low risk,Mid value / Low risk,1
3648-GZPHF,36.25,32,One year,0,Low value,Low risk,Low value / Low risk,0
2164-SOQXL,20.05,20,Month-to-month,0,Low value,Medium risk,Low value / Medium risk,0
9236-NDUCW,35.1,21,Two year,0,Low value,Low risk,Low value / Low risk,0
2223-KAGMX,19.4,15,Month-to-month,1,Low value,Medium risk,Low value / Medium risk,0
0268-QKIWO,19.75,3,Month-to-month,1,Low value,High risk,Low value / High risk,0
1907-UBQFC,72.85,10,Month-to-month,1,Mid value,High risk,Mid value / High risk,1
4274-DRSQT,88.9,66,One year,0,High value,Low risk,High value / Low risk,2
5577-OTWWW,19.75,15,Month-to-month,1,Low value,Medium risk,Low value / Medium risk,0
9867-JCZSP,20.75,17,One year,0,Low value,Low risk,Low value / Low risk,0
8623-TMRBY,84.2,51,Month-to-month,1,Mid value,Medium risk,Mid value / Medium risk,2
9689-PTNPG,80.25,2,Month-to-month,1,Mid value,High risk,Mid value / High risk,1
7590-VHVEG,29.85,1,Month-to-month,0,Low value,High risk,Low value / High risk,1
3900-AQPHZ,19.9,1,Month-to-month,1,Low value,High risk,Low value / High risk,0
0234-TEVTT,45.0,48,One year,0,Low value,Low risk,Low value / Low risk,2
2640-PMGFL,79.5,27,Month-to-month,1,Mid value,Medium risk,Mid value / Medium risk,1
9504-DSHWM,59.2,20,Month-to-month,0,Mid value,Medium risk,Mid value / Medium risk,1
5868-CZJDR,31.35,1,Month-to-month,1,Low value,High risk,Low value / High risk,1
9294-TDIPC,20.2,5,Month-to-month,0,Low value,High risk,Low value / High risk,0
1596-OQSPS,51.1,11,Month-to-month,0,Mid value,High risk,Mid value / High risk,1
6942-LBFDP,20.55,2,Month-to-month,0,Low value,High risk,Low value / High risk,0
7527-QNRUS,25.15,17,Two year,0,Low value,Low risk,Low value / Low risk,0
0909-SDHNU,29.8,7,Month-to-month,0,Low value,High risk,Low value / High risk,1
4926-UMJZD,49.2,31,Month-to-month,0,Low value,Medium risk,Low value / Medium risk,1
8444-WRIDW,80.45,66,Month-to-month,1,Mid value,Medium risk,Mid value / Medium risk,2
4910-GMJOT,94.6,1,Month-to-month,1,High value,High risk,High value / High risk,1
2952-QAYZF,85.3,5,Month-to-month,1,High value,High risk,High value / High risk,1
9833-TGFHX,97.1,42,One year,0,High value,Low risk,High value / Low risk,2
9140-CZQZZ,79.6,68,Two year,0,Mid value,Low risk,Mid value / Low risk,2
7777-UNYHB,20.1,12,Month-to-month,0,Low value,High risk,Low value / High risk,0
4102-OQUPX,74.4,1,Month-to-month,1,Mid value,High risk,Mid value / High risk,1
1699-UOTXU,61.4,60,Two year,0,Mid value,Low risk,Mid value / Low risk,2
3167-SNQPL,101.15,38,Month-to-month,0,High value,Medium risk,High value / Medium risk,2
2180-DXNEG,96.0,12,Month-to-month,1,High value,High risk,High value / High risk,1
6476-YHMGA,76.5,15,Month-to-month,0,Mid value,Medium risk,Mid value / Medium risk,1
2277-BKJKN,99.2,71,Two year,0,High value,Low risk,High value / Low risk,2
2274-XUATA,63.1,72,Two year,0,Mid value,Low risk,Mid value / Low risk,2
1391-UBDAR,72.9,11,Month-to-month,0,Mid value,High risk,Mid value / High risk,1
3957-HHLMR,65.2,70,One year,0,Mid value,Low risk,Mid value / Low risk,2
4351-QLCSU,55.0,1,Month-to-month,1,Mid value,High risk,Mid value / High risk,1
0071-NDAFP,25.5,25,Two year,0,Low value,Low risk,Low value / Low risk,0
3244-CQPHU,110.1,72,Two year,0,High value,Low risk,High value / Low risk,2
7318-EIVKO,59.25,8,Month-to-month,0,Mid value,High risk,Mid value / High risk,1
1301-LOPVR,55.35,29,One year,0,Mid value,Low risk,Mid value / Low risk,1
8217-QYOHV,55.75,5,Month-to-month,0,Mid value,High risk,Mid value / High risk,1
7595-EHCDL,50.6,32,Month-to-month,0,Mid value,Medium risk,Mid value / Medium risk,1
0817-HSUSE,75.5,1,Month-to-month,0,Mid value,High risk,Mid value / High risk,1
4178-EGMON,88.0,70,Two year,0,High value,Low risk,High value / Low risk,2
1000-AJSLD,20.1,1,Month-to-month,1,Low value,High risk,Low value / High risk,0
0257-ZESQC,75.2,27,Month-to-month,1,Mid value,Medium risk,Mid value / Medium risk,1
4403-BWPAY,24.8,14,One year,0,Low value,Low risk,Low value / Low risk,0
9600-UDOPK,94.05,30,Month-to-month,1,High value,Medium risk,High value / Medium risk,1
9888-ZCUMM,60.05,64,Two year,0,Mid value,Low risk,Mid value / Low risk,2
6743-HHQPF,25.1,42,Month-to-month,0,Low value,Medium risk,Low value / Medium risk,0
5550-VFRLC,69.85,1,Month-to-month,1,Mid value,High risk,Mid value / High risk,1
1222-KJNZD,20.4,40,Month-to-month,0,Low value,Medium risk,Low value / Medium risk,0
1013-QCWAM,100.8,66,Month-to-month,0,High value,Medium risk,High value / Medium risk,2
9637-EIHEQ,50.8,1,Month-to-month,1,Mid value,High risk,Mid value / High risk,1
9513-DXHDA,81.7,27,One year,0,Mid value,Low risk,Mid value / Low risk,2
5046-NUHWD,45.0,29,Month-to-month,0,Low value,Medium risk,Low value / Medium risk,1
5716-EZXZN,99.05,65,Two year,0,High value,Low risk,High value / Low risk,2
9189-JWSHV,93.55,24,Month-to-month,1,High value,Medium risk,High value / Medium risk,1
0742-LAFQK,99.15,72,Two year,0,High value,Low risk,High value / Low risk,2
8242-PDSGJ,39.15,70,Two year,0,Low value,Low risk,Low value / Low risk,2
0480-BIXDE,96.8,19,Month-to-month,0,High value,Medium risk,High value / Medium risk,1
1579-KLYDT,90.45,7,Month-to-month,1,High value,High risk,High value / High risk,1
6818-DJXAA,91.1,10,Month-to-month,0,High value,High risk,High value / High risk,1
0626-QXNGV,24.15,72,Two year,0,Low value,Low risk,Low value / Low risk,0
2880-FPNAE,74.2,2,Month-to-month,0,Mid value,High risk,Mid value / High risk,1
1971-DTCZB,90.95,72,Two year,0,High value,Low risk,High value / Low risk,2
0147-ESWWR,101.25,39,Month-to-month,0,High value,Medium risk,High value / Medium risk,2
2384-OVPSA,20.2,38,Two year,0,Low value,Low risk,Low value / Low risk,0
4612-SSVHJ,81.45,20,Month-to-month,0,Mid value,Medium risk,Mid value / Medium risk,1
6244-BESBM,95.2,69,Two year,0,High value,Low risk,High value / Low risk,2
8812-ZRHFP,86.45,30,One year,0,High value,Low risk,High value / Low risk,1
3474-BAFSJ,57.5,57,Two year,0,Mid value,Low risk,Mid value / Low risk,2
6029-CSMJE,25.65,17,Month-to-month,0,Low value,Medium risk,Low value / Medium risk,0
9173-IVZVP,20.9,53,Two year,0,Low value,Low risk,Low value / Low risk,0
8242-SOQUO,84.7,5,Month-to-month,0,High value,High risk,High value / High risk,1
0804-YGEQV,24.45,43,One year,0,Low value,Low risk,Low value / Low risk,0
2040-LDIWQ,84.2,65,Two year,0,Mid value,Low risk,Mid value / Low risk,2
5917-HBSDW,19.35,37,Month-to-month,0,Low value,Medium risk,Low value / Medium risk,0
7706-DZNKK,20.45,11,Month-to-month,0,Low value,High risk,Low value / High risk,0
0607-MVMGC,78.75,45,One year,0,Mid value,Low risk,Mid value / Low risk,2
6862-CQUMB,96.1,37,Month-to-month,0,High value,Medium risk,High value / Medium risk,2
4929-ROART,56.25,18,Month-to-month,0,Mid value,Medium risk,Mid value / Medium risk,1
7795-CFOCW,42.3,45,One year,0,Low value,Low risk,Low value / Low risk,1
2108-XWMPY,35.45,3,Month-to-month,1,Low value,High risk,Low value / High risk,1
4797-MIWUM,20.25,7,Month-to-month,0,Low value,High risk,Low value / High risk,0
4248-HCETZ,79.65,30,Month-to-month,1,Mid value,Medium risk,Mid value / Medium risk,1
0516-WJVXC,54.2,5,Month-to-month,1,Mid value,High risk,Mid value / High risk,1
5569-OUICF,101.3,28,Month-to-month,1,High value,Medium risk,High value / Medium risk,1
1197-BVMVG,74.45,4,Month-to-month,0,Mid value,High risk,Mid value / High risk,1
1134-YWTYF,53.8,27,Month-to-month,0,Mid value,Medium risk,Mid value / Medium risk,1
8152-UOBNY,106.8,50,One year,0,High value,Low risk,High value / Low risk,2
1591-NFNLQ,80.0,51,Month-to-month,1,Mid value,Medium risk,Mid value / Medium risk,2
4641-FROLU,19.3,30,Two year,0,Low value,Low risk,Low value / Low risk,0
8198-RKSZG,80.45,14,Month-to-month,0,Mid value,Medium risk,Mid value / Medium risk,1
4550-VBOFE,102.95,70,Month-to-month,1,High value,Medium risk,High value / Medium risk,2
9475-NNDGC,113.15,71,One year,0,High value,Low risk,High value / Low risk,2
1432-FPAXX,30.6,29,Month-to-month,1,Low value,Medium risk,Low value / Medium risk,1
8091-TTVAX,100.35,58,One year,0,High value,Low risk,High value / Low risk,2
9318-NKNFC,18.85,1,Month-to-month,1,Low value,High risk,Low value / High risk,0
9560-BBZXK,31.05,36,Two year,0,Low value,Low risk,Low value / Low risk,0
4231-LZUYM,25.65,72,Two year,0,Low value,Low risk,Low value / Low risk,0
7395-IGJOS,81.5,17,Month-to-month,1,Mid value,Medium risk,Mid value / Medium risk,1
2454-RPBRZ,98.1,12,Month-to-month,1,High value,High risk,High value / High risk,1
4999-IEZLT,29.45,66,One year,0,Low value,Low risk,Low value / Low risk,0
3113-IWHLC,55.8,5,Month-to-month,0,Mid value,High risk,Mid value / High risk,1
4373-VVHQL,44.75,1,Month-to-month,0,Low value,High risk,Low value / High risk,1
2599-CZABP,44.6,14,One year,0,Low value,Low risk,Low value / Low risk,1
2983-ZANRP,73.55,2,Month-to-month,1,Mid value,High risk,Mid value / High risk,1
9787-XVQIU,75.3,1,Month-to-month,1,Mid value,High risk,Mid value / High risk,1
6656-JWRQX,30.55,1,Month-to-month,0,Low value,High risk,Low value / High risk,1
6671-NGWON,20.35,7,Month-to-month,0,Low value,High risk,Low value / High risk,0
0142-GVYSN,20.3,26,Month-to-month,0,Low value,Medium risk,Low value / Medium risk,0
0133-BMFZO,86.25,2,Month-to-month,1,High value,High risk,High value / High risk,1
3307-TLCUD,34.4,17,Month-to-month,0,Low value,Medium risk,Low value / Medium risk,1
3521-MNKLV,49.7,24,Month-to-month,0,Low value,Medium risk,Low value / Medium risk,1
2604-XVDAM,43.8,12,Month-to-month,0,Low value,High risk,Low value / High risk,1
5171-EPLKN,19.85,27,Two year,0,Low value,Low risk,Low value / Low risk,0
0613-WUXUM,19.2,70,Two year,0,Low value,Low risk,Low value / Low risk,0
9360-AHGNL,109.55,43,One year,1,High value,Low risk,High value / Low risk,2
1024-KPRBB,89.1,38,One year,0,High value,Low risk,High value / Low risk,2
8183-ONMXC,80.75,2,Month-to-month,1,Mid value,High risk,Mid value / High risk,1
7233-DRTRF,102.4,63,Month-to-month,0,High value,Medium risk,High value / Medium risk,2
2057-BOYKM,96.6,72,Two year,0,High value,Low risk,High value / Low risk,2
9928-BZVLZ,49.85,12,Two year,0,Low value,Low risk,Low value / Low risk,1
9853-JFZDU,56.85,35,Month-to-month,0,Mid value,Medium risk,Mid value / Medium risk,1
0577-WHMEV,90.7,16,Month-to-month,0,High value,Medium risk,High value / Medium risk,1
6088-BXMRG,98.85,32,Month-to-month,0,High value,Medium risk,High value / Medium risk,1
5214-NLTIT,90.8,72,Two year,0,High value,Low risk,High value / Low risk,2
1153-GNOLC,39.1,33,One year,0,Low value,Low risk,Low value / Low risk,1
4816-OKWNX,103.4,50,One year,0,High value,Low risk,High value / Low risk,2
0096-FCPUF,64.5,30,Month-to-month,0,Mid value,Medium risk,Mid value / Medium risk,1
2621-UDNLU,20.85,3,Month-to-month,0,Low value,High risk,Low value / High risk,0
8544-JNBOX,20.8,72,Two year,0,Low value,Low risk,Low value / Low risk,0
0328-GRPMV,70.1,1,Month-to-month,1,Mid value,High risk,Mid value / High risk,1
5699-BNCAS,24.65,71,Two year,0,Low value,Low risk,Low value / Low risk,0
9448-REEVD,44.7,1,Month-to-month,1,Low value,High risk,Low value / High risk,1
8705-WZCYL,44.8,1,Month-to-month,0,Low value,High risk,Low value / High risk,1
3621-CEOVK,100.2,14,Month-to-month,1,High value,Medium risk,High value / Medium risk,1
2189-WWOEW,85.9,15,Month-to-month,1,High value,Medium risk,High value / Medium risk,1
1636-NTNCO,50.95,4,Month-to-month,0,Mid value,High risk,Mid value / High risk,1
8943-URTMR,79.65,2,Month-to-month,1,Mid value,High risk,Mid value / High risk,1
6015-VVHHE,83.15,5,Month-to-month,1,Mid value,High risk,Mid value / High risk,1
4369-NYSCF,75.75,56,One year,0,Mid value,Low risk,Mid value / Low risk,2
3810-PJUHR,25.35,70,Two year,0,Low value,Low risk,Low value / Low risk,0
1196-AMORA,73.6,7,Month-to-month,1,Mid value,High risk,Mid value / High risk,1
1264-BYWMS,96.8,55,Month-to-month,1,High value,Medium risk,High value / Medium risk,2
4896-CPRPF,25.45,35,Two year,0,Low value,Low risk,Low value / Low risk,0
4079-ULGFR,20.0,16,Month-to-month,0,Low value,Medium risk,Low value / Medium risk,0
3156-QLHBO,19.25,2,Month-to-month,0,Low value,High risk,Low value / High risk,0
8631-XVRZL,20.15,9,One year,0,Low value,Low risk,Low value / Low risk,0
9360-OMDZZ,94.1,24,Month-to-month,0,High value,Medium risk,High value / Medium risk,1
1086-LXKFY,69.1,1,Month-to-month,1,Mid value,High risk,Mid value / High risk,1
5656-JAMLX,19.85,62,Two year,0,Low value,Low risk,Low value / Low risk,0
6715-OFDBP,70.05,5,Month-to-month,1,Mid value,High risk,Mid value / High risk,1
8225-BTJAU,79.25,10,Month-to-month,1,Mid value,High risk,Mid value / High risk,1
5781-RFZRP,73.5,71,Two year,0,Mid value,Low risk,Mid value / Low risk,2
0827-ITJPH,18.55,36,Two year,0,Low value,Low risk,Low value / Low risk,0
6393-WRYZE,97.65,34,Month-to-month,1,High value,Medium risk,High value / Medium risk,1
8332-OSJDW,26.4,12,One year,0,Low value,Low risk,Low value / Low risk,0
1722-LDZJS,20.2,53,One year,0,Low value,Low risk,Low value / Low risk,0
2673-ZALNP,19.9,7,One year,0,Low value,Low risk,Low value / Low risk,0
2452-MRMZF,25.7,72,Two year,0,Low value,Low risk,Low value / Low risk,0
7780-OTDSO,99.4,18,Month-to-month,1,High value,Medium risk,High value / Medium risk,1
4508-OEBEY,75.5,31,One year,0,Mid value,Low risk,Mid value / Low risk,2
2391-IPLOP,69.65,50,One year,0,Mid value,Low risk,Mid value / Low risk,2
4632-PAOYU,19.95,22,One year,0,Low value,Low risk,Low value / Low risk,0
4909-JOUPP,109.7,72,Two year,0,High value,Low risk,High value / Low risk,2
2920-RNCEZ,69.95,1,Month-to-month,0,Mid value,High risk,Mid value / High risk,1
4897-QSUYC,20.15,1,Month-to-month,1,Low value,High risk,Low value / High risk,0
0836-SEYLU,40.65,9,Month-to-month,1,Low value,High risk,Low value / High risk,1
0401-WDBXM,105.55,72,Two year,0,High value,Low risk,High value / Low risk,2
3685-YLCMQ,104.65,58,One year,1,High value,Low risk,High value / Low risk,2
5981-ZVXOT,108.35,35,One year,0,High value,Low risk,High value / Low risk,2
1052-QJIBV,19.9,71,Two year,0,Low value,Low risk,Low value / Low risk,0
2251-PYLPB,79.55,72,Two year,0,Mid value,Low risk,Mid value / Low risk,2
7126-RBHSD,78.9,17,Month-to-month,0,Mid value,Medium risk,Mid value / Medium risk,1
5879-HMFFH,88.05,72,Two year,0,High value,Low risk,High value / Low risk,2
7103-IPXPJ,99.4,50,One year,0,High value,Low risk,High value / Low risk,2
5859-HZYLF,19.15,26,Two year,0,Low value,Low risk,Low value / Low risk,0
8992-JQYUN,50.35,1,Month-to-month,1,Low value,High risk,Low value / High risk,1
9688-YGXVR,88.15,44,Month-to-month,0,High value,Medium risk,High value / Medium risk,2
8705-DWKTI,83.8,52,Month-to-month,0,Mid value,Medium risk,Mid value / Medium risk,2
6851-WEFYX,100.8,35,Month-to-month,0,High value,Medium risk,High value / Medium risk,2
2424-WVHPL,74.7,1,Month-to-month,0,Mid value,High risk,Mid value / High risk,1
3668-QPYBK,53.85,2,Month-to-month,1,Mid value,High risk,Mid value / High risk,1
8450-UYIBU,39.85,35,Month-to-month,0,Low value,Medium risk,Low value / Medium risk,1
7951-VRDVK,85.85,36,One year,0,High value,Low risk,High value / Low risk,2
5248-RPYWW,90.15,72,Two year,0,High value,Low risk,High value / Low risk,2
6778-JFCMK,50.6,24,One year,0,Mid value,Low risk,Mid value / Low risk,1
1309-BXVOQ,106.1,21,Month-to-month,1,High value,Medium risk,High value / Medium risk,1
0239-OXEXL,84.25,46,Month-to-month,0,High value,Medium risk,High value / Medium risk,2
1140-UKVZG,24.8,17,Month-to-month,0,Low value,Medium risk,Low value / Medium risk,0
6583-KQJLK,94.65,15,Month-to-month,0,High value,Medium risk,High value / Medium risk,1
1049-FYSYG,35.65,17,Month-to-month,0,Low value,Medium risk,Low value / Medium risk,1
9359-JANWS,58.9,65,Two year,0,Mid value,Low risk,Mid value / Low risk,2
7129-AZJDE,78.95,34,One year,0,Mid value,Low risk,Mid value / Low risk,1
3316-UWXUY,93.5,50,Month-to-month,0,High value,Medium risk,High value / Medium risk,2
1062-LHZOD,69.9,1,Month-to-month,1,Mid value,High risk,Mid value / High risk,1
7233-PAHHL,84.0,66,Two year,0,Mid value,Low risk,Mid value / Low risk,2
3177-LASXD,71.35,1,Month-to-month,1,Mid value,High risk,Mid value / High risk,1
0784-ZQJZX,19.9,72,Two year,0,Low value,Low risk,Low value / Low risk,0
0603-TPMIB,25.45,59,Two year,0,Low value,Low risk,Low value / Low risk,0
8559-CIZFV,77.5,21,One year,1,Mid value,Low risk,Mid value / Low risk,1
2252-ISRNH,90.35,9,One year,0,High value,Low risk,High value / Low risk,1
2346-DJQTB,24.15,35,Month-to-month,0,Low value,Medium risk,Low value / Medium risk,0
8229-MYEJZ,51.2,10,Month-to-month,0,Mid value,High risk,Mid value / High risk,1
4979-HPRFL,24.15,56,Two year,0,Low value,Low risk,Low value / Low risk,0
5387-ASZNZ,63.85,66,One year,0,Mid value,Low risk,Mid value / Low risk,2
6432-TWQLB,85.4,5,Month-to-month,1,High value,High risk,High value / High risk,1
4083-EUGRJ,20.25,9,Month-to-month,1,Low value,High risk,Low value / High risk,0
8313-AFGBW,73.6,47,Two year,0,Mid value,Low risk,Mid value / Low risk,2
1803-BGNBD,54.3,12,Month-to-month,0,Mid value,High risk,Mid value / High risk,1
6120-RJKLU,79.95,62,Two year,0,Mid value,Low risk,Mid value / Low risk,2
8695-ARGXZ,75.55,34,Month-to-month,0,Mid value,Medium risk,Mid value / Medium risk,1
4488-PSYCG,20.25,16,Month-to-month,1,Low value,Medium risk,Low value / Medium risk,0
5868-YTYKS,20.25,1,Month-to-month,0,Low value,High risk,Low value / High risk,0
3450-WXOAT,45.2,46,Month-to-month,0,Low value,Medium risk,Low value / Medium risk,0
3178-CIFOT,19.65,23,One year,0,Low value,Low risk,Low value / Low risk,0
7049-GKVZY,79.85,17,One year,0,Mid value,Low risk,Mid value / Low risk,1
0068-FIGTF,78.2,27,One year,0,Mid value,Low risk,Mid value / Low risk,2
3255-GRXMG,45.65,18,Month-to-month,0,Low value,Medium risk,Low value / Medium risk,1
4976-LNFVV,34.3,19,Month-to-month,0,Low value,Medium risk,Low value / Medium risk,1
6574-MCOEH,79.15,33,One year,0,Mid value,Low risk,Mid value / Low risk,2
7399-QHBJS,66.75,72,Two year,0,Mid value,Low risk,Mid value / Low risk,2
0734-OXWBT,70.7,3,Month-to-month,0,Mid value,High risk,Mid value / High risk,1
2615-YVMYX,107.5,71,Month-to-month,0,High value,Medium risk,High value / Medium risk,2
2207-OBZNX,51.0,7,Month-to-month,1,Mid value,High risk,Mid value / High risk,1
8016-NCFVO,116.5,55,Month-to-month,0,High value,Medium risk,High value / Medium risk,2
0942-KOWSM,80.8,30,Two year,0,Mid value,Low risk,Mid value / Low risk,2
2234-XADUH,103.2,72,One year,0,High value,Low risk,High value / Low risk,2
3902-MIVLE,75.7,63,Two year,0,Mid value,Low risk,Mid value / Low risk,2
2674-MIAHT,80.3,4,Month-to-month,0,Mid value,High risk,Mid value / High risk,1
5271-DBYSJ,79.15,11,Month-to-month,0,Mid value,High risk,Mid value / High risk,1
6705-LNMDD,50.0,20,Month-to-month,0,Low value,Medium risk,Low value / Medium risk,1
6549-NNDYT,30.85,13,Month-to-month,0,Low value,Medium risk,Low value / Medium risk,1
4324-BZCKL,55.55,10,Month-to-month,0,Mid value,High risk,Mid value / High risk,1
5099-BAILX,110.75,43,Month-to-month,1,High value,Medium risk,High value / Medium risk,2
4521-YEEHE,88.85,18,Month-to-month,0,High value,Medium risk,High value / Medium risk,1
6127-IYJOZ,45.85,1,Month-to-month,0,Low value,High risk,Low value / High risk,1
5989-PGKJB,86.25,16,Month-to-month,0,High value,Medium risk,High value / Medium risk,1
2538-OIMXF,24.7,1,Month-to-month,0,Low value,High risk,Low value / High risk,0
8603-IJWDN,86.6,1,Month-to-month,1,High value,High risk,High value / High risk,1
2856-NNASM,89.55,43,Month-to-month,1,High value,Medium risk,High value / Medium risk,2
5173-ZXXXL,19.95,2,One year,0,Low value,Low risk,Low value / Low risk,0
5356-KZCKT,24.45,58,Two year,0,Low value,Low risk,Low value / Low risk,0
6008-NAIXK,55.45,54,One year,0,Mid value,Low risk,Mid value / Low risk,2
5160-UXJED,44.6,17,One year,0,Low value,Low risk,Low value / Low risk,0
2632-UCGVD,100.05,66,Month-to-month,1,High value,Medium risk,High value / Medium risk,2
4548-SDBKE,85.2,5,Month-to-month,1,High value,High risk,High value / High risk,1
4849-PYRLQ,73.25,56,Two year,0,Mid value,Low risk,Mid value / Low risk,2
7094-MSZAO,20.05,10,Month-to-month,0,Low value,High risk,Low value / High risk,0
1624-WOIWJ,84.7,10,Month-to-month,1,High value,High risk,High value / High risk,1
0378-CJKPV,112.1,72,Two year,0,High value,Low risk,High value / Low risk,2
3012-VFFMN,20.65,7,Month-to-month,0,Low value,High risk,Low value / High risk,0
5650-VDUDS,24.25,4,Month-to-month,1,Low value,High risk,Low value / High risk,0
5915-DGNVC,71.8,49,One year,0,Mid value,Low risk,Mid value / Low risk,2
3617-XLSGQ,109.25,66,Two year,0,High value,Low risk,High value / Low risk,2
3374-TTZTK,106.3,52,Two year,0,High value,Low risk,High value / Low risk,2
1320-REHCS,110.75,52,Month-to-month,0,High value,Medium risk,High value / Medium risk,2
5884-GCYMI,69.4,1,Month-to-month,1,Mid value,High risk,Mid value / High risk,1
7812-FZHPE,24.1,17,Month-to-month,1,Low value,Medium risk,Low value / Medium risk,0
7197-VOJMM,69.2,67,Two year,0,Mid value,Low risk,Mid value / Low risk,2
2229-VWQJH,49.3,24,Month-to-month,0,Low value,Medium risk,Low value / Medium risk,1
6549-BTYPG,60.8,60,Two year,0,Mid value,Low risk,Mid value / Low risk,2
9540-JYROE,70.1,8,Month-to-month,1,Mid value,High risk,Mid value / High risk,1
5423-BHIXO,54.2,32,Month-to-month,0,Mid value,Medium risk,Mid value / Medium risk,1
4559-UWIHT,82.65,14,Month-to-month,0,Mid value,Medium risk,Mid value / Medium risk,1
8775-LHDJH,90.6,1,Month-to-month,1,High value,High risk,High value / High risk,1
3754-DXMRT,44.15,2,Month-to-month,1,Low value,High risk,Low value / High risk,1
8374-XGEJJ,101.0,43,Month-to-month,1,High value,Medium risk,High value / Medium risk,2
6575-SUVOI,69.5,25,Month-to-month,0,Mid value,Medium risk,Mid value / Medium risk,1
3653-NCRDJ,19.2,43,One year,0,Low value,Low risk,Low value / Low risk,0
9081-WWXKP,20.25,47,Two year,0,Low value,Low risk,Low value / Low risk,0
0929-PECLO,89.6,63,Month-to-month,0,High value,Medium risk,High value / Medium risk,2
1231-YNDEK,19.15,58,Two year,0,Low value,Low risk,Low value / Low risk,0
5018-HEKFO,24.5,10,Month-to-month,0,Low value,High risk,Low value / High risk,0
6402-SSEJG,61.05,25,One year,0,Mid value,Low risk,Mid value / Low risk,1
3951-NJCVI,95.05,42,Month-to-month,0,High value,Medium risk,High value / Medium risk,2
8610-WFCJF,95.6,49,Month-to-month,1,High value,Medium risk,High value / Medium risk,2
0748-RDGGM,109.5,70,One year,1,High value,Low risk,High value / Low risk,2
5562-YJQGT,20.35,2,Month-to-month,0,Low value,High risk,Low value / High risk,0
9675-ICXCT,80.8,72,Two year,0,Mid value,Low risk,Mid value / Low risk,2
4992-LTJNE,55.3,72,Two year,0,Mid value,Low risk,Mid value / Low risk,2
4797-AXPXK,60.0,1,Month-to-month,1,Mid value,High risk,Mid value / High risk,1
8755-IWJHN,95.35,69,Month-to-month,0,High value,Medium risk,High value / Medium risk,2
9846-GKXAS,90.8,9,Month-to-month,1,High value,High risk,High value / High risk,1
8439-LTUGF,20.0,10,Month-to-month,0,Low value,High risk,Low value / High risk,0
5740-YHGTW,97.55,70,Month-to-month,0,High value,Medium risk,High value / Medium risk,2
6101-IMRMM,94.5,6,Month-to-month,1,High value,High risk,High value / High risk,1
2580-ATZSQ,61.35,65,One year,0,Mid value,Low risk,Mid value / Low risk,2
4525-VZCZG,105.85,54,One year,0,High value,Low risk,High value / Low risk,2
6416-JNVRK,55.65,46,One year,0,Mid value,Low risk,Mid value / Low risk,1
7449-HVPIV,90.4,55,Month-to-month,0,High value,Medium risk,High value / Medium risk,2
7503-EPSZW,24.05,64,Two year,0,Low value,Low risk,Low value / Low risk,0
0674-GCDXG,71.9,63,Two year,0,Mid value,Low risk,Mid value / Low risk,2
7471-WNSUF,24.15,60,One year,0,Low value,Low risk,Low value / Low risk,0
6838-YAUVY,95.1,54,Two year,0,High value,Low risk,High value / Low risk,2
5027-XWQHA,44.75,6,Month-to-month,1,Low value,High risk,Low value / High risk,1
3230-JCNZS,99.0,71,Two year,0,High value,Low risk,High value / Low risk,2
2359-KLTEK,94.9,41,Month-to-month,0,High value,Medium risk,High value / Medium risk,2
6173-ITPWD,83.35,47,Month-to-month,1,Mid value,Medium risk,Mid value / Medium risk,2
8076-FEZKJ,19.5,10,One year,0,Low value,Low risk,Low value / Low risk,0
6583-QGCSI,88.05,50,Month-to-month,1,High value,Medium risk,High value / Medium risk,2
1750-CSKKM,55.35,9,Month-to-month,1,Mid value,High risk,Mid value / High risk,1
1527-SXDPN,96.25,52,Two year,1,High value,Low risk,High value / Low risk,2
0902-RFHOF,20.1,38,One year,0,Low value,Low risk,Low value / Low risk,0
3955-JBZZM,78.8,20,Month-to-month,0,Mid value,Medium risk,Mid value / Medium risk,1
3318-NMQXL,92.0,3,Month-to-month,0,High value,High risk,High value / High risk,1
3384-CTMSF,104.1,47,Month-to-month,0,High value,Medium risk,High value / Medium risk,2
8908-SLFCJ,20.85,21,Two year,0,Low value,Low risk,Low value / Low risk,0
7727-SHVZV,19.5,9,Month-to-month,0,Low value,High risk,Low value / High risk,0
5286-YHCVC,104.8,72,Two year,0,High value,Low risk,High value / Low risk,2
0455-XFASS,69.55,3,Month-to-month,0,Mid value,High risk,Mid value / High risk,1
4495-LHSSK,57.65,18,Month-to-month,0,Mid value,Medium risk,Mid value / Medium risk,1
1619-YWUBB,24.95,68,Two year,0,Low value,Low risk,Low value / Low risk,0
6754-LZUKA,80.9,61,Two year,0,Mid value,Low risk,Mid value / Low risk,2
9069-LGEUL,59.95,23,Month-to-month,0,Mid value,Medium risk,Mid value / Medium risk,1
2558-BUOZZ,94.8,47,One year,0,High value,Low risk,High value / Low risk,2
5908-QMGOE,74.2,15,Month-to-month,1,Mid value,Medium risk,Mid value / Medium risk,1
8008-OTEZX,19.65,35,One year,0,Low value,Low risk,Low value / Low risk,0
5914-GXMDA,19.3,32,One year,0,Low value,Low risk,Low value / Low risk,0
0670-ANMUU,97.65,71,One year,0,High value,Low risk,High value / Low risk,2
4484-GLZOU,105.05,52,Month-to-month,1,High value,Medium risk,High value / Medium risk,2
4967-WPNCF,63.7,72,Two year,0,Mid value,Low risk,Mid value / Low risk,2
9817-APLHW,25.0,12,Month-to-month,0,Low value,High risk,Low value / High risk,0
2428-HYUNX,19.35,44,Two year,0,Low value,Low risk,Low value / Low risk,0
6295-OSINB,109.65,72,Two year,0,High value,Low risk,High value / Low risk,2
5914-DVBWJ,85.45,18,Month-to-month,1,High value,Medium risk,High value / Medium risk,1
0122-OAHPZ,73.85,7,Month-to-month,1,Mid value,High risk,Mid value / High risk,1
6347-DCUIK,74.15,10,Month-to-month,1,Mid value,High risk,Mid value / High risk,1
4518-FZBSX,20.25,42,One year,0,Low value,Low risk,Low value / Low risk,0
4822-LPTYJ,103.75,72,Two year,0,High value,Low risk,High value / Low risk,2
2082-OJVTK,89.2,29,Month-to-month,1,High value,Medium risk,High value / Medium risk,1
0014-BMAQU,84.65,63,Two year,0,High value,Low risk,High value / Low risk,2
4800-VHZKI,19.9,1,Month-to-month,1,Low value,High risk,Low value / High risk,0
0975-UYDTX,90.1,26,One year,0,High value,Low risk,High value / Low risk,2
6266-QHOJZ,89.85,65,One year,0,High value,Low risk,High value / Low risk,2
3850-OKINF,66.2,71,One year,0,Mid value,Low risk,Mid value / Low risk,2
1095-WGNGG,101.05,61,Two year,0,High value,Low risk,High value / Low risk,2
5343-SGUBI,80.2,52,One year,0,Mid value,Low risk,Mid value / Low risk,2
7615-ESMYF,44.6,2,Month-to-month,1,Low value,High risk,Low value / High risk,1
1771-OADNZ,95.9,29,Month-to-month,1,High value,Medium risk,High value / Medium risk,1
2387-KDZQY,20.1,17,One year,0,Low value,Low risk,Low value / Low risk,0
3777-XROBG,19.55,58,Two year,0,Low value,Low risk,Low value / Low risk,0
8714-CTZJW,82.85,4,Month-to-month,0,Mid value,High risk,Mid value / High risk,1
3934-HXCFZ,99.25,23,Month-to-month,1,High value,Medium risk,High value / Medium risk,1
3814-MLAXC,79.85,31,Month-to-month,1,Mid value,Medium risk,Mid value / Medium risk,1
4488-KQFDT,103.95,61,One year,0,High value,Low risk,High value / Low risk,2
6229-LSCKB,79.7,6,Month-to-month,0,Mid value,High risk,Mid value / High risk,1
3166-PNEOF,86.45,61,Two year,0,High value,Low risk,High value / Low risk,2
7544-ZVIKX,105.05,58,One year,0,High value,Low risk,High value / Low risk,2
4318-RAJVY,19.8,10,One year,0,Low value,Low risk,Low value / Low risk,0
4918-FYJNT,90.45,55,Month-to-month,0,High value,Medium risk,High value / Medium risk,2
3258-ZKPAI,116.6,72,Two year,0,High value,Low risk,High value / Low risk,2
0853-TWRVK,105.6,72,Two year,0,High value,Low risk,High value / Low risk,2
5981-ITEMU,97.1,40,Month-to-month,1,High value,Medium risk,High value / Medium risk,2
7554-AKDQF,45.65,6,Month-to-month,0,Low value,High risk,Low value / High risk,1
6050-IJRHS,106.5,70,One year,0,High value,Low risk,High value / Low risk,2
6032-KRXXO,90.25,30,Month-to-month,1,High value,Medium risk,High value / Medium risk,1
7294-TMAOP,90.55,1,Month-to-month,1,High value,High risk,High value / High risk,1
9053-JZFKV,116.2,67,Two year,1,High value,Low risk,High value / Low risk,2
3280-NMUVX,19.6,34,One year,0,Low value,Low risk,Low value / Low risk,0
7024-OHCCK,93.85,2,Month-to-month,1,High value,High risk,High value / High risk,1
5931-FLJJF,70.1,7,Month-to-month,1,Mid value,High risk,Mid value / High risk,1
3999-QGRJH,69.7,8,Month-to-month,1,Mid value,High risk,Mid value / High risk,1
5886-VLQVU,89.85,35,Month-to-month,0,High value,Medium risk,High value / Medium risk,1
4123-DVHPH,88.05,9,Month-to-month,0,High value,High risk,High value / High risk,1
1641-BYBTK,20.2,6,Month-to-month,0,Low value,High risk,Low value / High risk,0
6633-MPWBS,49.2,5,Month-to-month,1,Low value,High risk,Low value / High risk,1
6424-ELEYH,74.75,3,Month-to-month,1,Mid value,High risk,Mid value / High risk,1
6016-NXBNJ,19.15,35,One year,0,Low value,Low risk,Low value / Low risk,0
1101-SSWAG,51.1,15,Month-to-month,0,Mid value,Medium risk,Mid value / Medium risk,1
2528-HFYZX,76.45,17,Month-to-month,1,Mid value,Medium risk,Mid value / Medium risk,1
8277-RVRSV,24.15,33,One year,0,Low value,Low risk,Low value / Low risk,0
3329-WDIOK,50.6,3,Month-to-month,1,Mid value,High risk,Mid value / High risk,1
3533-UVMOM,70.95,68,Two year,0,Mid value,Low risk,Mid value / Low risk,2
3882-IYOIJ,115.25,60,Two year,0,High value,Low risk,High value / Low risk,2
6617-WLBQC,81.85,23,One year,0,Mid value,Low risk,Mid value / Low risk,1
2511-ALLCS,24.3,35,Two year,0,Low value,Low risk,Low value / Low risk,0
6621-NRZAK,20.0,63,Two year,0,Low value,Low risk,Low value / Low risk,0
1728-BQDMA,44.45,2,Month-to-month,0,Low value,High risk,Low value / High risk,1
3071-VBYPO,89.85,3,Month-to-month,0,High value,High risk,High value / High risk,1
5647-FXOTP,105.9,60,Month-to-month,0,High value,Medium risk,High value / Medium risk,2
8779-QRDMV,39.65,1,Month-to-month,1,Low value,High risk,Low value / High risk,1
7740-BTPUX,113.6,55,Two year,0,High value,Low risk,High value / Low risk,2
6496-SLWHQ,105.0,3,Month-to-month,1,High value,High risk,High value / High risk,1
0231-LXVAP,75.9,1,Month-to-month,1,Mid value,High risk,Mid value / High risk,1
0601-WZHJF,46.35,14,Month-to-month,1,Low value,Medium risk,Low value / Medium risk,1
8818-XYFCQ,99.55,32,Month-to-month,1,High value,Medium risk,High value / Medium risk,2
9046-DQMTP,20.75,35,Month-to-month,0,Low value,Medium risk,Low value / Medium risk,0
4859-ZSRDZ,55.5,58,Two year,0,Mid value,Low risk,Mid value / Low risk,2
9885-MFVSU,46.35,35,Two year,0,Low value,Low risk,Low value / Low risk,1
3115-JPJDD,81.25,59,One year,0,Mid value,Low risk,Mid value / Low risk,2
2905-KFQUV,70.4,2,Month-to-month,0,Mid value,High risk,Mid value / High risk,1
2034-CGRHZ,102.95,24,Month-to-month,1,High value,Medium risk,High value / Medium risk,1
5642-MHDQT,19.85,53,One year,0,Low value,Low risk,Low value / Low risk,0
0516-VRYBW,20.15,18,One year,1,Low value,Low risk,Low value / Low risk,0
2273-QCKXA,49.05,1,Month-to-month,0,Low value,High risk,Low value / High risk,1
1492-KGETH,78.35,70,One year,0,Mid value,Low risk,Mid value / Low risk,2
2786-GCDPI,104.95,50,Month-to-month,0,High value,Medium risk,High value / Medium risk,2
2612-PHGOX,76.1,64,Two year,0,Mid value,Low risk,Mid value / Low risk,2
0526-SXDJP,42.1,72,Two year,0,Low value,Low risk,Low value / Low risk,2
8565-WUXZU,84.8,72,Two year,0,High value,Low risk,High value / Low risk,2
8519-IMDHU,85.6,15,Month-to-month,1,High value,Medium risk,High value / Medium risk,1
3419-SNJJD,105.25,65,Month-to-month,1,High value,Medium risk,High value / Medium risk,2
2305-MRGLV,76.55,28,Month-to-month,0,Mid value,Medium risk,Mid value / Medium risk,1
3916-NRPAP,85.7,3,Month-to-month,0,High value,High risk,High value / High risk,1
6179-GJPSO,108.15,43,Month-to-month,1,High value,Medium risk,High value / Medium risk,2
1352-VHKAJ,71.6,27,Month-to-month,0,Mid value,Medium risk,Mid value / Medium risk,1
0917-EZOLA,104.15,72,Two year,1,High value,Low risk,High value / Low risk,2
5999-LCXAO,29.9,1,Month-to-month,0,Low value,High risk,Low value / High risk,1
8878-RYUKI,59.45,52,Month-to-month,0,Mid value,Medium risk,Mid value / Medium risk,1
0259-GBZSH,85.65,2,Month-to-month,1,High value,High risk,High value / High risk,1
9743-DQKQW,25.1,3,Month-to-month,0,Low value,High risk,Low value / High risk,1
5117-IFGPS,84.3,29,Month-to-month,0,High value,Medium risk,High value / Medium risk,1
2050-ONYDQ,26.0,65,Two year,0,Low value,Low risk,Low value / Low risk,0
0334-ZFJSR,66.05,55,One year,0,Mid value,Low risk,Mid value / Low risk,2
7860-KSUGX,64.45,72,Two year,0,Mid value,Low risk,Mid value / Low risk,2
8838-GPHZP,20.6,63,Two year,0,Low value,Low risk,Low value / Low risk,0
6921-OZMFH,55.7,5,Month-to-month,0,Mid value,High risk,Mid value / High risk,1
6323-AYBRX,19.35,59,Two year,1,Low value,Low risk,Low value / Low risk,0
0567-XRHCU,43.95,69,Two year,0,Low value,Low risk,Low value / Low risk,2
1544-JJMYL,69.35,27,One year,0,Mid value,Low risk,Mid value / Low risk,1
6537-OTKMY,50.75,15,One year,0,Mid value,Low risk,Mid value / Low risk,1
1724-IQWNM,19.3,1,Month-to-month,0,Low value,High risk,Low value / High risk,0
5777-KJIRB,50.25,40,One year,0,Low value,Low risk,Low value / Low risk,0
5122-CYFXA,75.3,3,Month-to-month,0,Mid value,High risk,Mid value / High risk,1
4452-QIIEB,43.9,7,Month-to-month,0,Low value,High risk,Low value / High risk,1
6635-CPNUN,96.6,28,Month-to-month,0,High value,Medium risk,High value / Medium risk,1
9670-BPNXF,62.55,45,One year,0,Mid value,Low risk,Mid value / Low risk,2
5669-SRAIP,39.5,5,Month-to-month,1,Low value,High risk,Low value / High risk,1
5995-OIGLP,56.65,12,Month-to-month,1,Mid value,High risk,Mid value / High risk,1
9919-KNPOO,94.3,21,Month-to-month,0,High value,Medium risk,High value / Medium risk,1
5854-KSRBJ,25.4,70,Two year,0,Low value,Low risk,Low value / Low risk,0
0326-VDYXE,97.65,70,One year,0,High value,Low risk,High value / Low risk,2
9570-KYEUA,99.25,64,Two year,0,High value,Low risk,High value / Low risk,2
6695-AMZUF,86.45,70,Two year,0,High value,Low risk,High value / Low risk,2
8263-QMNTJ,115.55,72,Two year,0,High value,Low risk,High value / Low risk,2
3824-RHKVR,19.7,17,Month-to-month,0,Low value,Medium risk,Low value / Medium risk,0
3645-DEYGF,20.75,1,Month-to-month,0,Low value,High risk,Low value / High risk,0
0969-RGKCU,19.8,37,One year,0,Low value,Low risk,Low value / Low risk,0
7140-ADSMJ,20.45,8,Month-to-month,0,Low value,High risk,Low value / High risk,0
3717-LNXKW,91.7,38,Month-to-month,0,High value,Medium risk,High value / Medium risk,1
7030-NJVDP,89.25,24,Month-to-month,0,High value,Medium risk,High value / Medium risk,1
9681-OXGVC,100.5,5,Month-to-month,1,High value,High risk,High value / High risk,1
0607-DAAHE,19.75,53,Two year,1,Low value,Low risk,Low value / Low risk,0
8901-HJXTF,29.2,12,Month-to-month,1,Low value,High risk,Low value / High risk,0
6551-VLJMV,20.05,34,Two year,0,Low value,Low risk,Low value / Low risk,0
0530-IJVDB,114.6,70,Two year,0,High value,Low risk,High value / Low risk,2
6394-HHHZM,20.7,3,Month-to-month,0,Low value,High risk,Low value / High risk,0
2404-JIBFC,85.1,55,Two year,0,High value,Low risk,High value / Low risk,2
2302-ANTDP,117.45,48,Month-to-month,1,High value,Medium risk,High value / Medium risk,2
1625-JAIIY,83.0,68,One year,1,Mid value,Low risk,Mid value / Low risk,2
8958-JPTRR,24.3,56,One year,0,Low value,Low risk,Low value / Low risk,0
1925-TIBLE,86.5,7,Month-to-month,1,High value,High risk,High value / High risk,1
0520-FDVVT,102.35,35,One year,1,High value,Low risk,High value / Low risk,2
4695-WJZUE,88.55,2,Month-to-month,1,High value,High risk,High value / High risk,1
4183-MYFRB,90.05,21,Month-to-month,0,High value,Medium risk,High value / Medium risk,1
7989-AWGEH,39.2,49,Month-to-month,0,Low value,Medium risk,Low value / Medium risk,1
8917-SZTTJ,19.65,60,Two year,0,Low value,Low risk,Low value / Low risk,0
6259-WJQLC,81.1,32,Month-to-month,0,Mid value,Medium risk,Mid value / Medium risk,1
0895-DQHEW,104.3,54,Month-to-month,1,High value,Medium risk,High value / Medium risk,2
8571-ZCMCX,60.0,47,Two year,0,Mid value,Low risk,Mid value / Low risk,2
1042-HFUCW,54.75,25,One year,0,Mid value,Low risk,Mid value / Low risk,1
9348-YVOMK,44.8,4,Month-to-month,0,Low value,High risk,Low value / High risk,1
2429-AYKKO,19.85,72,Two year,0,Low value,Low risk,Low value / Low risk,0
0968-GSIKN,70.8,1,Month-to-month,1,Mid value,High risk,Mid value / High risk,1
5950-AAAGJ,84.3,18,Month-to-month,0,High value,Medium risk,High value / Medium risk,1
7537-RBWEA,25.15,1,Month-to-month,0,Low value,High risk,Low value / High risk,0
0274-JKUJR,58.85,7,Month-to-month,0,Mid value,High risk,Mid value / High risk,1
6685-XSHHU,20.95,60,Two year,0,Low value,Low risk,Low value / Low risk,0
2691-NZETQ,85.35,9,Month-to-month,1,High value,High risk,High value / High risk,1
4109-CYRBD,51.6,29,Month-to-month,0,Mid value,Medium risk,Mid value / Medium risk,1
9419-IPPBE,90.15,51,One year,0,High value,Low risk,High value / Low risk,2
5167-GBFRE,25.2,4,Month-to-month,1,Low value,High risk,Low value / High risk,0
8917-FAEMR,19.85,37,Two year,0,Low value,Low risk,Low value / Low risk,0
2589-AYCRP,19.75,50,One year,0,Low value,Low risk,Low value / Low risk,0
6481-LXPWL,36.1,56,One year,0,Low value,Low risk,Low value / Low risk,0
4063-EIKNQ,20.95,11,Month-to-month,0,Low value,High risk,Low value / High risk,0
9470-XCCEM,89.65,35,Month-to-month,0,High value,Medium risk,High value / Medium risk,1
3804-RVTGV,103.85,50,Month-to-month,1,High value,Medium risk,High value / Medium risk,2
8372-JUXUI,74.35,1,Month-to-month,1,Mid value,High risk,Mid value / High risk,1
5294-CDGWY,59.3,51,One year,1,Mid value,Low risk,Mid value / Low risk,2
3557-HTYWR,74.05,47,Two year,0,Mid value,Low risk,Mid value / Low risk,2
6035-BXTTY,54.65,32,Month-to-month,0,Mid value,Medium risk,Mid value / Medium risk,1
4111-BNXIF,59.55,67,Two year,0,Mid value,Low risk,Mid value / Low risk,2
5073-RZGBK,80.05,50,One year,0,Mid value,Low risk,Mid value / Low risk,2
5299-SJCZT,101.55,3,Month-to-month,1,High value,High risk,High value / High risk,1
1565-RHDJD,84.05,4,Month-to-month,1,Mid value,High risk,Mid value / High risk,1
0916-QOFDP,95.8,14,Month-to-month,0,High value,Medium risk,High value / Medium risk,1
9281-OFDMF,90.7,39,Month-to-month,0,High value,Medium risk,High value / Medium risk,1
9108-EJFJP,53.55,1,Month-to-month,0,Mid value,High risk,Mid value / High risk,1
2430-USGXP,101.05,24,Month-to-month,1,High value,Medium risk,High value / Medium risk,1
5522-NYKPB,85.9,25,Month-to-month,0,High value,Medium risk,High value / Medium risk,1
1088-CNNKB,80.0,63,One year,0,Mid value,Low risk,Mid value / Low risk,2
4143-OOBWZ,81.3,5,Month-to-month,1,Mid value,High risk,Mid value / High risk,1
8614-VGMMV,49.1,15,Month-to-month,1,Low value,Medium risk,Low value / Medium risk,1
8563-IIOXK,49.75,7,One year,1,Low value,Low risk,Low value / Low risk,1
5055-BRMNE,106.7,67,Two year,0,High value,Low risk,High value / Low risk,2
7660-HDPJV,69.2,1,Month-to-month,1,Mid value,High risk,Mid value / High risk,1
4255-DDUOU,20.5,1,Month-to-month,1,Low value,High risk,Low value / High risk,0
0463-ZSDNT,56.75,10,Month-to-month,0,Mid value,High risk,Mid value / High risk,1
6048-NJXHX,19.75,41,Two year,0,Low value,Low risk,Low value / Low risk,0
2661-GKBTK,76.95,60,Two year,0,Mid value,Low risk,Mid value / Low risk,2
9992-RRAMN,85.1,22,Month-to-month,1,High value,Medium risk,High value / Medium risk,1
4480-QQRHC,74.05,8,Month-to-month,0,Mid value,High risk,Mid value / High risk,1
4547-KQRTM,80.05,10,Month-to-month,1,Mid value,High risk,Mid value / High risk,1
4654-DLAMQ,97.0,64,One year,0,High value,Low risk,High value / Low risk,2
3902-FOIGH,101.35,12,Month-to-month,1,High value,High risk,High value / High risk,1
0945-TSONX,85.3,47,Two year,0,High value,Low risk,High value / Low risk,2
6614-VBEGU,69.45,24,Month-to-month,0,Mid value,Medium risk,Mid value / Medium risk,1
0508-OOLTO,71.65,2,Month-to-month,0,Mid value,High risk,Mid value / High risk,1
3597-MVHJT,95.6,27,Month-to-month,0,High value,Medium risk,High value / Medium risk,1
8205-OTCHB,43.75,22,One year,1,Low value,Low risk,Low value / Low risk,1
8823-RLPWL,110.65,72,Two year,0,High value,Low risk,High value / Low risk,2
5173-WXOQV,64.2,2,Month-to-month,0,Mid value,High risk,Mid value / High risk,1
3223-WZWJM,83.95,26,Month-to-month,1,Mid value,Medium risk,Mid value / Medium risk,1
4137-BTIKL,90.75,2,Month-to-month,0,High value,High risk,High value / High risk,1
9174-FKWZE,19.45,1,Month-to-month,1,Low value,High risk,Low value / High risk,0
4939-KYYPY,59.45,27,Month-to-month,0,Mid value,Medium risk,Mid value / Medium risk,1
9300-AGZNL,94.0,1,Month-to-month,1,High value,High risk,High value / High risk,1
3212-KXOCR,21.0,52,Two year,0,Low value,Low risk,Low value / Low risk,0
0848-ZGQIJ,94.65,16,Month-to-month,0,High value,Medium risk,High value / Medium risk,1
9150-KPBJQ,19.65,6,Two year,0,Low value,Low risk,Low value / Low risk,0
0818-OCPZO,81.45,27,Month-to-month,1,Mid value,Medium risk,Mid value / Medium risk,1
5876-QMYLD,20.05,23,One year,0,Low value,Low risk,Low value / Low risk,0
0927-CNGRH,19.55,1,Month-to-month,0,Low value,High risk,Low value / High risk,0
7321-KKSDU,20.5,32,Two year,0,Low value,Low risk,Low value / Low risk,0
2961-VNFKL,25.95,71,Two year,0,Low value,Low risk,Low value / Low risk,0
3525-DVKFN,19.4,17,Two year,0,Low value,Low risk,Low value / Low risk,0
7248-VZQLC,85.2,47,Month-to-month,1,High value,Medium risk,High value / Medium risk,2
8496-DMZUK,90.4,30,One year,0,High value,Low risk,High value / Low risk,2
7993-PYKOF,75.0,8,Month-to-month,1,Mid value,High risk,Mid value / High risk,1
2729-VNVAP,19.8,33,Two year,0,Low value,Low risk,Low value / Low risk,0
3143-JQEGI,88.35,13,Month-to-month,1,High value,Medium risk,High value / Medium risk,1
5399-ZIMKF,74.65,5,Month-to-month,0,Mid value,High risk,Mid value / High risk,1
7698-YFGEZ,20.0,1,Month-to-month,0,Low value,High risk,Low value / High risk,0
7781-HVGMK,65.2,72,Two year,0,Mid value,Low risk,Mid value / Low risk,2
1324-NLTJE,55.0,15,Month-to-month,1,Mid value,Medium risk,Mid value / Medium risk,1
6457-GIRWB,69.35,1,Month-to-month,1,Mid value,High risk,Mid value / High risk,1
7025-IWFHT,89.55,41,One year,0,High value,Low risk,High value / Low risk,2
8065-QBYTO,99.65,71,One year,0,High value,Low risk,High value / Low risk,2
3278-FSIXX,45.25,2,Month-to-month,0,Low value,High risk,Low value / High risk,1
0621-TWIEM,45.55,10,Month-to-month,1,Low value,High risk,Low value / High risk,1
8268-YDIXR,93.15,56,One year,0,High value,Low risk,High value / Low risk,2
8000-REIQB,69.95,1,Month-to-month,1,Mid value,High risk,Mid value / High risk,1
1897-OKVMW,90.6,64,Two year,0,High value,Low risk,High value / Low risk,2
8041-TMEID,108.5,63,Two year,0,High value,Low risk,High value / Low risk,2
7926-IJOOU,19.3,1,Month-to-month,0,Low value,High risk,Low value / High risk,0
3351-NGXYI,54.1,16,Month-to-month,0,Mid value,Medium risk,Mid value / Medium risk,1
2208-NQBCT,81.95,26,Month-to-month,0,Mid value,Medium risk,Mid value / Medium risk,1
2176-OSJUV,65.15,71,Two year,0,Mid value,Low risk,Mid value / Low risk,2
8100-PNJMH,88.85,68,Two year,0,High value,Low risk,High value / Low risk,2
0228-MAUWC,59.55,19,Month-to-month,0,Mid value,Medium risk,Mid value / Medium risk,1
2324-AALNO,24.55,48,One year,0,Low value,Low risk,Low value / Low risk,0
7398-HPYZQ,90.55,71,Two year,0,High value,Low risk,High value / Low risk,2
8606-CIQUL,115.75,72,Two year,0,High value,Low risk,High value / Low risk,2
6591-QGOYB,106.65,17,Month-to-month,0,High value,Medium risk,High value / Medium risk,1
8874-EJNSR,25.2,39,Two year,0,Low value,Low risk,Low value / Low risk,0
5039-LZRQT,20.2,13,One year,0,Low value,Low risk,Low value / Low risk,0
7975-TZMLR,103.1,47,One year,0,High value,Low risk,High value / Low risk,2
7945-PRBVF,21.45,35,Two year,0,Low value,Low risk,Low value / Low risk,0
8087-LGYHQ,94.05,9,Month-to-month,0,High value,High risk,High value / High risk,1
2651-ZCBXV,108.0,54,Two year,0,High value,Low risk,High value / Low risk,2
9489-JMTTN,89.75,72,Two year,0,High value,Low risk,High value / Low risk,2
2790-XUYMV,85.45,71,One year,0,High value,Low risk,High value / Low risk,2
0487-CRLZF,74.45,49,Two year,0,Mid value,Low risk,Mid value / Low risk,2
3719-TDVQB,18.95,54,Two year,0,Low value,Low risk,Low value / Low risk,0
1580-BMCMR,87.3,19,Month-to-month,0,High value,Medium risk,High value / Medium risk,1
2167-FQSTQ,92.4,72,Two year,0,High value,Low risk,High value / Low risk,2
8565-CLBZW,89.85,24,Month-to-month,1,High value,Medium risk,High value / Medium risk,1
6351-SCJKT,41.35,3,Month-to-month,0,Low value,High risk,Low value / High risk,1
7814-LEEVE,20.3,1,Month-to-month,0,Low value,High risk,Low value / High risk,0
1685-VAYJF,45.2,11,Month-to-month,0,Low value,High risk,Low value / High risk,1
9661-JALZV,24.7,58,Two year,0,Low value,Low risk,Low value / Low risk,0
9700-ZCLOT,20.0,2,Month-to-month,0,Low value,High risk,Low value / High risk,0
4079-WWQQQ,65.55,72,Two year,0,Mid value,Low risk,Mid value / Low risk,2
0407-BDJKB,95.75,60,Month-to-month,1,High value,Medium risk,High value / Medium risk,2
7173-TETGO,78.5,72,Two year,0,Mid value,Low risk,Mid value / Low risk,2
4749-OJKQU,75.65,4,Month-to-month,0,Mid value,High risk,Mid value / High risk,1
2982-IHMFT,74.45,1,Month-to-month,1,Mid value,High risk,Mid value / High risk,1
4112-LUEIZ,89.5,10,Month-to-month,1,High value,High risk,High value / High risk,1
6029-WTIPC,101.1,37,Month-to-month,1,High value,Medium risk,High value / Medium risk,2
2636-OHFMN,48.55,4,Month-to-month,1,Low value,High risk,Low value / High risk,1
6221-AVQYL,73.25,2,Month-to-month,1,Mid value,High risk,Mid value / High risk,1
6982-UQZLY,20.85,1,Month-to-month,1,Low value,High risk,Low value / High risk,0
5233-AOZUF,74.95,29,Month-to-month,0,Mid value,Medium risk,Mid value / Medium risk,1
4622-YNKIJ,88.95,33,Two year,0,High value,Low risk,High value / Low risk,2
3349-ANQNH,99.5,59,One year,0,High value,Low risk,High value / Low risk,2
4853-OITSN,89.15,5,Month-to-month,0,High value,High risk,High value / High risk,1
1965-AKTSX,78.95,14,Month-to-month,1,Mid value,Medium risk,Mid value / Medium risk,1
2397-BRLOM,80.45,8,Month-to-month,1,Mid value,High risk,Mid value / High risk,1
9620-QJREV,20.55,47,One year,0,Low value,Low risk,Low value / Low risk,0
0378-NHQXU,88.25,17,Month-to-month,1,High value,Medium risk,High value / Medium risk,1
8809-RIHDD,103.4,72,Two year,1,High value,Low risk,High value / Low risk,2
0746-JTRFU,25.05,2,Month-to-month,1,Low value,High risk,Low value / High risk,1
0330-BGYZE,102.5,60,One year,0,High value,Low risk,High value / Low risk,2
8490-BXHEO,80.55,18,Month-to-month,0,Mid value,Medium risk,Mid value / Medium risk,1
5201-FRKKS,74.3,25,Month-to-month,0,Mid value,Medium risk,Mid value / Medium risk,1
6461-SZMCV,87.95,71,Two year,0,High value,Low risk,High value / Low risk,2
2111-DWYHN,21.1,1,Month-to-month,0,Low value,High risk,Low value / High risk,0
3173-WSSUE,19.7,71,Two year,0,Low value,Low risk,Low value / Low risk,0
9943-VSZUV,75.7,67,Month-to-month,0,Mid value,Medium risk,Mid value / Medium risk,2
5451-YHYPW,115.75,72,Two year,0,High value,Low risk,High value / Low risk,2
8807-ARQET,40.35,41,Month-to-month,0,Low value,Medium risk,Low value / Medium risk,1
7979-CORPM,90.55,24,Month-to-month,1,High value,Medium risk,High value / Medium risk,1
1114-CENIM,55.0,54,Month-to-month,1,Mid value,Medium risk,Mid value / Medium risk,1
3298-QEICA,34.6,23,Two year,0,Low value,Low risk,Low value / Low risk,0
6253-WRFHY,64.75,13,One year,0,Mid value,Low risk,Mid value / Low risk,1
7188-CBBBA,95.5,65,One year,0,High value,Low risk,High value / Low risk,2
2400-FEQME,20.5,55,Two year,0,Low value,Low risk,Low value / Low risk,0
2122-SZZZD,19.5,44,One year,0,Low value,Low risk,Low value / Low risk,0
1099-BTKWT,54.4,68,One year,0,Mid value,Low risk,Mid value / Low risk,2
9396-ZSFLL,48.85,15,Month-to-month,0,Low value,Medium risk,Low value / Medium risk,1
0637-UBJRP,84.05,13,Month-to-month,1,Mid value,Medium risk,Mid value / Medium risk,1
2650-GYRYL,19.45,33,One year,0,Low value,Low risk,Low value / Low risk,0
1845-ZLLIG,50.15,1,Month-to-month,0,Low value,High risk,Low value / High risk,1
2108-GLPQB,55.55,25,Month-to-month,0,Mid value,Medium risk,Mid value / Medium risk,1
9093-FPDLG,94.2,11,Month-to-month,0,High value,High risk,High value / High risk,1
1569-TTNYJ,78.75,5,Month-to-month,1,Mid value,High risk,Mid value / High risk,1
9257-AZMTZ,20.1,52,Two year,0,Low value,Low risk,Low value / Low risk,0
7108-DGVUU,71.7,21,One year,0,Mid value,Low risk,Mid value / Low risk,1
7048-GXDAY,106.4,39,Month-to-month,0,High value,Medium risk,High value / Medium risk,2
7636-XUHWW,19.9,2,Month-to-month,0,Low value,High risk,Low value / High risk,0
1041-RXHRA,70.25,41,Month-to-month,1,Mid value,Medium risk,Mid value / Medium risk,1
2233-FAGXV,24.3,5,Month-to-month,0,Low value,High risk,Low value / High risk,0
2359-KMGLI,80.25,24,Month-to-month,1,Mid value,Medium risk,Mid value / Medium risk,1
4786-UKSNZ,20.2,1,Month-to-month,1,Low value,High risk,Low value / High risk,0
7638-QVMVY,79.0,7,Month-to-month,1,Mid value,High risk,Mid value / High risk,1
1685-BQULA,93.4,40,Month-to-month,0,High value,Medium risk,High value / Medium risk,2
6849-OYAMU,100.0,19,One year,1,High value,Low risk,High value / Low risk,1
1682-VCOIO,20.45,23,One year,0,Low value,Low risk,Low value / Low risk,0
7065-YUNRY,45.3,1,Month-to-month,1,Low value,High risk,Low value / High risk,1
3635-JBPSG,38.8,15,Two year,0,Low value,Low risk,Low value / Low risk,0
3068-OMWZA,88.8,1,Month-to-month,1,High value,High risk,High value / High risk,1
7537-CBQUZ,109.4,63,Month-to-month,0,High value,Medium risk,High value / Medium risk,2
4274-OWWYO,74.35,1,Month-to-month,1,Mid value,High risk,Mid value / High risk,1
7878-JGDKK,44.55,4,Month-to-month,0,Low value,High risk,Low value / High risk,1
8387-MOJJT,77.95,42,Month-to-month,1,Mid value,Medium risk,Mid value / Medium risk,1
6827-IEAUQ,66.15,27,One year,0,Mid value,Low risk,Mid value / Low risk,1
2223-GDSHL,116.05,71,Two year,0,High value,Low risk,High value / Low risk,2
6502-HCJTI,94.7,7,Month-to-month,1,High value,High risk,High value / High risk,1
3318-ISQFQ,19.5,20,Month-to-month,0,Low value,Medium risk,Low value / Medium risk,0
8761-NSOBC,100.55,44,Month-to-month,1,High value,Medium risk,High value / Medium risk,2
9170-ARBTB,19.6,52,One year,0,Low value,Low risk,Low value / Low risk,0
4285-GYRQC,86.25,7,Month-to-month,1,High value,High risk,High value / High risk,1
5827-MWCZK,96.95,56,Month-to-month,0,High value,Medium risk,High value / Medium risk,2
1104-TNLZA,105.8,28,Month-to-month,0,High value,Medium risk,High value / Medium risk,2
7647-GYYKX,20.35,54,Two year,0,Low value,Low risk,Low value / Low risk,0
9242-TKFSV,65.1,72,Two year,0,Mid value,Low risk,Mid value / Low risk,2
5006-MXVRN,20.7,39,Two year,0,Low value,Low risk,Low value / Low risk,0
5777-ZPQNC,20.15,12,One year,0,Low value,Low risk,Low value / Low risk,0
0810-DHDBD,74.0,52,One year,0,Mid value,Low risk,Mid value / Low risk,2
1355-KUSBG,48.8,7,Month-to-month,0,Low value,High risk,Low value / High risk,1
5322-ZSMZY,25.75,31,Two year,0,Low value,Low risk,Low value / Low risk,0
7508-KBIMB,56.25,24,One year,0,Mid value,Low risk,Mid value / Low risk,1
9850-OWRHQ,74.1,3,Month-to-month,1,Mid value,High risk,Mid value / High risk,1
5176-LMJXE,20.55,47,Two year,0,Low value,Low risk,Low value / Low risk,0
5315-CKEQK,51.0,28,One year,0,Mid value,Low risk,Mid value / Low risk,1
9029-FEGVJ,79.3,32,Month-to-month,0,Mid value,Medium risk,Mid value / Medium risk,1
2697-NQBPF,105.35,34,Month-to-month,0,High value,Medium risk,High value / Medium risk,2
5896-NPFWW,50.15,3,Month-to-month,1,Low value,High risk,Low value / High risk,1
9773-PEQBZ,79.85,10,Month-to-month,0,Mid value,High risk,Mid value / High risk,1
0531-XBKMM,65.7,66,Two year,0,Mid value,Low risk,Mid value / Low risk,2
3413-BMNZE,45.25,1,Month-to-month,0,Low value,High risk,Low value / High risk,1
6898-RBTLU,79.3,49,Two year,0,Mid value,Low risk,Mid value / Low risk,2
4781-ZXYGU,20.15,1,Month-to-month,0,Low value,High risk,Low value / High risk,0
9134-CEQMF,89.5,7,Month-to-month,1,High value,High risk,High value / High risk,1
7808-DVWEP,20.0,3,Month-to-month,0,Low value,High risk,Low value / High risk,0
5913-INRQV,90.15,34,One year,0,High value,Low risk,High value / Low risk,2
6479-VDGRK,85.3,72,Two year,0,High value,Low risk,High value / Low risk,2
8543-MSDMF,77.4,3,Month-to-month,0,Mid value,High risk,Mid value / High risk,1
1769-GRUIK,71.1,18,Month-to-month,0,Mid value,Medium risk,Mid value / Medium risk,1
5196-WPYOW,60.05,67,One year,0,Mid value,Low risk,Mid value / Low risk,2
3935-TBRZZ,25.7,44,One year,0,Low value,Low risk,Low value / Low risk,0
5044-LRQAQ,69.2,7,Month-to-month,0,Mid value,High risk,Mid value / High risk,1
5732-IKGQH,104.45,52,One year,0,High value,Low risk,High value / Low risk,2
6692-YQHXC,69.95,16,Month-to-month,0,Mid value,Medium risk,Mid value / Medium risk,1
4280-DLSHD,54.75,8,Month-to-month,0,Mid value,High risk,Mid value / High risk,1
7319-VENRZ,64.3,7,Month-to-month,0,Mid value,High risk,Mid value / High risk,1
2607-DHDAK,19.8,72,Two year,0,Low value,Low risk,Low value / Low risk,0
2826-DXLQO,29.8,7,Month-to-month,0,Low value,High risk,Low value / High risk,1
1930-BZLHI,20.35,21,One year,0,Low value,Low risk,Low value / Low risk,0
2851-STERV,73.0,35,One year,0,Mid value,Low risk,Mid value / Low risk,2
3999-WRNGR,49.75,60,Month-to-month,0,Low value,Medium risk,Low value / Medium risk,2
4822-RVYBB,100.6,8,Month-to-month,1,High value,High risk,High value / High risk,1
2897-DOVND,69.8,2,Month-to-month,0,Mid value,High risk,Mid value / High risk,1
4776-XSKYQ,30.25,12,One year,0,Low value,Low risk,Low value / Low risk,0
3538-WZPHD,29.6,3,Month-to-month,1,Low value,High risk,Low value / High risk,1
0973-KYVNF,70.65,72,Two year,0,Mid value,Low risk,Mid value / Low risk,2
9249-FXSCK,111.25,52,One year,1,High value,Low risk,High value / Low risk,2
3764-MNMOI,19.2,46,Two year,0,Low value,Low risk,Low value / Low risk,0
7285-KLOTR,78.85,12,One year,0,Mid value,Low risk,Mid value / Low risk,1
5816-QVHRX,100.3,37,Month-to-month,0,High value,Medium risk,High value / Medium risk,2
1686-STUHN,19.8,42,One year,0,Low value,Low risk,Low value / Low risk,0
7824-PANSQ,80.65,58,Month-to-month,0,Mid value,Medium risk,Mid value / Medium risk,2
5993-BQHEA,20.05,12,One year,0,Low value,Low risk,Low value / Low risk,0
3678-MNGZX,19.95,68,Two year,0,Low value,Low risk,Low value / Low risk,0
7593-XFKDI,46.3,1,Month-to-month,1,Low value,High risk,Low value / High risk,1
6103-QCKFX,56.25,44,Month-to-month,0,Mid value,Medium risk,Mid value / Medium risk,1
0013-SMEOE,109.7,71,Two year,0,High value,Low risk,High value / Low risk,2
6907-CQGPN,34.3,29,Month-to-month,0,Low value,Medium risk,Low value / Medium risk,1
3521-HTQTV,26.1,34,Two year,0,Low value,Low risk,Low value / Low risk,0
2472-OVKUP,91.0,6,Month-to-month,1,High value,High risk,High value / High risk,1
5268-DSMNQ,97.95,62,One year,0,High value,Low risk,High value / Low risk,2
2682-KEVRP,20.05,22,One year,0,Low value,Low risk,Low value / Low risk,0
6797-UCJHZ,104.6,66,One year,0,High value,Low risk,High value / Low risk,2
6917-IAYHD,33.6,1,Month-to-month,0,Low value,High risk,Low value / High risk,1
1228-FZFRV,105.95,50,Month-to-month,1,High value,Medium risk,High value / Medium risk,2
6242-FEGFD,96.6,66,Two year,0,High value,Low risk,High value / Low risk,2
0906-QVPMS,115.15,72,Two year,0,High value,Low risk,High value / Low risk,2
9046-JBFWA,19.15,27,Month-to-month,0,Low value,Medium risk,Low value / Medium risk,0
1015-JPFYW,19.45,7,One year,0,Low value,Low risk,Low value / Low risk,0
3873-NFTGI,55.5,14,Month-to-month,0,Mid value,Medium risk,Mid value / Medium risk,1
4501-VCPFK,35.75,26,Month-to-month,0,Low value,Medium risk,Low value / Medium risk,1
5879-SESNB,75.25,11,Month-to-month,0,Mid value,High risk,Mid value / High risk,1
4664-NJCMS,59.55,33,Two year,0,Mid value,Low risk,Mid value / Low risk,2
9224-VTYID,90.5,47,Two year,0,High value,Low risk,High value / Low risk,2
6121-VZNQB,19.1,1,Month-to-month,1,Low value,High risk,Low value / High risk,0
3426-NIYYL,51.55,15,Month-to-month,1,Mid value,Medium risk,Mid value / Medium risk,1
5067-XJQFU,108.45,66,One year,0,High value,Low risk,High value / Low risk,2
8966-KZXXA,25.1,36,Two year,0,Low value,Low risk,Low value / Low risk,0
9495-SKLKD,95.95,45,Month-to-month,0,High value,Medium risk,High value / Medium risk,2
8313-NDOIA,104.15,24,Month-to-month,0,High value,Medium risk,High value / Medium risk,1
4854-CIDCF,73.85,3,Month-to-month,0,Mid value,High risk,Mid value / High risk,1
7017-VFHAY,115.1,61,Two year,0,High value,Low risk,High value / Low risk,2
4707-YNOQA,25.6,34,One year,0,Low value,Low risk,Low value / Low risk,0
2077-DDHJK,70.9,68,Two year,0,Mid value,Low risk,Mid value / Low risk,2
5839-SUYVZ,74.55,16,Month-to-month,0,Mid value,Medium risk,Mid value / Medium risk,1
5389-FFVKB,80.3,32,Month-to-month,1,Mid value,Medium risk,Mid value / Medium risk,1
9754-CLVZW,38.85,26,Month-to-month,0,Low value,Medium risk,Low value / Medium risk,1
7168-HDQHG,19.2,36,Month-to-month,0,Low value,Medium risk,Low value / Medium risk,0
4393-OBCRR,20.25,3,One year,0,Low value,Low risk,Low value / Low risk,0
9889-TMAHG,100.3,8,Month-to-month,1,High value,High risk,High value / High risk,1
6252-DFGTK,68.1,37,One year,0,Mid value,Low risk,Mid value / Low risk,2
8559-WNQZS,20.45,1,Two year,0,Low value,Low risk,Low value / Low risk,0
1209-VFFOC,56.4,68,Two year,0,Mid value,Low risk,Mid value / Low risk,2
4822-YCXMX,84.8,25,Month-to-month,1,High value,Medium risk,High value / Medium risk,1
6217-TOWGS,75.4,17,Month-to-month,0,Mid value,Medium risk,Mid value / Medium risk,1
7694-VLBWQ,104.1,67,One year,1,High value,Low risk,High value / Low risk,2
6235-VDHOM,28.45,5,Month-to-month,1,Low value,High risk,Low value / High risk,1
0533-UCAAU,71.1,57,One year,0,Mid value,Low risk,Mid value / Low risk,2
7967-HYCDE,70.7,8,Month-to-month,0,Mid value,High risk,Mid value / High risk,1
9591-YVTEB,44.85,55,Month-to-month,0,Low value,Medium risk,Low value / Medium risk,1
0019-GFNTW,45.05,56,Two year,0,Low value,Low risk,Low value / Low risk,2
3452-GWUIN,94.95,19,Month-to-month,0,High value,Medium risk,High value / Medium risk,1
3128-YOVTD,79.15,51,Month-to-month,0,Mid value,Medium risk,Mid value / Medium risk,2
8069-RHUXK,35.7,67,Two year,0,Low value,Low risk,Low value / Low risk,0
5206-XZZQI,80.6,53,Month-to-month,0,Mid value,Medium risk,Mid value / Medium risk,2
6124-ACRHJ,19.75,1,Month-to-month,0,Low value,High risk,Low value / High risk,0
2332-EFBJY,19.7,16,Month-to-month,1,Low value,Medium risk,Low value / Medium risk,0
6261-LHRTG,54.75,26,Month-to-month,0,Mid value,Medium risk,Mid value / Medium risk,1
6959-GQEGV,75.95,45,Month-to-month,0,Mid value,Medium risk,Mid value / Medium risk,2
1171-TYKUR,25.4,47,Month-to-month,0,Low value,Medium risk,Low value / Medium risk,0
5244-IRFIH,94.5,33,Month-to-month,1,High value,Medium risk,High value / Medium risk,1
9938-EKRGF,84.45,15,Month-to-month,0,High value,Medium risk,High value / Medium risk,1
8215-NGSPE,20.0,42,Two year,0,Low value,Low risk,Low value / Low risk,0
2812-SFXMJ,20.05,1,Month-to-month,0,Low value,High risk,Low value / High risk,0
4612-THJBS,104.75,56,One year,1,High value,Low risk,High value / Low risk,2
5195-KPUNQ,96.75,53,One year,0,High value,Low risk,High value / Low risk,2
0207-MDKNV,105.1,15,Month-to-month,1,High value,Medium risk,High value / Medium risk,1
8208-EUMTE,54.85,16,Two year,0,Mid value,Low risk,Mid value / Low risk,1
1964-SVLEA,19.7,20,One year,0,Low value,Low risk,Low value / Low risk,0
5937-EORGB,96.5,15,Month-to-month,0,High value,Medium risk,High value / Medium risk,1
3865-QBWSJ,80.45,38,Month-to-month,0,Mid value,Medium risk,Mid value / Medium risk,1
5909-ECHUI,56.25,1,Month-to-month,1,Mid value,High risk,Mid value / High risk,1
7416-CKTEP,19.6,57,Two year,0,Low value,Low risk,Low value / Low risk,0
3518-FSTWG,109.55,72,Two year,0,High value,Low risk,High value / Low risk,2
5515-AKOAJ,100.1,54,Month-to-month,1,High value,Medium risk,High value / Medium risk,2
9554-DFKIC,54.45,30,Month-to-month,0,Mid value,Medium risk,Mid value / Medium risk,1
6198-ZFIOJ,75.6,5,Month-to-month,0,Mid value,High risk,Mid value / High risk,1
9052-VKDUW,109.4,65,Month-to-month,0,High value,Medium risk,High value / Medium risk,2
8515-OCTJS,24.75,25,Two year,1,Low value,Low risk,Low value / Low risk,0
1269-FOYWN,20.0,44,One year,0,Low value,Low risk,Low value / Low risk,0
4513-CXYIX,80.7,71,Two year,0,Mid value,Low risk,Mid value / Low risk,2
0810-BDHAW,78.4,24,One year,0,Mid value,Low risk,Mid value / Low risk,1
1710-RCXUS,90.35,51,One year,0,High value,Low risk,High value / Low risk,2
6794-HKIAJ,90.7,62,Month-to-month,0,High value,Medium risk,High value / Medium risk,2
0643-OKLRP,80.35,47,Month-to-month,1,Mid value,Medium risk,Mid value / Medium risk,1
4573-JKNAE,19.35,12,Two year,0,Low value,Low risk,Low value / Low risk,0
2862-PFNIK,24.7,1,Month-to-month,0,Low value,High risk,Low value / High risk,1
4250-ZBWLV,108.45,68,One year,1,High value,Low risk,High value / Low risk,2
2806-MLNTI,105.1,52,One year,0,High value,Low risk,High value / Low risk,2
6839-ITVZJ,60.05,26,Month-to-month,1,Mid value,Medium risk,Mid value / Medium risk,1
9506-UXUSK,70.15,13,Month-to-month,0,Mid value,Medium risk,Mid value / Medium risk,1
1474-JUWSM,68.4,58,One year,0,Mid value,Low risk,Mid value / Low risk,2
1757-TCATG,20.05,35,One year,0,Low value,Low risk,Low value / Low risk,0
7921-LMDFQ,94.0,51,One year,0,High value,Low risk,High value / Low risk,2
6734-JDTTV,19.85,65,Two year,0,Low value,Low risk,Low value / Low risk,0
9894-QMIMJ,55.8,23,One year,0,Mid value,Low risk,Mid value / Low risk,1
3671-SHRSP,80.6,4,Month-to-month,1,Mid value,High risk,Mid value / High risk,1
6116-RFVHN,100.45,34,Month-to-month,0,High value,Medium risk,High value / Medium risk,2
2157-MXBJS,75.3,13,One year,1,Mid value,Low risk,Mid value / Low risk,1
4989-LIXVT,95.9,68,Month-to-month,0,High value,Medium risk,High value / Medium risk,2
8882-TLVRW,39.1,69,Two year,0,Low value,Low risk,Low value / Low risk,2
2642-MAWLJ,20.25,36,Two year,0,Low value,Low risk,Low value / Low risk,0
8189-DUKMV,20.5,4,One year,0,Low value,Low risk,Low value / Low risk,0
1536-YHDOE,62.1,17,One year,0,Mid value,Low risk,Mid value / Low risk,1
7508-MYBOG,86.1,14,Month-to-month,1,High value,Medium risk,High value / Medium risk,1
4915-BFSXL,68.95,70,Two year,0,Mid value,Low risk,Mid value / Low risk,2
7599-FKVXZ,106.15,42,Month-to-month,1,High value,Medium risk,High value / Medium risk,2
7868-BGSZA,80.2,43,One year,0,Mid value,Low risk,Mid value / Low risk,2
9552-TGUZV,75.0,8,Month-to-month,0,Mid value,High risk,Mid value / High risk,1
3612-YUNGG,109.2,64,Two year,0,High value,Low risk,High value / Low risk,2
4549-ZDQYY,57.95,52,One year,0,Mid value,Low risk,Mid value / Low risk,2
0813-TAXXS,77.8,55,Two year,0,Mid value,Low risk,Mid value / Low risk,2
7044-YAACC,70.2,4,Month-to-month,0,Mid value,High risk,Mid value / High risk,1
1213-NGCUN,49.65,6,Month-to-month,1,Low value,High risk,Low value / High risk,1
5240-IJOQT,74.7,1,Month-to-month,1,Mid value,High risk,Mid value / High risk,1
6624-JDRDS,29.45,6,Month-to-month,0,Low value,High risk,Low value / High risk,1
2262-SLNVK,70.1,1,Month-to-month,0,Mid value,High risk,Mid value / High risk,1
7298-IZWLY,19.4,1,Month-to-month,0,Low value,High risk,Low value / High risk,0
4080-IIARD,76.2,13,Month-to-month,0,Mid value,Medium risk,Mid value / Medium risk,1
1918-ZBFQJ,79.25,13,Month-to-month,1,Mid value,Medium risk,Mid value / Medium risk,1
9178-JHUVJ,24.1,24,Two year,0,Low value,Low risk,Low value / Low risk,0
1240-HCBOH,26.1,67,Two year,0,Low value,Low risk,Low value / Low risk,0
8097-OMULG,76.75,59,One year,0,Mid value,Low risk,Mid value / Low risk,2
6997-UVGOX,85.45,71,Two year,0,High value,Low risk,High value / Low risk,2
8495-LJDFO,108.95,64,Month-to-month,0,High value,Medium risk,High value / Medium risk,2
4369-HTUIF,85.15,6,Month-to-month,1,High value,High risk,High value / High risk,1
2402-TAIRZ,80.05,37,One year,0,Mid value,Low risk,Mid value / Low risk,1
1766-GKNMI,84.9,29,Month-to-month,0,High value,Medium risk,High value / Medium risk,1
4193-IBKSW,24.75,72,Two year,0,Low value,Low risk,Low value / Low risk,0
6365-MTGZX,96.0,24,Month-to-month,1,High value,Medium risk,High value / Medium risk,1
7658-UYUQS,86.55,21,Month-to-month,0,High value,Medium risk,High value / Medium risk,1
1635-FJFCC,44.05,5,Month-to-month,0,Low value,High risk,Low value / High risk,1
4159-NAAIX,97.45,63,Two year,0,High value,Low risk,High value / Low risk,2
0898-XCGTF,96.5,61,One year,0,High value,Low risk,High value / Low risk,2
0621-CXBKL,18.7,53,Two year,0,Low value,Low risk,Low value / Low risk,0
0661-XEYAN,25.8,1,Month-to-month,1,Low value,High risk,Low value / High risk,0
3709-OIJEA,85.2,26,One year,0,High value,Low risk,High value / Low risk,1
0224-NIJLP,20.15,8,Two year,0,Low value,Low risk,Low value / Low risk,0
3915-ODIYG,71.75,60,One year,0,Mid value,Low risk,Mid value / Low risk,2
0564-MUUQK,95.5,20,Month-to-month,0,High value,Medium risk,High value / Medium risk,1
6627-CFOSN,99.45,59,Month-to-month,0,High value,Medium risk,High value / Medium risk,2
3345-JHUEO,20.2,4,Month-to-month,0,Low value,High risk,Low value / High risk,0
3936-QQFLL,19.75,2,Month-to-month,0,Low value,High risk,Low value / High risk,0
4072-IPYLT,51.05,36,Month-to-month,0,Mid value,Medium risk,Mid value / Medium risk,1
2120-SMPEX,20.15,25,Month-to-month,0,Low value,Medium risk,Low value / Medium risk,0
8200-LGKSR,83.2,71,Two year,0,Mid value,Low risk,Mid value / Low risk,2
0487-RPVUM,99.4,61,Month-to-month,0,High value,Medium risk,High value / Medium risk,2
3026-ATZYV,75.1,37,One year,0,Mid value,Low risk,Mid value / Low risk,2
5020-ZSTTY,82.45,54,One year,1,Mid value,Low risk,Mid value / Low risk,2
9258-CNWAC,113.65,71,Two year,0,High value,Low risk,High value / Low risk,2
7493-TPUWZ,79.15,1,Month-to-month,1,Mid value,High risk,Mid value / High risk,1
0744-BIKKF,86.65,72,Two year,0,High value,Low risk,High value / Low risk,2
6267-DCFFZ,90.05,30,Month-to-month,0,High value,Medium risk,High value / Medium risk,1
1958-RNRKS,49.9,30,Month-to-month,0,Low value,Medium risk,Low value / Medium risk,1
5973-EJGDP,87.35,51,Month-to-month,0,High value,Medium risk,High value / Medium risk,2
5934-RMPOV,84.75,22,Month-to-month,0,High value,Medium risk,High value / Medium risk,1
4043-MKDTV,105.25,71,Two year,0,High value,Low risk,High value / Low risk,2
3441-CGZJH,60.4,43,One year,0,Mid value,Low risk,Mid value / Low risk,2
2619-WFQWU,70.15,1,Month-to-month,1,Mid value,High risk,Mid value / High risk,1
7005-CYUIL,99.4,71,Two year,0,High value,Low risk,High value / Low risk,2
8879-ZKJOF,79.85,41,One year,0,Mid value,Low risk,Mid value / Low risk,2
9903-LYSAB,73.15,18,Month-to-month,0,Mid value,Medium risk,Mid value / Medium risk,1
7008-LZVOZ,25.3,66,Two year,0,Low value,Low risk,Low value / Low risk,0
2777-PHDEI,78.05,1,Month-to-month,1,Mid value,High risk,Mid value / High risk,1
2568-OIADY,99.5,37,Month-to-month,1,High value,Medium risk,High value / Medium risk,2
4250-FDVOU,56.25,6,Month-to-month,1,Mid value,High risk,Mid value / High risk,1
3803-KMQFW,20.55,1,Month-to-month,1,Low value,High risk,Low value / High risk,0
2105-PHWON,95.0,33,Month-to-month,0,High value,Medium risk,High value / Medium risk,1
2927-QRRQV,94.65,46,One year,0,High value,Low risk,High value / Low risk,2
3090-HAWSU,111.6,61,Two year,1,High value,Low risk,High value / Low risk,2
6051-PTVNS,19.15,55,One year,0,Low value,Low risk,Low value / Low risk,0
7627-JKIAZ,78.95,37,Month-to-month,1,Mid value,Medium risk,Mid value / Medium risk,1
7078-NVFAM,35.15,32,Month-to-month,0,Low value,Medium risk,Low value / Medium risk,1
5647-URDKA,19.7,8,Two year,0,Low value,Low risk,Low value / Low risk,0
5453-YBTWV,101.1,70,Two year,0,High value,Low risk,High value / Low risk,2
7776-QWNFX,50.4,30,Month-to-month,1,Low value,Medium risk,Low value / Medium risk,1
0233-FTHAV,79.2,60,One year,0,Mid value,Low risk,Mid value / Low risk,2
3727-JEZTU,20.4,1,Month-to-month,0,Low value,High risk,Low value / High risk,0
0177-PXBAT,109.9,33,Month-to-month,0,High value,Medium risk,High value / Medium risk,2
4220-TINQT,106.35,61,Month-to-month,0,High value,Medium risk,High value / Medium risk,2
2506-CLAKW,98.15,6,Month-to-month,1,High value,High risk,High value / High risk,1
6976-BWGLQ,25.2,72,Two year,0,Low value,Low risk,Low value / Low risk,0
0620-XEFWH,18.85,4,Month-to-month,0,Low value,High risk,Low value / High risk,0
2000-MPKCA,107.75,58,One year,0,High value,Low risk,High value / Low risk,2
5049-GLYVG,20.6,1,Month-to-month,1,Low value,High risk,Low value / High risk,0
6326-MTTXK,100.85,8,Month-to-month,1,High value,High risk,High value / High risk,1
4558-CGYCZ,19.75,4,Month-to-month,0,Low value,High risk,Low value / High risk,0
2499-AJYUA,110.8,72,Two year,0,High value,Low risk,High value / Low risk,2
6867-ACCZI,52.5,24,Two year,0,Mid value,Low risk,Mid value / Low risk,1
2575-GFSOE,69.0,7,Month-to-month,1,Mid value,High risk,Mid value / High risk,1
9518-XXBXE,75.3,10,Month-to-month,0,Mid value,High risk,Mid value / High risk,1
2516-VQRRV,75.45,2,Month-to-month,1,Mid value,High risk,Mid value / High risk,1
2074-GUHPQ,92.7,17,Month-to-month,0,High value,Medium risk,High value / Medium risk,1
0872-CASZJ,69.1,59,One year,0,Mid value,Low risk,Mid value / Low risk,2
5038-ETMLM,113.65,72,Two year,0,High value,Low risk,High value / Low risk,2
1265-XTECC,96.55,68,One year,1,High value,Low risk,High value / Low risk,2
2819-GWENI,19.9,28,One year,0,Low value,Low risk,Low value / Low risk,0
2027-DNKIV,58.75,37,One year,0,Mid value,Low risk,Mid value / Low risk,1
4644-OBGFZ,19.5,55,One year,0,Low value,Low risk,Low value / Low risk,0
1216-BGTSP,108.45,45,Month-to-month,0,High value,Medium risk,High value / Medium risk,2
4833-QTJNO,83.85,67,Month-to-month,0,Mid value,Medium risk,Mid value / Medium risk,2
3197-NNYNB,105.1,65,Two year,0,High value,Low risk,High value / Low risk,2
9481-WHGWY,75.35,70,Two year,0,Mid value,Low risk,Mid value / Low risk,2
5115-SQAAU,25.6,69,Two year,0,Low value,Low risk,Low value / Low risk,0
2799-TSLAG,25.3,65,Two year,0,Low value,Low risk,Low value / Low risk,0
1298-PHBTI,84.8,71,Two year,0,High value,Low risk,High value / Low risk,2
7781-EWARA,60.35,70,One year,0,Mid value,Low risk,Mid value / Low risk,2
7018-FPXHH,59.8,56,Two year,0,Mid value,Low risk,Mid value / Low risk,2
2270-CHBFN,95.1,44,Month-to-month,0,High value,Medium risk,High value / Medium risk,2
8791-GFXLZ,49.05,12,Month-to-month,0,Low value,High risk,Low value / High risk,1
9828-AOQLM,45.7,1,Month-to-month,1,Low value,High risk,Low value / High risk,1
3023-GFLBR,86.15,33,Month-to-month,1,High value,Medium risk,High value / Medium risk,1
0637-YLETY,95.6,16,Month-to-month,1,High value,Medium risk,High value / Medium risk,1
5019-GQVCR,84.85,43,Month-to-month,0,High value,Medium risk,High value / Medium risk,1
2616-UUTFK,72.75,33,Month-to-month,0,Mid value,Medium risk,Mid value / Medium risk,1
3640-PHQXK,89.9,31,Month-to-month,1,High value,Medium risk,High value / Medium risk,1
1389-CXMLU,91.05,3,Month-to-month,1,High value,High risk,High value / High risk,1
0112-QWPNC,84.35,49,One year,1,High value,Low risk,High value / Low risk,2
4816-JBHOV,44.7,2,Month-to-month,1,Low value,High risk,Low value / High risk,1
1567-DSCIC,94.0,8,Month-to-month,1,High value,High risk,High value / High risk,1
9526-JAWYF,89.8,26,Month-to-month,1,High value,Medium risk,High value / Medium risk,1
1029-QFBEN,19.55,1,Month-to-month,1,Low value,High risk,Low value / High risk,0
6614-YOLAC,58.65,71,Two year,0,Mid value,Low risk,Mid value / Low risk,2
9880-TDQAC,60.0,72,Two year,0,Mid value,Low risk,Mid value / Low risk,2
9251-WNSOD,75.1,67,One year,0,Mid value,Low risk,Mid value / Low risk,2
0557-ASKVU,54.4,18,One year,0,Mid value,Low risk,Mid value / Low risk,1
9114-VEPUF,96.1,62,One year,0,High value,Low risk,High value / Low risk,2
7813-ZGGAW,96.6,31,Month-to-month,0,High value,Medium risk,High value / Medium risk,1
5345-BMKWB,20.25,8,Month-to-month,0,Low value,High risk,Low value / High risk,0
0562-KBDVM,44.6,70,Two year,0,Low value,Low risk,Low value / Low risk,2
9955-QOPOY,60.8,69,One year,0,Mid value,Low risk,Mid value / Low risk,2
5797-APWZC,90.6,1,Month-to-month,1,High value,High risk,High value / High risk,1
7673-LPRNY,78.55,23,One year,0,Mid value,Low risk,Mid value / Low risk,1
4723-BEGSG,86.65,72,Two year,0,High value,Low risk,High value / Low risk,2
8329-GWVPJ,69.75,50,Month-to-month,0,Mid value,Medium risk,Mid value / Medium risk,1
8782-LKFPK,90.4,44,Month-to-month,0,High value,Medium risk,High value / Medium risk,2
7463-IFMQU,20.05,72,Two year,0,Low value,Low risk,Low value / Low risk,0
7421-ZLUPA,29.25,8,Month-to-month,0,Low value,High risk,Low value / High risk,1
8898-KASCD,35.55,39,One year,0,Low value,Low risk,Low value / Low risk,0
5843-TTHGI,50.0,18,Month-to-month,0,Low value,Medium risk,Low value / Medium risk,1
0111-KLBQG,93.95,32,Month-to-month,0,High value,Medium risk,High value / Medium risk,1
9571-EDEBV,98.65,71,One year,0,High value,Low risk,High value / Low risk,2
8835-VSDSE,70.7,2,Month-to-month,1,Mid value,High risk,Mid value / High risk,1
9625-RZFUK,19.7,63,Two year,0,Low value,Low risk,Low value / Low risk,0
3397-AVTKU,60.0,43,Two year,0,Mid value,Low risk,Mid value / Low risk,1
7621-VPNET,85.9,42,Month-to-month,0,High value,Medium risk,High value / Medium risk,2
1535-VTJOQ,25.15,24,Two year,0,Low value,Low risk,Low value / Low risk,0
9995-HOTOH,59.0,63,Two year,0,Mid value,Low risk,Mid value / Low risk,2
4732-RRJZC,20.25,7,Month-to-month,0,Low value,High risk,Low value / High risk,0
5616-PRTNT,19.4,20,Month-to-month,1,Low value,Medium risk,Low value / Medium risk,0
0129-QMPDR,20.5,44,One year,0,Low value,Low risk,Low value / Low risk,0
4134-BSXLX,60.9,28,Month-to-month,0,Mid value,Medium risk,Mid value / Medium risk,1
9489-UTFKA,60.9,8,Month-to-month,0,Mid value,High risk,Mid value / High risk,1
8707-HOEDG,110.2,70,Two year,0,High value,Low risk,High value / Low risk,2
0336-PIKEI,74.4,72,Two year,0,Mid value,Low risk,Mid value / Low risk,2
1928-BXYIV,61.15,1,Month-to-month,0,Mid value,High risk,Mid value / High risk,1
3873-WOSBC,25.6,67,Two year,0,Low value,Low risk,Low value / Low risk,0
5198-HQAEN,89.7,35,One year,0,High value,Low risk,High value / Low risk,2
7779-ORAEL,75.15,45,Two year,0,Mid value,Low risk,Mid value / Low risk,2
6319-QSUSR,19.7,11,Month-to-month,0,Low value,High risk,Low value / High risk,0
8313-KTIHG,61.3,4,Month-to-month,0,Mid value,High risk,Mid value / High risk,1
3243-ZHOHY,20.1,16,One year,0,Low value,Low risk,Low value / Low risk,0
1237-WIYYZ,19.55,18,Month-to-month,0,Low value,Medium risk,Low value / Medium risk,0
1374-DMZUI,94.3,4,Month-to-month,1,High value,High risk,High value / High risk,1
7813-TKCVO,20.35,20,One year,0,Low value,Low risk,Low value / Low risk,0
6352-GIGGQ,88.8,67,One year,0,High value,Low risk,High value / Low risk,2
5996-NRVXR,98.15,40,One year,0,High value,Low risk,High value / Low risk,2
5955-EPOAZ,20.95,6,Month-to-month,0,Low value,High risk,Low value / High risk,0
6300-BWMJX,93.35,59,Month-to-month,0,High value,Medium risk,High value / Medium risk,2
3933-DQPWX,39.7,50,Two year,0,Low value,Low risk,Low value / Low risk,2
6877-TJMBR,84.8,1,Month-to-month,1,High value,High risk,High value / High risk,1
3638-DIMPH,43.8,13,One year,0,Low value,Low risk,Low value / Low risk,1
3486-KHMLI,24.7,21,Month-to-month,0,Low value,Medium risk,Low value / Medium risk,0
0337-CNPZE,106.3,41,Month-to-month,1,High value,Medium risk,High value / Medium risk,2
2133-TSRRM,105.35,34,Month-to-month,0,High value,Medium risk,High value / Medium risk,2
0468-YRPXN,98.8,29,Month-to-month,0,High value,Medium risk,High value / Medium risk,2
4795-WRNVT,65.1,40,Month-to-month,0,Mid value,Medium risk,Mid value / Medium risk,1
7153-OANIO,69.95,1,Month-to-month,1,Mid value,High risk,Mid value / High risk,1
3545-CNWRG,98.35,49,Month-to-month,0,High value,Medium risk,High value / Medium risk,2
6131-FOYAS,59.6,35,Month-to-month,0,Mid value,Medium risk,Mid value / Medium risk,1
5515-RUGKN,54.75,8,Month-to-month,0,Mid value,High risk,Mid value / High risk,1
7799-DSEWS,68.35,18,Month-to-month,0,Mid value,Medium risk,Mid value / Medium risk,1
7516-GMHUV,105.05,50,Two year,0,High value,Low risk,High value / Low risk,2
5307-DZCVC,85.95,32,Month-to-month,1,High value,Medium risk,High value / Medium risk,1
7811-JIVPF,49.7,23,Month-to-month,0,Low value,Medium risk,Low value / Medium risk,1
9837-BMCLM,78.5,3,Month-to-month,1,Mid value,High risk,Mid value / High risk,1
4000-VGMQP,78.95,38,One year,0,Mid value,Low risk,Mid value / Low risk,2
1810-BOHSY,96.4,51,One year,0,High value,Low risk,High value / Low risk,2
4482-FTFFX,56.15,5,Month-to-month,0,Mid value,High risk,Mid value / High risk,1
6728-VOIFY,96.0,63,One year,0,High value,Low risk,High value / Low risk,2
8644-XLFBW,71.65,1,Month-to-month,1,Mid value,High risk,Mid value / High risk,1
3694-DELSO,38.55,4,Month-to-month,0,Low value,High risk,Low value / High risk,1
4445-KWOKW,60.15,42,One year,0,Mid value,Low risk,Mid value / Low risk,1
6463-HHXJR,100.5,71,Two year,0,High value,Low risk,High value / Low risk,2
9117-SHLZX,45.7,1,Month-to-month,1,Low value,High risk,Low value / High risk,1
7016-NVRIC,90.1,29,One year,0,High value,Low risk,High value / Low risk,2
5899-OUVKV,94.5,31,Month-to-month,0,High value,Medium risk,High value / Medium risk,1
4283-IVYCI,64.95,9,Month-to-month,0,Mid value,High risk,Mid value / High risk,1
8679-JOEVF,59.4,16,Month-to-month,1,Mid value,Medium risk,Mid value / Medium risk,1
6579-JPICP,20.4,1,Month-to-month,0,Low value,High risk,Low value / High risk,0
3976-BWUCK,94.1,30,Month-to-month,1,High value,Medium risk,High value / Medium risk,1
9732-OUYRN,19.0,49,One year,0,Low value,Low risk,Low value / Low risk,0
1684-FLBGS,69.5,23,Month-to-month,0,Mid value,Medium risk,Mid value / Medium risk,1
6996-KNSML,74.9,1,Month-to-month,1,Mid value,High risk,Mid value / High risk,1
8865-TNMNX,49.55,10,One year,0,Low value,Low risk,Low value / Low risk,1
5549-ZGHFB,24.95,50,Two year,0,Low value,Low risk,Low value / Low risk,0
5334-JLAXU,94.1,60,Month-to-month,0,High value,Medium risk,High value / Medium risk,2
8073-IJDCM,20.3,1,Month-to-month,1,Low value,High risk,Low value / High risk,0
4662-EKDPQ,62.05,2,Month-to-month,1,Mid value,High risk,Mid value / High risk,1
0265-EDXBD,74.9,32,Month-to-month,1,Mid value,Medium risk,Mid value / Medium risk,1
6147-CBCRA,20.05,33,Month-to-month,0,Low value,Medium risk,Low value / Medium risk,0
7826-VVKWT,96.55,24,Two year,0,High value,Low risk,High value / Low risk,1
2403-BCASL,111.95,41,One year,1,High value,Low risk,High value / Low risk,2
1862-SKORY,39.3,40,Month-to-month,1,Low value,Medium risk,Low value / Medium risk,1
9650-VBUOG,25.05,38,Two year,0,Low value,Low risk,Low value / Low risk,0
1891-QRQSA,111.6,64,Two year,0,High value,Low risk,High value / Low risk,2
0993-OSGPT,60.65,68,One year,0,Mid value,Low risk,Mid value / Low risk,2
6559-ILWKJ,49.35,71,Two year,1,Low value,Low risk,Low value / Low risk,2
4097-YODCF,103.8,34,One year,0,High value,Low risk,High value / Low risk,2
4325-NFSKC,90.6,19,Month-to-month,1,High value,Medium risk,High value / Medium risk,1
6380-ARCEH,20.2,1,Month-to-month,0,Low value,High risk,Low value / High risk,0
0365-BZUWY,102.55,17,Month-to-month,0,High value,Medium risk,High value / Medium risk,1
6353-BRMMA,104.1,54,Month-to-month,0,High value,Medium risk,High value / Medium risk,2
0384-LPITE,62.05,40,One year,0,Mid value,Low risk,Mid value / Low risk,2
1557-EMYVT,115.05,43,Two year,0,High value,Low risk,High value / Low risk,2
5899-MQZZL,75.0,13,Month-to-month,1,Mid value,Medium risk,Mid value / Medium risk,1
8042-RNLKO,25.45,66,One year,0,Low value,Low risk,Low value / Low risk,0
3669-OYSJI,46.2,1,Month-to-month,1,Low value,High risk,Low value / High risk,1
6519-CFDBX,45.4,2,Month-to-month,0,Low value,High risk,Low value / High risk,1
3417-TSCIC,24.85,29,One year,0,Low value,Low risk,Low value / Low risk,0
3393-FMZPV,100.25,25,Month-to-month,1,High value,Medium risk,High value / Medium risk,1
0623-IIHUG,41.9,21,Month-to-month,1,Low value,Medium risk,Low value / Medium risk,1
2921-XWDJH,83.45,38,Month-to-month,0,Mid value,Medium risk,Mid value / Medium risk,1
0661-KQHNK,19.0,6,One year,0,Low value,Low risk,Low value / Low risk,0
4088-YLDSU,104.15,55,One year,1,High value,Low risk,High value / Low risk,2
6103-LIANB,99.5,59,Two year,0,High value,Low risk,High value / Low risk,2
2821-WARNZ,19.45,49,One year,0,Low value,Low risk,Low value / Low risk,0
3146-JTQHR,19.6,10,One year,0,Low value,Low risk,Low value / Low risk,0
7703-ZEKEF,81.0,23,Month-to-month,1,Mid value,Medium risk,Mid value / Medium risk,1
0670-KDOMA,20.25,1,Month-to-month,0,Low value,High risk,Low value / High risk,0
5150-LJNSR,98.05,31,One year,0,High value,Low risk,High value / Low risk,2
4295-YURET,72.6,56,Two year,0,Mid value,Low risk,Mid value / Low risk,2
9479-HYNYL,80.7,71,Two year,0,Mid value,Low risk,Mid value / Low risk,2
2933-XEUJM,79.2,46,Two year,0,Mid value,Low risk,Mid value / Low risk,2
9947-OTFQU,74.4,15,Month-to-month,1,Mid value,Medium risk,Mid value / Medium risk,1
2303-PJYHN,19.85,2,Month-to-month,0,Low value,High risk,Low value / High risk,0
7161-DFHUF,23.85,71,Two year,0,Low value,Low risk,Low value / Low risk,0
1106-HRLKZ,19.6,40,Two year,0,Low value,Low risk,Low value / Low risk,0
7845-URHJN,20.15,8,Month-to-month,1,Low value,High risk,Low value / High risk,0
5392-AKEMH,45.05,12,Month-to-month,0,Low value,High risk,Low value / High risk,1
5150-ITWWB,94.85,3,Month-to-month,0,High value,High risk,High value / High risk,1
1658-BYGOY,95.45,18,Month-to-month,1,High value,Medium risk,High value / Medium risk,1
9031-ZVQPT,108.2,72,Two year,0,High value,Low risk,High value / Low risk,2
8174-TBVCF,94.8,70,Two year,0,High value,Low risk,High value / Low risk,2
5232-NXPAY,74.45,47,Two year,0,Mid value,Low risk,Mid value / Low risk,2
2186-QZEYA,58.55,29,Month-to-month,0,Mid value,Medium risk,Mid value / Medium risk,1
6855-VLGOS,20.55,72,Two year,0,Low value,Low risk,Low value / Low risk,0
8350-NYMVI,41.1,39,Month-to-month,0,Low value,Medium risk,Low value / Medium risk,1
5774-XZTQC,20.45,7,Month-to-month,0,Low value,High risk,Low value / High risk,0
1696-HXOWK,95.65,71,One year,0,High value,Low risk,High value / Low risk,2
1142-IHLOO,87.55,51,One year,0,High value,Low risk,High value / Low risk,2
3253-HKOKL,100.3,52,One year,0,High value,Low risk,High value / Low risk,2
4187-CINZD,95.25,46,One year,1,High value,Low risk,High value / Low risk,2
2037-SGXHH,94.65,38,Month-to-month,1,High value,Medium risk,High value / Medium risk,2
4881-JVQOD,34.55,10,Month-to-month,0,Low value,High risk,Low value / High risk,1
1779-PWPMG,114.65,72,Two year,0,High value,Low risk,High value / Low risk,2
8456-QDAVC,78.7,19,Month-to-month,0,Mid value,Medium risk,Mid value / Medium risk,1
0013-EXCHZ,83.9,3,Month-to-month,1,Mid value,High risk,Mid value / High risk,1
9110-HSGTV,82.45,69,Two year,0,Mid value,Low risk,Mid value / Low risk,2
2228-BZDEE,20.1,54,Two year,0,Low value,Low risk,Low value / Low risk,0
1271-SJBGZ,43.65,12,Month-to-month,1,Low value,High risk,Low value / High risk,1
1045-LTCYT,21.05,8,Month-to-month,0,Low value,High risk,Low value / High risk,0
2322-VCZHZ,90.0,23,Month-to-month,0,High value,Medium risk,High value / Medium risk,1
4343-EJVQB,74.35,7,Month-to-month,0,Mid value,High risk,Mid value / High risk,1
2079-FBMZK,69.25,6,Month-to-month,1,Mid value,High risk,Mid value / High risk,1
3572-UUHRS,18.85,45,One year,0,Low value,Low risk,Low value / Low risk,0
0988-AADSA,80.85,72,Two year,0,Mid value,Low risk,Mid value / Low risk,2
4634-JLRJT,20.35,1,Month-to-month,0,Low value,High risk,Low value / High risk,0
3389-KTRXV,23.85,23,Two year,0,Low value,Low risk,Low value / Low risk,0
0129-KPTWJ,94.65,72,Month-to-month,0,High value,Medium risk,High value / Medium risk,2
8311-UEUAB,75.5,67,Two year,0,Mid value,Low risk,Mid value / Low risk,2
6682-VCIXC,51.25,43,One year,0,Mid value,Low risk,Mid value / Low risk,2
2135-RXIHG,45.65,1,Month-to-month,1,Low value,High risk,Low value / High risk,1
2519-LBNQL,104.35,60,One year,0,High value,Low risk,High value / Low risk,2
5712-PTIWW,79.85,2,Month-to-month,1,Mid value,High risk,Mid value / High risk,1
5043-TRZWM,75.55,1,Month-to-month,0,Mid value,High risk,Mid value / High risk,1
9065-ZCPQX,78.85,72,Two year,0,Mid value,Low risk,Mid value / Low risk,2
4821-SJHJV,89.6,32,Month-to-month,0,High value,Medium risk,High value / Medium risk,1
2863-IMQDR,89.65,61,Two year,0,High value,Low risk,High value / Low risk,2
2789-CZANW,110.3,64,Two year,0,High value,Low risk,High value / Low risk,2
3131-NWVFJ,19.55,14,One year,0,Low value,Low risk,Low value / Low risk,0
0928-XUTSN,80.5,13,Month-to-month,0,Mid value,Medium risk,Mid value / Medium risk,1
3452-FLHYD,20.95,25,One year,0,Low value,Low risk,Low value / Low risk,0
7253-UVNDW,54.35,46,Two year,1,Mid value,Low risk,Mid value / Low risk,1
2831-EBWRN,45.9,4,Month-to-month,0,Low value,High risk,Low value / High risk,1
6961-MJKBO,20.45,47,Two year,0,Low value,Low risk,Low value / Low risk,0
5707-ZMDJP,69.7,53,Two year,0,Mid value,Low risk,Mid value / Low risk,2
1304-BCCFO,70.05,9,Month-to-month,0,Mid value,High risk,Mid value / High risk,1
1679-JRFBR,108.15,70,One year,0,High value,Low risk,High value / Low risk,2
6893-ODYYE,90.1,50,One year,0,High value,Low risk,High value / Low risk,2
6339-YPSAH,73.8,9,Month-to-month,0,Mid value,High risk,Mid value / High risk,1
0505-SPOOW,19.8,70,Two year,0,Low value,Low risk,Low value / Low risk,0
8199-ZLLSA,118.35,67,One year,1,High value,Low risk,High value / Low risk,2
7291-CDTMJ,19.65,1,Month-to-month,0,Low value,High risk,Low value / High risk,0
1096-ADRUX,74.25,66,One year,0,Mid value,Low risk,Mid value / Low risk,2
3457-PQBYH,20.3,58,Two year,0,Low value,Low risk,Low value / Low risk,0
4472-LVYGI,52.55,0,Two year,0,Mid value,Low risk,Mid value / Low risk,1
7538-GWHML,69.65,2,Month-to-month,1,Mid value,High risk,Mid value / High risk,1
5231-FIQPA,19.85,41,Two year,0,Low value,Low risk,Low value / Low risk,0
9231-ZJYAM,78.85,4,Month-to-month,1,Mid value,High risk,Mid value / High risk,1
7137-NAXML,20.15,23,One year,0,Low value,Low risk,Low value / Low risk,0
5756-OZRIO,64.05,61,One year,0,Mid value,Low risk,Mid value / Low risk,2
2717-HVIZY,20.05,8,Month-to-month,0,Low value,High risk,Low value / High risk,0
5054-IEXZT,75.35,1,Month-to-month,1,Mid value,High risk,Mid value / High risk,1
4950-HKQTE,26.25,22,Two year,0,Low value,Low risk,Low value / Low risk,0
7377-DMMRI,47.8,2,Month-to-month,1,Low value,High risk,Low value / High risk,1
5536-SLHPM,77.75,55,Month-to-month,1,Mid value,Medium risk,Mid value / Medium risk,2
4450-MDZFX,74.35,60,Month-to-month,0,Mid value,Medium risk,Mid value / Medium risk,2
4531-AUZNK,95.15,51,One year,0,High value,Low risk,High value / Low risk,2
0947-IDHRQ,80.3,7,Month-to-month,1,Mid value,High risk,Mid value / High risk,1
5276-KQWHG,69.6,2,Month-to-month,1,Mid value,High risk,Mid value / High risk,1
3842-IYKUE,85.3,35,Month-to-month,1,High value,Medium risk,High value / Medium risk,1
4701-LKOZD,89.75,70,Two year,0,High value,Low risk,High value / Low risk,2
7577-SWIFR,89.25,1,Month-to-month,0,High value,High risk,High value / High risk,1
6609-MXJHJ,25.1,30,Two year,0,Low value,Low risk,Low value / Low risk,0
0587-DMGBH,49.85,8,Month-to-month,1,Low value,High risk,Low value / High risk,1
2815-CPTUL,70.25,5,Month-to-month,1,Mid value,High risk,Mid value / High risk,1
5174-RNGBH,66.25,9,Month-to-month,1,Mid value,High risk,Mid value / High risk,1
1428-GTBJJ,74.55,11,Month-to-month,1,Mid value,High risk,Mid value / High risk,1
2162-FRZAA,39.35,63,Two year,0,Low value,Low risk,Low value / Low risk,2
8859-AXJZP,23.8,39,Two year,0,Low value,Low risk,Low value / Low risk,0
2979-SXESE,94.4,17,Month-to-month,1,High value,Medium risk,High value / Medium risk,1
6994-ORCWG,54.25,14,One year,0,Mid value,Low risk,Mid value / Low risk,1
3214-IYUUQ,93.7,61,One year,0,High value,Low risk,High value / Low risk,2
1352-HNSAW,115.6,72,Two year,0,High value,Low risk,High value / Low risk,2
1371-WEPDS,55.8,40,One year,0,Mid value,Low risk,Mid value / Low risk,1
7853-GVUDZ,20.15,1,Month-to-month,1,Low value,High risk,Low value / High risk,0
6810-VCAEX,39.65,47,One year,0,Low value,Low risk,Low value / Low risk,1
1689-MRZQR,78.3,34,Month-to-month,1,Mid value,Medium risk,Mid value / Medium risk,1
4654-GGUII,40.2,18,One year,0,Low value,Low risk,Low value / Low risk,1
7596-IIWYC,20.25,27,Two year,0,Low value,Low risk,Low value / Low risk,0
3190-ITQXP,20.25,46,Two year,0,Low value,Low risk,Low value / Low risk,0
1930-QPBVZ,95.1,68,Two year,0,High value,Low risk,High value / Low risk,2
0137-UDEUO,19.85,3,Month-to-month,1,Low value,High risk,Low value / High risk,0
4124-MMETB,94.65,22,Month-to-month,1,High value,Medium risk,High value / Medium risk,1
4039-HEUNW,96.5,36,Month-to-month,1,High value,Medium risk,High value / Medium risk,2
3275-RHRNE,60.0,28,One year,0,Mid value,Low risk,Mid value / Low risk,1
7297-DVYGA,19.85,51,One year,0,Low value,Low risk,Low value / Low risk,0
4132-KALRO,100.85,4,Month-to-month,0,High value,High risk,High value / High risk,1
6559-PDZLR,98.65,26,Month-to-month,0,High value,Medium risk,High value / Medium risk,1
7483-IQWIB,92.95,37,Month-to-month,0,High value,Medium risk,High value / Medium risk,2
8180-AKMJV,44.55,1,Month-to-month,0,Low value,High risk,Low value / High risk,1
4140-WJAWW,19.85,5,Month-to-month,1,Low value,High risk,Low value / High risk,0
8429-XIBUM,101.35,22,Month-to-month,1,High value,Medium risk,High value / Medium risk,1
5451-MHQOF,24.45,56,One year,0,Low value,Low risk,Low value / Low risk,0
8884-FEEWR,20.6,35,One year,0,Low value,Low risk,Low value / Low risk,0
5108-ADXWO,73.5,11,Month-to-month,1,Mid value,High risk,Mid value / High risk,1
7872-RDDLZ,54.9,67,Month-to-month,0,Mid value,Medium risk,Mid value / Medium risk,2
4418-LZMSV,61.8,13,Month-to-month,0,Mid value,Medium risk,Mid value / Medium risk,1
2361-FJWNO,36.0,40,One year,0,Low value,Low risk,Low value / Low risk,0
6185-TASNN,46.3,1,Month-to-month,0,Low value,High risk,Low value / High risk,1
2253-KPMNB,46.25,69,Two year,0,Low value,Low risk,Low value / Low risk,2
7758-XKCBS,29.7,15,Month-to-month,1,Low value,Medium risk,Low value / Medium risk,1
9932-WBWIK,20.35,11,Month-to-month,0,Low value,High risk,Low value / High risk,0
8006-PYCSW,20.1,2,Month-to-month,0,Low value,High risk,Low value / High risk,0
1755-RMCXH,20.3,2,Month-to-month,0,Low value,High risk,Low value / High risk,0
4238-JSSWH,102.05,35,Month-to-month,0,High value,Medium risk,High value / Medium risk,2
2378-YIZKA,85.0,68,Two year,0,High value,Low risk,High value / Low risk,2
8205-VSLRB,77.3,70,Two year,0,Mid value,Low risk,Mid value / Low risk,2
0946-FKYTX,30.1,52,One year,0,Low value,Low risk,Low value / Low risk,0
9121-PHQSR,85.05,16,Month-to-month,0,High value,Medium risk,High value / Medium risk,1
2862-JVEOY,19.15,6,One year,0,Low value,Low risk,Low value / Low risk,0
4514-GFCFI,84.75,16,Month-to-month,1,High value,Medium risk,High value / Medium risk,1
2632-IVXVF,111.75,68,Two year,0,High value,Low risk,High value / Low risk,2
1571-SAVHK,99.95,12,Month-to-month,1,High value,High risk,High value / High risk,1
2267-FPIMA,94.4,50,Month-to-month,0,High value,Medium risk,High value / Medium risk,2
8434-VGEQQ,20.55,61,Two year,0,Low value,Low risk,Low value / Low risk,0
1456-TWCGB,49.25,4,Month-to-month,0,Low value,High risk,Low value / High risk,1
9061-TIHDA,95.25,13,Month-to-month,1,High value,Medium risk,High value / Medium risk,1
4659-NZRUF,95.15,19,Month-to-month,1,High value,Medium risk,High value / Medium risk,1
7502-BNYGS,69.1,46,Month-to-month,0,Mid value,Medium risk,Mid value / Medium risk,2
5393-HJZSM,76.3,32,Month-to-month,0,Mid value,Medium risk,Mid value / Medium risk,2
8644-XYTSV,40.15,42,Month-to-month,0,Low value,Medium risk,Low value / Medium risk,1
3748-FVMZZ,40.05,4,Month-to-month,0,Low value,High risk,Low value / High risk,1
9415-ZNBSX,89.0,70,Two year,0,High value,Low risk,High value / Low risk,2
7025-WCBNE,59.6,47,Two year,0,Mid value,Low risk,Mid value / Low risk,2
8226-BXGES,89.45,64,One year,0,High value,Low risk,High value / Low risk,2
1098-TDVUQ,19.25,1,Month-to-month,0,Low value,High risk,Low value / High risk,0
6990-YNRIO,108.65,65,Two year,1,High value,Low risk,High value / Low risk,2
6701-DHKWQ,51.35,61,Two year,0,Mid value,Low risk,Mid value / Low risk,2
1791-PQHBB,61.2,2,Month-to-month,0,Mid value,High risk,Mid value / High risk,1
3398-ZOUAA,69.1,21,Month-to-month,1,Mid value,Medium risk,Mid value / Medium risk,1
6275-YDUVO,86.2,2,Month-to-month,1,High value,High risk,High value / High risk,1
6986-IJDHX,86.3,39,Month-to-month,1,High value,Medium risk,High value / Medium risk,1
2153-MREFK,99.2,37,One year,1,High value,Low risk,High value / Low risk,2
2929-ERCFZ,94.2,8,Month-to-month,1,High value,High risk,High value / High risk,1
1409-PHXTF,110.45,54,Two year,0,High value,Low risk,High value / Low risk,2
7629-WFGLW,95.65,56,One year,0,High value,Low risk,High value / Low risk,2
3104-OWCGK,90.95,60,One year,1,High value,Low risk,High value / Low risk,2
4322-RCYMT,75.8,68,One year,1,Mid value,Low risk,Mid value / Low risk,2
4074-SJFFA,54.75,1,Month-to-month,1,Mid value,High risk,Mid value / High risk,1
6478-HRRCZ,70.5,32,One year,0,Mid value,Low risk,Mid value / Low risk,1
2599-CIPQE,109.3,71,Two year,0,High value,Low risk,High value / Low risk,2
3198-VELRD,84.75,3,Month-to-month,1,High value,High risk,High value / High risk,1
8975-SKGRX,116.1,71,Two year,0,High value,Low risk,High value / Low risk,2
9103-CXVOK,19.75,1,Month-to-month,0,Low value,High risk,Low value / High risk,0
0611-DFXKO,89.0,20,Month-to-month,1,High value,Medium risk,High value / Medium risk,1
6240-EURKS,35.0,18,Month-to-month,1,Low value,Medium risk,Low value / Medium risk,1
0384-RVBPI,64.4,20,Month-to-month,0,Mid value,Medium risk,Mid value / Medium risk,1
9237-HQITU,70.7,2,Month-to-month,1,Mid value,High risk,Mid value / High risk,1
4657-FWVFY,96.35,40,Month-to-month,0,High value,Medium risk,High value / Medium risk,2
9509-MPYOD,20.75,35,One year,0,Low value,Low risk,Low value / Low risk,0
4114-QMKVN,68.75,56,One year,0,Mid value,Low risk,Mid value / Low risk,2
1482-OXZSY,100.4,30,Month-to-month,0,High value,Medium risk,High value / Medium risk,1
6656-GULJQ,83.55,72,Two year,0,Mid value,Low risk,Mid value / Low risk,2
9919-YLNNG,103.8,42,Month-to-month,0,High value,Medium risk,High value / Medium risk,2
2999-AANRQ,71.05,21,Two year,0,Mid value,Low risk,Mid value / Low risk,1
8752-IMQOS,20.1,5,One year,0,Low value,Low risk,Low value / Low risk,0
8945-MUQUF,94.8,51,One year,1,High value,Low risk,High value / Low risk,2
3079-BCHLN,19.9,47,One year,0,Low value,Low risk,Low value / Low risk,0
0506-YLVKJ,20.2,46,Two year,0,Low value,Low risk,Low value / Low risk,0
5130-YPIRV,72.0,62,Two year,0,Mid value,Low risk,Mid value / Low risk,2
7661-CPURM,87.7,19,One year,0,High value,Low risk,High value / Low risk,1
3707-LRWZD,84.05,32,One year,1,Mid value,Low risk,Mid value / Low risk,1
1428-IEDPR,109.3,52,Two year,0,High value,Low risk,High value / Low risk,2
6368-TZZDT,19.5,4,Two year,0,Low value,Low risk,Low value / Low risk,0
5135-RDDQL,50.65,63,Two year,0,Mid value,Low risk,Mid value / Low risk,2
7966-YOTQW,54.5,10,Month-to-month,0,Mid value,High risk,Mid value / High risk,1
1345-GKDZZ,19.55,6,Month-to-month,0,Low value,High risk,Low value / High risk,0
3791-LGQCY,100.65,56,Month-to-month,1,High value,Medium risk,High value / Medium risk,2
8097-VBQTZ,69.9,54,Month-to-month,0,Mid value,Medium risk,Mid value / Medium risk,2
3315-TOTBP,76.0,15,Month-to-month,1,Mid value,Medium risk,Mid value / Medium risk,1
7929-DMBCV,81.0,20,Month-to-month,0,Mid value,Medium risk,Mid value / Medium risk,1
9961-JBNMK,96.8,21,Month-to-month,1,High value,Medium risk,High value / Medium risk,1
3099-OONVS,54.3,25,Month-to-month,0,Mid value,Medium risk,Mid value / Medium risk,1
4462-CYWMH,89.8,62,Month-to-month,0,High value,Medium risk,High value / Medium risk,2
1469-LBJQJ,105.2,66,Month-to-month,0,High value,Medium risk,High value / Medium risk,2
9572-MTILT,106.75,59,Month-to-month,1,High value,Medium risk,High value / Medium risk,2
3363-DTIVD,105.55,71,Two year,0,High value,Low risk,High value / Low risk,2
0771-WLCLA,112.95,16,Month-to-month,0,High value,Medium risk,High value / Medium risk,1
4003-OCTMP,64.0,31,One year,0,Mid value,Low risk,Mid value / Low risk,1
4994-OBRSZ,76.1,14,Two year,0,Mid value,Low risk,Mid value / Low risk,1
0967-BMLBD,20.0,11,One year,0,Low value,Low risk,Low value / Low risk,0
0928-JMXNP,29.9,4,Month-to-month,0,Low value,High risk,Low value / High risk,1
4811-JBUVU,89.9,30,Month-to-month,0,High value,Medium risk,High value / Medium risk,1
8242-JSVBO,44.65,7,Month-to-month,0,Low value,High risk,Low value / High risk,1
9127-QRZMH,59.85,44,One year,0,Mid value,Low risk,Mid value / Low risk,2
4878-BUNFV,20.7,42,Two year,0,Low value,Low risk,Low value / Low risk,0
3583-EKAPL,55.0,1,Month-to-month,1,Mid value,High risk,Mid value / High risk,1
9135-MGVPY,84.7,69,Two year,0,High value,Low risk,High value / Low risk,2
5857-TYBCJ,89.2,44,Month-to-month,0,High value,Medium risk,High value / Medium risk,2
4925-LMHOK,58.6,15,Month-to-month,1,Mid value,Medium risk,Mid value / Medium risk,1
9507-HSMMZ,20.0,54,Two year,0,Low value,Low risk,Low value / Low risk,0
7977-HXJKU,19.6,21,Two year,0,Low value,Low risk,Low value / Low risk,0
0027-KWYKW,83.75,23,Month-to-month,0,Mid value,Medium risk,Mid value / Medium risk,1
2969-QWUBZ,51.4,2,Month-to-month,0,Mid value,High risk,Mid value / High risk,1
4291-SHSBH,69.55,7,Month-to-month,0,Mid value,High risk,Mid value / High risk,1
0206-OYVOC,19.25,46,Two year,0,Low value,Low risk,Low value / Low risk,0
7905-NJMXS,64.2,7,Month-to-month,0,Mid value,High risk,Mid value / High risk,1
6177-PEVRA,55.5,48,Two year,0,Mid value,Low risk,Mid value / Low risk,2
2929-QNSRW,98.25,56,One year,1,High value,Low risk,High value / Low risk,2
9084-OAYKL,20.8,58,Two year,0,Low value,Low risk,Low value / Low risk,0
1075-BGWOH,98.75,16,Month-to-month,1,High value,Medium risk,High value / Medium risk,1
8267-KFGYD,21.05,1,Month-to-month,0,Low value,High risk,Low value / High risk,0
0378-XSZPU,60.3,58,One year,1,Mid value,Low risk,Mid value / Low risk,2
3778-FOAQW,20.15,24,One year,0,Low value,Low risk,Low value / Low risk,0
6985-HAYWX,79.3,26,Month-to-month,0,Mid value,Medium risk,Mid value / Medium risk,1
0902-XKXPN,20.2,69,Two year,0,Low value,Low risk,Low value / Low risk,0
8382-SHQEH,84.9,8,Month-to-month,1,High value,High risk,High value / High risk,1
8224-UAXBZ,45.35,58,One year,0,Low value,Low risk,Low value / Low risk,2
8963-MQVYN,20.55,22,Month-to-month,0,Low value,Medium risk,Low value / Medium risk,0
2521-NPUZR,101.0,70,Two year,0,High value,Low risk,High value / Low risk,2
8612-GXIDD,25.4,12,Two year,0,Low value,Low risk,Low value / Low risk,0
0754-EEBDC,19.9,4,Two year,0,Low value,Low risk,Low value / Low risk,0
7802-EFKNY,24.95,5,Month-to-month,1,Low value,High risk,Low value / High risk,1
7123-WQUHX,95.0,38,One year,0,High value,Low risk,High value / Low risk,2
6923-JHPMP,80.45,2,Month-to-month,0,Mid value,High risk,Mid value / High risk,1
2581-VKIRT,65.5,59,One year,0,Mid value,Low risk,Mid value / Low risk,2
3154-CFSZG,90.05,47,Month-to-month,0,High value,Medium risk,High value / Medium risk,2
8220-OCUFY,60.25,21,One year,0,Mid value,Low risk,Mid value / Low risk,1
2656-FMOKZ,74.45,15,Month-to-month,1,Mid value,Medium risk,Mid value / Medium risk,1
6637-KYRCV,30.5,5,Month-to-month,0,Low value,High risk,Low value / High risk,1
9474-PHLYD,59.45,15,Month-to-month,1,Mid value,Medium risk,Mid value / Medium risk,1
5376-PCKNB,104.45,72,One year,0,High value,Low risk,High value / Low risk,2
7605-SNLQG,50.25,45,Month-to-month,0,Low value,Medium risk,Low value / Medium risk,1
1116-FRYVH,39.4,48,Two year,0,Low value,Low risk,Low value / Low risk,0
3629-ZNKXA,101.8,17,Month-to-month,0,High value,Medium risk,High value / Medium risk,1
4011-ARPHK,50.35,27,Month-to-month,0,Low value,Medium risk,Low value / Medium risk,1
7446-KQISO,109.75,45,Two year,0,High value,Low risk,High value / Low risk,2
1465-VINDH,102.1,10,Month-to-month,1,High value,High risk,High value / High risk,1
3716-UVSPD,49.3,1,Month-to-month,0,Low value,High risk,Low value / High risk,1
4391-LNRXK,94.95,22,Month-to-month,0,High value,Medium risk,High value / Medium risk,1
1047-NNCBF,70.55,20,Month-to-month,0,Mid value,Medium risk,Mid value / Medium risk,1
5215-LNLDJ,24.7,7,Month-to-month,0,Low value,High risk,Low value / High risk,1
6888-SBYAI,50.7,1,Month-to-month,0,Mid value,High risk,Mid value / High risk,1
4104-PVRPS,53.6,24,Month-to-month,0,Mid value,Medium risk,Mid value / Medium risk,1
5220-AGAAX,24.0,68,Two year,0,Low value,Low risk,Low value / Low risk,0
8875-AKBYH,84.35,20,Month-to-month,0,High value,Medium risk,High value / Medium risk,1
7089-XXAYG,38.1,25,One year,0,Low value,Low risk,Low value / Low risk,1
6702-OHFWR,43.3,1,Month-to-month,1,Low value,High risk,Low value / High risk,1
6211-WHMYA,43.85,64,Month-to-month,0,Low value,Medium risk,Low value / Medium risk,2
4049-ZPALD,99.0,64,Two year,0,High value,Low risk,High value / Low risk,2
6286-ZHAOK,25.55,20,Month-to-month,0,Low value,Medium risk,Low value / Medium risk,0
0080-OROZO,99.25,35,One year,0,High value,Low risk,High value / Low risk,2
0266-GMEAO,114.3,72,Two year,0,High value,Low risk,High value / Low risk,2
8597-CWYHH,94.35,43,One year,0,High value,Low risk,High value / Low risk,2
9391-LMANN,95.95,53,One year,0,High value,Low risk,High value / Low risk,2
4656-CAURT,23.95,69,Two year,0,Low value,Low risk,Low value / Low risk,0
1660-HSOOQ,49.65,1,Month-to-month,1,Low value,High risk,Low value / High risk,1
6578-KRMAW,93.4,32,Month-to-month,0,High value,Medium risk,High value / Medium risk,2
0825-CPPQH,19.1,71,Two year,0,Low value,Low risk,Low value / Low risk,0
8859-DZTGQ,20.35,33,Two year,0,Low value,Low risk,Low value / Low risk,0
3675-YDUPJ,19.85,10,Month-to-month,0,Low value,High risk,Low value / High risk,0
6509-TSGWN,26.45,37,Month-to-month,0,Low value,Medium risk,Low value / Medium risk,0
1410-RSCMR,71.35,7,Month-to-month,0,Mid value,High risk,Mid value / High risk,1
3164-YAXFY,53.75,57,Month-to-month,0,Mid value,Medium risk,Mid value / Medium risk,2
0932-YIXYU,20.25,47,Two year,0,Low value,Low risk,Low value / Low risk,0
0018-NYROU,68.95,5,Month-to-month,0,Mid value,High risk,Mid value / High risk,1
4446-BZKHU,105.55,61,Month-to-month,1,High value,Medium risk,High value / Medium risk,2
7101-HRBLJ,83.7,72,Two year,0,Mid value,Low risk,Mid value / Low risk,2
7601-GNDYK,19.6,35,Two year,0,Low value,Low risk,Low value / Low risk,0
7901-TBKJX,101.05,56,Month-to-month,0,High value,Medium risk,High value / Medium risk,2
2974-GGUXS,91.95,36,Month-to-month,0,High value,Medium risk,High value / Medium risk,1
3211-AAPKX,98.55,20,Month-to-month,0,High value,Medium risk,High value / Medium risk,1
9184-GALIL,20.45,38,Month-to-month,0,Low value,Medium risk,Low value / Medium risk,0
6680-NENYN,104.6,43,Two year,1,High value,Low risk,High value / Low risk,2
4884-ZTHVF,87.1,8,Month-to-month,0,High value,High risk,High value / High risk,1
6202-JVYEU,19.9,9,One year,0,Low value,Low risk,Low value / Low risk,0
9742-XOKTS,89.55,67,One year,0,High value,Low risk,High value / Low risk,2
5858-EAFCZ,44.45,1,Month-to-month,0,Low value,High risk,Low value / High risk,1
0877-SDMBN,103.95,54,One year,1,High value,Low risk,High value / Low risk,2
5028-HTLJB,20.05,1,Month-to-month,1,Low value,High risk,Low value / High risk,0
7299-GNVPL,84.4,23,Month-to-month,0,High value,Medium risk,High value / Medium risk,1
5609-CEBID,94.1,20,Month-to-month,1,High value,Medium risk,High value / Medium risk,1
9314-IJWSQ,84.8,14,Month-to-month,0,High value,Medium risk,High value / Medium risk,1
5651-WYIPH,49.85,18,Month-to-month,0,Low value,Medium risk,Low value / Medium risk,1
2834-SPCJV,84.1,52,Month-to-month,1,Mid value,Medium risk,Mid value / Medium risk,2
7434-SHXLS,20.9,1,Month-to-month,1,Low value,High risk,Low value / High risk,0
7190-XHTWJ,19.3,38,One year,0,Low value,Low risk,Low value / Low risk,0
9250-WYPLL,75.55,5,Month-to-month,1,Mid value,High risk,Mid value / High risk,1
7989-CHGTL,19.6,1,Month-to-month,1,Low value,High risk,Low value / High risk,0
7402-EYFXX,93.6,26,Month-to-month,0,High value,Medium risk,High value / Medium risk,1
6723-WSNTY,108.1,66,One year,0,High value,Low risk,High value / Low risk,2
3399-BMLVW,60.5,51,Two year,0,Mid value,Low risk,Mid value / Low risk,2
9494-MRNYX,75.05,10,Month-to-month,0,Mid value,High risk,Mid value / High risk,1
0278-YXOOG,21.05,5,Month-to-month,1,Low value,High risk,Low value / High risk,0
3496-LFSZU,70.5,4,Month-to-month,0,Mid value,High risk,Mid value / High risk,1
0060-FUALY,94.75,59,Month-to-month,0,High value,Medium risk,High value / Medium risk,2
5956-VKDTT,74.35,5,Month-to-month,1,Mid value,High risk,Mid value / High risk,1
7905-TVXTA,64.35,5,Month-to-month,0,Mid value,High risk,Mid value / High risk,1
2637-FKFSY,46.1,3,Month-to-month,0,Low value,High risk,Low value / High risk,1
6137-MFAJN,44.8,48,Month-to-month,0,Low value,Medium risk,Low value / Medium risk,1
8237-ULIXL,24.85,72,Two year,0,Low value,Low risk,Low value / Low risk,0
8104-OSKWT,79.8,12,Month-to-month,0,Mid value,High risk,Mid value / High risk,1
5649-ANRML,95.1,2,Month-to-month,1,High value,High risk,High value / High risk,1
2266-SJNAT,109.15,72,One year,0,High value,Low risk,High value / Low risk,2
6954-OOYZZ,44.35,18,Month-to-month,0,Low value,Medium risk,Low value / Medium risk,1
3230-IUALN,81.0,45,Two year,0,Mid value,Low risk,Mid value / Low risk,2
8486-AYEQH,76.05,31,Month-to-month,0,Mid value,Medium risk,Mid value / Medium risk,1
0380-ZCSBI,20.0,10,Month-to-month,0,Low value,High risk,Low value / High risk,0
2479-BRAMR,83.75,41,Month-to-month,1,Mid value,Medium risk,Mid value / Medium risk,1
9734-UYXQI,49.4,2,Month-to-month,1,Low value,High risk,Low value / High risk,1
6993-OHLXR,68.95,2,Month-to-month,1,Mid value,High risk,Mid value / High risk,1
9711-FJTBX,85.85,56,One year,0,High value,Low risk,High value / Low risk,2
0218-QNVAS,100.55,71,One year,0,High value,Low risk,High value / Low risk,2
7319-ZNRTR,19.6,25,One year,0,Low value,Low risk,Low value / Low risk,0
1093-YSWCA,19.55,11,Two year,0,Low value,Low risk,Low value / Low risk,0
5348-CAGXB,89.55,12,Month-to-month,0,High value,High risk,High value / High risk,1
2302-OUZXB,82.15,72,Two year,0,Mid value,Low risk,Mid value / Low risk,2
1043-UXOVO,113.15,71,Two year,0,High value,Low risk,High value / Low risk,2
9057-MSWCO,30.75,27,Month-to-month,1,Low value,Medium risk,Low value / Medium risk,0
8008-HAWED,50.75,14,Month-to-month,1,Mid value,Medium risk,Mid value / Medium risk,1
3633-CDBUW,80.85,17,One year,0,Mid value,Low risk,Mid value / Low risk,1
8267-ZNYVZ,103.75,33,One year,1,High value,Low risk,High value / Low risk,2
3247-ZVOUO,85.55,10,Month-to-month,1,High value,High risk,High value / High risk,1
8868-GAGIO,84.55,45,Month-to-month,0,High value,Medium risk,High value / Medium risk,2
4990-ALDGW,20.75,57,Two year,0,Low value,Low risk,Low value / Low risk,0
3941-XTSKM,45.1,42,One year,0,Low value,Low risk,Low value / Low risk,1
2275-RBYQS,45.4,1,Month-to-month,0,Low value,High risk,Low value / High risk,1
3345-PBBFH,49.55,8,Month-to-month,0,Low value,High risk,Low value / High risk,1
0516-QREYC,20.3,24,Month-to-month,0,Low value,Medium risk,Low value / Medium risk,0
4277-UDIEF,81.0,24,Month-to-month,0,Mid value,Medium risk,Mid value / Medium risk,1
5871-DGTXZ,19.8,32,One year,0,Low value,Low risk,Low value / Low risk,0
4581-SSPWD,75.8,3,Month-to-month,1,Mid value,High risk,Mid value / High risk,1
7480-QNVZJ,95.7,50,Month-to-month,1,High value,Medium risk,High value / Medium risk,2
8205-MQUGY,49.2,12,Month-to-month,0,Low value,High risk,Low value / High risk,1
2657-VPXTA,88.85,10,Month-to-month,0,High value,High risk,High value / High risk,1
0366-NQSHS,19.35,2,Month-to-month,0,Low value,High risk,Low value / High risk,0
2660-EMUBI,95.35,10,Month-to-month,1,High value,High risk,High value / High risk,1
0564-JJHGS,95.5,9,Month-to-month,1,High value,High risk,High value / High risk,1
3389-YGYAI,105.5,8,Month-to-month,1,High value,High risk,High value / High risk,1
0617-FHSGK,75.2,49,Month-to-month,1,Mid value,Medium risk,Mid value / Medium risk,1
0927-LCSMG,74.65,7,Month-to-month,1,Mid value,High risk,Mid value / High risk,1
3195-TQDZX,20.25,3,Month-to-month,0,Low value,High risk,Low value / High risk,0
1644-IRKSF,93.8,33,One year,1,High value,Low risk,High value / Low risk,2
5118-MUEYH,105.1,48,Month-to-month,0,High value,Medium risk,High value / Medium risk,2
9398-MMQTO,74.45,3,Month-to-month,0,Mid value,High risk,Mid value / High risk,1
9411-TPQQV,54.55,40,One year,0,Mid value,Low risk,Mid value / Low risk,2
2058-DCJBE,69.75,5,Month-to-month,1,Mid value,High risk,Mid value / High risk,1
3387-VATUS,94.85,5,Month-to-month,1,High value,High risk,High value / High risk,1
5760-IFJOZ,107.95,3,Month-to-month,0,High value,High risk,High value / High risk,1
7771-CFQRQ,63.8,47,Two year,0,Mid value,Low risk,Mid value / Low risk,2
8461-EFQYM,24.25,38,One year,0,Low value,Low risk,Low value / Low risk,0
5397-NSKQG,50.9,67,Two year,0,Mid value,Low risk,Mid value / Low risk,2
1178-PZGAB,20.25,19,One year,0,Low value,Low risk,Low value / Low risk,0
1098-KFQEC,19.4,55,Two year,0,Low value,Low risk,Low value / Low risk,0
6994-FGRHH,106.15,70,One year,0,High value,Low risk,High value / Low risk,2
0104-PPXDV,50.3,58,One year,0,Low value,Low risk,Low value / Low risk,0
0325-XBFAC,94.7,8,Month-to-month,1,High value,High risk,High value / High risk,1
5729-KLZAR,80.85,4,Month-to-month,1,Mid value,High risk,Mid value / High risk,1
5948-UJZLF,49.25,2,Month-to-month,0,Low value,High risk,Low value / High risk,1
9763-GRSKD,49.95,13,Month-to-month,0,Low value,Medium risk,Low value / Medium risk,1
4919-MOAVT,69.65,3,Month-to-month,1,Mid value,High risk,Mid value / High risk,1
0621-JFHOL,29.6,10,Two year,0,Low value,Low risk,Low value / Low risk,0
2669-OIDSD,100.05,48,Month-to-month,0,High value,Medium risk,High value / Medium risk,2
6860-YRJZP,74.05,9,Month-to-month,0,Mid value,High risk,Mid value / High risk,1
8019-ENHXU,99.45,42,Month-to-month,1,High value,Medium risk,High value / Medium risk,2
5622-UEJFI,25.4,35,Two year,0,Low value,Low risk,Low value / Low risk,0
7580-UGXNC,54.85,2,Month-to-month,1,Mid value,High risk,Mid value / High risk,1
4115-UMJFQ,35.75,69,One year,0,Low value,Low risk,Low value / Low risk,2
4760-XOHVN,19.45,1,Month-to-month,1,Low value,High risk,Low value / High risk,0
9375-MHRRS,50.05,6,Month-to-month,0,Low value,High risk,Low value / High risk,1
1156-ZFYDO,19.75,1,Month-to-month,0,Low value,High risk,Low value / High risk,0
8234-GSZYK,26.45,43,Two year,0,Low value,Low risk,Low value / Low risk,0
3460-TJBWI,24.2,24,Two year,0,Low value,Low risk,Low value / Low risk,0
4568-TTZRT,20.4,9,Month-to-month,0,Low value,High risk,Low value / High risk,0
3323-CPBWR,96.9,23,Month-to-month,0,High value,Medium risk,High value / Medium risk,1
2900-PHPLN,19.55,70,Two year,0,Low value,Low risk,Low value / Low risk,0
8637-XJIVR,78.95,12,Month-to-month,1,Mid value,High risk,Mid value / High risk,1
7128-GGCNO,72.8,46,Month-to-month,0,Mid value,Medium risk,Mid value / Medium risk,1
9565-AXSMR,19.2,52,Two year,0,Low value,Low risk,Low value / Low risk,0
7684-XSZIY,24.3,72,Two year,0,Low value,Low risk,Low value / Low risk,0
8854-CCVSQ,80.65,18,Month-to-month,1,Mid value,Medium risk,Mid value / Medium risk,1
5840-NVDCG,68.25,16,Two year,0,Mid value,Low risk,Mid value / Low risk,1
2845-KDHVX,68.3,64,Two year,0,Mid value,Low risk,Mid value / Low risk,2
5968-VXZLG,46.6,2,Month-to-month,0,Low value,High risk,Low value / High risk,1
9548-ZMVTX,90.45,72,Two year,0,High value,Low risk,High value / Low risk,2
5125-CNDSP,40.6,63,One year,0,Low value,Low risk,Low value / Low risk,2
6653-CBBOM,70.3,1,Month-to-month,1,Mid value,High risk,Mid value / High risk,1
1934-SJVJK,20.15,1,Month-to-month,1,Low value,High risk,Low value / High risk,0
9581-GVBXT,34.8,59,One year,0,Low value,Low risk,Low value / Low risk,0
3404-JNXAX,80.75,51,Month-to-month,0,Mid value,Medium risk,Mid value / Medium risk,2
6505-OZNPG,63.4,6,Two year,0,Mid value,Low risk,Mid value / Low risk,1
0602-DDUML,69.75,57,Two year,0,Mid value,Low risk,Mid value / Low risk,2
6199-IWKGC,100.25,46,One year,0,High value,Low risk,High value / Low risk,2
8645-KWHJO,55.0,14,Month-to-month,0,Mid value,Medium risk,Mid value / Medium risk,1
9530-EHPOH,53.75,11,Month-to-month,1,Mid value,High risk,Mid value / High risk,1
2393-DIVAI,20.0,3,Month-to-month,0,Low value,High risk,Low value / High risk,0
2150-WLKUW,63.9,40,One year,0,Mid value,Low risk,Mid value / Low risk,1
6538-POCHL,79.0,33,Month-to-month,0,Mid value,Medium risk,Mid value / Medium risk,1
4299-SIMNS,81.15,9,Month-to-month,0,Mid value,High risk,Mid value / High risk,1
2150-UWTFY,61.15,22,Month-to-month,1,Mid value,Medium risk,Mid value / Medium risk,1
4452-ROHMO,19.6,15,Two year,0,Low value,Low risk,Low value / Low risk,0
4367-NUYAO,25.75,0,Two year,0,Low value,Low risk,Low value / Low risk,0
8617-ENBDS,73.6,3,Month-to-month,0,Mid value,High risk,Mid value / High risk,1
0689-NKYLF,83.2,13,Month-to-month,1,Mid value,Medium risk,Mid value / Medium risk,1
7047-YXDMZ,20.0,21,Month-to-month,0,Low value,Medium risk,Low value / Medium risk,0
6218-KNUBD,59.45,6,Month-to-month,0,Mid value,High risk,Mid value / High risk,1
8584-KMVXD,75.6,8,Month-to-month,0,Mid value,High risk,Mid value / High risk,1
1763-WQFUK,50.5,3,Month-to-month,0,Low value,High risk,Low value / High risk,1
8043-PNYSD,19.55,63,Two year,0,Low value,Low risk,Low value / Low risk,0
9447-YPTBX,19.85,50,One year,0,Low value,Low risk,Low value / Low risk,0
6067-NGCEU,111.05,65,Month-to-month,0,High value,Medium risk,High value / Medium risk,2
6896-SRVYQ,73.85,44,Month-to-month,0,Mid value,Medium risk,Mid value / Medium risk,1
3097-NNSPB,49.05,2,Month-to-month,1,Low value,High risk,Low value / High risk,1
1184-PJVDB,79.95,10,Month-to-month,1,Mid value,High risk,Mid value / High risk,1
8634-MPHTR,100.05,47,Month-to-month,1,High value,Medium risk,High value / Medium risk,2
6265-SXWBU,95.75,69,One year,0,High value,Low risk,High value / Low risk,2
2894-QOJRX,34.0,25,Month-to-month,1,Low value,Medium risk,Low value / Medium risk,1
5311-IHLEI,50.95,12,Month-to-month,0,Mid value,High risk,Mid value / High risk,1
5605-XNWEN,25.0,72,Two year,0,Low value,Low risk,Low value / Low risk,0
6447-GORXK,25.0,31,Month-to-month,0,Low value,Medium risk,Low value / Medium risk,0
7908-QCBCA,69.4,1,Month-to-month,1,Mid value,High risk,Mid value / High risk,1
9139-TWBAS,47.85,26,One year,0,Low value,Low risk,Low value / Low risk,1
5949-XIKAE,83.55,8,Month-to-month,1,Mid value,High risk,Mid value / High risk,1
6522-YRBXD,94.55,35,Month-to-month,0,High value,Medium risk,High value / Medium risk,1
7272-QDCKA,100.2,28,One year,0,High value,Low risk,High value / Low risk,1
5149-TGWDZ,104.55,21,One year,0,High value,Low risk,High value / Low risk,2
6507-DTJZV,66.4,13,Month-to-month,0,Mid value,Medium risk,Mid value / Medium risk,1
7730-CLDSV,98.65,72,Two year,0,High value,Low risk,High value / Low risk,2
0415-MOSGF,44.4,1,Month-to-month,1,Low value,High risk,Low value / High risk,1
6060-QBMGV,19.85,70,Two year,0,Low value,Low risk,Low value / Low risk,0
4398-HSCJH,63.6,3,Month-to-month,1,Mid value,High risk,Mid value / High risk,1
8474-UMLNT,67.8,13,Month-to-month,0,Mid value,Medium risk,Mid value / Medium risk,1
7923-IYJWY,116.1,67,Two year,0,High value,Low risk,High value / Low risk,2
8550-XSXUQ,70.55,48,One year,0,Mid value,Low risk,Mid value / Low risk,2
2080-CAZNM,104.4,41,Month-to-month,0,High value,Medium risk,High value / Medium risk,2
6169-PGNCD,74.3,57,Two year,0,Mid value,Low risk,Mid value / Low risk,2
8950-MTZNV,44.95,1,Month-to-month,0,Low value,High risk,Low value / High risk,1
4526-EXKKN,24.6,40,Two year,0,Low value,Low risk,Low value / Low risk,0
6894-LFHLY,75.75,1,Month-to-month,1,Mid value,High risk,Mid value / High risk,1
6082-OQFBA,19.65,23,One year,0,Low value,Low risk,Low value / Low risk,0
2348-KCJLT,61.5,44,One year,0,Mid value,Low risk,Mid value / Low risk,2
4910-AQFFX,79.35,9,Month-to-month,1,Mid value,High risk,Mid value / High risk,1
4818-DRBQT,80.15,29,Month-to-month,1,Mid value,Medium risk,Mid value / Medium risk,1
5206-HPJKM,55.5,17,Month-to-month,0,Mid value,Medium risk,Mid value / Medium risk,1
3205-MXZRA,59.45,26,One year,0,Mid value,Low risk,Mid value / Low risk,1
4682-BLBUC,70.95,44,One year,0,Mid value,Low risk,Mid value / Low risk,2
1621-YNCJH,106.05,36,Two year,0,High value,Low risk,High value / Low risk,2
2868-LLSKM,83.65,68,One year,0,Mid value,Low risk,Mid value / Low risk,2
5882-CMAZQ,34.25,5,Month-to-month,0,Low value,High risk,Low value / High risk,1
8276-MQBYC,97.8,51,Month-to-month,1,High value,Medium risk,High value / Medium risk,2
7164-BPTUT,89.55,57,Two year,0,High value,Low risk,High value / Low risk,2
5115-GZDEL,67.2,72,Two year,0,Mid value,Low risk,Mid value / Low risk,2
0356-ERHVT,45.9,11,Month-to-month,0,Low value,High risk,Low value / High risk,1
0319-QZTCO,58.7,3,Month-to-month,0,Mid value,High risk,Mid value / High risk,1
4824-GUCBY,81.7,22,Month-to-month,0,Mid value,Medium risk,Mid value / Medium risk,1
8164-OCKUJ,20.6,59,Two year,0,Low value,Low risk,Low value / Low risk,0
2830-LEWOA,103.9,61,One year,0,High value,Low risk,High value / Low risk,2
8406-LNMHF,82.95,59,One year,0,Mid value,Low risk,Mid value / Low risk,2
7982-VCELR,94.8,36,Month-to-month,0,High value,Medium risk,High value / Medium risk,2
2439-QKJUL,20.25,5,Month-to-month,0,Low value,High risk,Low value / High risk,0
2740-TVLFN,50.15,1,Month-to-month,0,Low value,High risk,Low value / High risk,1
8224-DWCKX,73.3,12,Month-to-month,0,Mid value,High risk,Mid value / High risk,1
5088-QZLRL,20.65,1,Month-to-month,0,Low value,High risk,Low value / High risk,0
0635-WKOLD,70.75,40,One year,0,Mid value,Low risk,Mid value / Low risk,2
4879-GZLFH,92.15,42,Month-to-month,0,High value,Medium risk,High value / Medium risk,2
0042-RLHYP,19.7,69,Two year,0,Low value,Low risk,Low value / Low risk,0
1104-FEJAM,64.4,28,Month-to-month,0,Mid value,Medium risk,Mid value / Medium risk,1
2371-KFUOG,99.15,58,One year,0,High value,Low risk,High value / Low risk,2
8879-XUAHX,116.25,71,Two year,0,High value,Low risk,High value / Low risk,2
6248-TKCQV,80.6,70,Two year,0,Mid value,Low risk,Mid value / Low risk,2
1248-DYXUB,24.8,52,Two year,0,Low value,Low risk,Low value / Low risk,0
6791-YBNAK,25.55,18,Month-to-month,0,Low value,Medium risk,Low value / Medium risk,0
4291-TPNFG,82.3,72,Two year,0,Mid value,Low risk,Mid value / Low risk,2
0991-BRRFB,49.4,18,Month-to-month,1,Low value,Medium risk,Low value / Medium risk,1
4188-PCPIG,70.35,57,Two year,0,Mid value,Low risk,Mid value / Low risk,2
8224-IVVPA,56.7,27,Month-to-month,0,Mid value,Medium risk,Mid value / Medium risk,1
8625-AZYZY,104.65,24,Month-to-month,1,High value,Medium risk,High value / Medium risk,1
3724-BSCVH,20.45,10,One year,0,Low value,Low risk,Low value / Low risk,0
7980-MHFLQ,24.9,72,Two year,0,Low value,Low risk,Low value / Low risk,0
9027-YFHQJ,25.05,7,Month-to-month,0,Low value,High risk,Low value / High risk,0
4906-ZHGPK,70.7,54,One year,0,Mid value,Low risk,Mid value / Low risk,2
1394-SUIUH,85.15,44,Month-to-month,0,High value,Medium risk,High value / Medium risk,2
4869-EPIUS,80.9,56,One year,0,Mid value,Low risk,Mid value / Low risk,2
7601-WFVZV,19.55,1,Month-to-month,0,Low value,High risk,Low value / High risk,0
8853-TZDGH,111.6,72,Two year,0,High value,Low risk,High value / Low risk,2
6178-KFNHS,78.3,12,Month-to-month,1,Mid value,High risk,Mid value / High risk,1
3422-WJOYD,54.35,28,One year,0,Mid value,Low risk,Mid value / Low risk,1
6728-DKUCO,104.15,72,One year,0,High value,Low risk,High value / Low risk,2
9026-RNUJS,50.35,5,Month-to-month,1,Low value,High risk,Low value / High risk,1
2475-MROZF,95.0,30,Month-to-month,0,High value,Medium risk,High value / Medium risk,2
7392-YYPYJ,100.65,22,Month-to-month,0,High value,Medium risk,High value / Medium risk,1
2360-RDGRO,104.25,65,Month-to-month,0,High value,Medium risk,High value / Medium risk,2
3714-NTNFO,84.5,49,Month-to-month,0,High value,Medium risk,High value / Medium risk,1
9625-QSTYE,81.15,13,Month-to-month,1,Mid value,Medium risk,Mid value / Medium risk,1
1725-IQNIY,109.75,54,Two year,1,High value,Low risk,High value / Low risk,2
8727-JQFHV,20.75,57,Two year,0,Low value,Low risk,Low value / Low risk,0
6145-NNPNO,44.15,1,Month-to-month,0,Low value,High risk,Low value / High risk,1
0730-BGQGF,90.3,71,Two year,0,High value,Low risk,High value / Low risk,2
0623-GDISB,48.45,1,Month-to-month,0,Low value,High risk,Low value / High risk,1
8469-SNFFH,79.4,70,One year,0,Mid value,Low risk,Mid value / Low risk,2
4254-QPEDE,66.25,52,Two year,0,Mid value,Low risk,Mid value / Low risk,2
1020-JPQOW,90.55,56,Month-to-month,0,High value,Medium risk,High value / Medium risk,2
4801-JZAZL,29.6,11,Month-to-month,0,Low value,High risk,Low value / High risk,1
6377-KSLXC,19.95,5,Month-to-month,0,Low value,High risk,Low value / High risk,0
4177-JPDFU,34.0,12,Month-to-month,0,Low value,High risk,Low value / High risk,1
2672-HUYVI,91.1,6,Month-to-month,1,High value,High risk,High value / High risk,1
9317-WZPGV,79.75,2,Month-to-month,1,Mid value,High risk,Mid value / High risk,1
2931-XIQBR,103.05,50,One year,0,High value,Low risk,High value / Low risk,2
3481-JHUZH,80.25,41,Month-to-month,0,Mid value,Medium risk,Mid value / Medium risk,1
3638-VBZTA,86.5,68,Two year,0,High value,Low risk,High value / Low risk,2
8212-CRQXP,80.0,22,Month-to-month,0,Mid value,Medium risk,Mid value / Medium risk,1
1784-EZDKJ,106.8,51,One year,0,High value,Low risk,High value / Low risk,2
2925-MXLSX,68.95,30,One year,0,Mid value,Low risk,Mid value / Low risk,1
6906-MPARY,89.6,40,One year,0,High value,Low risk,High value / Low risk,2
6196-HBOBZ,99.35,65,Two year,0,High value,Low risk,High value / Low risk,2
8395-ETZKQ,19.5,68,One year,0,Low value,Low risk,Low value / Low risk,0
5424-RLQLC,59.65,10,Month-to-month,0,Mid value,High risk,Mid value / High risk,1
2434-EEVDB,94.6,64,Two year,0,High value,Low risk,High value / Low risk,2
1502-XFCVR,106.45,58,One year,1,High value,Low risk,High value / Low risk,2
4451-RWASJ,19.5,15,One year,0,Low value,Low risk,Low value / Low risk,0
9558-IHEZX,106.75,71,Two year,0,High value,Low risk,High value / Low risk,2
7295-JOMMD,98.1,4,Month-to-month,1,High value,High risk,High value / High risk,1
7301-ABVAD,86.6,72,Two year,0,High value,Low risk,High value / Low risk,2
0148-DCDOS,94.7,25,Month-to-month,1,High value,Medium risk,High value / Medium risk,1
1121-QSIVB,77.55,44,One year,0,Mid value,Low risk,Mid value / Low risk,2
0867-LDTTC,75.15,5,Month-to-month,0,Mid value,High risk,Mid value / High risk,1
1518-OMDIK,44.55,33,Month-to-month,0,Low value,Medium risk,Low value / Medium risk,0
1406-PUQVY,49.9,1,Month-to-month,0,Low value,High risk,Low value / High risk,1
6986-IXNDM,92.9,14,Month-to-month,0,High value,Medium risk,High value / Medium risk,1
0519-DRGTI,20.35,20,Month-to-month,0,Low value,Medium risk,Low value / Medium risk,0
1907-YLNYW,66.7,8,Month-to-month,0,Mid value,High risk,Mid value / High risk,1
3082-VQXNH,29.8,3,Month-to-month,0,Low value,High risk,Low value / High risk,1
2626-VEEWG,19.4,67,Two year,0,Low value,Low risk,Low value / Low risk,0
4077-HWUYD,87.55,72,Two year,0,High value,Low risk,High value / Low risk,2
9488-HGMJH,71.15,1,Month-to-month,1,Mid value,High risk,Mid value / High risk,1
7136-IHZJA,71.35,40,Month-to-month,0,Mid value,Medium risk,Mid value / Medium risk,2
1599-EAHXY,23.95,60,One year,0,Low value,Low risk,Low value / Low risk,0
6128-DAFVY,44.85,56,Month-to-month,0,Low value,Medium risk,Low value / Medium risk,1
5593-SUAOO,83.15,24,One year,0,Mid value,Low risk,Mid value / Low risk,1
7169-YWAMK,68.4,72,Two year,0,Mid value,Low risk,Mid value / Low risk,2
1680-VDCWW,19.8,12,One year,0,Low value,Low risk,Low value / Low risk,0
9746-YKGXB,44.25,52,One year,0,Low value,Low risk,Low value / Low risk,2
4815-GBTCD,25.15,4,Month-to-month,0,Low value,High risk,Low value / High risk,1
9644-UMGQA,49.15,6,Month-to-month,0,Low value,High risk,Low value / High risk,1
9239-ZBZZV,47.95,6,Month-to-month,1,Low value,High risk,Low value / High risk,1
7632-MNYOY,110.9,66,One year,1,High value,Low risk,High value / Low risk,2
3279-DYZQM,19.45,71,Two year,0,Low value,Low risk,Low value / Low risk,0
1038-ZAGBI,19.8,12,One year,1,Low value,Low risk,Low value / Low risk,0
0404-SWRVG,74.4,3,Month-to-month,1,Mid value,High risk,Mid value / High risk,1
8992-VONJD,56.0,13,Month-to-month,0,Mid value,Medium risk,Mid value / Medium risk,1
2927-CVULT,104.05,53,Two year,0,High value,Low risk,High value / Low risk,2
9442-JTWDL,20.05,11,One year,0,Low value,Low risk,Low value / Low risk,0
2876-GZYZC,85.95,13,Month-to-month,0,High value,Medium risk,High value / Medium risk,1
6674-KVJHG,25.2,11,One year,0,Low value,Low risk,Low value / Low risk,0
7783-YKGDV,99.7,12,Month-to-month,1,High value,High risk,High value / High risk,1
1934-MKPXS,20.1,33,One year,0,Low value,Low risk,Low value / Low risk,0
7643-RCHXS,19.35,63,Two year,0,Low value,Low risk,Low value / Low risk,0
4860-IJUDE,73.75,13,Month-to-month,0,Mid value,Medium risk,Mid value / Medium risk,1
7382-DFJTU,55.2,18,Month-to-month,0,Mid value,Medium risk,Mid value / Medium risk,1
4505-EXZHB,74.4,6,Month-to-month,1,Mid value,High risk,Mid value / High risk,1
6961-VCPMC,80.4,46,Month-to-month,1,Mid value,Medium risk,Mid value / Medium risk,1
7410-OIEDU,79.85,10,Month-to-month,0,Mid value,High risk,Mid value / High risk,1
6641-XRPSU,70.0,34,Month-to-month,1,Mid value,Medium risk,Mid value / Medium risk,1
4176-RELJR,25.1,67,Two year,0,Low value,Low risk,Low value / Low risk,0
8640-SDGKB,74.4,4,Month-to-month,1,Mid value,High risk,Mid value / High risk,1
1840-BIUOG,68.7,20,One year,0,Mid value,Low risk,Mid value / Low risk,1
5583-SXDAG,70.0,1,Month-to-month,1,Mid value,High risk,Mid value / High risk,1
9753-OYLBX,20.5,1,Month-to-month,0,Low value,High risk,Low value / High risk,0
8519-QJGJD,75.35,14,Month-to-month,1,Mid value,Medium risk,Mid value / Medium risk,1
3572-UOLYZ,84.8,46,Month-to-month,0,High value,Medium risk,High value / Medium risk,2
3059-NGMXB,69.2,14,Month-to-month,0,Mid value,Medium risk,Mid value / Medium risk,1
6979-TNDEU,19.2,8,Month-to-month,0,Low value,High risk,Low value / High risk,0
2219-MVUSO,45.15,8,Month-to-month,1,Low value,High risk,Low value / High risk,1
1472-TNCWL,94.7,36,Month-to-month,0,High value,Medium risk,High value / Medium risk,2
0495-ZBNGW,79.9,5,Month-to-month,1,Mid value,High risk,Mid value / High risk,1
3733-ZEECP,51.1,22,Month-to-month,0,Mid value,Medium risk,Mid value / Medium risk,1
1623-NLDOT,33.55,42,One year,1,Low value,Low risk,Low value / Low risk,0
3724-UCSHY,19.55,6,Month-to-month,0,Low value,High risk,Low value / High risk,0
0118-JPNOY,85.8,26,Month-to-month,0,High value,Medium risk,High value / Medium risk,1
4628-CTTLA,39.3,57,Month-to-month,1,Low value,Medium risk,Low value / Medium risk,1
4522-XRWWI,80.45,42,One year,0,Mid value,Low risk,Mid value / Low risk,2
8058-INTPH,79.65,1,Month-to-month,1,Mid value,High risk,Mid value / High risk,1
4583-PARNH,91.55,16,Month-to-month,0,High value,Medium risk,High value / Medium risk,1
2823-LKABH,95.05,18,Month-to-month,0,High value,Medium risk,High value / Medium risk,1
5760-WRAHC,69.75,22,Month-to-month,0,Mid value,Medium risk,Mid value / Medium risk,1
9593-CVZKR,24.45,56,Two year,0,Low value,Low risk,Low value / Low risk,0
2141-RRYGO,68.65,4,Month-to-month,1,Mid value,High risk,Mid value / High risk,1
3523-BRGUW,19.3,26,One year,0,Low value,Low risk,Low value / Low risk,0
9522-BNTHX,56.25,34,Month-to-month,0,Mid value,Medium risk,Mid value / Medium risk,1
4429-WYGFR,49.15,26,Month-to-month,0,Low value,Medium risk,Low value / Medium risk,1
1025-FALIX,69.05,26,Month-to-month,0,Mid value,Medium risk,Mid value / Medium risk,1
2809-ZMYOQ,101.35,32,Month-to-month,0,High value,Medium risk,High value / Medium risk,1
0219-YTZUE,84.8,4,Month-to-month,1,High value,High risk,High value / High risk,1
8687-BAFGU,74.0,1,Month-to-month,0,Mid value,High risk,Mid value / High risk,1
2123-AGEEN,84.35,7,Month-to-month,0,High value,High risk,High value / High risk,1
6532-YLWSI,20.8,53,One year,1,Low value,Low risk,Low value / Low risk,0
8167-GJLRN,30.4,3,Month-to-month,0,Low value,High risk,Low value / High risk,1
5146-YYFRZ,19.95,67,Two year,0,Low value,Low risk,Low value / Low risk,0
6212-ATMLK,95.7,50,Month-to-month,0,High value,Medium risk,High value / Medium risk,2
3785-NRHYR,19.65,1,Month-to-month,0,Low value,High risk,Low value / High risk,0
6278-FEPBZ,20.25,9,Month-to-month,0,Low value,High risk,Low value / High risk,0
4959-JOSRX,44.6,2,Month-to-month,1,Low value,High risk,Low value / High risk,1
0612-RTZZA,25.25,1,Month-to-month,1,Low value,High risk,Low value / High risk,1
9154-QDGTH,104.3,43,One year,0,High value,Low risk,High value / Low risk,2
0848-SOMKO,48.4,70,Two year,0,Low value,Low risk,Low value / Low risk,2
3996-ZNWYK,19.8,71,Two year,0,Low value,Low risk,Low value / Low risk,0
0943-ZQPXH,92.95,44,Month-to-month,0,High value,Medium risk,High value / Medium risk,2
5028-GZLDO,70.7,2,Month-to-month,1,Mid value,High risk,Mid value / High risk,1
7786-WBJYI,77.95,4,Month-to-month,1,Mid value,High risk,Mid value / High risk,1
0807-ZABDG,55.1,3,Month-to-month,1,Mid value,High risk,Mid value / High risk,1
7361-YPXFS,64.45,28,Month-to-month,0,Mid value,Medium risk,Mid value / Medium risk,1
3014-WJKSM,75.3,29,Month-to-month,0,Mid value,Medium risk,Mid value / Medium risk,1
9603-OAIHC,70.05,1,Month-to-month,0,Mid value,High risk,Mid value / High risk,1
6210-KBBPI,99.45,9,Month-to-month,1,High value,High risk,High value / High risk,1
2834-JRTUA,108.05,71,Two year,1,High value,Low risk,High value / Low risk,2
0471-LVHGK,73.0,41,One year,1,Mid value,Low risk,Mid value / Low risk,2
4710-FDUIZ,100.3,56,One year,1,High value,Low risk,High value / Low risk,2
1496-GGSUK,25.7,1,Month-to-month,1,Low value,High risk,Low value / High risk,0
7963-SHNDT,39.1,52,Two year,0,Low value,Low risk,Low value / Low risk,0
0639-TSIQW,102.95,67,Month-to-month,1,High value,Medium risk,High value / Medium risk,2
1627-AFWVJ,19.4,29,Two year,0,Low value,Low risk,Low value / Low risk,0
8738-JOKAR,67.7,42,One year,0,Mid value,Low risk,Mid value / Low risk,2
2810-FTLEM,50.15,16,Month-to-month,1,Low value,Medium risk,Low value / Medium risk,1
8069-YQQAJ,31.1,14,Month-to-month,0,Low value,Medium risk,Low value / Medium risk,0
0439-IFYUN,74.7,18,Month-to-month,0,Mid value,Medium risk,Mid value / Medium risk,1
7450-NWRTR,99.45,12,Month-to-month,1,High value,High risk,High value / High risk,1
1755-FZQEC,19.9,39,One year,0,Low value,Low risk,Low value / Low risk,0
4883-QICIH,69.75,32,Month-to-month,1,Mid value,Medium risk,Mid value / Medium risk,1
7274-CGTOD,43.7,62,Two year,0,Low value,Low risk,Low value / Low risk,2
6728-WYQBC,20.95,1,Month-to-month,0,Low value,High risk,Low value / High risk,0
0022-TCJCI,62.7,45,One year,1,Mid value,Low risk,Mid value / Low risk,2
1384-RCUXW,80.55,16,Month-to-month,0,Mid value,Medium risk,Mid value / Medium risk,1
6260-ONULR,62.8,1,Month-to-month,0,Mid value,High risk,Mid value / High risk,1
9778-OGKQZ,92.0,72,Two year,0,High value,Low risk,High value / Low risk,2
7384-GHBPI,35.15,3,Month-to-month,1,Low value,High risk,Low value / High risk,1
2282-YGNOR,58.0,29,One year,0,Mid value,Low risk,Mid value / Low risk,1
1272-ILHFG,19.65,15,One year,0,Low value,Low risk,Low value / Low risk,0
1297-VQDRP,107.15,68,One year,0,High value,Low risk,High value / Low risk,2
1371-DWPAZ,56.05,0,Two year,0,Mid value,Low risk,Mid value / Low risk,1
1845-CSBRZ,85.35,22,Month-to-month,0,High value,Medium risk,High value / Medium risk,1
7120-RFMVS,84.5,1,Month-to-month,1,High value,High risk,High value / High risk,1
2192-OZITF,73.55,45,Two year,0,Mid value,Low risk,Mid value / Low risk,2
0311-UNPFF,88.8,26,Month-to-month,1,High value,Medium risk,High value / Medium risk,1
4718-WXBGI,91.95,72,Two year,0,High value,Low risk,High value / Low risk,2
2773-OVBPK,111.3,67,Two year,0,High value,Low risk,High value / Low risk,2
1960-UYCNN,95.25,10,Month-to-month,0,High value,High risk,High value / High risk,1
3027-ZTDHO,89.9,1,Month-to-month,1,High value,High risk,High value / High risk,1
7740-KKCXF,30.05,51,Month-to-month,0,Low value,Medium risk,Low value / Medium risk,0
6521-YYTYI,93.3,1,Month-to-month,1,High value,High risk,High value / High risk,1
1043-YCUTE,25.15,56,Two year,1,Low value,Low risk,Low value / Low risk,0
8639-NHQEI,95.9,72,Two year,0,High value,Low risk,High value / Low risk,2
2740-JFBOK,24.0,10,Month-to-month,0,Low value,High risk,Low value / High risk,0
5847-MXBEO,20.3,22,One year,0,Low value,Low risk,Low value / Low risk,0
1925-GMVBW,20.55,5,Month-to-month,0,Low value,High risk,Low value / High risk,0
5419-JKZNQ,77.9,30,Month-to-month,0,Mid value,Medium risk,Mid value / Medium risk,1
8627-EHGIP,53.95,44,One year,1,Mid value,Low risk,Mid value / Low risk,2
6693-FRIRW,101.3,18,Month-to-month,0,High value,Medium risk,High value / Medium risk,1
0224-RLWWD,44.3,2,Month-to-month,0,Low value,High risk,Low value / High risk,1
7029-IJEJK,44.1,54,One year,0,Low value,Low risk,Low value / Low risk,2
9223-UCPVT,94.4,1,Month-to-month,1,High value,High risk,High value / High risk,1
4957-SREEC,20.35,70,Two year,0,Low value,Low risk,Low value / Low risk,0
0875-CABNR,84.6,10,Month-to-month,1,High value,High risk,High value / High risk,1
4831-EOBFE,94.65,29,Month-to-month,1,High value,Medium risk,High value / Medium risk,1
0781-LKXBR,100.5,9,Month-to-month,1,High value,High risk,High value / High risk,1
6901-GOGZG,84.95,60,Two year,0,High value,Low risk,High value / Low risk,2
1818-ESQMW,89.2,27,Month-to-month,0,High value,Medium risk,High value / Medium risk,1
8922-NPKBJ,19.35,42,Two year,0,Low value,Low risk,Low value / Low risk,0
0595-ITUDF,91.8,64,Month-to-month,0,High value,Medium risk,High value / Medium risk,2
0485-ZBSLN,24.75,65,Two year,0,Low value,Low risk,Low value / Low risk,0
7394-LWLYN,70.15,2,Month-to-month,0,Mid value,High risk,Mid value / High risk,1
8756-RDDLT,44.95,68,Month-to-month,0,Low value,Medium risk,Low value / Medium risk,2
0907-HQNTS,113.0,70,Two year,0,High value,Low risk,High value / Low risk,2
7693-QPEFS,72.95,52,Month-to-month,0,Mid value,Medium risk,Mid value / Medium risk,1
3500-NSDOA,70.8,68,Two year,0,Mid value,Low risk,Mid value / Low risk,2
8966-SNIZF,19.45,70,Two year,0,Low value,Low risk,Low value / Low risk,0
2969-VAPYH,60.5,67,One year,0,Mid value,Low risk,Mid value / Low risk,2
1785-BPHTP,85.45,28,Month-to-month,0,High value,Medium risk,High value / Medium risk,1
3737-XBQDD,84.85,24,Month-to-month,0,High value,Medium risk,High value / Medium risk,1
4741-WWJQZ,80.15,2,Month-to-month,0,Mid value,High risk,Mid value / High risk,1
1032-MAELW,78.45,68,One year,0,Mid value,Low risk,Mid value / Low risk,2
3259-QMXUN,86.1,58,Two year,0,High value,Low risk,High value / Low risk,2
9601-BRXPO,104.95,25,Month-to-month,1,High value,Medium risk,High value / Medium risk,1
4307-KWMXE,35.75,10,Month-to-month,0,Low value,High risk,Low value / High risk,1
2805-EDJPQ,99.75,56,One year,0,High value,Low risk,High value / Low risk,2
5325-UWTWJ,90.55,31,Month-to-month,0,High value,Medium risk,High value / Medium risk,1
5799-JRCZO,19.5,63,Two year,0,Low value,Low risk,Low value / Low risk,0
4576-CSAJH,55.15,22,One year,1,Mid value,Low risk,Mid value / Low risk,1
2351-RRBUE,20.65,7,One year,0,Low value,Low risk,Low value / Low risk,0
2460-FPSYH,55.8,40,Month-to-month,1,Mid value,Medium risk,Mid value / Medium risk,1
5243-SAOTC,79.85,54,Month-to-month,0,Mid value,Medium risk,Mid value / Medium risk,2
7799-LGRDP,25.7,43,Two year,0,Low value,Low risk,Low value / Low risk,0
5095-AESKG,91.5,3,Month-to-month,1,High value,High risk,High value / High risk,1
6646-JPPHA,78.85,14,Month-to-month,0,Mid value,Medium risk,Mid value / Medium risk,1
5562-BETPV,19.65,1,One year,0,Low value,Low risk,Low value / Low risk,0
4098-NAUKP,84.65,68,Month-to-month,0,High value,Medium risk,High value / Medium risk,2
7268-WNTCP,20.45,62,Two year,0,Low value,Low risk,Low value / Low risk,0
7820-ZYGNY,90.45,63,One year,0,High value,Low risk,High value / Low risk,2
3347-YJZZE,80.1,29,Month-to-month,0,Mid value,Medium risk,Mid value / Medium risk,1
5294-DMSFH,87.8,29,Month-to-month,0,High value,Medium risk,High value / Medium risk,1
6243-OZGFH,44.95,23,Month-to-month,0,Low value,Medium risk,Low value / Medium risk,1
3130-ICDUP,80.55,2,Month-to-month,0,Mid value,High risk,Mid value / High risk,1
6496-JDSSB,80.0,8,Month-to-month,0,Mid value,High risk,Mid value / High risk,1
1910-FMXJM,80.4,36,Month-to-month,0,Mid value,Medium risk,Mid value / Medium risk,1
5553-AOINX,104.9,66,One year,0,High value,Low risk,High value / Low risk,2
2311-QYMUQ,89.45,16,Month-to-month,1,High value,Medium risk,High value / Medium risk,1
2775-SEFEE,61.9,0,Two year,0,Mid value,Low risk,Mid value / Low risk,1
3982-DQLUS,85.75,65,Month-to-month,0,High value,Medium risk,High value / Medium risk,2
8133-ANHHJ,103.0,49,One year,0,High value,Low risk,High value / Low risk,2
9940-HPQPG,91.75,9,Month-to-month,1,High value,High risk,High value / High risk,1
9885-AIBVB,85.8,29,Month-to-month,0,High value,Medium risk,High value / Medium risk,1
3296-SILRA,76.4,1,Month-to-month,1,Mid value,High risk,Mid value / High risk,1
8017-LXHFA,94.75,23,Month-to-month,1,High value,Medium risk,High value / Medium risk,1
2904-GGUAZ,84.05,72,Two year,0,Mid value,Low risk,Mid value / Low risk,2
7941-RCJOW,19.55,65,Two year,0,Low value,Low risk,Low value / Low risk,0
9547-ITEFG,102.6,9,Month-to-month,0,High value,High risk,High value / High risk,1
3096-JRDSO,104.3,27,Month-to-month,1,High value,Medium risk,High value / Medium risk,2
2639-UGMAZ,56.45,71,One year,0,Mid value,Low risk,Mid value / Low risk,2
1089-XZWHH,19.7,24,Two year,0,Low value,Low risk,Low value / Low risk,0
1080-BWSYE,25.65,64,Two year,0,Low value,Low risk,Low value / Low risk,0
0336-KXKFK,61.2,72,Two year,0,Mid value,Low risk,Mid value / Low risk,2
4057-FKCZK,82.5,58,Two year,0,Mid value,Low risk,Mid value / Low risk,2
6576-FBXOJ,54.6,17,One year,0,Mid value,Low risk,Mid value / Low risk,1
9696-RMYBA,80.1,5,Month-to-month,0,Mid value,High risk,Mid value / High risk,1
6897-RWMUB,68.05,61,Two year,0,Mid value,Low risk,Mid value / Low risk,2
8707-RMEZH,87.3,69,One year,0,High value,Low risk,High value / Low risk,2
6655-LHBYW,114.35,50,One year,0,High value,Low risk,High value / Low risk,2
6813-GZQCG,24.65,45,Two year,0,Low value,Low risk,Low value / Low risk,0
4182-BGSIQ,19.8,10,Month-to-month,0,Low value,High risk,Low value / High risk,0
2683-BPJSO,84.45,29,Month-to-month,1,High value,Medium risk,High value / Medium risk,1
6425-YQLLO,105.95,66,One year,1,High value,Low risk,High value / Low risk,2
3239-TPHPZ,20.05,12,Two year,0,Low value,Low risk,Low value / Low risk,0
8361-LBRDI,24.35,58,Two year,0,Low value,Low risk,Low value / Low risk,0
2373-NTKOD,66.25,8,Month-to-month,0,Mid value,High risk,Mid value / High risk,1
3120-FAZKD,24.05,54,Two year,0,Low value,Low risk,Low value / Low risk,0
9194-GFVOI,84.35,42,Two year,0,High value,Low risk,High value / Low risk,2
2519-FAKOD,99.25,38,Month-to-month,1,High value,Medium risk,High value / Medium risk,2
7613-LLQFO,84.45,12,Month-to-month,1,High value,High risk,High value / High risk,1
8544-GOQSH,80.05,14,Month-to-month,0,Mid value,Medium risk,Mid value / Medium risk,1
8690-ZVLCL,88.0,68,Two year,0,High value,Low risk,High value / Low risk,2
1219-NNDDO,76.85,9,Month-to-month,0,Mid value,High risk,Mid value / High risk,1
8417-FMLZI,83.55,6,Month-to-month,1,Mid value,High risk,Mid value / High risk,1
6481-OGDOO,90.6,67,One year,1,High value,Low risk,High value / Low risk,2
3692-JHONH,106.5,52,One year,0,High value,Low risk,High value / Low risk,2
0585-EGDDA,80.0,40,Month-to-month,0,Mid value,Medium risk,Mid value / Medium risk,1
3066-RRJIO,69.95,1,Month-to-month,1,Mid value,High risk,Mid value / High risk,1
5183-SNMJQ,95.1,10,Month-to-month,0,High value,High risk,High value / High risk,1
8098-TDCBU,25.25,42,Two year,0,Low value,Low risk,Low value / Low risk,0
6927-WTFIV,71.3,20,Month-to-month,1,Mid value,Medium risk,Mid value / Medium risk,1
5310-NOOVA,19.95,46,Two year,0,Low value,Low risk,Low value / Low risk,0
4060-LDNLU,96.2,7,Month-to-month,0,High value,High risk,High value / High risk,1
0394-YONDK,25.15,70,Two year,0,Low value,Low risk,Low value / Low risk,0
0201-MIBOL,102.4,66,Two year,0,High value,Low risk,High value / Low risk,2
0112-QAWRZ,90.8,16,Month-to-month,0,High value,Medium risk,High value / Medium risk,1
4883-KCPZJ,25.25,22,Two year,0,Low value,Low risk,Low value / Low risk,0
4871-JTKJF,69.65,1,Month-to-month,1,Mid value,High risk,Mid value / High risk,1
1078-TDCRN,30.75,3,Month-to-month,0,Low value,High risk,Low value / High risk,1
4680-KUTAJ,55.6,11,Month-to-month,0,Mid value,High risk,Mid value / High risk,1
4986-MXSFP,20.0,2,Month-to-month,0,Low value,High risk,Low value / High risk,0
2719-BDAQO,93.85,17,Month-to-month,1,High value,Medium risk,High value / Medium risk,1
4702-IOQDC,70.1,1,Month-to-month,1,Mid value,High risk,Mid value / High risk,1
8048-DSDFQ,20.2,1,Month-to-month,0,Low value,High risk,Low value / High risk,0
5522-JBWMO,44.0,1,Month-to-month,0,Low value,High risk,Low value / High risk,1
8592-PLTMQ,24.7,64,One year,0,Low value,Low risk,Low value / Low risk,0
1304-NECVQ,78.55,2,Month-to-month,1,Mid value,High risk,Mid value / High risk,1
7903-CMPEY,80.3,1,Month-to-month,1,Mid value,High risk,Mid value / High risk,1
0739-UUAJR,53.8,72,Two year,0,Mid value,Low risk,Mid value / Low risk,2
9788-HNGUT,116.95,72,Two year,0,High value,Low risk,High value / Low risk,2
9993-LHIEB,67.85,67,Two year,0,Mid value,Low risk,Mid value / Low risk,2
5327-XOKKY,73.45,72,Two year,0,Mid value,Low risk,Mid value / Low risk,2
3761-FLYZI,108.8,65,Month-to-month,0,High value,Medium risk,High value / Medium risk,2
5893-KCLGT,19.75,72,Two year,0,Low value,Low risk,Low value / Low risk,0
0829-XXPLX,89.4,20,Month-to-month,0,High value,Medium risk,High value / Medium risk,1
3097-NQYSN,86.85,2,Month-to-month,1,High value,High risk,High value / High risk,1
1325-USMEC,99.35,70,Two year,0,High value,Low risk,High value / Low risk,2
2137-DQMEV,44.8,68,One year,0,Low value,Low risk,Low value / Low risk,2
9681-KYGYB,88.2,49,Month-to-month,0,High value,Medium risk,High value / Medium risk,2
8819-WFGGJ,54.1,68,Two year,0,Mid value,Low risk,Mid value / Low risk,2
7026-YMSBE,19.7,30,One year,0,Low value,Low risk,Low value / Low risk,0
5203-XEHAX,64.35,34,One year,0,Mid value,Low risk,Mid value / Low risk,1
5578-NKCXI,99.25,58,One year,0,High value,Low risk,High value / Low risk,2
0547-HURJB,21.05,12,Month-to-month,0,Low value,High risk,Low value / High risk,0
8292-TYSPY,55.0,19,Month-to-month,1,Mid value,Medium risk,Mid value / Medium risk,1
5666-CYCYZ,89.55,24,Month-to-month,0,High value,Medium risk,High value / Medium risk,1
3647-GMGDH,94.7,22,Month-to-month,1,High value,Medium risk,High value / Medium risk,1
0397-GZBBC,93.85,59,Month-to-month,1,High value,Medium risk,High value / Medium risk,2
6518-KZXCB,25.25,22,Two year,0,Low value,Low risk,Low value / Low risk,0
9200-NLNPD,54.05,56,One year,0,Mid value,Low risk,Mid value / Low risk,2
8189-XRIKE,90.95,32,Month-to-month,0,High value,Medium risk,High value / Medium risk,1
4232-JGKIY,19.2,1,Month-to-month,0,Low value,High risk,Low value / High risk,0
3865-YIOTT,106.1,72,One year,0,High value,Low risk,High value / Low risk,2
6870-ZWMNX,76.1,70,Two year,0,Mid value,Low risk,Mid value / Low risk,2
8784-CGILN,99.85,18,Month-to-month,1,High value,Medium risk,High value / Medium risk,1
5915-ANOEI,79.15,70,Two year,0,Mid value,Low risk,Mid value / Low risk,2
3569-VLDHH,75.1,66,One year,0,Mid value,Low risk,Mid value / Low risk,2
7340-KEFQE,34.2,51,Two year,0,Low value,Low risk,Low value / Low risk,0
4020-KIUDI,19.85,6,Month-to-month,0,Low value,High risk,Low value / High risk,0
4424-TKOPW,93.85,2,Month-to-month,1,High value,High risk,High value / High risk,1
8587-XYZSF,50.55,67,Two year,0,Mid value,Low risk,Mid value / Low risk,2
3656-TKRVZ,55.35,3,Month-to-month,1,Mid value,High risk,Mid value / High risk,1
3973-SKMLN,19.9,71,Two year,0,Low value,Low risk,Low value / Low risk,0
8109-YUOHE,56.1,17,One year,0,Mid value,Low risk,Mid value / Low risk,1
7881-INRLC,100.85,45,Month-to-month,1,High value,Medium risk,High value / Medium risk,2
2667-WYLWJ,19.75,8,One year,1,Low value,Low risk,Low value / Low risk,0
6885-PKOAM,85.75,71,Two year,0,High value,Low risk,High value / Low risk,2
1334-PDUKM,86.45,68,One year,0,High value,Low risk,High value / Low risk,2
7760-OYPDY,80.65,2,Month-to-month,1,Mid value,High risk,Mid value / High risk,1
9624-EGDEQ,19.8,37,Two year,0,Low value,Low risk,Low value / Low risk,0
9777-WJJPR,88.65,31,Month-to-month,0,High value,Medium risk,High value / Medium risk,1
7426-GSWPO,103.5,64,Month-to-month,0,High value,Medium risk,High value / Medium risk,2
9541-PWTWO,80.95,52,Two year,0,Mid value,Low risk,Mid value / Low risk,2
7994-XIRTR,65.25,54,One year,0,Mid value,Low risk,Mid value / Low risk,2
3714-JTVOV,74.15,42,Month-to-month,1,Mid value,Medium risk,Mid value / Medium risk,1
0098-BOWSO,19.4,27,Month-to-month,0,Low value,Medium risk,Low value / Medium risk,0
6458-CYIDZ,80.7,5,Month-to-month,0,Mid value,High risk,Mid value / High risk,1
5003-XZWWO,84.2,71,Two year,0,Mid value,Low risk,Mid value / Low risk,2
7479-NITWS,89.35,7,Month-to-month,1,High value,High risk,High value / High risk,1
9626-WEQRM,29.15,4,Month-to-month,0,Low value,High risk,Low value / High risk,1
0003-MKNFE,59.9,9,Month-to-month,0,Mid value,High risk,Mid value / High risk,1
1053-MXTTK,108.65,72,Two year,0,High value,Low risk,High value / Low risk,2
6691-CCIHA,84.95,62,Two year,0,High value,Low risk,High value / Low risk,2
0562-HKHML,23.9,71,Two year,0,Low value,Low risk,Low value / Low risk,0
9436-ZBZCT,89.95,14,Month-to-month,1,High value,Medium risk,High value / Medium risk,1
7321-VGNKU,70.35,2,Month-to-month,0,Mid value,High risk,Mid value / High risk,1
2038-LLMLM,103.85,48,Month-to-month,0,High value,Medium risk,High value / Medium risk,2
5183-KLYEM,112.75,72,Two year,0,High value,Low risk,High value / Low risk,2
3472-OAOOR,34.95,19,Month-to-month,0,Low value,Medium risk,Low value / Medium risk,1
5366-OBVMR,50.3,18,Month-to-month,0,Low value,Medium risk,Low value / Medium risk,1
8144-DGHXP,80.6,54,Two year,0,Mid value,Low risk,Mid value / Low risk,2
0114-PEGZZ,107.55,33,Month-to-month,0,High value,Medium risk,High value / Medium risk,2
1356-MKYSK,78.65,6,Month-to-month,0,Mid value,High risk,Mid value / High risk,1
3621-CHYVB,49.9,57,Month-to-month,0,Low value,Medium risk,Low value / Medium risk,2
4378-BZYFP,20.5,17,One year,0,Low value,Low risk,Low value / Low risk,0
9894-EZEWG,74.3,1,Month-to-month,1,Mid value,High risk,Mid value / High risk,1
1099-GODLO,20.35,1,Two year,0,Low value,Low risk,Low value / Low risk,0
6217-KDYWC,19.6,57,Two year,0,Low value,Low risk,Low value / Low risk,0
6615-ZGEDR,19.7,1,Month-to-month,1,Low value,High risk,Low value / High risk,0
9831-BPFRI,89.55,39,One year,1,High value,Low risk,High value / Low risk,2
7112-OPOTK,68.25,33,Month-to-month,1,Mid value,Medium risk,Mid value / Medium risk,1
4742-DRORA,95.4,60,One year,0,High value,Low risk,High value / Low risk,2
2840-XANRC,93.15,24,Month-to-month,1,High value,Medium risk,High value / Medium risk,1
2242-MFOTG,80.1,33,One year,0,Mid value,Low risk,Mid value / Low risk,1
4323-OHFOW,105.55,70,One year,0,High value,Low risk,High value / Low risk,2
5119-KEPFY,95.0,36,Month-to-month,0,High value,Medium risk,High value / Medium risk,1
5168-MQQCA,108.5,72,One year,0,High value,Low risk,High value / Low risk,2
6567-HOOPW,79.2,1,Month-to-month,1,Mid value,High risk,Mid value / High risk,1
0929-HYQEW,50.15,3,Month-to-month,0,Low value,High risk,Low value / High risk,1
3807-XHCJH,20.0,1,Month-to-month,0,Low value,High risk,Low value / High risk,0
8023-QHAIO,76.85,56,Month-to-month,0,Mid value,Medium risk,Mid value / Medium risk,2
9494-BDNNC,95.3,66,One year,0,High value,Low risk,High value / Low risk,2
2883-ILGWO,104.9,57,Month-to-month,0,High value,Medium risk,High value / Medium risk,2
2957-JIRMN,84.45,62,One year,0,High value,Low risk,High value / Low risk,2
8295-FHIVV,19.4,7,Month-to-month,0,Low value,High risk,Low value / High risk,0
6038-GCYEC,54.15,24,Month-to-month,1,Mid value,Medium risk,Mid value / Medium risk,1
1460-UZPRJ,19.95,60,Two year,0,Low value,Low risk,Low value / Low risk,0
9786-YWNHU,63.55,63,Two year,0,Mid value,Low risk,Mid value / Low risk,2
3005-TYFRD,103.65,55,Month-to-month,0,High value,Medium risk,High value / Medium risk,2
5153-LXKDT,110.2,68,Two year,0,High value,Low risk,High value / Low risk,2
6419-ZTTLE,20.75,23,One year,0,Low value,Low risk,Low value / Low risk,0
0618-XWMSS,74.9,28,Month-to-month,1,Mid value,Medium risk,Mid value / Medium risk,1
4973-MGTON,84.4,71,Two year,0,High value,Low risk,High value / Low risk,2
6139-ZZRBQ,20.05,64,Two year,0,Low value,Low risk,Low value / Low risk,0
4465-VDKIQ,77.8,18,Month-to-month,0,Mid value,Medium risk,Mid value / Medium risk,1
3462-BJQQA,89.75,6,Month-to-month,0,High value,High risk,High value / High risk,1
2642-DTVCO,85.05,9,Month-to-month,1,High value,High risk,High value / High risk,1
9524-EGPJC,90.1,18,Month-to-month,1,High value,Medium risk,High value / Medium risk,1
2890-WFBHU,79.85,59,One year,0,Mid value,Low risk,Mid value / Low risk,2
5356-RHIPP,20.2,1,Month-to-month,1,Low value,High risk,Low value / High risk,0
8659-IOOPU,100.45,71,Two year,0,High value,Low risk,High value / Low risk,2
3096-IZETN,78.1,12,Month-to-month,1,Mid value,High risk,Mid value / High risk,1
2085-BOJKI,96.65,17,One year,0,High value,Low risk,High value / Low risk,1
4282-ACRXS,24.85,38,Month-to-month,0,Low value,Medium risk,Low value / Medium risk,0
2749-CTKAJ,20.15,22,One year,0,Low value,Low risk,Low value / Low risk,0
2320-YKQBO,19.3,7,Month-to-month,0,Low value,High risk,Low value / High risk,0
6253-GNHWH,71.1,71,Two year,0,Mid value,Low risk,Mid value / Low risk,2
5712-AHQNN,91.65,43,Month-to-month,0,High value,Medium risk,High value / Medium risk,2
4987-GQWPO,25.1,17,Month-to-month,0,Low value,Medium risk,Low value / Medium risk,0
0196-VULGZ,84.35,6,Month-to-month,1,High value,High risk,High value / High risk,1
4633-MKHYU,88.4,9,Month-to-month,0,High value,High risk,High value / High risk,1
2722-VOJQL,105.65,64,One year,1,High value,Low risk,High value / Low risk,2
2234-EOFPT,79.35,72,Two year,0,Mid value,Low risk,Mid value / Low risk,2
8751-EDEKA,89.9,28,Month-to-month,0,High value,Medium risk,High value / Medium risk,1
7563-BIUPC,80.6,5,Month-to-month,1,Mid value,High risk,Mid value / High risk,1
3938-YFPXD,84.3,72,Two year,0,High value,Low risk,High value / Low risk,2
2866-IKBTM,19.55,1,Month-to-month,0,Low value,High risk,Low value / High risk,0
3256-EZDBI,29.45,51,Month-to-month,0,Low value,Medium risk,Low value / Medium risk,0
5302-BDJNT,95.5,35,Month-to-month,0,High value,Medium risk,High value / Medium risk,2
4529-CKBCL,80.2,2,Month-to-month,1,Mid value,High risk,Mid value / High risk,1
8095-WANWK,45.25,10,Month-to-month,0,Low value,High risk,Low value / High risk,1
4767-HZZHQ,82.05,30,Month-to-month,0,Mid value,Medium risk,Mid value / Medium risk,1
1247-QBVSH,50.2,43,Month-to-month,0,Low value,Medium risk,Low value / Medium risk,1
0939-YAPAF,100.25,35,Month-to-month,1,High value,Medium risk,High value / Medium risk,2
1998-VHJHK,19.15,27,One year,0,Low value,Low risk,Low value / Low risk,0
8189-HBVRW,90.8,53,Month-to-month,0,High value,Medium risk,High value / Medium risk,2
9365-SRSZE,70.55,27,Month-to-month,0,Mid value,Medium risk,Mid value / Medium risk,1
3886-CERTZ,109.25,72,One year,1,High value,Low risk,High value / Low risk,2
2592-SEIFQ,24.75,3,Month-to-month,1,Low value,High risk,Low value / High risk,1
6439-GTPCA,87.25,45,Month-to-month,1,High value,Medium risk,High value / Medium risk,2
3392-EHMNK,94.1,67,Two year,0,High value,Low risk,High value / Low risk,2
9732-EQMWY,99.4,49,Month-to-month,0,High value,Medium risk,High value / Medium risk,2
3845-FXCYS,19.65,2,Month-to-month,0,Low value,High risk,Low value / High risk,0
3926-CUQZX,45.1,1,Month-to-month,1,Low value,High risk,Low value / High risk,1
2240-HSJQD,81.85,38,Month-to-month,0,Mid value,Medium risk,Mid value / Medium risk,1
9944-HKVVB,95.1,3,Month-to-month,1,High value,High risk,High value / High risk,1
2817-NTQDO,45.55,13,Month-to-month,1,Low value,Medium risk,Low value / Medium risk,1
3003-CMDUU,95.15,25,Month-to-month,0,High value,Medium risk,High value / Medium risk,1
5802-ADBRC,104.4,50,One year,0,High value,Low risk,High value / Low risk,2
4854-SSLTN,59.5,2,Two year,0,Mid value,Low risk,Mid value / Low risk,1
3372-KWFBM,86.6,16,Month-to-month,1,High value,Medium risk,High value / Medium risk,1
7868-TMWMZ,110.0,60,Two year,0,High value,Low risk,High value / Low risk,2
2056-EVGZL,105.75,68,One year,0,High value,Low risk,High value / Low risk,2
5730-RIITO,33.45,43,Month-to-month,0,Low value,Medium risk,Low value / Medium risk,1
0820-FNRNX,66.7,17,Month-to-month,0,Mid value,Medium risk,Mid value / Medium risk,1
1206-EHBDD,80.3,56,Two year,0,Mid value,Low risk,Mid value / Low risk,2
7734-DBOAI,40.1,1,Month-to-month,1,Low value,High risk,Low value / High risk,1
7569-NMZYQ,118.75,72,Two year,0,High value,Low risk,High value / Low risk,2
0347-UBKUZ,19.9,15,Month-to-month,0,Low value,Medium risk,Low value / Medium risk,0
6754-WKSHP,25.35,30,One year,0,Low value,Low risk,Low value / Low risk,0
2436-QBZFP,39.2,22,Month-to-month,0,Low value,Medium risk,Low value / Medium risk,1
9432-RUVSL,102.5,48,Two year,0,High value,Low risk,High value / Low risk,2
2799-ARNLO,69.35,5,Month-to-month,0,Mid value,High risk,Mid value / High risk,1
1635-HDGFT,20.5,19,Two year,0,Low value,Low risk,Low value / Low risk,0
3482-ABPKK,54.3,28,One year,0,Mid value,Low risk,Mid value / Low risk,1
7054-DMVAS,65.3,54,Two year,0,Mid value,Low risk,Mid value / Low risk,2
3509-GWQGF,70.0,24,Month-to-month,0,Mid value,Medium risk,Mid value / Medium risk,1
5986-WWXDV,19.35,39,One year,0,Low value,Low risk,Low value / Low risk,0
6506-EYCNH,19.55,28,Month-to-month,0,Low value,Medium risk,Low value / Medium risk,0
0650-BWOZN,73.55,18,Month-to-month,0,Mid value,Medium risk,Mid value / Medium risk,1
7422-WNBTY,93.35,33,Month-to-month,0,High value,Medium risk,High value / Medium risk,1
7156-MXBJE,85.1,43,One year,0,High value,Low risk,High value / Low risk,2
8722-PRFDV,77.55,71,Two year,0,Mid value,Low risk,Mid value / Low risk,2
4566-QVRRW,44.05,11,Month-to-month,1,Low value,High risk,Low value / High risk,1
3890-RTCMS,49.45,16,Month-to-month,0,Low value,Medium risk,Low value / Medium risk,1
3370-HXOPH,76.1,3,Month-to-month,0,Mid value,High risk,Mid value / High risk,1
3796-ENZGF,67.25,63,Two year,0,Mid value,Low risk,Mid value / Low risk,2
4054-CUMIA,20.25,18,Month-to-month,0,Low value,Medium risk,Low value / Medium risk,0
1135-HIORI,111.45,64,One year,0,High value,Low risk,High value / Low risk,2
5944-UGLLK,54.9,53,One year,0,Mid value,Low risk,Mid value / Low risk,2
5529-GIBVH,20.15,47,Two year,0,Low value,Low risk,Low value / Low risk,0
7217-JYHOQ,70.3,24,Month-to-month,0,Mid value,Medium risk,Mid value / Medium risk,1
5180-UCIIQ,40.05,22,Month-to-month,1,Low value,Medium risk,Low value / Medium risk,1
5515-IDEJJ,19.9,1,Month-to-month,1,Low value,High risk,Low value / High risk,0
4315-MURBD,98.9,12,Month-to-month,1,High value,High risk,High value / High risk,1
7730-IUTDZ,75.2,43,Month-to-month,1,Mid value,Medium risk,Mid value / Medium risk,1
5366-IJEQJ,88.7,20,Month-to-month,1,High value,Medium risk,High value / Medium risk,1
4597-NUCQV,101.25,24,Month-to-month,1,High value,Medium risk,High value / Medium risk,1
7560-QRBXH,19.95,48,One year,0,Low value,Low risk,Low value / Low risk,0
0654-PQKDW,70.75,62,One year,0,Mid value,Low risk,Mid value / Low risk,2
2858-MOFSQ,55.85,17,One year,1,Mid value,Low risk,Mid value / Low risk,1
1360-RCYRT,30.35,23,Month-to-month,0,Low value,Medium risk,Low value / Medium risk,0
9644-KVCNC,92.15,66,One year,0,High value,Low risk,High value / Low risk,2
2908-WGAXL,24.95,56,Two year,0,Low value,Low risk,Low value / Low risk,0
0867-MKZVY,82.4,20,Month-to-month,1,Mid value,Medium risk,Mid value / Medium risk,1
7644-OMVMY,19.85,0,Two year,0,Low value,Low risk,Low value / Low risk,0
2026-TGDHM,79.3,7,Month-to-month,1,Mid value,High risk,Mid value / High risk,1
6143-JQKEA,45.8,10,Month-to-month,0,Low value,High risk,Low value / High risk,1
4747-LCAQL,79.0,25,Month-to-month,0,Mid value,Medium risk,Mid value / Medium risk,1
3254-YRILK,88.2,19,Month-to-month,1,High value,Medium risk,High value / Medium risk,1
6907-FLBER,54.3,1,Month-to-month,0,Mid value,High risk,Mid value / High risk,1
3957-SQXML,24.95,34,Two year,0,Low value,Low risk,Low value / Low risk,0
2154-KVJFF,79.75,15,Month-to-month,1,Mid value,Medium risk,Mid value / Medium risk,1
8207-DMRVL,114.55,72,Two year,0,High value,Low risk,High value / Low risk,2
4194-FJARJ,60.0,54,Two year,0,Mid value,Low risk,Mid value / Low risk,2
5095-ETBRJ,56.8,55,Two year,0,Mid value,Low risk,Mid value / Low risk,2
9133-AYJZG,98.7,23,Month-to-month,0,High value,Medium risk,High value / Medium risk,1
0324-BRPCJ,100.2,68,Month-to-month,1,High value,Medium risk,High value / Medium risk,2
2476-YGEFM,76.0,29,Month-to-month,0,Mid value,Medium risk,Mid value / Medium risk,1
9068-FHQHD,20.15,40,Two year,0,Low value,Low risk,Low value / Low risk,0
5520-FVEWJ,84.5,12,Month-to-month,1,High value,High risk,High value / High risk,1
4566-NECEV,96.55,5,Month-to-month,0,High value,High risk,High value / High risk,1
5154-VEKBL,58.5,9,Month-to-month,1,Mid value,High risk,Mid value / High risk,1
0565-JUPYD,104.5,63,One year,0,High value,Low risk,High value / Low risk,2
8695-WDYEA,51.25,1,Month-to-month,0,Mid value,High risk,Mid value / High risk,1
6397-JNZZG,55.55,43,Month-to-month,1,Mid value,Medium risk,Mid value / Medium risk,1
6308-CQRBU,109.25,71,Two year,0,High value,Low risk,High value / Low risk,2
2842-JTCCU,46.05,2,Month-to-month,1,Low value,High risk,Low value / High risk,1
6402-ZFPPI,102.8,25,Month-to-month,1,High value,Medium risk,High value / Medium risk,1
3594-BDSOA,20.4,24,One year,0,Low value,Low risk,Low value / Low risk,0
6490-FGZAT,20.65,6,Month-to-month,0,Low value,High risk,Low value / High risk,0
