id,antecedents,consequents,antecedent_support,consequent_support,support,confidence,lift,leverage,conviction,zhangs_metric,kulczynski,imbalance_ratio,cosine,composite_score,rule_category
1,"CERAMIC PLANT POT WHITE, ORGANIC POTTING SOIL 10L","GARDENING GLOVES PAIR, LED GROW LIGHT BULB",0.055281,0.060674,0.023371,0.422764,6.967781,0.020017,1.627283,0.9066,0.403975,0.058252,0.403538,0.7504,High-Lift Affinity Pair
2,"GARDENING GLOVES PAIR, LED GROW LIGHT BULB","CERAMIC PLANT POT WHITE, ORGANIC POTTING SOIL 10L",0.060674,0.055281,0.023371,0.385185,6.967781,0.020017,1.536591,0.911805,0.403975,0.058252,0.403538,0.7396,High-Lift Affinity Pair
3,"CERAMIC PLANT POT WHITE, ORGANIC POTTING SOIL 10L","LED GROW LIGHT BULB, WATERING CAN GREEN 2L",0.055281,0.060674,0.022921,0.414634,6.833785,0.019567,1.604682,0.903621,0.396206,0.057971,0.395777,0.738,High-Lift Affinity Pair
4,"LED GROW LIGHT BULB, WATERING CAN GREEN 2L","CERAMIC PLANT POT WHITE, ORGANIC POTTING SOIL 10L",0.060674,0.055281,0.022921,0.377778,6.833785,0.019567,1.518299,0.908809,0.396206,0.057971,0.395777,0.7275,High-Lift Affinity Pair
5,"LED GROW LIGHT BULB, ORGANIC POTTING SOIL 10L, WATERING CAN GREEN 2L",CERAMIC PLANT POT WHITE,0.030112,0.111461,0.022921,0.761194,6.829261,0.019565,3.720758,0.880072,0.48342,0.685606,0.395646,0.8394,High-Confidence Cross-Sell
6,"LARGE DESK PAD BLACK, MECHANICAL KEYBOARD, WIRELESS ERGONOMIC MOUSE",USB-C MULTIPORT ADAPTER,0.027416,0.101573,0.018876,0.688525,6.778616,0.016092,2.884423,0.876507,0.437183,0.673469,0.357709,0.8081,High-Confidence Cross-Sell
7,"CERAMIC PLANT POT WHITE, ORGANIC POTTING SOIL 10L, WATERING CAN GREEN 2L",LED GROW LIGHT BULB,0.03236,0.105618,0.022921,0.708333,6.70656,0.019504,3.066453,0.879348,0.462677,0.636719,0.392076,0.8152,High-Confidence Cross-Sell
8,"LED GROW LIGHT BULB, ORGANIC POTTING SOIL 10L","CERAMIC PLANT POT WHITE, WATERING CAN GREEN 2L",0.053933,0.063371,0.022921,0.425,6.70656,0.019504,1.62892,0.899399,0.393351,0.1,0.392076,0.7322,High-Lift Affinity Pair
9,"CERAMIC PLANT POT WHITE, WATERING CAN GREEN 2L","LED GROW LIGHT BULB, ORGANIC POTTING SOIL 10L",0.063371,0.053933,0.022921,0.361702,6.70656,0.019504,1.482172,0.908462,0.393351,0.1,0.392076,0.7141,High-Lift Affinity Pair
10,"ORGANIC POTTING SOIL 10L, WATERING CAN GREEN 2L","CERAMIC PLANT POT WHITE, LED GROW LIGHT BULB",0.056629,0.060674,0.022921,0.404762,6.671076,0.019485,1.578067,0.901129,0.39127,0.042857,0.391037,0.7239,High-Lift Affinity Pair
11,"CERAMIC PLANT POT WHITE, LED GROW LIGHT BULB","ORGANIC POTTING SOIL 10L, WATERING CAN GREEN 2L",0.060674,0.056629,0.022921,0.377778,6.671076,0.019485,1.516132,0.90501,0.39127,0.042857,0.391037,0.7162,High-Lift Affinity Pair
12,"LED GROW LIGHT BULB, ORGANIC POTTING SOIL 10L","CERAMIC PLANT POT WHITE, GARDENING GLOVES PAIR",0.053933,0.066067,0.023371,0.433333,6.558957,0.019808,1.648116,0.895852,0.393537,0.125581,0.39152,0.7251,High-Lift Affinity Pair
13,"CERAMIC PLANT POT WHITE, GARDENING GLOVES PAIR","LED GROW LIGHT BULB, ORGANIC POTTING SOIL 10L",0.066067,0.053933,0.023371,0.353741,6.558957,0.019808,1.463915,0.907492,0.393537,0.125581,0.39152,0.7024,High-Lift Affinity Pair
14,"GARDENING GLOVES PAIR, LED GROW LIGHT BULB","CERAMIC PLANT POT WHITE, WATERING CAN GREEN 2L",0.060674,0.063371,0.025169,0.414815,6.545837,0.021324,1.600569,0.901957,0.405989,0.027273,0.405893,0.7218,High-Lift Affinity Pair
15,"CERAMIC PLANT POT WHITE, WATERING CAN GREEN 2L","GARDENING GLOVES PAIR, LED GROW LIGHT BULB",0.063371,0.060674,0.025169,0.397163,6.545837,0.021324,1.558176,0.904553,0.405989,0.027273,0.405893,0.7168,High-Lift Affinity Pair
16,"GARDENING GLOVES PAIR, ORGANIC POTTING SOIL 10L","CERAMIC PLANT POT WHITE, LED GROW LIGHT BULB",0.058876,0.060674,0.023371,0.396947,6.542267,0.019799,1.557616,0.900145,0.391066,0.018692,0.391022,0.7135,High-Lift Affinity Pair
17,"CERAMIC PLANT POT WHITE, LED GROW LIGHT BULB","GARDENING GLOVES PAIR, ORGANIC POTTING SOIL 10L",0.060674,0.058876,0.023371,0.385185,6.542267,0.019799,1.530743,0.901868,0.391066,0.018692,0.391022,0.7101,High-Lift Affinity Pair
18,"HEART OF WICKER LARGE, HEART OF WICKER SMALL","REGENCY CAKESTAND 3 TIER, WHITE HANGING HEART T-LIGHT HOLDER",0.05618,0.06382,0.023371,0.416,6.51831,0.019785,1.603048,0.896978,0.391099,0.07907,0.390305,0.7173,High-Lift Affinity Pair
19,"REGENCY CAKESTAND 3 TIER, WHITE HANGING HEART T-LIGHT HOLDER","HEART OF WICKER LARGE, HEART OF WICKER SMALL",0.06382,0.05618,0.023371,0.366197,6.51831,0.019785,1.489139,0.904299,0.391099,0.07907,0.390305,0.7031,High-Lift Affinity Pair
20,"LARGE DESK PAD BLACK, USB-C MULTIPORT ADAPTER","MECHANICAL KEYBOARD, MONITOR LIGHT BAR",0.055281,0.058876,0.021124,0.382114,6.490101,0.017869,1.523134,0.895419,0.370446,0.038647,0.370262,0.7019,High-Lift Affinity Pair
21,"MECHANICAL KEYBOARD, MONITOR LIGHT BAR","LARGE DESK PAD BLACK, USB-C MULTIPORT ADAPTER",0.058876,0.055281,0.021124,0.358779,6.490101,0.017869,1.473312,0.89884,0.370446,0.038647,0.370262,0.6952,High-Lift Affinity Pair
22,"CERAMIC PLANT POT WHITE, GARDENING GLOVES PAIR, LED GROW LIGHT BULB",ORGANIC POTTING SOIL 10L,0.035506,0.101573,0.023371,0.658228,6.480341,0.019764,2.628731,0.876819,0.444158,0.581028,0.389167,0.7854,High-Confidence Cross-Sell
23,"LARGE DESK PAD BLACK, MONITOR LIGHT BAR, USB-C MULTIPORT ADAPTER",MECHANICAL KEYBOARD,0.031011,0.105169,0.021124,0.681159,6.476836,0.017862,2.806517,0.872666,0.441007,0.644531,0.369884,0.7885,High-Confidence Cross-Sell
24,"LARGE DESK PAD BLACK, WIRELESS ERGONOMIC MOUSE","MECHANICAL KEYBOARD, USB-C MULTIPORT ADAPTER",0.050787,0.057528,0.018876,0.371681,6.460868,0.015955,1.499991,0.890445,0.349903,0.075377,0.349225,0.6932,High-Lift Affinity Pair
25,"MECHANICAL KEYBOARD, USB-C MULTIPORT ADAPTER","LARGE DESK PAD BLACK, WIRELESS ERGONOMIC MOUSE",0.057528,0.050787,0.018876,0.328125,6.460868,0.015955,1.412783,0.896814,0.349903,0.075377,0.349225,0.6807,High-Lift Affinity Pair
26,"HEART OF WICKER LARGE, HEART OF WICKER SMALL","SET OF 3 CAKE TINS PANTRY, WHITE HANGING HEART T-LIGHT HOLDER",0.05618,0.060674,0.022022,0.392,6.460741,0.018614,1.544944,0.89553,0.377481,0.047393,0.377202,0.7042,High-Lift Affinity Pair
27,"SET OF 3 CAKE TINS PANTRY, WHITE HANGING HEART T-LIGHT HOLDER","HEART OF WICKER LARGE, HEART OF WICKER SMALL",0.060674,0.05618,0.022022,0.362963,6.460741,0.018614,1.481578,0.899814,0.377481,0.047393,0.377202,0.6959,High-Lift Affinity Pair
28,"ORGANIC EGGS DOZEN, ORGANIC WHOLE MILK, STRAWBERRY PRESERVES",SWEET CREAM BUTTER,0.027865,0.107416,0.019326,0.693548,6.456674,0.016333,2.912643,0.869346,0.436732,0.686047,0.353243,0.788,High-Confidence Cross-Sell
29,"HEART OF WICKER SMALL, REGENCY CAKESTAND 3 TIER, WHITE HANGING HEART T-LIGHT HOLDER",HEART OF WICKER LARGE,0.033708,0.107416,0.023371,0.693333,6.454672,0.01975,2.910601,0.874553,0.455453,0.625954,0.388395,0.794,High-Confidence Cross-Sell
30,"LARGE DESK PAD BLACK, USB-C MULTIPORT ADAPTER, WIRELESS ERGONOMIC MOUSE",MECHANICAL KEYBOARD,0.027865,0.105169,0.018876,0.677419,6.441274,0.015946,2.773978,0.868965,0.428453,0.677165,0.348695,0.7814,High-Confidence Cross-Sell
31,"LARGE DESK PAD BLACK, MECHANICAL KEYBOARD, MONITOR LIGHT BAR",USB-C MULTIPORT ADAPTER,0.03236,0.101573,0.021124,0.652778,6.426684,0.017837,2.58747,0.872637,0.430371,0.613546,0.368449,0.7766,High-Confidence Cross-Sell
32,"GARDENING GLOVES PAIR, LED GROW LIGHT BULB, ORGANIC POTTING SOIL 10L",CERAMIC PLANT POT WHITE,0.032809,0.111461,0.023371,0.712329,6.390853,0.019714,3.088732,0.87214,0.461003,0.650558,0.38647,0.7952,High-Confidence Cross-Sell
33,"CERAMIC PLANT POT WHITE, GARDENING GLOVES PAIR, WATERING CAN GREEN 2L",LED GROW LIGHT BULB,0.037303,0.105618,0.025169,0.674699,6.388106,0.021229,2.749397,0.876142,0.456498,0.580153,0.400973,0.7866,High-Confidence Cross-Sell
34,"LARGE DESK PAD BLACK, MECHANICAL KEYBOARD","MONITOR LIGHT BAR, USB-C MULTIPORT ADAPTER",0.057079,0.057978,0.021124,0.370079,6.383141,0.017814,1.495461,0.894388,0.36721,0.009569,0.367199,0.691,High-Lift Affinity Pair
35,"MONITOR LIGHT BAR, USB-C MULTIPORT ADAPTER","LARGE DESK PAD BLACK, MECHANICAL KEYBOARD",0.057978,0.057079,0.021124,0.364341,6.383141,0.017814,1.483376,0.895241,0.36721,0.009569,0.367199,0.6894,High-Lift Affinity Pair
36,"ITALIAN EXTRA VIRGIN OLIVE OIL, ORGANIC TOMATO BASIL SAUCE","ARTISAN PASTA PENNE, GARLIC HERB BREADSTICKS",0.063371,0.065618,0.026517,0.41844,6.376907,0.022359,1.606681,0.900233,0.411275,0.02193,0.411212,0.7133,High-Lift Affinity Pair
37,"ARTISAN PASTA PENNE, GARLIC HERB BREADSTICKS","ITALIAN EXTRA VIRGIN OLIVE OIL, ORGANIC TOMATO BASIL SAUCE",0.065618,0.063371,0.026517,0.40411,6.376907,0.022359,1.571815,0.902398,0.411275,0.02193,0.411212,0.7092,High-Lift Affinity Pair
38,"AGED PARMESAN REGGIANO, ORGANIC TOMATO BASIL SAUCE","ARTISAN PASTA PENNE, GARLIC HERB BREADSTICKS",0.054831,0.065618,0.022921,0.418033,6.370705,0.019323,1.605558,0.891938,0.383674,0.110599,0.382132,0.7069,High-Lift Affinity Pair
39,"ARTISAN PASTA PENNE, GARLIC HERB BREADSTICKS","AGED PARMESAN REGGIANO, ORGANIC TOMATO BASIL SAUCE",0.065618,0.054831,0.022921,0.349315,6.370705,0.019323,1.452575,0.902234,0.383674,0.110599,0.382132,0.6873,High-Lift Affinity Pair
40,"MECHANICAL KEYBOARD, MONITOR LIGHT BAR, USB-C MULTIPORT ADAPTER",LARGE DESK PAD BLACK,0.032809,0.101573,0.021124,0.643836,6.338647,0.017791,2.522506,0.870808,0.4259,0.607143,0.365917,0.7678,High-Confidence Cross-Sell
41,"MECHANICAL KEYBOARD, USB-C MULTIPORT ADAPTER","LARGE DESK PAD BLACK, MONITOR LIGHT BAR",0.057528,0.057978,0.021124,0.367187,6.333273,0.017788,1.488628,0.893505,0.365764,0.004762,0.365762,0.6867,High-Lift Affinity Pair
42,"LARGE DESK PAD BLACK, MONITOR LIGHT BAR","MECHANICAL KEYBOARD, USB-C MULTIPORT ADAPTER",0.057978,0.057528,0.021124,0.364341,6.333273,0.017788,1.482669,0.893932,0.365764,0.004762,0.365762,0.6859,High-Lift Affinity Pair
43,"CERAMIC PLANT POT WHITE, GARDENING GLOVES PAIR, ORGANIC POTTING SOIL 10L",LED GROW LIGHT BULB,0.035056,0.105618,0.023371,0.666667,6.312057,0.019668,2.683146,0.872147,0.443972,0.601533,0.38408,0.7762,High-Confidence Cross-Sell
44,"HEART OF WICKER SMALL, WHITE HANGING HEART T-LIGHT HOLDER","HEART OF WICKER LARGE, SET OF 3 CAKE TINS PANTRY",0.058427,0.059775,0.022022,0.376923,6.305668,0.01853,1.509003,0.893624,0.372672,0.014019,0.372648,0.6891,High-Lift Affinity Pair
45,"HEART OF WICKER LARGE, SET OF 3 CAKE TINS PANTRY","HEART OF WICKER SMALL, WHITE HANGING HEART T-LIGHT HOLDER",0.059775,0.058427,0.022022,0.368421,6.305668,0.01853,1.490824,0.894906,0.372672,0.014019,0.372648,0.6866,High-Lift Affinity Pair
46,"AGED PARMESAN REGGIANO, ITALIAN EXTRA VIRGIN OLIVE OIL, ORGANIC TOMATO BASIL SAUCE",ARTISAN PASTA PENNE,0.031011,0.117303,0.022921,0.73913,6.301016,0.019284,3.38367,0.86822,0.467266,0.688172,0.380037,0.7961,High-Confidence Cross-Sell
47,"CERAMIC PLANT POT WHITE, LED GROW LIGHT BULB, ORGANIC POTTING SOIL 10L",WATERING CAN GREEN 2L,0.03191,0.114157,0.022921,0.71831,6.292281,0.019279,3.144742,0.868799,0.459549,0.667883,0.379773,0.7894,High-Confidence Cross-Sell
48,"LED GROW LIGHT BULB, WATERING CAN GREEN 2L","CERAMIC PLANT POT WHITE, GARDENING GLOVES PAIR",0.060674,0.066067,0.025169,0.414815,6.27866,0.02116,1.595961,0.895036,0.397884,0.053097,0.397523,0.7032,High-Lift Affinity Pair
49,"CERAMIC PLANT POT WHITE, GARDENING GLOVES PAIR","LED GROW LIGHT BULB, WATERING CAN GREEN 2L",0.066067,0.060674,0.025169,0.380952,6.27866,0.02116,1.517373,0.900205,0.397884,0.053097,0.397523,0.6936,High-Lift Affinity Pair
50,"HEART OF WICKER LARGE, HEART OF WICKER SMALL, SET OF 3 CAKE TINS PANTRY",WHITE HANGING HEART T-LIGHT HOLDER,0.03191,0.110112,0.022022,0.690141,6.267606,0.018509,2.87191,0.868152,0.44507,0.651685,0.371521,0.7779,High-Confidence Cross-Sell
51,"GARLIC HERB BREADSTICKS, ORGANIC TOMATO BASIL SAUCE","ARTISAN PASTA PENNE, ITALIAN EXTRA VIRGIN OLIVE OIL",0.062472,0.067865,0.026517,0.42446,6.254467,0.022277,1.619584,0.896095,0.407594,0.051948,0.407245,0.7065,High-Lift Affinity Pair
52,"ARTISAN PASTA PENNE, ITALIAN EXTRA VIRGIN OLIVE OIL","GARLIC HERB BREADSTICKS, ORGANIC TOMATO BASIL SAUCE",0.067865,0.062472,0.026517,0.390728,6.254467,0.022277,1.538769,0.90128,0.407594,0.051948,0.407245,0.6969,High-Lift Affinity Pair
53,"CERAMIC PLANT POT WHITE, LED GROW LIGHT BULB, ORGANIC POTTING SOIL 10L",GARDENING GLOVES PAIR,0.03191,0.117753,0.023371,0.732394,6.219761,0.019613,3.296818,0.866885,0.465434,0.679715,0.381262,0.7892,High-Confidence Cross-Sell
54,"HEART OF WICKER SMALL, REGENCY CAKESTAND 3 TIER","HEART OF WICKER LARGE, WHITE HANGING HEART T-LIGHT HOLDER",0.060225,0.062472,0.023371,0.38806,6.211747,0.019608,1.532058,0.892782,0.38108,0.022624,0.381016,0.6879,High-Lift Affinity Pair
55,"HEART OF WICKER LARGE, WHITE HANGING HEART T-LIGHT HOLDER","HEART OF WICKER SMALL, REGENCY CAKESTAND 3 TIER",0.062472,0.060225,0.023371,0.374101,6.211747,0.019608,1.50148,0.894922,0.38108,0.022624,0.381016,0.684,High-Lift Affinity Pair
56,"HEART OF WICKER LARGE, SET OF 3 CAKE TINS PANTRY, WHITE HANGING HEART T-LIGHT HOLDER",HEART OF WICKER SMALL,0.034157,0.10382,0.022022,0.644737,6.210128,0.018476,2.52258,0.868643,0.428429,0.600775,0.369814,0.7605,High-Confidence Cross-Sell
57,"CERAMIC PLANT POT WHITE, GARDENING GLOVES PAIR, LED GROW LIGHT BULB",WATERING CAN GREEN 2L,0.035506,0.114157,0.025169,0.708861,6.209509,0.021115,3.042677,0.869841,0.464667,0.631769,0.395328,0.7843,High-Confidence Cross-Sell
58,"GARDENING GLOVES PAIR, LED GROW LIGHT BULB, WATERING CAN GREEN 2L",CERAMIC PLANT POT WHITE,0.036404,0.111461,0.025169,0.691358,6.202708,0.021111,2.878867,0.870469,0.458582,0.611722,0.395112,0.7786,High-Confidence Cross-Sell
59,"HEART OF WICKER LARGE, HEART OF WICKER SMALL","REGENCY CAKESTAND 3 TIER, SET OF 3 CAKE TINS PANTRY",0.05618,0.060674,0.021124,0.376,6.197037,0.017715,1.50533,0.888551,0.362074,0.046948,0.361806,0.6797,High-Lift Affinity Pair
60,"REGENCY CAKESTAND 3 TIER, SET OF 3 CAKE TINS PANTRY","HEART OF WICKER LARGE, HEART OF WICKER SMALL",0.060674,0.05618,0.021124,0.348148,6.197037,0.017715,1.447906,0.892803,0.362074,0.046948,0.361806,0.6718,High-Lift Affinity Pair
61,"BLUEBERRY SCONE, CROISSANT ALL BUTTER","ALMOND DANISH, CAPPUCCINO CUP & SAUCER",0.059326,0.062472,0.022921,0.386364,6.184598,0.019215,1.527824,0.891178,0.376635,0.031818,0.376509,0.6848,High-Lift Affinity Pair
62,"ALMOND DANISH, CAPPUCCINO CUP & SAUCER","BLUEBERRY SCONE, CROISSANT ALL BUTTER",0.062472,0.059326,0.022921,0.366906,6.184598,0.019215,1.485838,0.894168,0.376635,0.031818,0.376509,0.6793,High-Lift Affinity Pair
63,"ORGANIC WHOLE MILK, SWEET CREAM BUTTER, WHOLE WHEAT BREAD",ORGANIC EGGS DOZEN,0.027865,0.11236,0.019326,0.693548,6.172581,0.016195,2.896511,0.862013,0.432774,0.698885,0.345384,0.7682,High-Confidence Cross-Sell
64,"HEART OF WICKER SMALL, SET OF 3 CAKE TINS PANTRY, WHITE HANGING HEART T-LIGHT HOLDER",HEART OF WICKER LARGE,0.033258,0.107416,0.022022,0.662162,6.16448,0.01845,2.642049,0.866602,0.433592,0.625,0.368452,0.7625,High-Confidence Cross-Sell
65,"AGED PARMESAN REGGIANO, ORGANIC TOMATO BASIL SAUCE","ARTISAN PASTA PENNE, ITALIAN EXTRA VIRGIN OLIVE OIL",0.054831,0.067865,0.022921,0.418033,6.159755,0.0192,1.601696,0.88625,0.377891,0.130631,0.375752,0.6922,High-Lift Affinity Pair
66,"ARTISAN PASTA PENNE, ITALIAN EXTRA VIRGIN OLIVE OIL","AGED PARMESAN REGGIANO, ORGANIC TOMATO BASIL SAUCE",0.067865,0.054831,0.022921,0.337748,6.159755,0.0192,1.427204,0.898642,0.377891,0.130631,0.375752,0.6693,High-Lift Affinity Pair
67,"ORGANIC POTTING SOIL 10L, WATERING CAN GREEN 2L","GARDENING GLOVES PAIR, LED GROW LIGHT BULB",0.056629,0.060674,0.021124,0.373016,6.147854,0.017688,1.498165,0.887606,0.360582,0.042056,0.360368,0.6755,High-Lift Affinity Pair
68,"GARDENING GLOVES PAIR, LED GROW LIGHT BULB","ORGANIC POTTING SOIL 10L, WATERING CAN GREEN 2L",0.060674,0.056629,0.021124,0.348148,6.147854,0.017688,1.447217,0.891428,0.360582,0.042056,0.360368,0.6684,High-Lift Affinity Pair
69,"HEART OF WICKER SMALL, SET OF 3 CAKE TINS PANTRY","HEART OF WICKER LARGE, WHITE HANGING HEART T-LIGHT HOLDER",0.057528,0.062472,0.022022,0.382812,6.127754,0.018429,1.519033,0.887886,0.367665,0.050459,0.367353,0.6783,High-Lift Affinity Pair
70,"HEART OF WICKER LARGE, WHITE HANGING HEART T-LIGHT HOLDER","HEART OF WICKER SMALL, SET OF 3 CAKE TINS PANTRY",0.062472,0.057528,0.022022,0.352518,6.127754,0.018429,1.455596,0.892569,0.367665,0.050459,0.367353,0.6697,High-Lift Affinity Pair
71,"AGED PARMESAN REGGIANO, GARLIC HERB BREADSTICKS, ORGANIC TOMATO BASIL SAUCE",ARTISAN PASTA PENNE,0.03191,0.117303,0.022921,0.71831,6.123523,0.019178,3.133573,0.864274,0.456856,0.676157,0.374646,0.7776,High-Confidence Cross-Sell
72,"ALMOND DANISH, BLUEBERRY SCONE","CAPPUCCINO CUP & SAUCER, CROISSANT ALL BUTTER",0.057079,0.065618,0.022921,0.401575,6.11989,0.019176,1.561402,0.887241,0.375445,0.085586,0.374535,0.6846,High-Lift Affinity Pair
73,"CAPPUCCINO CUP & SAUCER, CROISSANT ALL BUTTER","ALMOND DANISH, BLUEBERRY SCONE",0.065618,0.057079,0.022921,0.349315,6.11989,0.019176,1.449121,0.895349,0.375445,0.085586,0.374535,0.6698,High-Lift Affinity Pair
74,"ARTISAN PASTA PENNE, GARLIC HERB BREADSTICKS, ITALIAN EXTRA VIRGIN OLIVE OIL",ORGANIC TOMATO BASIL SAUCE,0.039551,0.109663,0.026517,0.670455,6.113776,0.02218,2.701713,0.870879,0.456129,0.571429,0.402639,0.7683,High-Confidence Cross-Sell
75,"CERAMIC PLANT POT WHITE, LED GROW LIGHT BULB","GARDENING GLOVES PAIR, WATERING CAN GREEN 2L",0.060674,0.067865,0.025169,0.414815,6.112338,0.021051,1.592889,0.890422,0.392838,0.069565,0.392223,0.6916,High-Lift Affinity Pair
76,"GARDENING GLOVES PAIR, WATERING CAN GREEN 2L","CERAMIC PLANT POT WHITE, LED GROW LIGHT BULB",0.067865,0.060674,0.025169,0.370861,6.112338,0.021051,1.493034,0.897291,0.392838,0.069565,0.392223,0.6791,High-Lift Affinity Pair
77,"HEART OF WICKER SMALL, WHITE HANGING HEART T-LIGHT HOLDER","REGENCY CAKESTAND 3 TIER, SET OF 3 CAKE TINS PANTRY",0.058427,0.060674,0.021573,0.369231,6.08547,0.018028,1.489175,0.88753,0.362393,0.023041,0.362329,0.6708,High-Lift Affinity Pair
78,"REGENCY CAKESTAND 3 TIER, SET OF 3 CAKE TINS PANTRY","HEART OF WICKER SMALL, WHITE HANGING HEART T-LIGHT HOLDER",0.060674,0.058427,0.021573,0.355556,6.08547,0.018028,1.461062,0.889653,0.362393,0.023041,0.362329,0.6669,High-Lift Affinity Pair
79,"HEART OF WICKER SMALL, REGENCY CAKESTAND 3 TIER, SET OF 3 CAKE TINS PANTRY",HEART OF WICKER LARGE,0.03236,0.107416,0.021124,0.652778,6.077115,0.017648,2.570643,0.863387,0.424715,0.632576,0.358288,0.7522,High-Confidence Cross-Sell
80,"SWEET CREAM BUTTER, WHOLE WHEAT BREAD","ORGANIC EGGS DOZEN, ORGANIC WHOLE MILK",0.055281,0.057528,0.019326,0.349593,6.076918,0.016146,1.449051,0.884329,0.342765,0.024038,0.342697,0.6608,High-Lift Affinity Pair
81,"ORGANIC EGGS DOZEN, ORGANIC WHOLE MILK","SWEET CREAM BUTTER, WHOLE WHEAT BREAD",0.057528,0.055281,0.019326,0.335937,6.076918,0.016146,1.422636,0.886438,0.342765,0.024038,0.342697,0.6569,High-Lift Affinity Pair
82,"ORGANIC EGGS DOZEN, SWEET CREAM BUTTER, WHOLE WHEAT BREAD",ORGANIC WHOLE MILK,0.030562,0.10427,0.019326,0.632353,6.064592,0.016139,2.436387,0.861435,0.408849,0.638132,0.34235,0.7425,High-Confidence Cross-Sell
83,"GARLIC HERB BREADSTICKS, ITALIAN EXTRA VIRGIN OLIVE OIL, ORGANIC TOMATO BASIL SAUCE",ARTISAN PASTA PENNE,0.037303,0.117303,0.026517,0.710843,6.059872,0.022141,3.052659,0.867335,0.468449,0.624561,0.40086,0.7765,High-Confidence Cross-Sell
84,"HEART OF WICKER SMALL, REGENCY CAKESTAND 3 TIER, SET OF 3 CAKE TINS PANTRY",WHITE HANGING HEART T-LIGHT HOLDER,0.03236,0.110112,0.021573,0.666667,6.054422,0.01801,2.669663,0.86275,0.431293,0.643123,0.361403,0.7554,High-Confidence Cross-Sell
85,"ORGANIC WHOLE MILK, STRAWBERRY PRESERVES","ORGANIC EGGS DOZEN, SWEET CREAM BUTTER",0.053483,0.059775,0.019326,0.361345,6.04505,0.016129,1.472194,0.881733,0.342326,0.066986,0.341798,0.6619,High-Lift Affinity Pair
86,"ORGANIC EGGS DOZEN, SWEET CREAM BUTTER","ORGANIC WHOLE MILK, STRAWBERRY PRESERVES",0.059775,0.053483,0.019326,0.323308,6.04505,0.016129,1.398742,0.887634,0.342326,0.066986,0.341798,0.6511,High-Lift Affinity Pair
87,"CERAMIC COFFEE MUG, FRENCH VANILLA SYRUP","COLOMBIAN ROAST COFFEE, PURE CANE SUGAR",0.057978,0.061573,0.021573,0.372093,6.043117,0.018003,1.494532,0.885884,0.361229,0.036697,0.361066,0.6686,High-Lift Affinity Pair
88,"COLOMBIAN ROAST COFFEE, PURE CANE SUGAR","CERAMIC COFFEE MUG, FRENCH VANILLA SYRUP",0.061573,0.057978,0.021573,0.350365,6.043117,0.018003,1.45008,0.889278,0.361229,0.036697,0.361066,0.6624,High-Lift Affinity Pair
89,"HEART OF WICKER SMALL, REGENCY CAKESTAND 3 TIER, WHITE HANGING HEART T-LIGHT HOLDER",SET OF 3 CAKE TINS PANTRY,0.033708,0.106067,0.021573,0.64,6.033898,0.017998,2.483146,0.863372,0.421695,0.612167,0.36079,0.7461,High-Confidence Cross-Sell
90,"USB-C MULTIPORT ADAPTER, WIRELESS ERGONOMIC MOUSE","LARGE DESK PAD BLACK, MECHANICAL KEYBOARD",0.054831,0.057079,0.018876,0.344262,6.031367,0.015747,1.437955,0.882594,0.337485,0.024155,0.337417,0.6554,High-Lift Affinity Pair
91,"LARGE DESK PAD BLACK, MECHANICAL KEYBOARD","USB-C MULTIPORT ADAPTER, WIRELESS ERGONOMIC MOUSE",0.057079,0.054831,0.018876,0.330709,6.031367,0.015747,1.412193,0.884697,0.337485,0.024155,0.337417,0.6515,High-Lift Affinity Pair
92,"CERAMIC COFFEE MUG, COLOMBIAN ROAST COFFEE, FRENCH VANILLA SYRUP",PURE CANE SUGAR,0.03236,0.110562,0.021573,0.666667,6.02981,0.017995,2.668315,0.862053,0.430894,0.644444,0.360668,0.7537,High-Confidence Cross-Sell
93,"LARGE DESK PAD BLACK, USB-C MULTIPORT ADAPTER","MECHANICAL KEYBOARD, WIRELESS ERGONOMIC MOUSE",0.055281,0.056629,0.018876,0.341463,6.02981,0.015746,1.432526,0.882969,0.337398,0.014493,0.337374,0.6544,High-Lift Affinity Pair
94,"MECHANICAL KEYBOARD, WIRELESS ERGONOMIC MOUSE","LARGE DESK PAD BLACK, USB-C MULTIPORT ADAPTER",0.056629,0.055281,0.018876,0.333333,6.02981,0.015746,1.417079,0.884231,0.337398,0.014493,0.337374,0.6521,High-Lift Affinity Pair
95,"COLOMBIAN ROAST COFFEE, DARK CHOCOLATE BAR 85%, PURE CANE SUGAR",CERAMIC COFFEE MUG,0.030562,0.107416,0.019775,0.647059,6.023874,0.016492,2.528989,0.860286,0.41558,0.65019,0.345143,0.7447,High-Confidence Cross-Sell
96,"GARDENING GLOVES PAIR, ORGANIC POTTING SOIL 10L","CERAMIC PLANT POT WHITE, WATERING CAN GREEN 2L",0.058876,0.063371,0.022472,0.381679,6.022955,0.018741,1.514795,0.886141,0.368145,0.045045,0.367896,0.6714,High-Lift Affinity Pair
97,"CERAMIC PLANT POT WHITE, WATERING CAN GREEN 2L","GARDENING GLOVES PAIR, ORGANIC POTTING SOIL 10L",0.063371,0.058876,0.022472,0.35461,6.022955,0.018741,1.458224,0.890393,0.368145,0.045045,0.367896,0.6637,High-Lift Affinity Pair
98,"ORGANIC POTTING SOIL 10L, WATERING CAN GREEN 2L","CERAMIC PLANT POT WHITE, GARDENING GLOVES PAIR",0.056629,0.066067,0.022472,0.396825,6.006371,0.018731,1.548362,0.883545,0.368481,0.09417,0.367389,0.6746,High-Lift Affinity Pair
99,"CERAMIC PLANT POT WHITE, GARDENING GLOVES PAIR","ORGANIC POTTING SOIL 10L, WATERING CAN GREEN 2L",0.066067,0.056629,0.022472,0.340136,6.006371,0.018731,1.429644,0.892474,0.368481,0.09417,0.367389,0.6585,High-Lift Affinity Pair
100,"REGENCY CAKESTAND 3 TIER, SET OF 3 CAKE TINS PANTRY, WHITE HANGING HEART T-LIGHT HOLDER",HEART OF WICKER SMALL,0.034607,0.10382,0.021573,0.623377,6.004385,0.01798,2.379512,0.863332,0.415584,0.592308,0.359907,0.7392,High-Confidence Cross-Sell
101,"HEART OF WICKER LARGE, HEART OF WICKER SMALL, WHITE HANGING HEART T-LIGHT HOLDER",SET OF 3 CAKE TINS PANTRY,0.034607,0.106067,0.022022,0.636364,5.999615,0.018352,2.458315,0.863195,0.421995,0.602273,0.363492,0.7433,High-Confidence Cross-Sell
102,"CERAMIC PLANT POT WHITE, ORGANIC POTTING SOIL 10L","GARDENING GLOVES PAIR, WATERING CAN GREEN 2L",0.055281,0.067865,0.022472,0.406504,5.989878,0.01872,1.570583,0.881798,0.368815,0.125,0.366884,0.6762,High-Lift Affinity Pair
103,"GARDENING GLOVES PAIR, WATERING CAN GREEN 2L","CERAMIC PLANT POT WHITE, ORGANIC POTTING SOIL 10L",0.067865,0.055281,0.022472,0.331126,5.989878,0.01872,1.412402,0.893703,0.368815,0.125,0.366884,0.6548,High-Lift Affinity Pair
104,"AGED PARMESAN REGGIANO, ITALIAN EXTRA VIRGIN OLIVE OIL","ARTISAN PASTA PENNE, GARLIC HERB BREADSTICKS",0.060674,0.065618,0.02382,0.392593,5.983004,0.019839,1.538312,0.886657,0.377803,0.048246,0.377514,0.674,High-Lift Affinity Pair
105,"ARTISAN PASTA PENNE, GARLIC HERB BREADSTICKS","AGED PARMESAN REGGIANO, ITALIAN EXTRA VIRGIN OLIVE OIL",0.065618,0.060674,0.02382,0.363014,5.983004,0.019839,1.474641,0.891348,0.377803,0.048246,0.377514,0.6656,High-Lift Affinity Pair
106,"GARDENING GLOVES PAIR, ORGANIC POTTING SOIL 10L, WATERING CAN GREEN 2L",CERAMIC PLANT POT WHITE,0.033708,0.111461,0.022472,0.666667,5.981183,0.018715,2.665618,0.86186,0.43414,0.6337,0.366618,0.7517,High-Confidence Cross-Sell
107,"HEART OF WICKER LARGE, HEART OF WICKER SMALL, REGENCY CAKESTAND 3 TIER",WHITE HANGING HEART T-LIGHT HOLDER,0.035506,0.110112,0.023371,0.658228,5.977784,0.019461,2.603745,0.863368,0.435236,0.610294,0.373772,0.7504,High-Confidence Cross-Sell
108,"HEART OF WICKER LARGE, HEART OF WICKER SMALL, WHITE HANGING HEART T-LIGHT HOLDER",REGENCY CAKESTAND 3 TIER,0.034607,0.113258,0.023371,0.675325,5.962688,0.019451,2.731164,0.862126,0.440837,0.631769,0.3733,0.7544,High-Confidence Cross-Sell
109,"HEART OF WICKER LARGE, REGENCY CAKESTAND 3 TIER, WHITE HANGING HEART T-LIGHT HOLDER",HEART OF WICKER SMALL,0.037753,0.10382,0.023371,0.619048,5.962688,0.019451,2.352472,0.864944,0.422078,0.558935,0.3733,0.7378,High-Confidence Cross-Sell
110,"AGED PARMESAN REGGIANO, GARLIC HERB BREADSTICKS","ARTISAN PASTA PENNE, ITALIAN EXTRA VIRGIN OLIVE OIL",0.058876,0.067865,0.02382,0.40458,5.961529,0.019825,1.565508,0.884324,0.377787,0.087336,0.376835,0.6759,High-Lift Affinity Pair
111,"ARTISAN PASTA PENNE, ITALIAN EXTRA VIRGIN OLIVE OIL","AGED PARMESAN REGGIANO, GARLIC HERB BREADSTICKS",0.067865,0.058876,0.02382,0.350993,5.961529,0.019825,1.450099,0.892851,0.377787,0.087336,0.376835,0.6607,High-Lift Affinity Pair
112,"ALMOND DANISH, CAPPUCCINO CUP & SAUCER, PAIN AU CHOCOLAT",BLUEBERRY SCONE,0.033708,0.107416,0.021573,0.64,5.958159,0.017952,2.479401,0.861192,0.420418,0.616541,0.358519,0.7408,High-Confidence Cross-Sell
113,"LED GROW LIGHT BULB, ORGANIC POTTING SOIL 10L, WATERING CAN GREEN 2L",GARDENING GLOVES PAIR,0.030112,0.117753,0.021124,0.701493,5.957332,0.017578,2.955528,0.857975,0.440441,0.691489,0.35474,0.7583,High-Confidence Cross-Sell
114,"ORGANIC EGGS DOZEN, STRAWBERRY PRESERVES, WHOLE WHEAT BREAD",ORGANIC WHOLE MILK,0.028315,0.10427,0.017528,0.619048,5.936987,0.014576,2.351292,0.855796,0.393576,0.660156,0.32259,0.7269,High-Confidence Cross-Sell
115,"CERAMIC COFFEE MUG, DARK CHOCOLATE BAR 85%, FRENCH VANILLA SYRUP",PURE CANE SUGAR,0.028764,0.110562,0.018876,0.65625,5.935595,0.015696,2.587457,0.856151,0.413491,0.679104,0.334728,0.7399,High-Confidence Cross-Sell
116,"ALMOND DANISH, CAPPUCCINO CUP & SAUCER, CROISSANT ALL BUTTER",BLUEBERRY SCONE,0.035955,0.107416,0.022921,0.6375,5.934885,0.019059,2.462301,0.862517,0.425445,0.593284,0.36883,0.7405,High-Confidence Cross-Sell
117,"GARDENING GLOVES PAIR, ORGANIC POTTING SOIL 10L, WATERING CAN GREEN 2L",LED GROW LIGHT BULB,0.033708,0.105618,0.021124,0.626667,5.933333,0.017563,2.395666,0.860465,0.413333,0.608365,0.354024,0.7345,High-Confidence Cross-Sell
118,"HEART OF WICKER SMALL, WHITE HANGING HEART T-LIGHT HOLDER","HEART OF WICKER LARGE, REGENCY CAKESTAND 3 TIER",0.058427,0.067416,0.023371,0.4,5.933333,0.019432,1.554307,0.883055,0.373333,0.087719,0.37238,0.6719,High-Lift Affinity Pair
119,"HEART OF WICKER LARGE, REGENCY CAKESTAND 3 TIER","HEART OF WICKER SMALL, WHITE HANGING HEART T-LIGHT HOLDER",0.067416,0.058427,0.023371,0.346667,5.933333,0.019432,1.441183,0.891566,0.373333,0.087719,0.37238,0.6567,High-Lift Affinity Pair
120,"ORGANIC WHOLE MILK, SWEET CREAM BUTTER","ORGANIC EGGS DOZEN, STRAWBERRY PRESERVES",0.05618,0.057978,0.019326,0.344,5.933333,0.016069,1.43601,0.880952,0.338667,0.018957,0.338625,0.6492,High-Lift Affinity Pair
121,"ORGANIC EGGS DOZEN, STRAWBERRY PRESERVES","ORGANIC WHOLE MILK, SWEET CREAM BUTTER",0.057978,0.05618,0.019326,0.333333,5.933333,0.016069,1.41573,0.882634,0.338667,0.018957,0.338625,0.6461,High-Lift Affinity Pair
122,"CERAMIC PLANT POT WHITE, GARDENING GLOVES PAIR, WATERING CAN GREEN 2L",ORGANIC POTTING SOIL 10L,0.037303,0.101573,0.022472,0.60241,5.930803,0.018683,2.25968,0.863604,0.411824,0.552124,0.36507,0.7292,High-Confidence Cross-Sell
123,"GARDENING GLOVES PAIR, ORGANIC POTTING SOIL 10L","LED GROW LIGHT BULB, WATERING CAN GREEN 2L",0.058876,0.060674,0.021124,0.358779,5.913203,0.017551,1.464901,0.882867,0.353463,0.018265,0.353423,0.655,High-Lift Affinity Pair
124,"LED GROW LIGHT BULB, WATERING CAN GREEN 2L","GARDENING GLOVES PAIR, ORGANIC POTTING SOIL 10L",0.060674,0.058876,0.021124,0.348148,5.913203,0.017551,1.443769,0.884557,0.353463,0.018265,0.353423,0.652,High-Lift Affinity Pair
125,"HEART OF WICKER SMALL, REGENCY CAKESTAND 3 TIER","SET OF 3 CAKE TINS PANTRY, WHITE HANGING HEART T-LIGHT HOLDER",0.060225,0.060674,0.021573,0.358209,5.903814,0.017919,1.463601,0.883847,0.356882,0.004525,0.35688,0.6549,High-Lift Affinity Pair
126,"SET OF 3 CAKE TINS PANTRY, WHITE HANGING HEART T-LIGHT HOLDER","HEART OF WICKER SMALL, REGENCY CAKESTAND 3 TIER",0.060674,0.060225,0.021573,0.355556,5.903814,0.017919,1.458272,0.88427,0.356882,0.004525,0.35688,0.6542,High-Lift Affinity Pair
127,"ARTISAN PASTA PENNE, GARLIC HERB BREADSTICKS, ITALIAN EXTRA VIRGIN OLIVE OIL",AGED PARMESAN REGGIANO,0.039551,0.102022,0.02382,0.602273,5.903334,0.019785,2.257772,0.864808,0.417876,0.530534,0.374992,0.7294,High-Confidence Cross-Sell
128,"CERAMIC PLANT POT WHITE, ORGANIC POTTING SOIL 10L, WATERING CAN GREEN 2L",GARDENING GLOVES PAIR,0.03236,0.117753,0.022472,0.694444,5.897477,0.018661,2.887354,0.858207,0.442642,0.669014,0.364043,0.7541,High-Confidence Cross-Sell
129,"AGED PARMESAN REGGIANO, ARTISAN PASTA PENNE, GARLIC HERB BREADSTICKS",ORGANIC TOMATO BASIL SAUCE,0.035506,0.109663,0.022921,0.64557,5.886854,0.019028,2.512022,0.860689,0.427293,0.606618,0.367334,0.7396,High-Confidence Cross-Sell
130,"HEART OF WICKER SMALL, SET OF 3 CAKE TINS PANTRY","REGENCY CAKESTAND 3 TIER, WHITE HANGING HEART T-LIGHT HOLDER",0.057528,0.06382,0.021573,0.375,5.87588,0.017902,1.497888,0.880464,0.356514,0.063063,0.356034,0.6577,High-Lift Affinity Pair
131,"REGENCY CAKESTAND 3 TIER, WHITE HANGING HEART T-LIGHT HOLDER","HEART OF WICKER SMALL, SET OF 3 CAKE TINS PANTRY",0.06382,0.057528,0.021573,0.338028,5.87588,0.017902,1.423734,0.886382,0.356514,0.063063,0.356034,0.6472,High-Lift Affinity Pair
132,"HEART OF WICKER LARGE, SET OF 3 CAKE TINS PANTRY","HEART OF WICKER SMALL, REGENCY CAKESTAND 3 TIER",0.059775,0.060225,0.021124,0.353383,5.867748,0.017524,1.453373,0.882318,0.352065,0.004545,0.352062,0.6503,High-Lift Affinity Pair
133,"HEART OF WICKER SMALL, REGENCY CAKESTAND 3 TIER","HEART OF WICKER LARGE, SET OF 3 CAKE TINS PANTRY",0.060225,0.059775,0.021124,0.350746,5.867748,0.017524,1.448162,0.88274,0.352065,0.004545,0.352062,0.6495,High-Lift Affinity Pair
134,"LARGE DESK PAD BLACK, WIRELESS ERGONOMIC MOUSE","MECHANICAL KEYBOARD, MONITOR LIGHT BAR",0.050787,0.058876,0.017528,0.345133,5.861987,0.014538,1.437121,0.873786,0.321421,0.087805,0.320546,0.6415,High-Lift Affinity Pair
135,"LARGE DESK PAD BLACK, MECHANICAL KEYBOARD, WIRELESS ERGONOMIC MOUSE",MONITOR LIGHT BAR,0.027416,0.109213,0.017528,0.639344,5.854078,0.014534,2.469908,0.852552,0.399919,0.686792,0.320329,0.7271,High-Confidence Cross-Sell
136,"BLUEBERRY SCONE, CROISSANT ALL BUTTER","ALMOND DANISH, PAIN AU CHOCOLAT",0.059326,0.064719,0.022472,0.378788,5.852799,0.018632,1.505574,0.881433,0.363005,0.053097,0.362662,0.6587,High-Lift Affinity Pair
137,"ALMOND DANISH, PAIN AU CHOCOLAT","BLUEBERRY SCONE, CROISSANT ALL BUTTER",0.064719,0.059326,0.022472,0.347222,5.852799,0.018632,1.441033,0.886516,0.363005,0.053097,0.362662,0.6497,High-Lift Affinity Pair
138,"MECHANICAL KEYBOARD, MONITOR LIGHT BAR, WIRELESS ERGONOMIC MOUSE",USB-C MULTIPORT ADAPTER,0.031011,0.101573,0.018427,0.594203,5.850006,0.015277,2.213981,0.855593,0.387809,0.61811,0.328326,0.7148,High-Lift Affinity Pair
139,"HEART OF WICKER LARGE, HEART OF WICKER SMALL, SET OF 3 CAKE TINS PANTRY",REGENCY CAKESTAND 3 TIER,0.03191,0.113258,0.021124,0.661972,5.844791,0.01751,2.623277,0.85623,0.42424,0.655797,0.351373,0.7387,High-Confidence Cross-Sell
140,"CERAMIC PLANT POT WHITE, WATERING CAN GREEN 2L",LED GROW LIGHT BULB,0.063371,0.105618,0.039101,0.617021,5.84201,0.032408,2.335331,0.884903,0.493617,0.32526,0.477943,0.7532,High-Confidence Cross-Sell
141,LED GROW LIGHT BULB,"CERAMIC PLANT POT WHITE, WATERING CAN GREEN 2L",0.105618,0.063371,0.039101,0.370213,5.84201,0.032408,1.487215,0.926702,0.493617,0.32526,0.477943,0.6833,High-Lift Affinity Pair
142,"MECHANICAL KEYBOARD, USB-C MULTIPORT ADAPTER, WIRELESS ERGONOMIC MOUSE",LARGE DESK PAD BLACK,0.03191,0.101573,0.018876,0.591549,5.823881,0.015635,2.199597,0.855595,0.388695,0.607843,0.331563,0.7129,High-Lift Affinity Pair
143,"ALMOND DANISH, BLUEBERRY SCONE, CROISSANT ALL BUTTER",CAPPUCCINO CUP & SAUCER,0.033708,0.116854,0.022921,0.68,5.819231,0.018982,2.759831,0.857045,0.438077,0.651408,0.365219,0.745,High-Confidence Cross-Sell
144,"LARGE DESK PAD BLACK, MECHANICAL KEYBOARD, USB-C MULTIPORT ADAPTER",MONITOR LIGHT BAR,0.033258,0.109213,0.021124,0.635135,5.815538,0.017491,2.441415,0.856534,0.414275,0.625926,0.350493,0.7287,High-Confidence Cross-Sell
145,"LARGE DESK PAD BLACK, WIRELESS ERGONOMIC MOUSE","MONITOR LIGHT BAR, USB-C MULTIPORT ADAPTER",0.050787,0.057978,0.017079,0.336283,5.800233,0.014134,1.419314,0.871873,0.315428,0.078431,0.314738,0.6339,High-Lift Affinity Pair
146,"ORGANIC EGGS DOZEN, ORGANIC WHOLE MILK","STRAWBERRY PRESERVES, SWEET CREAM BUTTER",0.057528,0.057978,0.019326,0.335937,5.794271,0.015991,1.418575,0.877921,0.334635,0.004673,0.334633,0.6371,High-Lift Affinity Pair
147,"STRAWBERRY PRESERVES, SWEET CREAM BUTTER","ORGANIC EGGS DOZEN, ORGANIC WHOLE MILK",0.057978,0.057528,0.019326,0.333333,5.794271,0.015991,1.413708,0.87834,0.334635,0.004673,0.334633,0.6364,High-Lift Affinity Pair
148,"GARLIC HERB BREADSTICKS, ORGANIC TOMATO BASIL SAUCE","AGED PARMESAN REGGIANO, ARTISAN PASTA PENNE",0.062472,0.063371,0.022921,0.366906,5.789836,0.018962,1.479448,0.882409,0.364304,0.008734,0.364295,0.6516,High-Lift Affinity Pair
149,"AGED PARMESAN REGGIANO, ARTISAN PASTA PENNE","GARLIC HERB BREADSTICKS, ORGANIC TOMATO BASIL SAUCE",0.063371,0.062472,0.022921,0.361702,5.789836,0.018962,1.468794,0.883256,0.364304,0.008734,0.364295,0.6502,High-Lift Affinity Pair
150,"AGED PARMESAN REGGIANO, ARTISAN PASTA PENNE, GARLIC HERB BREADSTICKS",ITALIAN EXTRA VIRGIN OLIVE OIL,0.035506,0.115955,0.02382,0.670886,5.785742,0.019703,2.686137,0.857611,0.438156,0.630282,0.371238,0.7413,High-Confidence Cross-Sell
151,"LED GROW LIGHT BULB, WATERING CAN GREEN 2L",CERAMIC PLANT POT WHITE,0.060674,0.111461,0.039101,0.644444,5.78181,0.032338,2.499017,0.880465,0.497625,0.381757,0.475474,0.757,High-Confidence Cross-Sell
152,CERAMIC PLANT POT WHITE,"LED GROW LIGHT BULB, WATERING CAN GREEN 2L",0.111461,0.060674,0.039101,0.350806,5.78181,0.032338,1.446912,0.93079,0.497625,0.381757,0.475474,0.6739,High-Lift Affinity Pair
153,"CERAMIC PLANT POT WHITE, LED GROW LIGHT BULB, WATERING CAN GREEN 2L",ORGANIC POTTING SOIL 10L,0.039101,0.101573,0.022921,0.586207,5.771285,0.01895,2.171199,0.86037,0.405935,0.530534,0.363711,0.714,High-Lift Affinity Pair
154,"LED GROW LIGHT BULB, ORGANIC POTTING SOIL 10L","GARDENING GLOVES PAIR, WATERING CAN GREEN 2L",0.053933,0.067865,0.021124,0.391667,5.771247,0.017463,1.532276,0.873857,0.351462,0.138393,0.349155,0.6544,High-Lift Affinity Pair
155,"GARDENING GLOVES PAIR, WATERING CAN GREEN 2L","LED GROW LIGHT BULB, ORGANIC POTTING SOIL 10L",0.067865,0.053933,0.021124,0.311258,5.771247,0.017463,1.373617,0.886918,0.351462,0.138393,0.349155,0.6316,High-Lift Affinity Pair
156,"ARTISAN PASTA PENNE, ITALIAN EXTRA VIRGIN OLIVE OIL, ORGANIC TOMATO BASIL SAUCE",GARLIC HERB BREADSTICKS,0.040449,0.113708,0.026517,0.655556,5.765261,0.021917,2.573106,0.86139,0.444379,0.573944,0.390994,0.7395,High-Confidence Cross-Sell
157,"ALMOND DANISH, BLUEBERRY SCONE","CAPPUCCINO CUP & SAUCER, PAIN AU CHOCOLAT",0.057079,0.065618,0.021573,0.377953,5.759896,0.017828,1.502108,0.87641,0.35336,0.084444,0.352503,0.6504,High-Lift Affinity Pair
158,"CAPPUCCINO CUP & SAUCER, PAIN AU CHOCOLAT","ALMOND DANISH, BLUEBERRY SCONE",0.065618,0.057079,0.021573,0.328767,5.759896,0.017828,1.40476,0.88442,0.35336,0.084444,0.352503,0.6365,High-Lift Affinity Pair
159,"LARGE DESK PAD BLACK, MECHANICAL KEYBOARD",USB-C MULTIPORT ADAPTER,0.057079,0.101573,0.033258,0.582677,5.736534,0.027461,2.152834,0.87566,0.455055,0.354839,0.436793,0.7267,High-Lift Affinity Pair
160,USB-C MULTIPORT ADAPTER,"LARGE DESK PAD BLACK, MECHANICAL KEYBOARD",0.101573,0.057079,0.033258,0.327434,5.736534,0.027461,1.401975,0.919027,0.455055,0.354839,0.436793,0.6544,High-Lift Affinity Pair
161,"MONITOR LIGHT BAR, USB-C MULTIPORT ADAPTER, WIRELESS ERGONOMIC MOUSE",MECHANICAL KEYBOARD,0.030562,0.105169,0.018427,0.602941,5.733095,0.015213,2.25365,0.851601,0.389077,0.636015,0.325029,0.7092,High-Confidence Cross-Sell
162,"HEART OF WICKER SMALL, SET OF 3 CAKE TINS PANTRY, WHITE HANGING HEART T-LIGHT HOLDER",REGENCY CAKESTAND 3 TIER,0.033258,0.113258,0.021573,0.648649,5.727156,0.017806,2.523803,0.853789,0.419562,0.640288,0.3515,0.7272,High-Confidence Cross-Sell
163,"LARGE DESK PAD BLACK, USB-C MULTIPORT ADAPTER",MECHANICAL KEYBOARD,0.055281,0.105169,0.033258,0.601626,5.720589,0.027445,2.24621,0.87348,0.458933,0.392226,0.436186,0.7311,High-Confidence Cross-Sell
164,MECHANICAL KEYBOARD,"LARGE DESK PAD BLACK, USB-C MULTIPORT ADAPTER",0.105169,0.055281,0.033258,0.316239,5.720589,0.027445,1.381652,0.922177,0.458933,0.392226,0.436186,0.6503,High-Lift Affinity Pair
165,"ARTISAN PASTA PENNE, GARLIC HERB BREADSTICKS, ORGANIC TOMATO BASIL SAUCE",ITALIAN EXTRA VIRGIN OLIVE OIL,0.04,0.115955,0.026517,0.662921,5.717054,0.021879,2.622667,0.859463,0.445802,0.586806,0.389356,0.7383,High-Confidence Cross-Sell
166,"GARDENING GLOVES PAIR, LED GROW LIGHT BULB, WATERING CAN GREEN 2L",ORGANIC POTTING SOIL 10L,0.036404,0.101573,0.021124,0.580247,5.712608,0.017426,2.14037,0.856115,0.394106,0.557692,0.347377,0.7053,High-Lift Affinity Pair
167,"ORGANIC WHOLE MILK, STRAWBERRY PRESERVES, SWEET CREAM BUTTER",ORGANIC EGGS DOZEN,0.030112,0.11236,0.019326,0.641791,5.71194,0.015942,2.477996,0.85054,0.406896,0.667883,0.332247,0.7206,High-Confidence Cross-Sell
168,"USB-C MULTIPORT ADAPTER, WIRELESS ERGONOMIC MOUSE","MECHANICAL KEYBOARD, MONITOR LIGHT BAR",0.054831,0.058876,0.018427,0.336066,5.707984,0.015199,1.417495,0.872656,0.324521,0.042453,0.324316,0.6296,High-Lift Affinity Pair
169,"MECHANICAL KEYBOARD, MONITOR LIGHT BAR","USB-C MULTIPORT ADAPTER, WIRELESS ERGONOMIC MOUSE",0.058876,0.054831,0.018427,0.312977,5.707984,0.015199,1.375745,0.876406,0.324521,0.042453,0.324316,0.623,High-Lift Affinity Pair
170,"AGED PARMESAN REGGIANO, ARTISAN PASTA PENNE","ITALIAN EXTRA VIRGIN OLIVE OIL, ORGANIC TOMATO BASIL SAUCE",0.063371,0.063371,0.022921,0.361702,5.707711,0.018905,1.467386,0.880603,0.361702,0.0,0.361702,0.6444,High-Lift Affinity Pair
171,"ITALIAN EXTRA VIRGIN OLIVE OIL, ORGANIC TOMATO BASIL SAUCE","AGED PARMESAN REGGIANO, ARTISAN PASTA PENNE",0.063371,0.063371,0.022921,0.361702,5.707711,0.018905,1.467386,0.880603,0.361702,0.0,0.361702,0.6444,High-Lift Affinity Pair
172,"BLUEBERRY SCONE, CROISSANT ALL BUTTER, PAIN AU CHOCOLAT",ALMOND DANISH,0.034157,0.115506,0.022472,0.657895,5.695781,0.018527,2.585445,0.853588,0.426224,0.639576,0.357764,0.7291,High-Confidence Cross-Sell
173,"MECHANICAL KEYBOARD, USB-C MULTIPORT ADAPTER",LARGE DESK PAD BLACK,0.057528,0.101573,0.033258,0.578125,5.691717,0.027415,2.129605,0.874621,0.452779,0.35,0.435083,0.7222,High-Lift Affinity Pair
174,LARGE DESK PAD BLACK,"MECHANICAL KEYBOARD, USB-C MULTIPORT ADAPTER",0.101573,0.057528,0.033258,0.327434,5.691717,0.027415,1.401307,0.917499,0.452779,0.35,0.435083,0.6513,High-Lift Affinity Pair
175,"REGENCY CAKESTAND 3 TIER, SET OF 3 CAKE TINS PANTRY, WHITE HANGING HEART T-LIGHT HOLDER",HEART OF WICKER LARGE,0.034607,0.107416,0.021124,0.61039,5.682497,0.017406,2.290966,0.85356,0.403521,0.60223,0.34646,0.7121,High-Confidence Cross-Sell
176,"AGED PARMESAN REGGIANO, ARTISAN PASTA PENNE, ORGANIC TOMATO BASIL SAUCE",GARLIC HERB BREADSTICKS,0.035506,0.113708,0.022921,0.64557,5.67744,0.018884,2.50061,0.854193,0.423575,0.619217,0.360742,0.7249,High-Confidence Cross-Sell
177,"COLOMBIAN ROAST COFFEE, FRENCH VANILLA SYRUP, PURE CANE SUGAR",CERAMIC COFFEE MUG,0.035506,0.107416,0.021573,0.607595,5.65648,0.017759,2.27465,0.853516,0.404216,0.592593,0.349324,0.7101,High-Confidence Cross-Sell
178,"REGENCY CAKESTAND 3 TIER, SET OF 3 CAKE TINS PANTRY",HEART OF WICKER LARGE,0.060674,0.107416,0.036854,0.607407,5.654734,0.030337,2.273564,0.876327,0.475252,0.356164,0.456508,0.7337,High-Confidence Cross-Sell
179,HEART OF WICKER LARGE,"REGENCY CAKESTAND 3 TIER, SET OF 3 CAKE TINS PANTRY",0.107416,0.060674,0.036854,0.343096,5.654734,0.030337,1.429929,0.922218,0.475252,0.356164,0.456508,0.659,High-Lift Affinity Pair
180,"CERAMIC COFFEE MUG, COLOMBIAN ROAST COFFEE","FRENCH VANILLA SYRUP, PURE CANE SUGAR",0.060674,0.062921,0.021573,0.355556,5.650794,0.017755,1.454088,0.876196,0.349206,0.022026,0.349149,0.6364,High-Lift Affinity Pair
181,"FRENCH VANILLA SYRUP, PURE CANE SUGAR","CERAMIC COFFEE MUG, COLOMBIAN ROAST COFFEE",0.062921,0.060674,0.021573,0.342857,5.650794,0.017755,1.429409,0.878297,0.349206,0.022026,0.349149,0.6328,High-Lift Affinity Pair
182,"ORGANIC EGGS DOZEN, STRAWBERRY PRESERVES, SWEET CREAM BUTTER",ORGANIC WHOLE MILK,0.032809,0.10427,0.019326,0.589041,5.649209,0.015905,2.17961,0.850901,0.387193,0.60687,0.330417,0.7006,High-Lift Affinity Pair
183,"AGED PARMESAN REGGIANO, GARLIC HERB BREADSTICKS, ITALIAN EXTRA VIRGIN OLIVE OIL",ARTISAN PASTA PENNE,0.035955,0.117303,0.02382,0.6625,5.647749,0.019603,2.615397,0.853631,0.432783,0.628472,0.366784,0.7292,High-Confidence Cross-Sell
184,"CERAMIC PLANT POT WHITE, LED GROW LIGHT BULB",WATERING CAN GREEN 2L,0.060674,0.114157,0.039101,0.644444,5.645232,0.032175,2.491433,0.876011,0.493482,0.39404,0.469824,0.7474,High-Confidence Cross-Sell
185,WATERING CAN GREEN 2L,"CERAMIC PLANT POT WHITE, LED GROW LIGHT BULB",0.114157,0.060674,0.039101,0.34252,5.645232,0.032175,1.428675,0.9289,0.493482,0.39404,0.469824,0.6621,High-Lift Affinity Pair
186,"GARDENING GLOVES PAIR, LED GROW LIGHT BULB, ORGANIC POTTING SOIL 10L",WATERING CAN GREEN 2L,0.032809,0.114157,0.021124,0.643836,5.639899,0.017378,2.487174,0.850599,0.414437,0.646429,0.345159,0.719,High-Confidence Cross-Sell
187,"ALMOND DANISH, BLUEBERRY SCONE, CAPPUCCINO CUP & SAUCER",CROISSANT ALL BUTTER,0.033708,0.120899,0.022921,0.68,5.624535,0.018846,2.747191,0.850889,0.434796,0.662116,0.359057,0.7313,High-Confidence Cross-Sell
188,"ARTISAN PASTA PENNE, GARLIC HERB BREADSTICKS, ORGANIC TOMATO BASIL SAUCE",AGED PARMESAN REGGIANO,0.04,0.102022,0.022921,0.573034,5.61674,0.01884,2.103158,0.856209,0.398852,0.520755,0.358808,0.6993,High-Lift Affinity Pair
189,"CERAMIC PLANT POT WHITE, GARDENING GLOVES PAIR, ORGANIC POTTING SOIL 10L",WATERING CAN GREEN 2L,0.035056,0.114157,0.022472,0.641026,5.615284,0.01847,2.467705,0.851775,0.418938,0.624113,0.355227,0.7185,High-Confidence Cross-Sell
190,"MECHANICAL KEYBOARD, WIRELESS ERGONOMIC MOUSE","MONITOR LIGHT BAR, USB-C MULTIPORT ADAPTER",0.056629,0.057978,0.018427,0.325397,5.612465,0.015144,1.39641,0.871158,0.321613,0.014019,0.321591,0.6198,High-Lift Affinity Pair
191,"MONITOR LIGHT BAR, USB-C MULTIPORT ADAPTER","MECHANICAL KEYBOARD, WIRELESS ERGONOMIC MOUSE",0.057978,0.056629,0.018427,0.317829,5.612465,0.015144,1.382896,0.872405,0.321613,0.014019,0.321591,0.6177,High-Lift Affinity Pair
192,"LARGE DESK PAD BLACK, USB-C MULTIPORT ADAPTER, WIRELESS ERGONOMIC MOUSE",MONITOR LIGHT BAR,0.027865,0.109213,0.017079,0.612903,5.611974,0.014035,2.301199,0.845366,0.384641,0.677903,0.309588,0.7016,High-Confidence Cross-Sell
193,"HEART OF WICKER LARGE, HEART OF WICKER SMALL, REGENCY CAKESTAND 3 TIER",SET OF 3 CAKE TINS PANTRY,0.035506,0.106067,0.021124,0.594937,5.609043,0.017358,2.206896,0.851966,0.397045,0.585821,0.344214,0.7024,High-Lift Affinity Pair
194,"HEART OF WICKER LARGE, HEART OF WICKER SMALL",WHITE HANGING HEART T-LIGHT HOLDER,0.05618,0.110112,0.034607,0.616,5.594286,0.028421,2.317416,0.87013,0.465143,0.409556,0.44,0.7285,High-Confidence Cross-Sell
195,WHITE HANGING HEART T-LIGHT HOLDER,"HEART OF WICKER LARGE, HEART OF WICKER SMALL",0.110112,0.05618,0.034607,0.314286,5.594286,0.028421,1.376404,0.922865,0.465143,0.409556,0.44,0.6432,High-Lift Affinity Pair
196,"AGED PARMESAN REGGIANO, GARLIC HERB BREADSTICKS","ARTISAN PASTA PENNE, ORGANIC TOMATO BASIL SAUCE",0.058876,0.069663,0.022921,0.389313,5.588525,0.01882,1.523427,0.872427,0.359173,0.102128,0.357906,0.6439,High-Lift Affinity Pair
197,"ARTISAN PASTA PENNE, ORGANIC TOMATO BASIL SAUCE","AGED PARMESAN REGGIANO, GARLIC HERB BREADSTICKS",0.069663,0.058876,0.022921,0.329032,5.588525,0.01882,1.402636,0.882542,0.359173,0.102128,0.357906,0.6268,High-Lift Affinity Pair
198,"LARGE DESK PAD BLACK, MONITOR LIGHT BAR, WIRELESS ERGONOMIC MOUSE",USB-C MULTIPORT ADAPTER,0.030112,0.101573,0.017079,0.567164,5.583807,0.01402,2.075676,0.846398,0.367653,0.623529,0.30881,0.6861,High-Lift Affinity Pair
199,"ARTISAN PASTA PENNE, ITALIAN EXTRA VIRGIN OLIVE OIL",AGED PARMESAN REGGIANO,0.067865,0.102022,0.038652,0.569536,5.582461,0.031728,2.086071,0.880632,0.474196,0.260274,0.464512,0.7205,High-Lift Affinity Pair
200,AGED PARMESAN REGGIANO,"ARTISAN PASTA PENNE, ITALIAN EXTRA VIRGIN OLIVE OIL",0.102022,0.067865,0.038652,0.378855,5.582461,0.031728,1.500671,0.914129,0.474196,0.260274,0.464512,0.6666,High-Lift Affinity Pair
201,"HEART OF WICKER LARGE, HEART OF WICKER SMALL",REGENCY CAKESTAND 3 TIER,0.05618,0.113258,0.035506,0.632,5.580159,0.029143,2.409624,0.86965,0.472746,0.426174,0.445115,0.7336,High-Confidence Cross-Sell
202,REGENCY CAKESTAND 3 TIER,"HEART OF WICKER LARGE, HEART OF WICKER SMALL",0.113258,0.05618,0.035506,0.313492,5.580159,0.029143,1.374813,0.925629,0.472746,0.426174,0.445115,0.6436,High-Lift Affinity Pair
203,"REGENCY CAKESTAND 3 TIER, SET OF 3 CAKE TINS PANTRY","HEART OF WICKER LARGE, WHITE HANGING HEART T-LIGHT HOLDER",0.060674,0.062472,0.021124,0.348148,5.572875,0.017333,1.438253,0.873562,0.343139,0.017621,0.343102,0.6281,High-Lift Affinity Pair
204,"STRAWBERRY PRESERVES, SWEET CREAM BUTTER, WHOLE WHEAT BREAD",ORGANIC WHOLE MILK,0.027865,0.10427,0.01618,0.580645,5.568687,0.013274,2.135972,0.843941,0.367909,0.658915,0.300167,0.6876,High-Lift Affinity Pair
205,"BLUEBERRY SCONE, PAIN AU CHOCOLAT","ALMOND DANISH, CAPPUCCINO CUP & SAUCER",0.062022,0.062472,0.021573,0.347826,5.56772,0.017698,1.437543,0.874641,0.346575,0.004367,0.346573,0.6284,High-Lift Affinity Pair
206,"ALMOND DANISH, CAPPUCCINO CUP & SAUCER","BLUEBERRY SCONE, PAIN AU CHOCOLAT",0.062472,0.062022,0.021573,0.345324,5.56772,0.017698,1.432735,0.87506,0.346575,0.004367,0.346573,0.6276,High-Lift Affinity Pair
207,"AGED PARMESAN REGGIANO, ARTISAN PASTA PENNE, ORGANIC TOMATO BASIL SAUCE",ITALIAN EXTRA VIRGIN OLIVE OIL,0.035506,0.115955,0.022921,0.64557,5.567412,0.018804,2.49427,0.850584,0.421622,0.625874,0.357229,0.7171,High-Confidence Cross-Sell
208,"MECHANICAL KEYBOARD, MONITOR LIGHT BAR, WIRELESS ERGONOMIC MOUSE",LARGE DESK PAD BLACK,0.031011,0.101573,0.017528,0.565217,5.56464,0.014378,2.066382,0.846546,0.368892,0.613281,0.31231,0.6849,High-Lift Affinity Pair
209,"ORGANIC EGGS DOZEN, ORGANIC WHOLE MILK, SWEET CREAM BUTTER",STRAWBERRY PRESERVES,0.03236,0.107416,0.019326,0.597222,5.559914,0.01585,2.216071,0.847568,0.388569,0.623134,0.327796,0.6968,High-Lift Affinity Pair
210,"ARTISAN PASTA PENNE, GARLIC HERB BREADSTICKS",ORGANIC TOMATO BASIL SAUCE,0.065618,0.109663,0.04,0.609589,5.558753,0.032804,2.280513,0.877696,0.487172,0.325581,0.47154,0.7325,High-Confidence Cross-Sell
211,ORGANIC TOMATO BASIL SAUCE,"ARTISAN PASTA PENNE, GARLIC HERB BREADSTICKS",0.109663,0.065618,0.04,0.364754,5.558753,0.032804,1.470898,0.921116,0.487172,0.325581,0.47154,0.6634,High-Lift Affinity Pair
212,"MECHANICAL KEYBOARD, WIRELESS ERGONOMIC MOUSE",USB-C MULTIPORT ADAPTER,0.056629,0.101573,0.03191,0.563492,5.547654,0.026158,2.058215,0.868952,0.438826,0.355872,0.420745,0.7057,High-Lift Affinity Pair
213,USB-C MULTIPORT ADAPTER,"MECHANICAL KEYBOARD, WIRELESS ERGONOMIC MOUSE",0.101573,0.056629,0.03191,0.314159,5.547654,0.026158,1.375495,0.912421,0.438826,0.355872,0.420745,0.6352,High-Lift Affinity Pair
214,"ORGANIC WHOLE MILK, SWEET CREAM BUTTER","ORGANIC EGGS DOZEN, WHOLE WHEAT BREAD",0.05618,0.062022,0.019326,0.344,5.546377,0.015841,1.429844,0.868494,0.327797,0.059091,0.327396,0.622,High-Lift Affinity Pair
215,"ORGANIC EGGS DOZEN, WHOLE WHEAT BREAD","ORGANIC WHOLE MILK, SWEET CREAM BUTTER",0.062022,0.05618,0.019326,0.311594,5.546377,0.015841,1.371023,0.873904,0.327797,0.059091,0.327396,0.6128,High-Lift Affinity Pair
216,"ALMOND DANISH, BLUEBERRY SCONE","CROISSANT ALL BUTTER, PAIN AU CHOCOLAT",0.057079,0.071011,0.022472,0.393701,5.544204,0.018419,1.532228,0.869247,0.355078,0.131915,0.352971,0.6413,High-Lift Affinity Pair
217,"CROISSANT ALL BUTTER, PAIN AU CHOCOLAT","ALMOND DANISH, BLUEBERRY SCONE",0.071011,0.057079,0.022472,0.316456,5.544204,0.018419,1.379459,0.882284,0.355078,0.131915,0.352971,0.6194,High-Lift Affinity Pair
218,"BLUEBERRY SCONE, CROISSANT ALL BUTTER","CAPPUCCINO CUP & SAUCER, PAIN AU CHOCOLAT",0.059326,0.065618,0.021573,0.363636,5.541719,0.01768,1.468315,0.871237,0.346202,0.06087,0.345762,0.631,High-Lift Affinity Pair
219,"CAPPUCCINO CUP & SAUCER, PAIN AU CHOCOLAT","BLUEBERRY SCONE, CROISSANT ALL BUTTER",0.065618,0.059326,0.021573,0.328767,5.541719,0.01768,1.401413,0.877104,0.346202,0.06087,0.345762,0.6211,High-Lift Affinity Pair
220,HEART OF WICKER LARGE,REGENCY CAKESTAND 3 TIER,0.107416,0.113258,0.067416,0.627615,5.541443,0.05525,2.38125,0.918167,0.611427,0.038123,0.611212,0.7794,High-Confidence Cross-Sell
221,REGENCY CAKESTAND 3 TIER,HEART OF WICKER LARGE,0.113258,0.107416,0.067416,0.595238,5.541443,0.05525,2.205208,0.924217,0.611427,0.038123,0.611212,0.7703,High-Lift Affinity Pair
222,"CERAMIC COFFEE MUG, FRENCH VANILLA SYRUP",PURE CANE SUGAR,0.057978,0.110562,0.035506,0.612403,5.539012,0.029096,2.294751,0.869897,0.466771,0.39527,0.44347,0.7249,High-Confidence Cross-Sell
223,PURE CANE SUGAR,"CERAMIC COFFEE MUG, FRENCH VANILLA SYRUP",0.110562,0.057978,0.035506,0.321138,5.539012,0.029096,1.38765,0.921326,0.466771,0.39527,0.44347,0.6427,High-Lift Affinity Pair
224,"HEART OF WICKER LARGE, SET OF 3 CAKE TINS PANTRY","REGENCY CAKESTAND 3 TIER, WHITE HANGING HEART T-LIGHT HOLDER",0.059775,0.06382,0.021124,0.353383,5.53717,0.017309,1.447813,0.871496,0.342185,0.039474,0.342001,0.627,High-Lift Affinity Pair
225,"REGENCY CAKESTAND 3 TIER, WHITE HANGING HEART T-LIGHT HOLDER","HEART OF WICKER LARGE, SET OF 3 CAKE TINS PANTRY",0.06382,0.059775,0.021124,0.330986,5.53717,0.017309,1.405389,0.875262,0.342185,0.039474,0.342001,0.6207,High-Lift Affinity Pair
226,"ALMOND DANISH, BLUEBERRY SCONE, CROISSANT ALL BUTTER",PAIN AU CHOCOLAT,0.033708,0.120449,0.022472,0.666667,5.534826,0.018412,2.638652,0.847907,0.426617,0.658703,0.352673,0.7204,High-Confidence Cross-Sell
227,"LARGE DESK PAD BLACK, MONITOR LIGHT BAR, WIRELESS ERGONOMIC MOUSE",MECHANICAL KEYBOARD,0.030112,0.105169,0.017528,0.58209,5.534826,0.014361,2.141204,0.844764,0.374378,0.637405,0.311472,0.6877,High-Lift Affinity Pair
228,"USB-C MULTIPORT ADAPTER, WIRELESS ERGONOMIC MOUSE",MECHANICAL KEYBOARD,0.054831,0.105169,0.03191,0.581967,5.533663,0.026144,2.140577,0.866817,0.442693,0.392982,0.420214,0.7101,High-Lift Affinity Pair
229,MECHANICAL KEYBOARD,"USB-C MULTIPORT ADAPTER, WIRELESS ERGONOMIC MOUSE",0.105169,0.054831,0.03191,0.303419,5.533663,0.026144,1.356868,0.915578,0.442693,0.392982,0.420214,0.6314,High-Lift Affinity Pair
230,"CERAMIC COFFEE MUG, COLOMBIAN ROAST COFFEE, DARK CHOCOLATE BAR 85%",PURE CANE SUGAR,0.03236,0.110562,0.019775,0.611111,5.527326,0.016198,2.287127,0.846472,0.394986,0.635036,0.330612,0.6993,High-Confidence Cross-Sell
231,"HEART OF WICKER LARGE, REGENCY CAKESTAND 3 TIER, SET OF 3 CAKE TINS PANTRY",HEART OF WICKER SMALL,0.036854,0.10382,0.021124,0.573171,5.5208,0.017297,2.099621,0.8502,0.388317,0.56015,0.341495,0.6897,High-Lift Affinity Pair
232,"AGED PARMESAN REGGIANO, ORGANIC TOMATO BASIL SAUCE",ARTISAN PASTA PENNE,0.054831,0.117303,0.035506,0.647541,5.520225,0.029074,2.504395,0.866351,0.475111,0.457237,0.442718,0.7339,High-Confidence Cross-Sell
233,ARTISAN PASTA PENNE,"AGED PARMESAN REGGIANO, ORGANIC TOMATO BASIL SAUCE",0.117303,0.054831,0.035506,0.302682,5.520225,0.029074,1.355434,0.927666,0.475111,0.457237,0.442718,0.6365,High-Lift Affinity Pair
234,"HEART OF WICKER SMALL, WHITE HANGING HEART T-LIGHT HOLDER",HEART OF WICKER LARGE,0.058427,0.107416,0.034607,0.592308,5.514162,0.028331,2.189358,0.869448,0.457242,0.373288,0.436838,0.7159,High-Lift Affinity Pair
235,HEART OF WICKER LARGE,"HEART OF WICKER SMALL, WHITE HANGING HEART T-LIGHT HOLDER",0.107416,0.058427,0.034607,0.322176,5.514162,0.028331,1.389111,0.917167,0.457242,0.373288,0.436838,0.6397,High-Lift Affinity Pair
236,"ORGANIC EGGS DOZEN, ORGANIC WHOLE MILK, STRAWBERRY PRESERVES",WHOLE WHEAT BREAD,0.027865,0.114157,0.017528,0.629032,5.510224,0.014347,2.387924,0.841981,0.391288,0.693141,0.310779,0.6999,High-Confidence Cross-Sell
237,HEART OF WICKER LARGE,"REGENCY CAKESTAND 3 TIER, WHITE HANGING HEART T-LIGHT HOLDER",0.107416,0.06382,0.037753,0.351464,5.507101,0.030898,1.443529,0.916906,0.471507,0.326599,0.45597,0.6524,High-Lift Affinity Pair
238,"MONITOR LIGHT BAR, USB-C MULTIPORT ADAPTER, WIRELESS ERGONOMIC MOUSE",LARGE DESK PAD BLACK,0.030562,0.101573,0.017079,0.558824,5.501692,0.013974,2.036434,0.844033,0.363483,0.617188,0.306531,0.6778,High-Lift Affinity Pair
239,"CERAMIC COFFEE MUG, DARK CHOCOLATE BAR 85%","COLOMBIAN ROAST COFFEE, PURE CANE SUGAR",0.058427,0.061573,0.019775,0.338462,5.496912,0.016178,1.418552,0.868844,0.329815,0.03139,0.329701,0.6177,High-Lift Affinity Pair
240,"COLOMBIAN ROAST COFFEE, PURE CANE SUGAR","CERAMIC COFFEE MUG, DARK CHOCOLATE BAR 85%",0.061573,0.058427,0.019775,0.321168,5.496912,0.016178,1.387048,0.871756,0.329815,0.03139,0.329701,0.6128,High-Lift Affinity Pair
241,"LARGE DESK PAD BLACK, MECHANICAL KEYBOARD, USB-C MULTIPORT ADAPTER",WIRELESS ERGONOMIC MOUSE,0.033258,0.103371,0.018876,0.567568,5.490599,0.015438,2.073455,0.846007,0.375088,0.59542,0.321936,0.6824,High-Lift Affinity Pair
242,HEART OF WICKER LARGE,"HEART OF WICKER SMALL, REGENCY CAKESTAND 3 TIER",0.107416,0.060225,0.035506,0.330544,5.488509,0.029037,1.403789,0.916217,0.460048,0.357143,0.441444,0.6416,High-Lift Affinity Pair
243,"MECHANICAL KEYBOARD, MONITOR LIGHT BAR",USB-C MULTIPORT ADAPTER,0.058876,0.101573,0.032809,0.557252,5.486219,0.026829,2.029206,0.868882,0.44013,0.334507,0.424261,0.701,High-Lift Affinity Pair
244,USB-C MULTIPORT ADAPTER,"MECHANICAL KEYBOARD, MONITOR LIGHT BAR",0.101573,0.058876,0.032809,0.323009,5.486219,0.026829,1.390156,0.910174,0.44013,0.334507,0.424261,0.6348,High-Lift Affinity Pair
245,"ORGANIC WHOLE MILK, STRAWBERRY PRESERVES","SWEET CREAM BUTTER, WHOLE WHEAT BREAD",0.053483,0.055281,0.01618,0.302521,5.472433,0.013223,1.354477,0.863446,0.297602,0.019417,0.297561,0.5997,High-Lift Affinity Pair
246,"CERAMIC PLANT POT WHITE, LED GROW LIGHT BULB, WATERING CAN GREEN 2L",GARDENING GLOVES PAIR,0.039101,0.117753,0.025169,0.643678,5.466351,0.020564,2.475984,0.850311,0.428709,0.59727,0.370918,0.7129,High-Confidence Cross-Sell
247,"CERAMIC PLANT POT WHITE, ORGANIC POTTING SOIL 10L",LED GROW LIGHT BULB,0.055281,0.105618,0.03191,0.577236,5.465317,0.026071,2.115557,0.864837,0.439682,0.390244,0.417611,0.7039,High-Lift Affinity Pair
248,LED GROW LIGHT BULB,"CERAMIC PLANT POT WHITE, ORGANIC POTTING SOIL 10L",0.105618,0.055281,0.03191,0.302128,5.465317,0.026071,1.353713,0.913511,0.439682,0.390244,0.417611,0.6262,High-Lift Affinity Pair
249,"GARLIC HERB BREADSTICKS, ORGANIC TOMATO BASIL SAUCE",ARTISAN PASTA PENNE,0.062472,0.117303,0.04,0.640288,5.458392,0.032672,2.453897,0.871223,0.490642,0.392283,0.467264,0.7344,High-Confidence Cross-Sell
250,ARTISAN PASTA PENNE,"GARLIC HERB BREADSTICKS, ORGANIC TOMATO BASIL SAUCE",0.117303,0.062472,0.04,0.340996,5.458392,0.032672,1.422644,0.925342,0.490642,0.392283,0.467264,0.65,High-Lift Affinity Pair
251,"COLOMBIAN ROAST COFFEE, DARK CHOCOLATE BAR 85%, PURE CANE SUGAR",FRENCH VANILLA SYRUP,0.030562,0.113258,0.018876,0.617647,5.453431,0.015415,2.31917,0.842374,0.392157,0.661871,0.320844,0.6946,High-Confidence Cross-Sell
252,"BLUEBERRY SCONE, CAPPUCCINO CUP & SAUCER, CROISSANT ALL BUTTER",ALMOND DANISH,0.036404,0.115506,0.022921,0.62963,5.451074,0.018716,2.388135,0.847399,0.414037,0.61324,0.353477,0.7042,High-Confidence Cross-Sell
253,"HEART OF WICKER SMALL, SET OF 3 CAKE TINS PANTRY","HEART OF WICKER LARGE, REGENCY CAKESTAND 3 TIER",0.057528,0.067416,0.021124,0.367187,5.446615,0.017245,1.473713,0.866232,0.34026,0.095238,0.339193,0.6246,High-Lift Affinity Pair
254,"HEART OF WICKER LARGE, REGENCY CAKESTAND 3 TIER","HEART OF WICKER SMALL, SET OF 3 CAKE TINS PANTRY",0.067416,0.057528,0.021124,0.313333,5.446615,0.017245,1.372532,0.875417,0.34026,0.095238,0.339193,0.6093,High-Lift Affinity Pair
255,REGENCY CAKESTAND 3 TIER,"HEART OF WICKER LARGE, SET OF 3 CAKE TINS PANTRY",0.113258,0.059775,0.036854,0.325397,5.443669,0.030084,1.393745,0.920562,0.470969,0.392739,0.447907,0.6394,High-Lift Affinity Pair
256,"ALMOND DANISH, BLUEBERRY SCONE, PAIN AU CHOCOLAT",CROISSANT ALL BUTTER,0.034157,0.120899,0.022472,0.657895,5.441694,0.018342,2.56968,0.8451,0.421884,0.654237,0.349693,0.7112,High-Confidence Cross-Sell
257,"ITALIAN EXTRA VIRGIN OLIVE OIL, ORGANIC TOMATO BASIL SAUCE",ARTISAN PASTA PENNE,0.063371,0.117303,0.040449,0.638298,5.441428,0.033016,2.440397,0.871449,0.491563,0.384615,0.469151,0.7333,High-Confidence Cross-Sell
258,ARTISAN PASTA PENNE,"ITALIAN EXTRA VIRGIN OLIVE OIL, ORGANIC TOMATO BASIL SAUCE",0.117303,0.063371,0.040449,0.344828,5.441428,0.033016,1.429592,0.924695,0.491563,0.384615,0.469151,0.6506,High-Lift Affinity Pair
259,"ARTISAN PASTA PENNE, ITALIAN EXTRA VIRGIN OLIVE OIL",ORGANIC TOMATO BASIL SAUCE,0.067865,0.109663,0.040449,0.596026,5.435078,0.033007,2.203949,0.875421,0.482439,0.304918,0.468877,0.7206,High-Lift Affinity Pair
260,ORGANIC TOMATO BASIL SAUCE,"ARTISAN PASTA PENNE, ITALIAN EXTRA VIRGIN OLIVE OIL",0.109663,0.067865,0.040449,0.368852,5.435078,0.033007,1.476889,0.916518,0.482439,0.304918,0.468877,0.6565,High-Lift Affinity Pair
261,"CERAMIC COFFEE MUG, COLOMBIAN ROAST COFFEE, PURE CANE SUGAR",FRENCH VANILLA SYRUP,0.035056,0.113258,0.021573,0.615385,5.433455,0.017603,2.305528,0.845599,0.40293,0.617021,0.342368,0.6967,High-Confidence Cross-Sell
262,"MECHANICAL KEYBOARD, MONITOR LIGHT BAR, USB-C MULTIPORT ADAPTER",WIRELESS ERGONOMIC MOUSE,0.032809,0.103371,0.018427,0.561644,5.433294,0.015035,2.045435,0.843628,0.369952,0.599237,0.316416,0.676,High-Lift Affinity Pair
263,"AGED PARMESAN REGGIANO, ITALIAN EXTRA VIRGIN OLIVE OIL",ARTISAN PASTA PENNE,0.060674,0.117303,0.038652,0.637037,5.43068,0.031534,2.431919,0.86856,0.483269,0.406452,0.458154,0.7294,High-Confidence Cross-Sell
264,ARTISAN PASTA PENNE,"AGED PARMESAN REGGIANO, ITALIAN EXTRA VIRGIN OLIVE OIL",0.117303,0.060674,0.038652,0.329502,5.43068,0.031534,1.400937,0.924282,0.483269,0.406452,0.458154,0.6427,High-Lift Affinity Pair
265,"LARGE DESK PAD BLACK, WIRELESS ERGONOMIC MOUSE",MONITOR LIGHT BAR,0.050787,0.109213,0.030112,0.59292,5.429003,0.024566,2.188236,0.859453,0.43432,0.449827,0.404327,0.7031,High-Lift Affinity Pair
266,"AGED PARMESAN REGGIANO, ITALIAN EXTRA VIRGIN OLIVE OIL","ARTISAN PASTA PENNE, ORGANIC TOMATO BASIL SAUCE",0.060674,0.069663,0.022921,0.377778,5.422939,0.018695,1.495185,0.86828,0.353405,0.083682,0.352564,0.6289,High-Lift Affinity Pair
267,"AGED PARMESAN REGGIANO, ARTISAN PASTA PENNE, ITALIAN EXTRA VIRGIN OLIVE OIL",GARLIC HERB BREADSTICKS,0.038652,0.113708,0.02382,0.616279,5.419846,0.019425,2.309731,0.84828,0.412883,0.583916,0.359308,0.6995,High-Confidence Cross-Sell
268,ORGANIC TOMATO BASIL SAUCE,ARTISAN PASTA PENNE,0.109663,0.117303,0.069663,0.635246,5.41541,0.056799,2.419977,0.915768,0.614558,0.048571,0.61421,0.7762,High-Confidence Cross-Sell
269,ARTISAN PASTA PENNE,ORGANIC TOMATO BASIL SAUCE,0.117303,0.109663,0.069663,0.59387,5.41541,0.056799,2.192245,0.923694,0.614558,0.048571,0.61421,0.7646,High-Lift Affinity Pair
270,"MECHANICAL KEYBOARD, MONITOR LIGHT BAR",LARGE DESK PAD BLACK,0.058876,0.101573,0.03236,0.549618,5.411065,0.026379,1.994812,0.866192,0.434101,0.333333,0.418449,0.6927,High-Lift Affinity Pair
271,LARGE DESK PAD BLACK,"MECHANICAL KEYBOARD, MONITOR LIGHT BAR",0.101573,0.058876,0.03236,0.318584,5.411065,0.026379,1.381129,0.907356,0.434101,0.333333,0.418449,0.6275,High-Lift Affinity Pair
272,"ORGANIC WHOLE MILK, SWEET CREAM BUTTER, WHOLE WHEAT BREAD",STRAWBERRY PRESERVES,0.027865,0.107416,0.01618,0.580645,5.405588,0.013187,2.12847,0.838367,0.365636,0.667925,0.295738,0.6761,High-Lift Affinity Pair
273,"BLUEBERRY SCONE, CROISSANT ALL BUTTER, PAIN AU CHOCOLAT",CAPPUCCINO CUP & SAUCER,0.034157,0.116854,0.021573,0.631579,5.404858,0.017582,2.397111,0.843803,0.408097,0.638889,0.341466,0.6995,High-Confidence Cross-Sell
274,"ALMOND DANISH, BLUEBERRY SCONE, PAIN AU CHOCOLAT",CAPPUCCINO CUP & SAUCER,0.034157,0.116854,0.021573,0.631579,5.404858,0.017582,2.397111,0.843803,0.408097,0.638889,0.341466,0.6995,High-Confidence Cross-Sell
275,"LARGE DESK PAD BLACK, WIRELESS ERGONOMIC MOUSE",USB-C MULTIPORT ADAPTER,0.050787,0.101573,0.027865,0.548673,5.401754,0.022707,1.990632,0.858474,0.411504,0.407942,0.38797,0.6847,High-Lift Affinity Pair
276,"ARTISAN PASTA PENNE, ORGANIC TOMATO BASIL SAUCE","GARLIC HERB BREADSTICKS, ITALIAN EXTRA VIRGIN OLIVE OIL",0.069663,0.070562,0.026517,0.380645,5.394494,0.021601,1.500655,0.875624,0.378221,0.007905,0.378213,0.6336,High-Lift Affinity Pair
277,"GARLIC HERB BREADSTICKS, ITALIAN EXTRA VIRGIN OLIVE OIL","ARTISAN PASTA PENNE, ORGANIC TOMATO BASIL SAUCE",0.070562,0.069663,0.026517,0.375796,5.394494,0.021601,1.490438,0.876471,0.378221,0.007905,0.378213,0.6323,High-Lift Affinity Pair
278,"CERAMIC PLANT POT WHITE, ORGANIC POTTING SOIL 10L",GARDENING GLOVES PAIR,0.055281,0.117753,0.035056,0.634146,5.385403,0.028547,2.411476,0.861963,0.465928,0.452769,0.434502,0.7197,High-Confidence Cross-Sell
279,USB-C MULTIPORT ADAPTER,MECHANICAL KEYBOARD,0.101573,0.105169,0.057528,0.566372,5.385372,0.046846,2.063591,0.906375,0.55669,0.024096,0.556606,0.7355,High-Lift Affinity Pair
280,MECHANICAL KEYBOARD,USB-C MULTIPORT ADAPTER,0.105169,0.101573,0.057528,0.547009,5.385372,0.046846,1.98332,0.910017,0.55669,0.024096,0.556606,0.7301,High-Lift Affinity Pair
281,"CAPPUCCINO CUP & SAUCER, CROISSANT ALL BUTTER, PAIN AU CHOCOLAT",BLUEBERRY SCONE,0.037303,0.107416,0.021573,0.578313,5.383879,0.017566,2.1167,0.845812,0.389575,0.569343,0.340803,0.6823,High-Lift Affinity Pair
282,MECHANICAL KEYBOARD,"MONITOR LIGHT BAR, USB-C MULTIPORT ADAPTER",0.105169,0.057978,0.032809,0.311966,5.380806,0.026712,1.369151,0.909841,0.438929,0.362069,0.420165,0.6244,High-Lift Affinity Pair
283,"USB-C MULTIPORT ADAPTER, WIRELESS ERGONOMIC MOUSE","LARGE DESK PAD BLACK, MONITOR LIGHT BAR",0.054831,0.057978,0.017079,0.311475,5.372347,0.0139,1.368175,0.861076,0.303025,0.032864,0.302907,0.5967,High-Lift Affinity Pair
284,"ORGANIC EGGS DOZEN, SWEET CREAM BUTTER","ORGANIC WHOLE MILK, WHOLE WHEAT BREAD",0.059775,0.060225,0.019326,0.323308,5.368365,0.015726,1.388779,0.865456,0.322102,0.004464,0.3221,0.6036,High-Lift Affinity Pair
285,"ORGANIC WHOLE MILK, WHOLE WHEAT BREAD","ORGANIC EGGS DOZEN, SWEET CREAM BUTTER",0.060225,0.059775,0.019326,0.320896,5.368365,0.015726,1.384507,0.86587,0.322102,0.004464,0.3221,0.6029,High-Lift Affinity Pair
286,"HEART OF WICKER SMALL, WHITE HANGING HEART T-LIGHT HOLDER",SET OF 3 CAKE TINS PANTRY,0.058427,0.106067,0.033258,0.569231,5.366688,0.027061,2.075201,0.864155,0.441395,0.363014,0.422478,0.6967,High-Lift Affinity Pair
287,SET OF 3 CAKE TINS PANTRY,"HEART OF WICKER SMALL, WHITE HANGING HEART T-LIGHT HOLDER",0.106067,0.058427,0.033258,0.313559,5.366688,0.027061,1.371674,0.910209,0.441395,0.363014,0.422478,0.6246,High-Lift Affinity Pair
288,"MECHANICAL KEYBOARD, USB-C MULTIPORT ADAPTER",WIRELESS ERGONOMIC MOUSE,0.057528,0.103371,0.03191,0.554688,5.365999,0.025963,2.013483,0.863306,0.431692,0.355401,0.413799,0.6903,High-Lift Affinity Pair
289,WIRELESS ERGONOMIC MOUSE,"MECHANICAL KEYBOARD, USB-C MULTIPORT ADAPTER",0.103371,0.057528,0.03191,0.308696,5.365999,0.025963,1.363324,0.907445,0.431692,0.355401,0.413799,0.6209,High-Lift Affinity Pair
290,USB-C MULTIPORT ADAPTER,LARGE DESK PAD BLACK,0.101573,0.101573,0.055281,0.544248,5.358192,0.044964,1.971306,0.905327,0.544248,0.0,0.544248,0.7238,High-Lift Affinity Pair
291,LARGE DESK PAD BLACK,USB-C MULTIPORT ADAPTER,0.101573,0.101573,0.055281,0.544248,5.358192,0.044964,1.971306,0.905327,0.544248,0.0,0.544248,0.7238,High-Lift Affinity Pair
292,"CERAMIC COFFEE MUG, DARK CHOCOLATE BAR 85%",PURE CANE SUGAR,0.058427,0.110562,0.034607,0.592308,5.357255,0.028147,2.181641,0.863807,0.452658,0.38796,0.430578,0.7049,High-Lift Affinity Pair
293,PURE CANE SUGAR,"CERAMIC COFFEE MUG, DARK CHOCOLATE BAR 85%",0.110562,0.058427,0.034607,0.313008,5.357255,0.028147,1.370574,0.914439,0.452658,0.38796,0.430578,0.6261,High-Lift Affinity Pair
294,"HEART OF WICKER LARGE, HEART OF WICKER SMALL",SET OF 3 CAKE TINS PANTRY,0.05618,0.106067,0.03191,0.568,5.355085,0.025951,2.069288,0.86167,0.434424,0.382759,0.413378,0.6934,High-Lift Affinity Pair
295,SET OF 3 CAKE TINS PANTRY,"HEART OF WICKER LARGE, HEART OF WICKER SMALL",0.106067,0.05618,0.03191,0.300847,5.355085,0.025951,1.349949,0.909757,0.434424,0.382759,0.413378,0.6181,High-Lift Affinity Pair
296,"AGED PARMESAN REGGIANO, ITALIAN EXTRA VIRGIN OLIVE OIL, ORGANIC TOMATO BASIL SAUCE",GARLIC HERB BREADSTICKS,0.031011,0.113708,0.018876,0.608696,5.353153,0.01535,2.264969,0.839219,0.387352,0.657143,0.317881,0.6849,High-Confidence Cross-Sell
297,GARLIC HERB BREADSTICKS,ITALIAN EXTRA VIRGIN OLIVE OIL,0.113708,0.115955,0.070562,0.620553,5.351671,0.057377,2.329827,0.917466,0.61454,0.014124,0.614511,0.769,High-Confidence Cross-Sell
298,ITALIAN EXTRA VIRGIN OLIVE OIL,GARLIC HERB BREADSTICKS,0.115955,0.113708,0.070562,0.608527,5.351671,0.057377,2.263994,0.919798,0.61454,0.014124,0.614511,0.7656,High-Confidence Cross-Sell
299,"ALMOND DANISH, CROISSANT ALL BUTTER, PAIN AU CHOCOLAT",BLUEBERRY SCONE,0.039101,0.107416,0.022472,0.574713,5.350358,0.018272,2.098779,0.846183,0.391959,0.550725,0.346746,0.6803,High-Lift Affinity Pair
300,LARGE DESK PAD BLACK,MECHANICAL KEYBOARD,0.101573,0.105169,0.057079,0.561947,5.343299,0.046396,2.042747,0.904748,0.552341,0.024024,0.552257,0.7306,High-Lift Affinity Pair
301,MECHANICAL KEYBOARD,LARGE DESK PAD BLACK,0.105169,0.101573,0.057079,0.542735,5.343299,0.046396,1.964784,0.908383,0.552341,0.024024,0.552257,0.7252,High-Lift Affinity Pair
302,"GARDENING GLOVES PAIR, ORGANIC POTTING SOIL 10L",CERAMIC PLANT POT WHITE,0.058876,0.111461,0.035056,0.59542,5.341972,0.028494,2.196201,0.863652,0.454968,0.388704,0.432746,0.7054,High-Lift Affinity Pair
303,CERAMIC PLANT POT WHITE,"GARDENING GLOVES PAIR, ORGANIC POTTING SOIL 10L",0.111461,0.058876,0.035056,0.314516,5.341972,0.028494,1.372933,0.914763,0.454968,0.388704,0.432746,0.6262,High-Lift Affinity Pair
304,"MECHANICAL KEYBOARD, WIRELESS ERGONOMIC MOUSE","LARGE DESK PAD BLACK, MONITOR LIGHT BAR",0.056629,0.057978,0.017528,0.309524,5.338686,0.014245,1.364308,0.861472,0.305925,0.013889,0.305904,0.5945,High-Lift Affinity Pair
305,"LARGE DESK PAD BLACK, MONITOR LIGHT BAR","MECHANICAL KEYBOARD, WIRELESS ERGONOMIC MOUSE",0.057978,0.056629,0.017528,0.302326,5.338686,0.014245,1.352165,0.862706,0.305925,0.013889,0.305904,0.5925,High-Lift Affinity Pair
306,"HEART OF WICKER LARGE, WHITE HANGING HEART T-LIGHT HOLDER",HEART OF WICKER SMALL,0.062472,0.10382,0.034607,0.553957,5.335731,0.028121,2.009177,0.866731,0.443645,0.313993,0.429712,0.6922,High-Lift Affinity Pair
307,REGENCY CAKESTAND 3 TIER,"HEART OF WICKER LARGE, WHITE HANGING HEART T-LIGHT HOLDER",0.113258,0.062472,0.037753,0.333333,5.335731,0.030677,1.406292,0.916371,0.468825,0.368078,0.448819,0.6354,High-Lift Affinity Pair
308,HEART OF WICKER SMALL,"HEART OF WICKER LARGE, WHITE HANGING HEART T-LIGHT HOLDER",0.10382,0.062472,0.034607,0.333333,5.335731,0.028121,1.406292,0.90672,0.443645,0.313993,0.429712,0.63,High-Lift Affinity Pair
309,"CERAMIC COFFEE MUG, PURE CANE SUGAR","COLOMBIAN ROAST COFFEE, FRENCH VANILLA SYRUP",0.062921,0.06427,0.021573,0.342857,5.334665,0.017529,1.423937,0.867106,0.339261,0.012766,0.339242,0.6105,High-Lift Affinity Pair
310,"COLOMBIAN ROAST COFFEE, FRENCH VANILLA SYRUP","CERAMIC COFFEE MUG, PURE CANE SUGAR",0.06427,0.062921,0.021573,0.335664,5.334665,0.017529,1.41055,0.868356,0.339261,0.012766,0.339242,0.6085,High-Lift Affinity Pair
311,WIRELESS ERGONOMIC MOUSE,MONITOR LIGHT BAR,0.103371,0.109213,0.060225,0.582609,5.334586,0.048935,2.134176,0.906221,0.567025,0.038348,0.56681,0.7407,High-Lift Affinity Pair
312,MONITOR LIGHT BAR,WIRELESS ERGONOMIC MOUSE,0.109213,0.103371,0.060225,0.55144,5.334586,0.048935,1.998907,0.912165,0.567025,0.038348,0.56681,0.732,High-Lift Affinity Pair
313,"AGED PARMESAN REGGIANO, ARTISAN PASTA PENNE","GARLIC HERB BREADSTICKS, ITALIAN EXTRA VIRGIN OLIVE OIL",0.063371,0.070562,0.02382,0.375887,5.327054,0.019349,1.489213,0.867236,0.356733,0.065306,0.356219,0.6231,High-Lift Affinity Pair
314,"GARLIC HERB BREADSTICKS, ITALIAN EXTRA VIRGIN OLIVE OIL","AGED PARMESAN REGGIANO, ARTISAN PASTA PENNE",0.070562,0.063371,0.02382,0.33758,5.327054,0.019349,1.41395,0.873946,0.356733,0.065306,0.356219,0.6122,High-Lift Affinity Pair
315,"GARDENING GLOVES PAIR, LED GROW LIGHT BULB",ORGANIC POTTING SOIL 10L,0.060674,0.101573,0.032809,0.540741,5.323664,0.026646,1.956252,0.86462,0.431875,0.315972,0.417928,0.6847,High-Lift Affinity Pair
316,ORGANIC POTTING SOIL 10L,"GARDENING GLOVES PAIR, LED GROW LIGHT BULB",0.101573,0.060674,0.032809,0.323009,5.323664,0.026646,1.387501,0.903979,0.431875,0.315972,0.417928,0.6233,High-Lift Affinity Pair
317,"CERAMIC COFFEE MUG, FRENCH VANILLA SYRUP, PURE CANE SUGAR",COLOMBIAN ROAST COFFEE,0.035506,0.114157,0.021573,0.607595,5.322436,0.01752,2.25747,0.842012,0.398286,0.614035,0.338853,0.6866,High-Confidence Cross-Sell
318,"ORGANIC EGGS DOZEN, STRAWBERRY PRESERVES, WHOLE WHEAT BREAD",SWEET CREAM BUTTER,0.028315,0.107416,0.01618,0.571429,5.319785,0.013138,2.082697,0.835685,0.361028,0.661654,0.293382,0.6673,High-Lift Affinity Pair
319,"MECHANICAL KEYBOARD, USB-C MULTIPORT ADAPTER","MONITOR LIGHT BAR, WIRELESS ERGONOMIC MOUSE",0.057528,0.060225,0.018427,0.320312,5.318622,0.014962,1.382658,0.861544,0.313141,0.027149,0.313059,0.5977,High-Lift Affinity Pair
320,"ALMOND DANISH, BLUEBERRY SCONE, CAPPUCCINO CUP & SAUCER",PAIN AU CHOCOLAT,0.033708,0.120449,0.021573,0.64,5.313433,0.017513,2.443196,0.840116,0.409552,0.654237,0.338566,0.6955,High-Confidence Cross-Sell
321,"LED GROW LIGHT BULB, ORGANIC POTTING SOIL 10L",CERAMIC PLANT POT WHITE,0.053933,0.111461,0.03191,0.591667,5.3083,0.025899,2.176015,0.857884,0.438978,0.430976,0.411568,0.697,High-Lift Affinity Pair
322,MECHANICAL KEYBOARD,"LARGE DESK PAD BLACK, MONITOR LIGHT BAR",0.105169,0.057978,0.03236,0.307692,5.307096,0.026262,1.360699,0.906956,0.432916,0.360825,0.41441,0.6173,High-Lift Affinity Pair
323,"ARTISAN PASTA PENNE, GARLIC HERB BREADSTICKS",AGED PARMESAN REGGIANO,0.065618,0.102022,0.035506,0.541096,5.303693,0.028811,1.956787,0.868437,0.444557,0.27551,0.433948,0.6876,High-Lift Affinity Pair
324,AGED PARMESAN REGGIANO,"ARTISAN PASTA PENNE, GARLIC HERB BREADSTICKS",0.102022,0.065618,0.035506,0.348018,5.303693,0.028811,1.43314,0.903644,0.444557,0.27551,0.433948,0.6332,High-Lift Affinity Pair
325,"BLUEBERRY SCONE, PAIN AU CHOCOLAT","CAPPUCCINO CUP & SAUCER, CROISSANT ALL BUTTER",0.062022,0.065618,0.021573,0.347826,5.300774,0.017503,1.432719,0.864998,0.338297,0.033898,0.338162,0.6095,High-Lift Affinity Pair
326,"CAPPUCCINO CUP & SAUCER, CROISSANT ALL BUTTER","BLUEBERRY SCONE, PAIN AU CHOCOLAT",0.065618,0.062022,0.021573,0.328767,5.300774,0.017503,1.397395,0.868326,0.338297,0.033898,0.338162,0.6041,High-Lift Affinity Pair
327,"COLOMBIAN ROAST COFFEE, PURE CANE SUGAR",CERAMIC COFFEE MUG,0.061573,0.107416,0.035056,0.569343,5.30037,0.028442,2.072611,0.864568,0.447851,0.342282,0.431058,0.6949,High-Lift Affinity Pair
328,CERAMIC COFFEE MUG,"COLOMBIAN ROAST COFFEE, PURE CANE SUGAR",0.107416,0.061573,0.035056,0.32636,5.30037,0.028442,1.393069,0.908972,0.447851,0.342282,0.431058,0.6264,High-Lift Affinity Pair
329,CERAMIC COFFEE MUG,PURE CANE SUGAR,0.107416,0.110562,0.062921,0.585774,5.29816,0.051045,2.14723,0.908884,0.57744,0.02029,0.57738,0.7433,High-Lift Affinity Pair
330,PURE CANE SUGAR,CERAMIC COFFEE MUG,0.110562,0.107416,0.062921,0.569106,5.29816,0.051045,2.071469,0.912098,0.57744,0.02029,0.57738,0.7386,High-Lift Affinity Pair
331,AGED PARMESAN REGGIANO,ARTISAN PASTA PENNE,0.102022,0.117303,0.063371,0.621145,5.295205,0.051403,2.329909,0.903308,0.580688,0.097983,0.579277,0.7538,High-Confidence Cross-Sell
332,ARTISAN PASTA PENNE,AGED PARMESAN REGGIANO,0.117303,0.102022,0.063371,0.54023,5.295205,0.051403,1.953101,0.918945,0.580688,0.097983,0.579277,0.7311,High-Lift Affinity Pair
333,"ALMOND DANISH, CAPPUCCINO CUP & SAUCER, PAIN AU CHOCOLAT",CROISSANT ALL BUTTER,0.033708,0.120899,0.021573,0.64,5.29368,0.017498,2.441948,0.83939,0.409219,0.655405,0.337936,0.6941,High-Confidence Cross-Sell
334,"ORGANIC WHOLE MILK, STRAWBERRY PRESERVES","ORGANIC EGGS DOZEN, WHOLE WHEAT BREAD",0.053483,0.062022,0.017528,0.327731,5.28407,0.014211,1.395242,0.856564,0.30517,0.087156,0.304335,0.5958,High-Lift Affinity Pair
335,HEART OF WICKER LARGE,WHITE HANGING HEART T-LIGHT HOLDER,0.107416,0.110112,0.062472,0.58159,5.281786,0.050644,2.126831,0.908228,0.574468,0.017391,0.574424,0.7403,High-Lift Affinity Pair
336,WHITE HANGING HEART T-LIGHT HOLDER,HEART OF WICKER LARGE,0.110112,0.107416,0.062472,0.567347,5.281786,0.050644,2.063049,0.91098,0.574468,0.017391,0.574424,0.7363,High-Lift Affinity Pair
337,"ORGANIC EGGS DOZEN, WHOLE WHEAT BREAD",ORGANIC WHOLE MILK,0.062022,0.10427,0.034157,0.550725,5.281734,0.02769,1.993722,0.864273,0.439155,0.319728,0.424747,0.6867,High-Lift Affinity Pair
338,ORGANIC WHOLE MILK,"ORGANIC EGGS DOZEN, WHOLE WHEAT BREAD",0.10427,0.062022,0.034157,0.327586,5.281734,0.02769,1.394941,0.905036,0.439155,0.319728,0.424747,0.6239,High-Lift Affinity Pair
339,"SET OF 3 CAKE TINS PANTRY, WHITE HANGING HEART T-LIGHT HOLDER",HEART OF WICKER SMALL,0.060674,0.10382,0.033258,0.548148,5.279782,0.026959,1.983349,0.862957,0.434247,0.328767,0.419043,0.6844,High-Lift Affinity Pair
340,HEART OF WICKER SMALL,"SET OF 3 CAKE TINS PANTRY, WHITE HANGING HEART T-LIGHT HOLDER",0.10382,0.060674,0.033258,0.320346,5.279782,0.026959,1.382065,0.904504,0.434247,0.328767,0.419043,0.6202,High-Lift Affinity Pair
341,"GARDENING GLOVES PAIR, ORGANIC POTTING SOIL 10L",LED GROW LIGHT BULB,0.058876,0.105618,0.032809,0.557252,5.276108,0.026591,2.02007,0.861169,0.433945,0.354949,0.416057,0.6861,High-Lift Affinity Pair
342,LED GROW LIGHT BULB,"GARDENING GLOVES PAIR, ORGANIC POTTING SOIL 10L",0.105618,0.058876,0.032809,0.310638,5.276108,0.026591,1.36521,0.906175,0.433945,0.354949,0.416057,0.6166,High-Lift Affinity Pair
343,"COLOMBIAN ROAST COFFEE, DARK CHOCOLATE BAR 85%, FRENCH VANILLA SYRUP",PURE CANE SUGAR,0.03236,0.110562,0.018876,0.583333,5.276084,0.015299,2.134652,0.837569,0.377033,0.630435,0.315584,0.6719,High-Lift Affinity Pair
344,"HEART OF WICKER LARGE, REGENCY CAKESTAND 3 TIER, WHITE HANGING HEART T-LIGHT HOLDER",SET OF 3 CAKE TINS PANTRY,0.037753,0.106067,0.021124,0.559524,5.275172,0.017119,2.029469,0.842229,0.379338,0.556777,0.333812,0.6684,High-Lift Affinity Pair
345,"BLUEBERRY SCONE, PAIN AU CHOCOLAT","ALMOND DANISH, CROISSANT ALL BUTTER",0.062022,0.068764,0.022472,0.362319,5.269016,0.018207,1.460347,0.863785,0.344558,0.062241,0.3441,0.6129,High-Lift Affinity Pair
346,"ALMOND DANISH, CROISSANT ALL BUTTER","BLUEBERRY SCONE, PAIN AU CHOCOLAT",0.068764,0.062022,0.022472,0.326797,5.269016,0.018207,1.393306,0.870039,0.344558,0.062241,0.3441,0.6028,High-Lift Affinity Pair
347,"ORGANIC EGGS DOZEN, STRAWBERRY PRESERVES",SWEET CREAM BUTTER,0.057978,0.107416,0.032809,0.565891,5.268237,0.026581,2.056132,0.860047,0.435665,0.372881,0.415747,0.6881,High-Lift Affinity Pair
348,SWEET CREAM BUTTER,"ORGANIC EGGS DOZEN, STRAWBERRY PRESERVES",0.107416,0.057978,0.032809,0.305439,5.268237,0.026581,1.356285,0.907683,0.435665,0.372881,0.415747,0.6147,High-Lift Affinity Pair
349,"ORGANIC EGGS DOZEN, ORGANIC WHOLE MILK, WHOLE WHEAT BREAD",SWEET CREAM BUTTER,0.034157,0.107416,0.019326,0.565789,5.267287,0.015657,2.055649,0.8388,0.372853,0.599265,0.319053,0.6669,High-Lift Affinity Pair
350,ITALIAN EXTRA VIRGIN OLIVE OIL,"AGED PARMESAN REGGIANO, GARLIC HERB BREADSTICKS",0.115955,0.058876,0.035955,0.310078,5.266584,0.029128,1.3641,0.916383,0.460382,0.411003,0.435156,0.6213,High-Lift Affinity Pair
351,USB-C MULTIPORT ADAPTER,"LARGE DESK PAD BLACK, MONITOR LIGHT BAR",0.101573,0.057978,0.031011,0.30531,5.266001,0.025122,1.356032,0.90169,0.420097,0.339161,0.40411,0.6114,High-Lift Affinity Pair
352,LARGE DESK PAD BLACK,"MONITOR LIGHT BAR, USB-C MULTIPORT ADAPTER",0.101573,0.057978,0.031011,0.30531,5.266001,0.025122,1.356032,0.90169,0.420097,0.339161,0.40411,0.6114,High-Lift Affinity Pair
353,"AGED PARMESAN REGGIANO, ARTISAN PASTA PENNE",ITALIAN EXTRA VIRGIN OLIVE OIL,0.063371,0.115955,0.038652,0.609929,5.260047,0.031304,2.26637,0.864683,0.471631,0.373802,0.450899,0.7094,High-Confidence Cross-Sell
354,ITALIAN EXTRA VIRGIN OLIVE OIL,"AGED PARMESAN REGGIANO, ARTISAN PASTA PENNE",0.115955,0.063371,0.038652,0.333333,5.260047,0.031304,1.404944,0.916116,0.471631,0.373802,0.450899,0.6316,High-Lift Affinity Pair
355,"GARDENING GLOVES PAIR, LED GROW LIGHT BULB",WATERING CAN GREEN 2L,0.060674,0.114157,0.036404,0.6,5.255906,0.029478,2.214607,0.862041,0.459449,0.386364,0.437423,0.7027,High-Confidence Cross-Sell
356,WATERING CAN GREEN 2L,"GARDENING GLOVES PAIR, LED GROW LIGHT BULB",0.114157,0.060674,0.036404,0.318898,5.255906,0.029478,1.379126,0.914088,0.459449,0.386364,0.437423,0.6236,High-Lift Affinity Pair
357,"CERAMIC COFFEE MUG, COLOMBIAN ROAST COFFEE","DARK CHOCOLATE BAR 85%, PURE CANE SUGAR",0.060674,0.062022,0.019775,0.325926,5.254965,0.016012,1.391505,0.862005,0.322383,0.0131,0.322364,0.597,High-Lift Affinity Pair
358,"DARK CHOCOLATE BAR 85%, PURE CANE SUGAR","CERAMIC COFFEE MUG, COLOMBIAN ROAST COFFEE",0.062022,0.060674,0.019775,0.318841,5.254965,0.016012,1.37901,0.863244,0.322383,0.0131,0.322364,0.595,High-Lift Affinity Pair
359,CERAMIC COFFEE MUG,"FRENCH VANILLA SYRUP, PURE CANE SUGAR",0.107416,0.062921,0.035506,0.330544,5.253288,0.028747,1.399761,0.907077,0.447415,0.33,0.431881,0.625,High-Lift Affinity Pair
360,"BLUEBERRY SCONE, CROISSANT ALL BUTTER",CAPPUCCINO CUP & SAUCER,0.059326,0.116854,0.036404,0.613636,5.251311,0.029472,2.28579,0.860629,0.462587,0.411576,0.437231,0.7064,High-Confidence Cross-Sell
361,CAPPUCCINO CUP & SAUCER,"BLUEBERRY SCONE, CROISSANT ALL BUTTER",0.116854,0.059326,0.036404,0.311538,5.251311,0.029472,1.366342,0.91669,0.462587,0.411576,0.437231,0.6213,High-Lift Affinity Pair
362,"HEART OF WICKER SMALL, SET OF 3 CAKE TINS PANTRY",WHITE HANGING HEART T-LIGHT HOLDER,0.057528,0.110112,0.033258,0.578125,5.250319,0.026924,2.109363,0.858949,0.440083,0.391304,0.417872,0.6911,High-Lift Affinity Pair
363,WHITE HANGING HEART T-LIGHT HOLDER,"HEART OF WICKER SMALL, SET OF 3 CAKE TINS PANTRY",0.110112,0.057528,0.033258,0.302041,5.250319,0.026924,1.350325,0.909705,0.440083,0.391304,0.417872,0.6133,High-Lift Affinity Pair
364,"GARDENING GLOVES PAIR, LED GROW LIGHT BULB",CERAMIC PLANT POT WHITE,0.060674,0.111461,0.035506,0.585185,5.250149,0.028743,2.142014,0.861819,0.451867,0.371711,0.431752,0.6966,High-Lift Affinity Pair
365,CERAMIC PLANT POT WHITE,"GARDENING GLOVES PAIR, LED GROW LIGHT BULB",0.111461,0.060674,0.035506,0.318548,5.250149,0.028743,1.378419,0.911079,0.451867,0.371711,0.431752,0.6215,High-Lift Affinity Pair
366,"CERAMIC COFFEE MUG, FRENCH VANILLA SYRUP","DARK CHOCOLATE BAR 85%, PURE CANE SUGAR",0.057978,0.062022,0.018876,0.325581,5.24941,0.01528,1.390794,0.859324,0.314965,0.04,0.314786,0.595,High-Lift Affinity Pair
367,SET OF 3 CAKE TINS PANTRY,HEART OF WICKER LARGE,0.106067,0.107416,0.059775,0.563559,5.246525,0.048382,2.045145,0.905435,0.560022,0.008772,0.560011,0.7284,High-Lift Affinity Pair
368,HEART OF WICKER LARGE,SET OF 3 CAKE TINS PANTRY,0.107416,0.106067,0.059775,0.556485,5.246525,0.048382,2.015565,0.906803,0.560022,0.008772,0.560011,0.7264,High-Lift Affinity Pair
369,"ORGANIC WHOLE MILK, STRAWBERRY PRESERVES",SWEET CREAM BUTTER,0.053483,0.107416,0.030112,0.563025,5.241553,0.024367,2.042645,0.854942,0.42168,0.412371,0.397285,0.6811,High-Lift Affinity Pair
370,HEART OF WICKER LARGE,"SET OF 3 CAKE TINS PANTRY, WHITE HANGING HEART T-LIGHT HOLDER",0.107416,0.060674,0.034157,0.317992,5.240973,0.02764,1.377294,0.906576,0.440477,0.348993,0.423105,0.6184,High-Lift Affinity Pair
371,"ORGANIC EGGS DOZEN, ORGANIC WHOLE MILK",SWEET CREAM BUTTER,0.057528,0.107416,0.03236,0.5625,5.236663,0.02618,2.040193,0.858422,0.431878,0.376271,0.41165,0.6841,High-Lift Affinity Pair
372,SWEET CREAM BUTTER,"ORGANIC EGGS DOZEN, ORGANIC WHOLE MILK",0.107416,0.057528,0.03236,0.301255,5.236663,0.02618,1.348807,0.9064,0.431878,0.376271,0.41165,0.6106,High-Lift Affinity Pair
373,"ORGANIC EGGS DOZEN, ORGANIC WHOLE MILK, SWEET CREAM BUTTER",WHOLE WHEAT BREAD,0.03236,0.114157,0.019326,0.597222,5.231573,0.015632,2.199334,0.835902,0.383257,0.64311,0.317969,0.6736,High-Lift Affinity Pair
374,"ORGANIC WHOLE MILK, STRAWBERRY PRESERVES",WHOLE WHEAT BREAD,0.053483,0.114157,0.03191,0.596639,5.226461,0.025805,2.196152,0.85436,0.438083,0.44702,0.408383,0.6926,High-Lift Affinity Pair
375,LARGE DESK PAD BLACK,MONITOR LIGHT BAR,0.101573,0.109213,0.057978,0.570796,5.226428,0.046884,2.075441,0.90009,0.55083,0.05,0.550468,0.7262,High-Lift Affinity Pair
376,USB-C MULTIPORT ADAPTER,MONITOR LIGHT BAR,0.101573,0.109213,0.057978,0.570796,5.226428,0.046884,2.075441,0.90009,0.55083,0.05,0.550468,0.7262,High-Lift Affinity Pair
377,MONITOR LIGHT BAR,LARGE DESK PAD BLACK,0.109213,0.101573,0.057978,0.530864,5.226428,0.046884,1.915068,0.90781,0.55083,0.05,0.550468,0.715,High-Lift Affinity Pair
378,MONITOR LIGHT BAR,USB-C MULTIPORT ADAPTER,0.109213,0.101573,0.057978,0.530864,5.226428,0.046884,1.915068,0.90781,0.55083,0.05,0.550468,0.715,High-Lift Affinity Pair
379,PURE CANE SUGAR,"CERAMIC COFFEE MUG, COLOMBIAN ROAST COFFEE",0.110562,0.060674,0.035056,0.317073,5.225836,0.028348,1.375441,0.909162,0.447425,0.366337,0.428016,0.6186,High-Lift Affinity Pair
380,HEART OF WICKER SMALL,SET OF 3 CAKE TINS PANTRY,0.10382,0.106067,0.057528,0.554113,5.224154,0.046516,2.004839,0.902254,0.548243,0.014749,0.548211,0.7206,High-Lift Affinity Pair
381,SET OF 3 CAKE TINS PANTRY,HEART OF WICKER SMALL,0.106067,0.10382,0.057528,0.542373,5.224154,0.046516,1.958319,0.904522,0.548243,0.014749,0.548211,0.7173,High-Lift Affinity Pair
382,"CERAMIC PLANT POT WHITE, GARDENING GLOVES PAIR",ORGANIC POTTING SOIL 10L,0.066067,0.101573,0.035056,0.530612,5.223948,0.028346,1.91404,0.865773,0.437872,0.267797,0.427939,0.6782,High-Lift Affinity Pair
383,ORGANIC POTTING SOIL 10L,"CERAMIC PLANT POT WHITE, GARDENING GLOVES PAIR",0.101573,0.066067,0.035056,0.345133,5.223948,0.028346,1.42614,0.899988,0.437872,0.267797,0.427939,0.626,High-Lift Affinity Pair
384,USB-C MULTIPORT ADAPTER,WIRELESS ERGONOMIC MOUSE,0.101573,0.103371,0.054831,0.539823,5.222201,0.044332,1.948444,0.899917,0.535129,0.011976,0.535108,0.7122,High-Lift Affinity Pair
385,WIRELESS ERGONOMIC MOUSE,USB-C MULTIPORT ADAPTER,0.103371,0.101573,0.054831,0.530435,5.222201,0.044332,1.913317,0.901722,0.535129,0.011976,0.535108,0.7095,High-Lift Affinity Pair
386,MONITOR LIGHT BAR,"MECHANICAL KEYBOARD, USB-C MULTIPORT ADAPTER",0.109213,0.057528,0.032809,0.300412,5.221997,0.026526,1.34718,0.907628,0.435362,0.385906,0.413918,0.6101,High-Lift Affinity Pair
387,"COLOMBIAN ROAST COFFEE, DARK CHOCOLATE BAR 85%","CERAMIC COFFEE MUG, PURE CANE SUGAR",0.060225,0.062921,0.019775,0.328358,5.21855,0.015986,1.395206,0.86018,0.321322,0.026087,0.321245,0.5951,High-Lift Affinity Pair
388,"CERAMIC COFFEE MUG, PURE CANE SUGAR","COLOMBIAN ROAST COFFEE, DARK CHOCOLATE BAR 85%",0.062921,0.060225,0.019775,0.314286,5.21855,0.015986,1.370506,0.862655,0.321322,0.026087,0.321245,0.5912,High-Lift Affinity Pair
389,GARLIC HERB BREADSTICKS,"AGED PARMESAN REGGIANO, ITALIAN EXTRA VIRGIN OLIVE OIL",0.113708,0.060674,0.035955,0.316206,5.211536,0.029056,1.373696,0.911796,0.454399,0.383117,0.432875,0.619,High-Lift Affinity Pair
390,WIRELESS ERGONOMIC MOUSE,MECHANICAL KEYBOARD,0.103371,0.105169,0.056629,0.547826,5.20903,0.045758,1.978954,0.901182,0.543144,0.011834,0.543124,0.7163,High-Lift Affinity Pair
391,MECHANICAL KEYBOARD,WIRELESS ERGONOMIC MOUSE,0.105169,0.103371,0.056629,0.538462,5.20903,0.045758,1.942697,0.902992,0.543144,0.011834,0.543124,0.7137,High-Lift Affinity Pair
392,"ORGANIC EGGS DOZEN, ORGANIC WHOLE MILK",WHOLE WHEAT BREAD,0.057528,0.114157,0.034157,0.59375,5.201156,0.02759,2.180536,0.857039,0.446481,0.411765,0.421494,0.6935,High-Lift Affinity Pair
393,"CERAMIC COFFEE MUG, DARK CHOCOLATE BAR 85%, FRENCH VANILLA SYRUP",COLOMBIAN ROAST COFFEE,0.028764,0.114157,0.017079,0.59375,5.201156,0.013795,2.180536,0.831657,0.371678,0.678571,0.298042,0.6669,High-Lift Affinity Pair
394,ITALIAN EXTRA VIRGIN OLIVE OIL,"ARTISAN PASTA PENNE, GARLIC HERB BREADSTICKS",0.115955,0.065618,0.039551,0.341085,5.198046,0.031942,1.418062,0.913551,0.471912,0.35443,0.453416,0.6308,High-Lift Affinity Pair
395,"STRAWBERRY PRESERVES, WHOLE WHEAT BREAD",ORGANIC WHOLE MILK,0.058876,0.10427,0.03191,0.541985,5.197914,0.025771,1.955678,0.858139,0.42401,0.34589,0.407267,0.6747,High-Lift Affinity Pair
396,ORGANIC WHOLE MILK,"STRAWBERRY PRESERVES, WHOLE WHEAT BREAD",0.10427,0.058876,0.03191,0.306034,5.197914,0.025771,1.356153,0.901628,0.42401,0.34589,0.407267,0.6083,High-Lift Affinity Pair
397,SET OF 3 CAKE TINS PANTRY,WHITE HANGING HEART T-LIGHT HOLDER,0.106067,0.110112,0.060674,0.572034,5.195002,0.048995,2.079341,0.90332,0.561527,0.026012,0.561429,0.7286,High-Lift Affinity Pair
398,WHITE HANGING HEART T-LIGHT HOLDER,SET OF 3 CAKE TINS PANTRY,0.110112,0.106067,0.060674,0.55102,5.195002,0.048995,1.991032,0.907426,0.561527,0.026012,0.561429,0.7227,High-Lift Affinity Pair
399,"BLUEBERRY SCONE, CAPPUCCINO CUP & SAUCER, PAIN AU CHOCOLAT",ALMOND DANISH,0.035955,0.115506,0.021573,0.6,5.194553,0.01742,2.211236,0.837607,0.393385,0.612457,0.334757,0.6753,High-Confidence Cross-Sell
400,CERAMIC COFFEE MUG,"DARK CHOCOLATE BAR 85%, PURE CANE SUGAR",0.107416,0.062022,0.034607,0.322176,5.1945,0.027945,1.383806,0.904664,0.440073,0.336667,0.423987,0.617,High-Lift Affinity Pair
401,"ORGANIC EGGS DOZEN, SWEET CREAM BUTTER",ORGANIC WHOLE MILK,0.059775,0.10427,0.03236,0.541353,5.191859,0.026127,1.952986,0.858721,0.425849,0.337884,0.409886,0.6748,High-Lift Affinity Pair
402,ORGANIC WHOLE MILK,"ORGANIC EGGS DOZEN, SWEET CREAM BUTTER",0.10427,0.059775,0.03236,0.310345,5.191859,0.026127,1.363326,0.901377,0.425849,0.337884,0.409886,0.6098,High-Lift Affinity Pair
403,WHITE HANGING HEART T-LIGHT HOLDER,"HEART OF WICKER LARGE, SET OF 3 CAKE TINS PANTRY",0.110112,0.059775,0.034157,0.310204,5.189504,0.027575,1.363048,0.907197,0.440816,0.370861,0.421022,0.6127,High-Lift Affinity Pair
404,"BLUEBERRY SCONE, CAPPUCCINO CUP & SAUCER","ALMOND DANISH, CROISSANT ALL BUTTER",0.06427,0.068764,0.022921,0.356643,5.18648,0.018502,1.447465,0.862632,0.344988,0.040816,0.344791,0.6061,High-Lift Affinity Pair
405,"BLUEBERRY SCONE, CAPPUCCINO CUP & SAUCER","ALMOND DANISH, PAIN AU CHOCOLAT",0.06427,0.064719,0.021573,0.335664,5.18648,0.017414,1.407844,0.862632,0.334499,0.004184,0.334497,0.5979,High-Lift Affinity Pair
406,"ALMOND DANISH, CROISSANT ALL BUTTER","BLUEBERRY SCONE, CAPPUCCINO CUP & SAUCER",0.068764,0.06427,0.022921,0.333333,5.18648,0.018502,1.403596,0.866795,0.344988,0.040816,0.344791,0.5996,High-Lift Affinity Pair
407,"ALMOND DANISH, PAIN AU CHOCOLAT","BLUEBERRY SCONE, CAPPUCCINO CUP & SAUCER",0.064719,0.06427,0.021573,0.333333,5.18648,0.017414,1.403596,0.863047,0.334499,0.004184,0.334497,0.5973,High-Lift Affinity Pair
408,WHITE HANGING HEART T-LIGHT HOLDER,"REGENCY CAKESTAND 3 TIER, SET OF 3 CAKE TINS PANTRY",0.110112,0.060674,0.034607,0.314286,5.179894,0.027926,1.36985,0.906795,0.442328,0.363036,0.42339,0.6139,High-Lift Affinity Pair
409,"CERAMIC PLANT POT WHITE, LED GROW LIGHT BULB",ORGANIC POTTING SOIL 10L,0.060674,0.101573,0.03191,0.525926,5.177811,0.025747,1.895119,0.858986,0.420043,0.313793,0.406478,0.6686,High-Lift Affinity Pair
410,ORGANIC POTTING SOIL 10L,"CERAMIC PLANT POT WHITE, LED GROW LIGHT BULB",0.101573,0.060674,0.03191,0.314159,5.177811,0.025747,1.369598,0.89809,0.420043,0.313793,0.406478,0.609,High-Lift Affinity Pair
411,GARLIC HERB BREADSTICKS,"ITALIAN EXTRA VIRGIN OLIVE OIL, ORGANIC TOMATO BASIL SAUCE",0.113708,0.063371,0.037303,0.328063,5.176884,0.030098,1.393925,0.910347,0.458358,0.360129,0.439449,0.6219,High-Lift Affinity Pair
412,"STRAWBERRY PRESERVES, SWEET CREAM BUTTER, WHOLE WHEAT BREAD",ORGANIC EGGS DOZEN,0.027865,0.11236,0.01618,0.580645,5.167742,0.013049,2.116681,0.829609,0.362323,0.681159,0.289159,0.6593,High-Lift Affinity Pair
413,"LED GROW LIGHT BULB, ORGANIC POTTING SOIL 10L",GARDENING GLOVES PAIR,0.053933,0.117753,0.032809,0.608333,5.16619,0.026458,2.252546,0.852406,0.44348,0.459547,0.411701,0.6932,High-Confidence Cross-Sell
414,"CAPPUCCINO CUP & SAUCER, CROISSANT ALL BUTTER",BLUEBERRY SCONE,0.065618,0.107416,0.036404,0.554795,5.164928,0.029356,2.004882,0.863016,0.446853,0.305921,0.43362,0.6832,High-Lift Affinity Pair
415,BLUEBERRY SCONE,"CAPPUCCINO CUP & SAUCER, CROISSANT ALL BUTTER",0.107416,0.065618,0.036404,0.338912,5.164928,0.029356,1.413401,0.903429,0.446853,0.305921,0.43362,0.6224,High-Lift Affinity Pair
416,"SET OF 3 CAKE TINS PANTRY, WHITE HANGING HEART T-LIGHT HOLDER","HEART OF WICKER LARGE, REGENCY CAKESTAND 3 TIER",0.060674,0.067416,0.021124,0.348148,5.164198,0.017033,1.430669,0.858444,0.330741,0.063025,0.330282,0.5991,High-Lift Affinity Pair
417,SET OF 3 CAKE TINS PANTRY,"HEART OF WICKER LARGE, WHITE HANGING HEART T-LIGHT HOLDER",0.106067,0.062472,0.034157,0.322034,5.154859,0.027531,1.382854,0.901643,0.434398,0.324415,0.419614,0.6134,High-Lift Affinity Pair
418,LED GROW LIGHT BULB,CERAMIC PLANT POT WHITE,0.105618,0.111461,0.060674,0.574468,5.153998,0.048902,2.088067,0.901154,0.559411,0.037356,0.559209,0.7263,High-Lift Affinity Pair
419,CERAMIC PLANT POT WHITE,LED GROW LIGHT BULB,0.111461,0.105618,0.060674,0.544355,5.153998,0.048902,1.962892,0.90708,0.559411,0.037356,0.559209,0.7179,High-Lift Affinity Pair
420,SET OF 3 CAKE TINS PANTRY,"HEART OF WICKER LARGE, REGENCY CAKESTAND 3 TIER",0.106067,0.067416,0.036854,0.347458,5.153955,0.029703,1.429155,0.901605,0.447062,0.282895,0.435825,0.6247,High-Lift Affinity Pair
421,ITALIAN EXTRA VIRGIN OLIVE OIL,"GARLIC HERB BREADSTICKS, ORGANIC TOMATO BASIL SAUCE",0.115955,0.062472,0.037303,0.321705,5.149601,0.030059,1.382184,0.911504,0.459414,0.378981,0.438289,0.6183,High-Lift Affinity Pair
422,HEART OF WICKER SMALL,"HEART OF WICKER LARGE, SET OF 3 CAKE TINS PANTRY",0.10382,0.059775,0.03191,0.307359,5.141913,0.025704,1.357449,0.898837,0.420597,0.334471,0.405067,0.6046,High-Lift Affinity Pair
423,ARTISAN PASTA PENNE,"AGED PARMESAN REGGIANO, GARLIC HERB BREADSTICKS",0.117303,0.058876,0.035506,0.302682,5.140973,0.028599,1.349633,0.912527,0.452868,0.415335,0.427239,0.6096,High-Lift Affinity Pair
424,HEART OF WICKER SMALL,"REGENCY CAKESTAND 3 TIER, SET OF 3 CAKE TINS PANTRY",0.10382,0.060674,0.03236,0.311688,5.137085,0.02606,1.364681,0.898633,0.422511,0.326531,0.407718,0.6062,High-Lift Affinity Pair
425,"LARGE DESK PAD BLACK, USB-C MULTIPORT ADAPTER","MONITOR LIGHT BAR, WIRELESS ERGONOMIC MOUSE",0.055281,0.060225,0.017079,0.308943,5.129839,0.013749,1.35991,0.852171,0.296263,0.050228,0.295991,0.5788,High-Lift Affinity Pair
426,AGED PARMESAN REGGIANO,ITALIAN EXTRA VIRGIN OLIVE OIL,0.102022,0.115955,0.060674,0.594714,5.128829,0.048844,2.181285,0.896485,0.558985,0.088571,0.557842,0.7302,High-Lift Affinity Pair
427,ITALIAN EXTRA VIRGIN OLIVE OIL,AGED PARMESAN REGGIANO,0.115955,0.102022,0.060674,0.523256,5.128829,0.048844,1.883563,0.910614,0.558985,0.088571,0.557842,0.7102,High-Lift Affinity Pair
428,"CERAMIC PLANT POT WHITE, ORGANIC POTTING SOIL 10L",WATERING CAN GREEN 2L,0.055281,0.114157,0.03236,0.585366,5.127713,0.026049,2.136444,0.852085,0.434415,0.429508,0.407346,0.6831,High-Lift Affinity Pair
429,"ORGANIC POTTING SOIL 10L, WATERING CAN GREEN 2L",CERAMIC PLANT POT WHITE,0.056629,0.111461,0.03236,0.571429,5.126728,0.026048,2.073258,0.853263,0.430876,0.403974,0.407307,0.6789,High-Lift Affinity Pair
430,"ORGANIC WHOLE MILK, SWEET CREAM BUTTER",ORGANIC EGGS DOZEN,0.05618,0.11236,0.03236,0.576,5.1264,0.026047,2.093492,0.852844,0.432,0.412541,0.407294,0.6802,High-Lift Affinity Pair
431,MECHANICAL KEYBOARD,MONITOR LIGHT BAR,0.105169,0.109213,0.058876,0.559829,5.126007,0.047391,2.023729,0.899517,0.549462,0.026012,0.549364,0.7174,High-Lift Affinity Pair
432,MONITOR LIGHT BAR,MECHANICAL KEYBOARD,0.109213,0.105169,0.058876,0.539095,5.126007,0.047391,1.941465,0.903602,0.549462,0.026012,0.549364,0.7116,High-Lift Affinity Pair
433,GARLIC HERB BREADSTICKS,"ARTISAN PASTA PENNE, ITALIAN EXTRA VIRGIN OLIVE OIL",0.113708,0.067865,0.039551,0.347826,5.125252,0.031834,1.429273,0.908152,0.465304,0.322785,0.450229,0.6274,High-Lift Affinity Pair
434,HEART OF WICKER SMALL,REGENCY CAKESTAND 3 TIER,0.10382,0.113258,0.060225,0.580087,5.121796,0.048466,2.111725,0.897985,0.555916,0.060172,0.555391,0.7249,High-Lift Affinity Pair
435,REGENCY CAKESTAND 3 TIER,HEART OF WICKER SMALL,0.113258,0.10382,0.060225,0.531746,5.121796,0.048466,1.913875,0.907543,0.555916,0.060172,0.555391,0.7114,High-Lift Affinity Pair
436,BLUEBERRY SCONE,CAPPUCCINO CUP & SAUCER,0.107416,0.116854,0.06427,0.598326,5.120293,0.051718,2.198666,0.901538,0.574163,0.058989,0.573655,0.7363,High-Lift Affinity Pair
437,CAPPUCCINO CUP & SAUCER,BLUEBERRY SCONE,0.116854,0.107416,0.06427,0.55,5.120293,0.051718,1.983521,0.911173,0.574163,0.058989,0.573655,0.7228,High-Lift Affinity Pair
438,"AGED PARMESAN REGGIANO, ORGANIC TOMATO BASIL SAUCE",GARLIC HERB BREADSTICKS,0.054831,0.113708,0.03191,0.581967,5.118091,0.025675,2.12015,0.851292,0.4313,0.430921,0.404127,0.6807,High-Lift Affinity Pair
439,WHITE HANGING HEART T-LIGHT HOLDER,REGENCY CAKESTAND 3 TIER,0.110112,0.113258,0.06382,0.579592,5.117428,0.051349,2.10924,0.904147,0.571542,0.019718,0.571485,0.7301,High-Lift Affinity Pair
440,REGENCY CAKESTAND 3 TIER,WHITE HANGING HEART T-LIGHT HOLDER,0.113258,0.110112,0.06382,0.563492,5.117428,0.051349,2.038652,0.907355,0.571542,0.019718,0.571485,0.7256,High-Lift Affinity Pair
441,SET OF 3 CAKE TINS PANTRY,"REGENCY CAKESTAND 3 TIER, WHITE HANGING HEART T-LIGHT HOLDER",0.106067,0.06382,0.034607,0.326271,5.112348,0.027837,1.38955,0.899839,0.434262,0.312292,0.420621,0.6122,High-Lift Affinity Pair
442,HEART OF WICKER SMALL,WHITE HANGING HEART T-LIGHT HOLDER,0.10382,0.110112,0.058427,0.562771,5.110876,0.046995,2.035288,0.897519,0.546691,0.040462,0.546455,0.7164,High-Lift Affinity Pair
443,WHITE HANGING HEART T-LIGHT HOLDER,HEART OF WICKER SMALL,0.110112,0.10382,0.058427,0.530612,5.110876,0.046995,1.909253,0.903866,0.546691,0.040462,0.546455,0.7074,High-Lift Affinity Pair
444,"ORGANIC EGGS DOZEN, SWEET CREAM BUTTER",STRAWBERRY PRESERVES,0.059775,0.107416,0.032809,0.548872,5.109793,0.026388,1.978562,0.855431,0.427156,0.354515,0.409447,0.6719,High-Lift Affinity Pair
445,STRAWBERRY PRESERVES,"ORGANIC EGGS DOZEN, SWEET CREAM BUTTER",0.107416,0.059775,0.032809,0.305439,5.109793,0.026388,1.353697,0.901088,0.427156,0.354515,0.409447,0.6034,High-Lift Affinity Pair
446,ORGANIC TOMATO BASIL SAUCE,"AGED PARMESAN REGGIANO, ARTISAN PASTA PENNE",0.109663,0.063371,0.035506,0.32377,5.109144,0.028556,1.385076,0.903335,0.442027,0.336601,0.425915,0.6129,High-Lift Affinity Pair
447,BLUEBERRY SCONE,"CAPPUCCINO CUP & SAUCER, PAIN AU CHOCOLAT",0.107416,0.065618,0.035955,0.334728,5.101164,0.028907,1.404511,0.900718,0.441337,0.304918,0.428267,0.616,High-Lift Affinity Pair
448,"LARGE DESK PAD BLACK, MECHANICAL KEYBOARD","MONITOR LIGHT BAR, WIRELESS ERGONOMIC MOUSE",0.057079,0.060225,0.017528,0.307087,5.099013,0.014091,1.356267,0.852546,0.299066,0.031532,0.298958,0.5768,High-Lift Affinity Pair
449,"LED GROW LIGHT BULB, WATERING CAN GREEN 2L",GARDENING GLOVES PAIR,0.060674,0.117753,0.036404,0.6,5.09542,0.02926,2.205618,0.855662,0.45458,0.401899,0.430693,0.6913,High-Confidence Cross-Sell
450,GARDENING GLOVES PAIR,"LED GROW LIGHT BULB, WATERING CAN GREEN 2L",0.117753,0.060674,0.036404,0.30916,5.09542,0.02926,1.359687,0.911021,0.45458,0.401899,0.430693,0.6096,High-Lift Affinity Pair
451,WIRELESS ERGONOMIC MOUSE,"MECHANICAL KEYBOARD, MONITOR LIGHT BAR",0.103371,0.058876,0.031011,0.3,5.09542,0.024925,1.344462,0.896408,0.413359,0.339041,0.397511,0.5978,High-Lift Affinity Pair
452,"COLOMBIAN ROAST COFFEE, PURE CANE SUGAR",FRENCH VANILLA SYRUP,0.061573,0.113258,0.035506,0.576642,5.091386,0.028532,2.094545,0.856316,0.445067,0.370968,0.425174,0.6829,High-Lift Affinity Pair
453,FRENCH VANILLA SYRUP,"COLOMBIAN ROAST COFFEE, PURE CANE SUGAR",0.113258,0.061573,0.035506,0.313492,5.091386,0.028532,1.366957,0.906228,0.445067,0.370968,0.425174,0.6089,High-Lift Affinity Pair
454,LED GROW LIGHT BULB,"CERAMIC PLANT POT WHITE, GARDENING GLOVES PAIR",0.105618,0.066067,0.035506,0.33617,5.088291,0.028528,1.406886,0.898353,0.436793,0.290429,0.425045,0.6147,High-Lift Affinity Pair
455,HEART OF WICKER SMALL,"REGENCY CAKESTAND 3 TIER, WHITE HANGING HEART T-LIGHT HOLDER",0.10382,0.06382,0.033708,0.324675,5.087342,0.027082,1.386266,0.89651,0.426422,0.298658,0.414106,0.6085,High-Lift Affinity Pair
456,WHITE HANGING HEART T-LIGHT HOLDER,"HEART OF WICKER LARGE, REGENCY CAKESTAND 3 TIER",0.110112,0.067416,0.037753,0.342857,5.085714,0.03033,1.41915,0.902778,0.451429,0.305466,0.438178,0.6202,High-Lift Affinity Pair
457,WHITE HANGING HEART T-LIGHT HOLDER,"HEART OF WICKER SMALL, REGENCY CAKESTAND 3 TIER",0.110112,0.060225,0.033708,0.306122,5.083003,0.027076,1.354382,0.90266,0.432912,0.365132,0.413929,0.6032,High-Lift Affinity Pair
458,"ALMOND DANISH, PAIN AU CHOCOLAT","CAPPUCCINO CUP & SAUCER, CROISSANT ALL BUTTER",0.064719,0.065618,0.021573,0.333333,5.079909,0.017326,1.401573,0.858722,0.33105,0.008264,0.331042,0.5897,High-Lift Affinity Pair
459,"CAPPUCCINO CUP & SAUCER, CROISSANT ALL BUTTER","ALMOND DANISH, PAIN AU CHOCOLAT",0.065618,0.064719,0.021573,0.328767,5.079909,0.017326,1.393378,0.859548,0.33105,0.008264,0.331042,0.5884,High-Lift Affinity Pair
460,"GARDENING GLOVES PAIR, WATERING CAN GREEN 2L",LED GROW LIGHT BULB,0.067865,0.105618,0.036404,0.536424,5.078907,0.029237,1.92931,0.861578,0.440552,0.27541,0.429994,0.6717,High-Lift Affinity Pair
461,LED GROW LIGHT BULB,"GARDENING GLOVES PAIR, WATERING CAN GREEN 2L",0.105618,0.067865,0.036404,0.344681,5.078907,0.029237,1.422414,0.897947,0.440552,0.27541,0.429994,0.6179,High-Lift Affinity Pair
462,AGED PARMESAN REGGIANO,GARLIC HERB BREADSTICKS,0.102022,0.113708,0.058876,0.577093,5.075221,0.047276,2.095712,0.894192,0.54744,0.074499,0.546636,0.7186,High-Lift Affinity Pair
463,GARLIC HERB BREADSTICKS,AGED PARMESAN REGGIANO,0.113708,0.102022,0.058876,0.517787,5.075221,0.047276,1.862199,0.905981,0.54744,0.074499,0.546636,0.702,High-Lift Affinity Pair
464,HEART OF WICKER SMALL,"HEART OF WICKER LARGE, REGENCY CAKESTAND 3 TIER",0.10382,0.067416,0.035506,0.341991,5.072872,0.028507,1.417283,0.895884,0.434329,0.268212,0.4244,0.6152,High-Lift Affinity Pair
465,SET OF 3 CAKE TINS PANTRY,"HEART OF WICKER SMALL, REGENCY CAKESTAND 3 TIER",0.106067,0.060225,0.03236,0.305085,5.065773,0.025972,1.35236,0.897827,0.421199,0.342282,0.404878,0.5994,High-Lift Affinity Pair
466,ORGANIC WHOLE MILK,WHOLE WHEAT BREAD,0.10427,0.114157,0.060225,0.577586,5.059564,0.048322,2.097097,0.895755,0.552573,0.0625,0.552006,0.7198,High-Lift Affinity Pair
467,WHOLE WHEAT BREAD,ORGANIC WHOLE MILK,0.114157,0.10427,0.060225,0.527559,5.059564,0.048322,1.895963,0.905753,0.552573,0.0625,0.552006,0.7058,High-Lift Affinity Pair
468,"ORGANIC POTTING SOIL 10L, WATERING CAN GREEN 2L",GARDENING GLOVES PAIR,0.056629,0.117753,0.033708,0.595238,5.05498,0.02704,2.17967,0.850329,0.440749,0.434505,0.412786,0.6829,High-Lift Affinity Pair
469,SET OF 3 CAKE TINS PANTRY,REGENCY CAKESTAND 3 TIER,0.106067,0.113258,0.060674,0.572034,5.050696,0.048661,2.07199,0.897168,0.553874,0.045326,0.553576,0.7183,High-Lift Affinity Pair
470,REGENCY CAKESTAND 3 TIER,SET OF 3 CAKE TINS PANTRY,0.113258,0.106067,0.060674,0.535714,5.050696,0.048661,1.925393,0.904443,0.553874,0.045326,0.553576,0.7081,High-Lift Affinity Pair
471,"ARTISAN PASTA PENNE, ORGANIC TOMATO BASIL SAUCE",GARLIC HERB BREADSTICKS,0.069663,0.113708,0.04,0.574194,5.049726,0.032079,2.081444,0.86202,0.462986,0.30721,0.449432,0.6862,High-Lift Affinity Pair
472,GARLIC HERB BREADSTICKS,"ARTISAN PASTA PENNE, ORGANIC TOMATO BASIL SAUCE",0.113708,0.069663,0.04,0.351779,5.049726,0.032079,1.435215,0.904859,0.462986,0.30721,0.449432,0.6238,High-Lift Affinity Pair
473,WATERING CAN GREEN 2L,GARDENING GLOVES PAIR,0.114157,0.117753,0.067865,0.594488,5.048612,0.054423,2.175639,0.905269,0.585412,0.021918,0.585342,0.7358,High-Lift Affinity Pair
474,GARDENING GLOVES PAIR,WATERING CAN GREEN 2L,0.117753,0.114157,0.067865,0.576336,5.048612,0.054423,2.090908,0.908958,0.585412,0.021918,0.585342,0.7307,High-Lift Affinity Pair
475,"ORGANIC WHOLE MILK, WHOLE WHEAT BREAD",ORGANIC EGGS DOZEN,0.060225,0.11236,0.034157,0.567164,5.047761,0.02739,2.050756,0.853281,0.435582,0.376623,0.415232,0.6749,High-Lift Affinity Pair
476,ORGANIC EGGS DOZEN,"ORGANIC WHOLE MILK, WHOLE WHEAT BREAD",0.11236,0.060225,0.034157,0.304,5.047761,0.02739,1.350252,0.903398,0.435582,0.376623,0.415232,0.6009,High-Lift Affinity Pair
477,"DARK CHOCOLATE BAR 85%, FRENCH VANILLA SYRUP",PURE CANE SUGAR,0.062921,0.110562,0.035056,0.557143,5.039199,0.028099,2.008409,0.855377,0.437108,0.344156,0.420304,0.6728,High-Lift Affinity Pair
478,PURE CANE SUGAR,"DARK CHOCOLATE BAR 85%, FRENCH VANILLA SYRUP",0.110562,0.062921,0.035056,0.317073,5.039199,0.028099,1.372151,0.901193,0.437108,0.344156,0.420304,0.6053,High-Lift Affinity Pair
479,HEART OF WICKER SMALL,HEART OF WICKER LARGE,0.10382,0.107416,0.05618,0.541126,5.037675,0.045028,1.94516,0.894347,0.532069,0.023188,0.531992,0.7015,High-Lift Affinity Pair
480,HEART OF WICKER LARGE,HEART OF WICKER SMALL,0.107416,0.10382,0.05618,0.523013,5.037675,0.045028,1.878833,0.89795,0.532069,0.023188,0.531992,0.6964,High-Lift Affinity Pair
481,"STRAWBERRY PRESERVES, SWEET CREAM BUTTER",ORGANIC EGGS DOZEN,0.057978,0.11236,0.032809,0.565891,5.036434,0.026295,2.044743,0.850773,0.428946,0.395425,0.406498,0.6716,High-Lift Affinity Pair
482,REGENCY CAKESTAND 3 TIER,"SET OF 3 CAKE TINS PANTRY, WHITE HANGING HEART T-LIGHT HOLDER",0.113258,0.060674,0.034607,0.305556,5.036008,0.027735,1.352629,0.903792,0.437963,0.377419,0.417468,0.6013,High-Lift Affinity Pair
483,"ORGANIC POTTING SOIL 10L, WATERING CAN GREEN 2L",LED GROW LIGHT BULB,0.056629,0.105618,0.030112,0.531746,5.034617,0.024131,1.910036,0.849481,0.408426,0.370748,0.389364,0.6573,High-Lift Affinity Pair
484,CERAMIC PLANT POT WHITE,GARDENING GLOVES PAIR,0.111461,0.117753,0.066067,0.592742,5.033782,0.052943,2.16631,0.901865,0.576905,0.038567,0.576688,0.7314,High-Lift Affinity Pair
485,GARDENING GLOVES PAIR,CERAMIC PLANT POT WHITE,0.117753,0.111461,0.066067,0.561069,5.033782,0.052943,2.024324,0.908297,0.576905,0.038567,0.576688,0.7226,High-Lift Affinity Pair
486,LED GROW LIGHT BULB,WATERING CAN GREEN 2L,0.105618,0.114157,0.060674,0.574468,5.03225,0.048617,2.08173,0.895905,0.552982,0.053672,0.552564,0.7176,High-Lift Affinity Pair
487,WATERING CAN GREEN 2L,LED GROW LIGHT BULB,0.114157,0.105618,0.060674,0.531496,5.03225,0.048617,1.909017,0.904542,0.552982,0.053672,0.552564,0.7056,High-Lift Affinity Pair
488,ORGANIC POTTING SOIL 10L,LED GROW LIGHT BULB,0.101573,0.105618,0.053933,0.530973,5.027302,0.043205,1.90689,0.891654,0.520806,0.026393,0.520707,0.6943,High-Lift Affinity Pair
489,LED GROW LIGHT BULB,ORGANIC POTTING SOIL 10L,0.105618,0.101573,0.053933,0.510638,5.027302,0.043205,1.835916,0.895687,0.520806,0.026393,0.520707,0.6886,High-Lift Affinity Pair
490,"CERAMIC PLANT POT WHITE, WATERING CAN GREEN 2L",ORGANIC POTTING SOIL 10L,0.063371,0.101573,0.03236,0.510638,5.027302,0.025923,1.835916,0.855286,0.414611,0.288136,0.403338,0.6542,High-Lift Affinity Pair
491,ORGANIC POTTING SOIL 10L,"CERAMIC PLANT POT WHITE, WATERING CAN GREEN 2L",0.101573,0.063371,0.03236,0.318584,5.027302,0.025923,1.374534,0.891654,0.414611,0.288136,0.403338,0.6002,High-Lift Affinity Pair
492,STRAWBERRY PRESERVES,SWEET CREAM BUTTER,0.107416,0.107416,0.057978,0.539749,5.02486,0.046439,1.939342,0.897382,0.539749,0.0,0.539749,0.7031,High-Lift Affinity Pair
493,SWEET CREAM BUTTER,STRAWBERRY PRESERVES,0.107416,0.107416,0.057978,0.539749,5.02486,0.046439,1.939342,0.897382,0.539749,0.0,0.539749,0.7031,High-Lift Affinity Pair
494,PURE CANE SUGAR,FRENCH VANILLA SYRUP,0.110562,0.113258,0.062921,0.569106,5.024842,0.050399,2.05791,0.900556,0.562331,0.01676,0.56229,0.7192,High-Lift Affinity Pair
495,FRENCH VANILLA SYRUP,PURE CANE SUGAR,0.113258,0.110562,0.062921,0.555556,5.024842,0.050399,2.001236,0.903294,0.562331,0.01676,0.56229,0.7154,High-Lift Affinity Pair
496,BLUEBERRY SCONE,"ALMOND DANISH, CAPPUCCINO CUP & SAUCER",0.107416,0.062472,0.033708,0.313808,5.023178,0.026997,1.366276,0.897308,0.426688,0.330033,0.411486,0.601,High-Lift Affinity Pair
497,ORGANIC WHOLE MILK,SWEET CREAM BUTTER,0.10427,0.107416,0.05618,0.538793,5.015961,0.04498,1.935323,0.893836,0.530903,0.020231,0.530844,0.6993,High-Lift Affinity Pair
498,SWEET CREAM BUTTER,ORGANIC WHOLE MILK,0.107416,0.10427,0.05618,0.523013,5.015961,0.04498,1.877891,0.896987,0.530903,0.020231,0.530844,0.6949,High-Lift Affinity Pair
499,ORGANIC TOMATO BASIL SAUCE,GARLIC HERB BREADSTICKS,0.109663,0.113708,0.062472,0.569672,5.009962,0.050002,2.059574,0.898983,0.55954,0.02514,0.559448,0.7175,High-Lift Affinity Pair
500,GARLIC HERB BREADSTICKS,ORGANIC TOMATO BASIL SAUCE,0.113708,0.109663,0.062472,0.549407,5.009962,0.050002,1.975924,0.903086,0.55954,0.02514,0.559448,0.7119,High-Lift Affinity Pair
501,"ARTISAN PASTA PENNE, ORGANIC TOMATO BASIL SAUCE",ITALIAN EXTRA VIRGIN OLIVE OIL,0.069663,0.115955,0.040449,0.580645,5.007502,0.032372,2.108107,0.860225,0.464741,0.318885,0.450056,0.6858,High-Lift Affinity Pair
502,ITALIAN EXTRA VIRGIN OLIVE OIL,"ARTISAN PASTA PENNE, ORGANIC TOMATO BASIL SAUCE",0.115955,0.069663,0.040449,0.348837,5.007502,0.032372,1.428732,0.90527,0.464741,0.318885,0.450056,0.6207,High-Lift Affinity Pair
503,"CAPPUCCINO CUP & SAUCER, CROISSANT ALL BUTTER, PAIN AU CHOCOLAT",ALMOND DANISH,0.037303,0.115506,0.021573,0.578313,5.006798,0.017264,2.097515,0.831281,0.382542,0.59589,0.328652,0.6556,High-Lift Affinity Pair
504,AGED PARMESAN REGGIANO,"GARLIC HERB BREADSTICKS, ORGANIC TOMATO BASIL SAUCE",0.102022,0.062472,0.03191,0.312775,5.006655,0.025537,1.364224,0.891187,0.411783,0.298305,0.399704,0.5964,High-Lift Affinity Pair
505,"CERAMIC COFFEE MUG, DARK CHOCOLATE BAR 85%, PURE CANE SUGAR",COLOMBIAN ROAST COFFEE,0.034607,0.114157,0.019775,0.571429,5.005624,0.015825,2.066966,0.828911,0.372328,0.616725,0.314623,0.6507,High-Lift Affinity Pair
506,"COLOMBIAN ROAST COFFEE, DARK CHOCOLATE BAR 85%",CERAMIC COFFEE MUG,0.060225,0.107416,0.03236,0.537313,5.002186,0.02589,1.929134,0.85136,0.419284,0.348837,0.402329,0.6602,High-Lift Affinity Pair
507,CERAMIC COFFEE MUG,"COLOMBIAN ROAST COFFEE, DARK CHOCOLATE BAR 85%",0.107416,0.060225,0.03236,0.301255,5.002186,0.02589,1.344948,0.896372,0.419284,0.348837,0.402329,0.5938,High-Lift Affinity Pair
508,"CERAMIC COFFEE MUG, COLOMBIAN ROAST COFFEE, PURE CANE SUGAR",DARK CHOCOLATE BAR 85%,0.035056,0.112809,0.019775,0.564103,5.000511,0.015821,2.035321,0.829085,0.369701,0.607018,0.314462,0.6481,High-Lift Affinity Pair
509,GARDENING GLOVES PAIR,"CERAMIC PLANT POT WHITE, WATERING CAN GREEN 2L",0.117753,0.063371,0.037303,0.316794,4.999053,0.029841,1.370932,0.906732,0.452723,0.378125,0.431835,0.6063,High-Lift Affinity Pair
510,"ALMOND DANISH, PAIN AU CHOCOLAT",CROISSANT ALL BUTTER,0.064719,0.120899,0.039101,0.604167,4.997289,0.031277,2.220887,0.855242,0.463793,0.383436,0.44204,0.6898,High-Confidence Cross-Sell
511,CROISSANT ALL BUTTER,"ALMOND DANISH, PAIN AU CHOCOLAT",0.120899,0.064719,0.039101,0.32342,4.997289,0.031277,1.382366,0.909897,0.463793,0.383436,0.44204,0.611,High-Lift Affinity Pair
512,PURE CANE SUGAR,"COLOMBIAN ROAST COFFEE, FRENCH VANILLA SYRUP",0.110562,0.06427,0.035506,0.321138,4.996731,0.0284,1.378381,0.899297,0.436793,0.332258,0.421203,0.6042,High-Lift Affinity Pair
513,USB-C MULTIPORT ADAPTER,"MONITOR LIGHT BAR, WIRELESS ERGONOMIC MOUSE",0.101573,0.060225,0.030562,0.300885,4.996038,0.024445,1.344236,0.890269,0.404174,0.315068,0.390753,0.5902,High-Lift Affinity Pair
514,AGED PARMESAN REGGIANO,"ARTISAN PASTA PENNE, ORGANIC TOMATO BASIL SAUCE",0.102022,0.069663,0.035506,0.348018,4.995737,0.028398,1.426936,0.890701,0.428848,0.237624,0.421161,0.6113,High-Lift Affinity Pair
515,AGED PARMESAN REGGIANO,"GARLIC HERB BREADSTICKS, ITALIAN EXTRA VIRGIN OLIVE OIL",0.102022,0.070562,0.035955,0.352423,4.994528,0.028756,1.435255,0.890647,0.430989,0.230263,0.423767,0.6132,High-Lift Affinity Pair
516,FRENCH VANILLA SYRUP,"DARK CHOCOLATE BAR 85%, PURE CANE SUGAR",0.113258,0.062022,0.035056,0.309524,4.990511,0.028032,1.35845,0.901751,0.437371,0.365385,0.418268,0.5999,High-Lift Affinity Pair
517,ITALIAN EXTRA VIRGIN OLIVE OIL,ARTISAN PASTA PENNE,0.115955,0.117303,0.067865,0.585271,4.989382,0.054263,2.128371,0.90445,0.581908,0.008152,0.581898,0.729,High-Lift Affinity Pair
518,ARTISAN PASTA PENNE,ITALIAN EXTRA VIRGIN OLIVE OIL,0.117303,0.115955,0.067865,0.578544,4.989382,0.054263,2.097598,0.905831,0.581908,0.008152,0.581898,0.7271,High-Lift Affinity Pair
519,ORGANIC TOMATO BASIL SAUCE,ITALIAN EXTRA VIRGIN OLIVE OIL,0.109663,0.115955,0.063371,0.577869,4.983559,0.050655,2.094242,0.897795,0.56219,0.038781,0.561972,0.7194,High-Lift Affinity Pair
520,ITALIAN EXTRA VIRGIN OLIVE OIL,ORGANIC TOMATO BASIL SAUCE,0.115955,0.109663,0.063371,0.546512,4.983559,0.050655,1.963307,0.904185,0.56219,0.038781,0.561972,0.7106,High-Lift Affinity Pair
521,FRENCH VANILLA SYRUP,"CERAMIC COFFEE MUG, PURE CANE SUGAR",0.113258,0.062921,0.035506,0.313492,4.982285,0.028379,1.364993,0.901377,0.438889,0.357827,0.420594,0.6011,High-Lift Affinity Pair
522,"ALMOND DANISH, CAPPUCCINO CUP & SAUCER, CROISSANT ALL BUTTER",PAIN AU CHOCOLAT,0.035955,0.120449,0.021573,0.6,4.981343,0.017242,2.198876,0.82906,0.389552,0.626667,0.327815,0.6601,High-Confidence Cross-Sell
523,"COLOMBIAN ROAST COFFEE, DARK CHOCOLATE BAR 85%","FRENCH VANILLA SYRUP, PURE CANE SUGAR",0.060225,0.062921,0.018876,0.313433,4.981343,0.015087,1.364875,0.85047,0.306716,0.025862,0.306643,0.5725,High-Lift Affinity Pair
524,CERAMIC PLANT POT WHITE,WATERING CAN GREEN 2L,0.111461,0.114157,0.063371,0.568548,4.980394,0.050647,2.053168,0.899468,0.561833,0.01662,0.561793,0.7165,High-Lift Affinity Pair
525,WATERING CAN GREEN 2L,CERAMIC PLANT POT WHITE,0.114157,0.111461,0.063371,0.555118,4.980394,0.050647,1.997248,0.902206,0.561833,0.01662,0.561793,0.7128,High-Lift Affinity Pair
526,PURE CANE SUGAR,DARK CHOCOLATE BAR 85%,0.110562,0.112809,0.062022,0.560976,4.972792,0.04955,2.020824,0.898214,0.555388,0.013928,0.55536,0.7117,High-Lift Affinity Pair
527,DARK CHOCOLATE BAR 85%,PURE CANE SUGAR,0.112809,0.110562,0.062022,0.549801,4.972792,0.04955,1.975655,0.900489,0.555388,0.013928,0.55536,0.7086,High-Lift Affinity Pair
528,FRENCH VANILLA SYRUP,COLOMBIAN ROAST COFFEE,0.113258,0.114157,0.06427,0.56746,4.970863,0.05134,2.048003,0.900857,0.565226,0.00551,0.565222,0.717,High-Lift Affinity Pair
529,COLOMBIAN ROAST COFFEE,FRENCH VANILLA SYRUP,0.114157,0.113258,0.06427,0.562992,4.970863,0.05134,2.02912,0.901771,0.565226,0.00551,0.565222,0.7157,High-Lift Affinity Pair
530,GARDENING GLOVES PAIR,"CERAMIC PLANT POT WHITE, LED GROW LIGHT BULB",0.117753,0.060674,0.035506,0.301527,4.969607,0.028361,1.344827,0.905389,0.443356,0.399371,0.420058,0.5971,High-Lift Affinity Pair
531,"ALMOND DANISH, BLUEBERRY SCONE",PAIN AU CHOCOLAT,0.057079,0.120449,0.034157,0.598425,4.968269,0.027282,2.190253,0.847072,0.441004,0.442006,0.41195,0.6783,High-Lift Affinity Pair
532,"BLUEBERRY SCONE, CAPPUCCINO CUP & SAUCER, PAIN AU CHOCOLAT",CROISSANT ALL BUTTER,0.035955,0.120899,0.021573,0.6,4.962825,0.017226,2.197753,0.828283,0.389219,0.627907,0.327205,0.6588,High-Confidence Cross-Sell
533,CAPPUCCINO CUP & SAUCER,"BLUEBERRY SCONE, PAIN AU CHOCOLAT",0.116854,0.062022,0.035955,0.307692,4.960981,0.028707,1.354856,0.904071,0.443701,0.383648,0.422342,0.5988,High-Lift Affinity Pair
534,SWEET CREAM BUTTER,ORGANIC EGGS DOZEN,0.107416,0.11236,0.059775,0.556485,4.95272,0.047706,2.001378,0.894135,0.544243,0.030899,0.544105,0.7055,High-Lift Affinity Pair
535,ORGANIC EGGS DOZEN,SWEET CREAM BUTTER,0.11236,0.107416,0.059775,0.532,4.95272,0.047706,1.907231,0.899115,0.544243,0.030899,0.544105,0.6986,High-Lift Affinity Pair
536,CERAMIC COFFEE MUG,COLOMBIAN ROAST COFFEE,0.107416,0.114157,0.060674,0.564854,4.948028,0.048412,2.035735,0.89392,0.548175,0.041899,0.547921,0.7089,High-Lift Affinity Pair
537,COLOMBIAN ROAST COFFEE,CERAMIC COFFEE MUG,0.114157,0.107416,0.060674,0.531496,4.948028,0.048412,1.90518,0.900723,0.548175,0.041899,0.547921,0.6996,High-Lift Affinity Pair
538,WATERING CAN GREEN 2L,"CERAMIC PLANT POT WHITE, GARDENING GLOVES PAIR",0.114157,0.066067,0.037303,0.326772,4.946034,0.029761,1.387245,0.900631,0.445699,0.336478,0.429539,0.6051,High-Lift Affinity Pair
539,COLOMBIAN ROAST COFFEE,"FRENCH VANILLA SYRUP, PURE CANE SUGAR",0.114157,0.062921,0.035506,0.311024,4.943054,0.028323,1.360103,0.900494,0.437655,0.361905,0.418935,0.5976,High-Lift Affinity Pair
540,DARK CHOCOLATE BAR 85%,"FRENCH VANILLA SYRUP, PURE CANE SUGAR",0.112809,0.062921,0.035056,0.310757,4.938816,0.027958,1.359577,0.89893,0.43395,0.354633,0.416096,0.5965,High-Lift Affinity Pair
541,"ORGANIC WHOLE MILK, WHOLE WHEAT BREAD",STRAWBERRY PRESERVES,0.060225,0.107416,0.03191,0.529851,4.932711,0.025441,1.898513,0.848364,0.413461,0.347682,0.396741,0.6523,High-Lift Affinity Pair
542,CERAMIC PLANT POT WHITE,"GARDENING GLOVES PAIR, WATERING CAN GREEN 2L",0.111461,0.067865,0.037303,0.334677,4.931505,0.029739,1.401027,0.897228,0.442173,0.306962,0.428908,0.6062,High-Lift Affinity Pair
543,GARLIC HERB BREADSTICKS,"AGED PARMESAN REGGIANO, ARTISAN PASTA PENNE",0.113708,0.063371,0.035506,0.312253,4.927396,0.0283,1.36188,0.899312,0.436268,0.355556,0.418271,0.5968,High-Lift Affinity Pair
544,DARK CHOCOLATE BAR 85%,FRENCH VANILLA SYRUP,0.112809,0.113258,0.062921,0.557769,4.924745,0.050145,2.005154,0.898278,0.556662,0.002755,0.556661,0.7088,High-Lift Affinity Pair
545,FRENCH VANILLA SYRUP,DARK CHOCOLATE BAR 85%,0.113258,0.112809,0.062921,0.555556,4.924745,0.050145,1.99618,0.898733,0.556662,0.002755,0.556661,0.7082,High-Lift Affinity Pair
546,ALMOND DANISH,CROISSANT ALL BUTTER,0.115506,0.120899,0.068764,0.595331,4.924204,0.0548,2.172394,0.900991,0.582052,0.032172,0.5819,0.7286,High-Lift Affinity Pair
547,CROISSANT ALL BUTTER,ALMOND DANISH,0.120899,0.115506,0.068764,0.568773,4.924204,0.0548,2.051112,0.906519,0.582052,0.032172,0.5819,0.7211,High-Lift Affinity Pair
548,ORGANIC POTTING SOIL 10L,GARDENING GLOVES PAIR,0.101573,0.117753,0.058876,0.579646,4.922566,0.046916,2.09882,0.886943,0.539823,0.10084,0.538352,0.7084,High-Lift Affinity Pair
549,GARDENING GLOVES PAIR,ORGANIC POTTING SOIL 10L,0.117753,0.101573,0.058876,0.5,4.922566,0.046916,1.796854,0.903209,0.539823,0.10084,0.538352,0.6861,High-Lift Affinity Pair
550,"BLUEBERRY SCONE, CAPPUCCINO CUP & SAUCER, CROISSANT ALL BUTTER",PAIN AU CHOCOLAT,0.036404,0.120449,0.021573,0.592593,4.919845,0.017188,2.158897,0.826842,0.385849,0.621262,0.325785,0.6536,High-Lift Affinity Pair
551,GARLIC HERB BREADSTICKS,ARTISAN PASTA PENNE,0.113708,0.117303,0.065618,0.577075,4.91951,0.05228,2.087124,0.898945,0.568231,0.021739,0.568162,0.7181,High-Lift Affinity Pair
552,ARTISAN PASTA PENNE,GARLIC HERB BREADSTICKS,0.117303,0.113708,0.065618,0.559387,4.91951,0.05228,2.011498,0.902607,0.568231,0.021739,0.568162,0.7132,High-Lift Affinity Pair
553,"ALMOND DANISH, PAIN AU CHOCOLAT",BLUEBERRY SCONE,0.064719,0.107416,0.034157,0.527778,4.913412,0.027205,1.890178,0.85159,0.422885,0.309446,0.409669,0.6539,High-Lift Affinity Pair
554,BLUEBERRY SCONE,"ALMOND DANISH, PAIN AU CHOCOLAT",0.107416,0.064719,0.034157,0.317992,4.913412,0.027205,1.371363,0.892325,0.422885,0.309446,0.409669,0.595,High-Lift Affinity Pair
555,ORGANIC WHOLE MILK,ORGANIC EGGS DOZEN,0.10427,0.11236,0.057528,0.551724,4.910345,0.045812,1.980121,0.889049,0.531862,0.050847,0.531491,0.6975,High-Lift Affinity Pair
556,ORGANIC EGGS DOZEN,ORGANIC WHOLE MILK,0.11236,0.10427,0.057528,0.512,4.910345,0.045812,1.835513,0.897152,0.531862,0.050847,0.531491,0.6864,High-Lift Affinity Pair
557,AGED PARMESAN REGGIANO,ORGANIC TOMATO BASIL SAUCE,0.102022,0.109663,0.054831,0.537445,4.900881,0.043643,1.924824,0.886386,0.518722,0.048711,0.518384,0.6885,High-Lift Affinity Pair
558,ORGANIC TOMATO BASIL SAUCE,AGED PARMESAN REGGIANO,0.109663,0.102022,0.054831,0.5,4.900881,0.043643,1.795955,0.893993,0.518722,0.048711,0.518384,0.6781,High-Lift Affinity Pair
559,ORGANIC POTTING SOIL 10L,"GARDENING GLOVES PAIR, WATERING CAN GREEN 2L",0.101573,0.067865,0.033708,0.331858,4.889967,0.026815,1.395116,0.885436,0.414274,0.248344,0.405993,0.5963,High-Lift Affinity Pair
560,ORGANIC POTTING SOIL 10L,WATERING CAN GREEN 2L,0.101573,0.114157,0.056629,0.557522,4.883806,0.045034,2.002004,0.885149,0.526793,0.079096,0.525896,0.6958,High-Lift Affinity Pair
561,WATERING CAN GREEN 2L,ORGANIC POTTING SOIL 10L,0.114157,0.101573,0.056629,0.496063,4.883806,0.045034,1.782816,0.897723,0.526793,0.079096,0.525896,0.6787,High-Lift Affinity Pair
562,ORGANIC POTTING SOIL 10L,CERAMIC PLANT POT WHITE,0.101573,0.111461,0.055281,0.544248,4.882868,0.04396,1.949611,0.885105,0.520108,0.062678,0.519547,0.6899,High-Lift Affinity Pair
563,CERAMIC PLANT POT WHITE,ORGANIC POTTING SOIL 10L,0.111461,0.101573,0.055281,0.495968,4.882868,0.04396,1.782479,0.894955,0.520108,0.062678,0.519547,0.6764,High-Lift Affinity Pair
564,COLOMBIAN ROAST COFFEE,"CERAMIC COFFEE MUG, PURE CANE SUGAR",0.114157,0.062921,0.035056,0.307087,4.880484,0.027873,1.352375,0.897566,0.432115,0.360759,0.413632,0.5913,High-Lift Affinity Pair
565,LED GROW LIGHT BULB,GARDENING GLOVES PAIR,0.105618,0.117753,0.060674,0.574468,4.878593,0.048237,2.073281,0.888908,0.544868,0.074586,0.544063,0.7066,High-Lift Affinity Pair
566,GARDENING GLOVES PAIR,LED GROW LIGHT BULB,0.117753,0.105618,0.060674,0.515267,4.878593,0.048237,1.845103,0.901134,0.544868,0.074586,0.544063,0.6901,High-Lift Affinity Pair
567,PURE CANE SUGAR,COLOMBIAN ROAST COFFEE,0.110562,0.114157,0.061573,0.556911,4.878449,0.048952,1.999241,0.893842,0.54814,0.022039,0.54807,0.7031,High-Lift Affinity Pair
568,COLOMBIAN ROAST COFFEE,PURE CANE SUGAR,0.114157,0.110562,0.061573,0.53937,4.878449,0.048952,1.930917,0.89747,0.54814,0.022039,0.54807,0.6982,High-Lift Affinity Pair
569,PAIN AU CHOCOLAT,CROISSANT ALL BUTTER,0.120449,0.120899,0.071011,0.589552,4.876408,0.056449,2.14181,0.903792,0.588456,0.002639,0.588455,0.7271,High-Lift Affinity Pair
570,CROISSANT ALL BUTTER,PAIN AU CHOCOLAT,0.120899,0.120449,0.071011,0.587361,4.876408,0.056449,2.131523,0.904254,0.588456,0.002639,0.588455,0.7265,High-Lift Affinity Pair
571,DARK CHOCOLATE BAR 85%,"CERAMIC COFFEE MUG, PURE CANE SUGAR",0.112809,0.062921,0.034607,0.306773,4.875498,0.027509,1.351763,0.895966,0.428386,0.353503,0.410762,0.5901,High-Lift Affinity Pair
572,"ALMOND DANISH, CAPPUCCINO CUP & SAUCER","CROISSANT ALL BUTTER, PAIN AU CHOCOLAT",0.062472,0.071011,0.021573,0.345324,4.862945,0.017137,1.419005,0.847295,0.324561,0.076305,0.323896,0.5776,High-Lift Affinity Pair
573,"CROISSANT ALL BUTTER, PAIN AU CHOCOLAT","ALMOND DANISH, CAPPUCCINO CUP & SAUCER",0.071011,0.062472,0.021573,0.303797,4.862945,0.017137,1.346631,0.855084,0.324561,0.076305,0.323896,0.5659,High-Lift Affinity Pair
574,LARGE DESK PAD BLACK,WIRELESS ERGONOMIC MOUSE,0.101573,0.103371,0.050787,0.5,4.836957,0.040287,1.793258,0.882941,0.495652,0.011662,0.495633,0.667,High-Lift Affinity Pair
575,WIRELESS ERGONOMIC MOUSE,LARGE DESK PAD BLACK,0.103371,0.101573,0.050787,0.491304,4.836957,0.040287,1.766138,0.884712,0.495652,0.011662,0.495633,0.6646,High-Lift Affinity Pair
576,ORGANIC EGGS DOZEN,WHOLE WHEAT BREAD,0.11236,0.114157,0.062022,0.552,4.835433,0.049196,1.977327,0.893598,0.547654,0.010929,0.547636,0.6994,High-Lift Affinity Pair
577,WHOLE WHEAT BREAD,ORGANIC EGGS DOZEN,0.114157,0.11236,0.062022,0.543307,4.835433,0.049196,1.943627,0.895411,0.547654,0.010929,0.547636,0.697,High-Lift Affinity Pair
578,CERAMIC COFFEE MUG,DARK CHOCOLATE BAR 85%,0.107416,0.112809,0.058427,0.543933,4.821717,0.04631,1.945309,0.887989,0.530931,0.033333,0.530771,0.6904,High-Lift Affinity Pair
579,DARK CHOCOLATE BAR 85%,CERAMIC COFFEE MUG,0.112809,0.107416,0.058427,0.517928,4.821717,0.04631,1.851559,0.893387,0.530931,0.033333,0.530771,0.6832,High-Lift Affinity Pair
580,ORGANIC TOMATO BASIL SAUCE,"GARLIC HERB BREADSTICKS, ITALIAN EXTRA VIRGIN OLIVE OIL",0.109663,0.070562,0.037303,0.340164,4.820795,0.029565,1.40859,0.890186,0.434413,0.273585,0.424066,0.5997,High-Lift Affinity Pair
581,STRAWBERRY PRESERVES,ORGANIC EGGS DOZEN,0.107416,0.11236,0.057978,0.539749,4.803766,0.045908,1.928601,0.887121,0.527874,0.030556,0.527741,0.6872,High-Lift Affinity Pair
582,ORGANIC EGGS DOZEN,STRAWBERRY PRESERVES,0.11236,0.107416,0.057978,0.516,4.803766,0.045908,1.844182,0.892062,0.527874,0.030556,0.527741,0.6806,High-Lift Affinity Pair
583,STRAWBERRY PRESERVES,WHOLE WHEAT BREAD,0.107416,0.114157,0.058876,0.548117,4.80142,0.046614,1.960337,0.887007,0.531933,0.041436,0.531686,0.6908,High-Lift Affinity Pair
584,WHOLE WHEAT BREAD,STRAWBERRY PRESERVES,0.114157,0.107416,0.058876,0.515748,4.80142,0.046614,1.843223,0.893757,0.531933,0.041436,0.531686,0.6818,High-Lift Affinity Pair
585,AGED PARMESAN REGGIANO,"ITALIAN EXTRA VIRGIN OLIVE OIL, ORGANIC TOMATO BASIL SAUCE",0.102022,0.063371,0.031011,0.303965,4.796607,0.024546,1.345663,0.881447,0.396663,0.287625,0.38568,0.5775,High-Lift Affinity Pair
586,BLUEBERRY SCONE,PAIN AU CHOCOLAT,0.107416,0.120449,0.062022,0.577406,4.793761,0.049084,2.081313,0.886634,0.546166,0.078591,0.545271,0.7035,High-Lift Affinity Pair
587,PAIN AU CHOCOLAT,BLUEBERRY SCONE,0.120449,0.107416,0.062022,0.514925,4.793761,0.049084,1.840097,0.899773,0.546166,0.078591,0.545271,0.6861,High-Lift Affinity Pair
588,"CAPPUCCINO CUP & SAUCER, PAIN AU CHOCOLAT","ALMOND DANISH, CROISSANT ALL BUTTER",0.065618,0.068764,0.021573,0.328767,4.781091,0.017061,1.387352,0.84638,0.321246,0.027888,0.321158,0.5671,High-Lift Affinity Pair
589,"ALMOND DANISH, CROISSANT ALL BUTTER","CAPPUCCINO CUP & SAUCER, PAIN AU CHOCOLAT",0.068764,0.065618,0.021573,0.313725,4.781091,0.017061,1.361528,0.84924,0.321246,0.027888,0.321158,0.5629,High-Lift Affinity Pair
590,ARTISAN PASTA PENNE,"GARLIC HERB BREADSTICKS, ITALIAN EXTRA VIRGIN OLIVE OIL",0.117303,0.070562,0.039551,0.337165,4.77829,0.031273,1.402216,0.895801,0.448837,0.315152,0.434723,0.5997,High-Lift Affinity Pair
591,ORGANIC WHOLE MILK,STRAWBERRY PRESERVES,0.10427,0.107416,0.053483,0.512931,4.775195,0.042283,1.832562,0.882614,0.505419,0.019886,0.505364,0.6705,High-Lift Affinity Pair
592,STRAWBERRY PRESERVES,ORGANIC WHOLE MILK,0.107416,0.10427,0.053483,0.497908,4.775195,0.042283,1.783996,0.885725,0.505419,0.019886,0.505364,0.6663,High-Lift Affinity Pair
593,"BLUEBERRY SCONE, PAIN AU CHOCOLAT",ALMOND DANISH,0.062022,0.115506,0.034157,0.550725,4.767947,0.026993,1.968713,0.842521,0.423222,0.373041,0.403559,0.6501,High-Lift Affinity Pair
594,ALMOND DANISH,"CROISSANT ALL BUTTER, PAIN AU CHOCOLAT",0.115506,0.071011,0.039101,0.338521,4.767153,0.030899,1.404412,0.893427,0.444577,0.301829,0.431742,0.5985,High-Lift Affinity Pair
595,CERAMIC COFFEE MUG,FRENCH VANILLA SYRUP,0.107416,0.113258,0.057978,0.539749,4.765641,0.045812,1.926648,0.885255,0.525827,0.035912,0.525643,0.6845,High-Lift Affinity Pair
596,FRENCH VANILLA SYRUP,CERAMIC COFFEE MUG,0.113258,0.107416,0.057978,0.511905,4.765641,0.045812,1.828709,0.891088,0.525827,0.035912,0.525643,0.6767,High-Lift Affinity Pair
597,ALMOND DANISH,"CAPPUCCINO CUP & SAUCER, CROISSANT ALL BUTTER",0.115506,0.065618,0.035955,0.311284,4.743884,0.028376,1.356702,0.892264,0.429615,0.343653,0.412997,0.5842,High-Lift Affinity Pair
598,"BLUEBERRY SCONE, CAPPUCCINO CUP & SAUCER","CROISSANT ALL BUTTER, PAIN AU CHOCOLAT",0.06427,0.071011,0.021573,0.335664,4.726919,0.017009,1.398373,0.842599,0.319731,0.059289,0.319334,0.5651,High-Lift Affinity Pair
599,"CROISSANT ALL BUTTER, PAIN AU CHOCOLAT","BLUEBERRY SCONE, CAPPUCCINO CUP & SAUCER",0.071011,0.06427,0.021573,0.303797,4.726919,0.017009,1.344049,0.848714,0.319731,0.059289,0.319334,0.5562,High-Lift Affinity Pair
600,"ALMOND DANISH, CROISSANT ALL BUTTER, PAIN AU CHOCOLAT",CAPPUCCINO CUP & SAUCER,0.039101,0.116854,0.021573,0.551724,4.721485,0.017004,1.970095,0.820276,0.36817,0.578595,0.31915,0.6274,High-Lift Affinity Pair
601,PAIN AU CHOCOLAT,"ALMOND DANISH, CROISSANT ALL BUTTER",0.120449,0.068764,0.039101,0.324627,4.720881,0.030819,1.378847,0.896111,0.446627,0.344311,0.429641,0.5915,High-Lift Affinity Pair
602,PAIN AU CHOCOLAT,"CAPPUCCINO CUP & SAUCER, CROISSANT ALL BUTTER",0.120449,0.065618,0.037303,0.309701,4.719766,0.0294,1.353591,0.896054,0.439097,0.36858,0.419599,0.5844,High-Lift Affinity Pair
603,CROISSANT ALL BUTTER,"CAPPUCCINO CUP & SAUCER, PAIN AU CHOCOLAT",0.120899,0.065618,0.037303,0.30855,4.70222,0.02937,1.351337,0.895613,0.438522,0.370482,0.418818,0.5828,High-Lift Affinity Pair
604,CERAMIC COFFEE MUG,"COLOMBIAN ROAST COFFEE, FRENCH VANILLA SYRUP",0.107416,0.06427,0.03236,0.301255,4.687363,0.025456,1.339159,0.881329,0.402376,0.309677,0.389462,0.5712,High-Lift Affinity Pair
605,"BLUEBERRY SCONE, CAPPUCCINO CUP & SAUCER",CROISSANT ALL BUTTER,0.06427,0.120899,0.036404,0.566434,4.685185,0.028634,2.027604,0.840585,0.433774,0.380665,0.412991,0.6523,High-Lift Affinity Pair
606,CROISSANT ALL BUTTER,"BLUEBERRY SCONE, CAPPUCCINO CUP & SAUCER",0.120899,0.06427,0.036404,0.301115,4.685185,0.028634,1.338891,0.894734,0.433774,0.380665,0.412991,0.5781,High-Lift Affinity Pair
607,DARK CHOCOLATE BAR 85%,COLOMBIAN ROAST COFFEE,0.112809,0.114157,0.060225,0.533865,4.676569,0.047347,1.900398,0.886132,0.530712,0.008086,0.530702,0.68,High-Lift Affinity Pair
608,COLOMBIAN ROAST COFFEE,DARK CHOCOLATE BAR 85%,0.114157,0.112809,0.060225,0.527559,4.676569,0.047347,1.877888,0.88748,0.530712,0.008086,0.530702,0.6783,High-Lift Affinity Pair
609,CAPPUCCINO CUP & SAUCER,PAIN AU CHOCOLAT,0.116854,0.120449,0.065618,0.561538,4.662026,0.051543,2.005993,0.889435,0.553157,0.020942,0.553094,0.6953,High-Lift Affinity Pair
610,PAIN AU CHOCOLAT,CAPPUCCINO CUP & SAUCER,0.120449,0.116854,0.065618,0.544776,4.662026,0.051543,1.940026,0.893071,0.553157,0.020942,0.553094,0.6906,High-Lift Affinity Pair
611,ALMOND DANISH,PAIN AU CHOCOLAT,0.115506,0.120449,0.064719,0.560311,4.651838,0.050807,2.000394,0.887548,0.548812,0.028871,0.548692,0.6928,High-Lift Affinity Pair
612,PAIN AU CHOCOLAT,ALMOND DANISH,0.120449,0.115506,0.064719,0.537313,4.651838,0.050807,1.911649,0.892537,0.548812,0.028871,0.548692,0.6864,High-Lift Affinity Pair
613,CAPPUCCINO CUP & SAUCER,CROISSANT ALL BUTTER,0.116854,0.120899,0.065618,0.561538,4.644695,0.05149,2.004967,0.888529,0.552145,0.023499,0.552065,0.694,High-Lift Affinity Pair
614,CROISSANT ALL BUTTER,CAPPUCCINO CUP & SAUCER,0.120899,0.116854,0.065618,0.542751,4.644695,0.05149,1.931433,0.892617,0.552145,0.023499,0.552065,0.6888,High-Lift Affinity Pair
615,ALMOND DANISH,CAPPUCCINO CUP & SAUCER,0.115506,0.116854,0.062472,0.540856,4.628479,0.048975,1.923462,0.886321,0.537736,0.007937,0.537727,0.6821,High-Lift Affinity Pair
616,CAPPUCCINO CUP & SAUCER,ALMOND DANISH,0.116854,0.115506,0.062472,0.534615,4.628479,0.048975,1.900566,0.887675,0.537736,0.007937,0.537727,0.6803,High-Lift Affinity Pair
617,BLUEBERRY SCONE,ALMOND DANISH,0.107416,0.115506,0.057079,0.531381,4.600475,0.044672,1.887448,0.876815,0.512772,0.04878,0.512434,0.6688,High-Lift Affinity Pair
618,ALMOND DANISH,BLUEBERRY SCONE,0.115506,0.107416,0.057079,0.494163,4.600475,0.044672,1.76457,0.884835,0.512772,0.04878,0.512434,0.6584,High-Lift Affinity Pair
619,BLUEBERRY SCONE,CROISSANT ALL BUTTER,0.107416,0.120899,0.059326,0.552301,4.568291,0.046339,1.9636,0.875099,0.521504,0.079787,0.520594,0.6759,High-Lift Affinity Pair
620,CROISSANT ALL BUTTER,BLUEBERRY SCONE,0.120899,0.107416,0.059326,0.490706,4.568291,0.046339,1.752592,0.888521,0.521504,0.079787,0.520594,0.6588,High-Lift Affinity Pair
621,BLUEBERRY SCONE,"ALMOND DANISH, CROISSANT ALL BUTTER",0.107416,0.068764,0.033708,0.313808,4.563541,0.026322,1.357106,0.874844,0.402002,0.271293,0.392208,0.5679,High-Lift Affinity Pair
622,SWEET CREAM BUTTER,WHOLE WHEAT BREAD,0.107416,0.114157,0.055281,0.514644,4.508203,0.043019,1.825141,0.87183,0.499448,0.040541,0.499217,0.6546,High-Lift Affinity Pair
623,WHOLE WHEAT BREAD,SWEET CREAM BUTTER,0.114157,0.107416,0.055281,0.484252,4.508203,0.043019,1.73066,0.878465,0.499448,0.040541,0.499217,0.6461,High-Lift Affinity Pair
624,CAPPUCCINO CUP & SAUCER,"CROISSANT ALL BUTTER, PAIN AU CHOCOLAT",0.116854,0.071011,0.037303,0.319231,4.495497,0.029005,1.364616,0.880438,0.422274,0.304478,0.409508,0.5706,High-Lift Affinity Pair
625,BLUEBERRY SCONE,"CROISSANT ALL BUTTER, PAIN AU CHOCOLAT",0.107416,0.071011,0.034157,0.317992,4.478047,0.02653,1.362137,0.870157,0.399502,0.252336,0.391098,0.5636,High-Lift Affinity Pair
626,CAPPUCCINO CUP & SAUCER,"ALMOND DANISH, CROISSANT ALL BUTTER",0.116854,0.068764,0.035955,0.307692,4.47461,0.02792,1.345119,0.879262,0.415284,0.321321,0.401105,0.5638,High-Lift Affinity Pair
