passenger_count,pickup_longitude,pickup_latitude,dropoff_longitude,dropoff_latitude,hour,day_of_week,month,distance_km
1,-73.76725002103814,40.698217565802224,-73.72920651720773,40.69068888848872,20,6,1,3.3148128138433637
1,-73.82135003252138,40.88399966352354,-73.87521575132912,40.88440819273979,8,2,4,4.528564664465396
1,-73.86993237674184,40.696281035527264,-73.8387780890561,40.68475527409479,16,4,5,2.922683134712988
1,-73.99206693648729,40.75122304159176,-73.9672187749058,40.75866247237295,18,5,2,2.2505344412229067
1,-74.03131970734428,40.681648454948686,-74.08726109802858,40.67495958266077,1,1,6,4.7757063016004775
1,-73.86770608502155,40.69096848418702,-73.90918442509592,40.66740202253252,10,0,3,4.370479207950574
3,-73.80124126625893,40.746890504261366,-73.77373575942049,40.76711562905096,14,0,2,3.228778768214029
1,-73.99903552381865,40.658435405109856,-74.01060556132633,40.61984177264453,21,0,4,4.40105916367814
1,-73.79843884306072,40.76140248751215,-73.76804895900375,40.770144181336256,8,6,4,2.7377279100961625
1,-73.97589343889564,40.8515232216565,-73.94132288286413,40.81928220096287,3,5,6,4.616408453968218
1,-73.79799146476066,40.60273915599696,-73.78484209440896,40.63653322054197,17,0,3,3.9181963107180566
1,-73.96340438550611,40.790783909740206,-73.93616796542014,40.77590555848472,12,1,3,2.8276626648828636
3,-73.78921512309283,40.870186115279694,-73.76470570511759,40.84676311515918,6,6,2,3.321478262857972
1,-73.79508504459363,40.733038490991184,-73.76095145544961,40.7328166971311,12,4,1,2.8761680411747683
4,-73.9603522504454,40.84281599951171,-73.95788186495663,40.855007192347614,13,3,5,1.3714314912868928
1,-73.97695525701825,40.66318732217623,-74.02458742064991,40.66666696574657,9,1,4,4.036126320322026
1,-74.04090501869945,40.764335381214515,-74.03730209054105,40.78832765721101,9,0,3,2.685014009006958
1,-73.88417445002946,40.88340156543557,-73.9016738049069,40.8773455029649,19,1,3,1.6179983936186775
1,-73.80486718144236,40.666917492088885,-73.8159378737741,40.640409300578874,4,4,5,3.0919905522201114
1,-73.93132662559115,40.79602565061793,-73.9678721713461,40.75891190904554,20,0,6,5.147845089661974
1,-73.9183210169251,40.78392271351514,-73.94712852420977,40.795658688562845,3,0,4,2.7540241754477486
2,-73.83200889151784,40.8040084753818,-73.83023687260683,40.82664532135541,16,2,1,2.5215159021906954
5,-73.83026065624676,40.63364726525976,-73.85128938894421,40.642077425741306,11,1,3,2.0067783797492424
1,-73.97921446324165,40.75500561728648,-74.0302758119034,40.77921676316069,7,4,3,5.073376076537167
1,-73.92419900278038,40.89642079367505,-73.91888594834754,40.88838062139965,13,1,3,0.9993662409010136
1,-74.02128063781421,40.729025682314834,-74.0371292660272,40.7147007691946,15,0,5,2.0787145437835837
1,-73.75494288347561,40.64602951712791,-73.71382741127603,40.62596984040291,16,2,4,4.124555083567176
1,-73.98372603916101,40.79992575872963,-73.98525480677239,40.825558898345896,20,0,4,2.8531773261910183
5,-73.78872928850983,40.68920056355263,-73.77997824712682,40.692067678073386,16,2,2,0.8037543427870476
2,-73.90375715660397,40.806594903008175,-73.90160989070127,40.78883562233828,14,2,2,1.9829967854508048
2,-73.90511606992797,40.75415128803488,-73.91138629386664,40.77374109804579,1,5,3,2.241383750299295
1,-73.96001096473555,40.603970579585315,-73.95644795169703,40.576200916945865,17,2,3,3.102467872664261
1,-73.90237522773373,40.653022546418725,-73.87038867212256,40.662815956769464,12,6,1,2.909657921904898
1,-74.02491595929054,40.69334355710544,-74.0079931358401,40.67869024205676,2,2,4,2.165852916214889
1,-73.87129367950958,40.86731437807784,-73.8824527407962,40.89201022715174,4,1,5,2.901892410169207
1,-73.819865631646,40.768535066398506,-73.8345051753067,40.767828516563085,9,5,3,1.2353603448711155
1,-73.93074330126784,40.71694180920724,-73.91175101942818,40.72426249240256,19,0,2,1.7956749579012359
1,-73.89816845532779,40.79982662168763,-73.90940677201951,40.84107008945343,8,3,2,4.682552944251027
1,-73.92466230019052,40.634036105881215,-73.92926155449615,40.6127030366358,13,0,1,2.4036782572905384
1,-73.8904575973484,40.726359906967915,-73.86786954119889,40.72047082271891,23,3,1,2.0130067245318695
1,-74.04508692805645,40.61431659511008,-74.05204988771092,40.61043479174671,16,1,3,0.7292220860498071
1,-74.04739622752123,40.63987135221141,-74.0601062480201,40.63233476358601,12,6,3,1.361077201431607
1,-74.0383025785885,40.60248799283136,-74.03800859161866,40.58949205897182,4,6,1,1.4452950780668732
2,-73.76487185511095,40.79208925109913,-73.77135212607259,40.78257131605105,7,4,1,1.1906922230202237
1,-73.77979463551371,40.7363238451881,-73.77325212299559,40.74977374052278,6,3,4,1.593895038777696
1,-73.91124291057682,40.60334786716547,-73.91350832934549,40.61938170264157,13,0,2,1.7931074254734731
1,-73.93666020213938,40.868586787971786,-73.94572866568085,40.84730441444816,20,5,1,2.4863502969671645
1,-73.92502075579182,40.771068589344,-73.93038136935016,40.75693761353458,12,3,6,1.6348655388334488
1,-73.85292669604412,40.723524233144985,-73.83760732589845,40.737454677708634,20,5,4,2.016347777282922
2,-73.91123656812239,40.815270082260874,-73.91464826087105,40.8012525221832,3,6,1,1.5849093549520288
3,-73.94212707962522,40.83746481158449,-73.93119995911456,40.86456106073674,3,5,5,3.1500245369330067
1,-73.91621166520714,40.80652781569628,-73.93534070711401,40.77176513581835,18,0,3,4.187489257081801
1,-74.03055705230383,40.63273636947259,-74.06977269858127,40.60894482855325,6,2,3,4.23717445029249
1,-73.99008987518012,40.744008126888424,-74.00533517763758,40.771821440243485,11,5,5,3.3486756677886245
1,-73.98692356921173,40.71387660110179,-73.96347558645178,40.71324062886977,20,1,5,1.9775435873255378
2,-74.00724166179117,40.89400265308222,-74.00376703397556,40.88655208901238,13,0,1,0.8784429759353856
1,-74.009573226578,40.85301362133278,-74.02862911496129,40.82328848900873,23,6,2,3.673526030306103
3,-73.88008009157186,40.78112008147806,-73.89770288986486,40.80464681172309,6,3,6,3.0074285016506765
1,-73.82420929439527,40.84082208791369,-73.81977266980611,40.846827163997304,2,6,1,0.7649498533054999
1,-73.94484695197097,40.762234319641735,-73.9566122163245,40.75236969721685,23,4,2,1.4782404526664612
1,-73.81469081636764,40.627114972841035,-73.84862338445964,40.61106052817411,9,1,5,3.3748183790305353
1,-73.89165424263264,40.791922439716096,-73.93182127038928,40.818492008337344,2,0,2,4.489764694080182
1,-73.8061529815993,40.829677198574586,-73.81921771580676,40.81463948187134,14,2,3,2.0011334001620757
1,-73.8216207156325,40.65649504754022,-73.83805122178588,40.6623975382412,18,5,5,1.5334964293236857
3,-73.8915123684615,40.76393398041138,-73.88467409557306,40.7868887539496,16,3,6,2.6165988678595427
2,-73.91125993806988,40.742929586673455,-73.91052928581013,40.75730610796347,15,1,2,1.5997806346485262
1,-73.9304536932582,40.87704899136873,-73.91919007191026,40.88808692835981,15,3,1,1.5501882698787621
1,-73.89971145209219,40.72438283777086,-73.87697559953467,40.74163232170968,19,1,3,2.710873344840472
3,-74.00323286876346,40.63687117507495,-74.04199036984372,40.63738357865686,18,2,5,3.2708622995119243
2,-73.76630315038537,40.86221304866357,-73.77477118093688,40.89183026185011,20,4,5,3.369362849767689
3,-74.04288842713007,40.68463736212998,-74.04096252490456,40.68362150807672,2,6,4,0.19781592063319056
1,-73.92099292379649,40.69239249285491,-73.87665009226265,40.7122897527051,0,0,2,4.343694968841764
1,-73.97948169849698,40.71671268994436,-73.97329315074325,40.72436794024288,2,6,1,0.9982914555581042
2,-74.04667225194265,40.78153732940673,-74.01426662497022,40.81002110086077,1,6,1,4.180051926426365
1,-73.9689416621509,40.76355523108653,-73.96754613651308,40.75827186430209,0,5,4,0.5991257808846772
2,-74.01110904935577,40.768384192214064,-73.99441710456547,40.76481805190033,15,2,6,1.4605927698308758
1,-73.94104704975517,40.84467646139988,-73.9560720801716,40.845337490238,11,5,6,1.265994709503014
3,-73.76683063292359,40.8844148671162,-73.74048749003462,40.88699292889672,15,3,6,2.2330195953556693
4,-73.92954732985764,40.839472841981824,-73.94156523785892,40.84142370046872,14,2,2,1.0339897862995815
1,-73.82951405256497,40.68882313526427,-73.84754681114785,40.645658328153495,22,4,1,5.034917492145601
2,-73.92948522409438,40.778900112538786,-73.91764958500457,40.781477543425325,7,1,6,1.0369430258367738
1,-74.02862778542722,40.77448000465762,-74.04632394151187,40.78985533728723,4,3,2,2.267797211001732
3,-73.99608800023432,40.73136929101882,-73.99577490678074,40.72133472026679,3,1,1,1.1161052419052027
1,-73.89093340402255,40.63533382581309,-73.88119582779616,40.64176442432595,21,5,2,1.0892156303937108
1,-73.78416399656105,40.78239695735009,-73.7852801357086,40.761593980508266,0,0,2,2.315094191398602
1,-73.97960443920907,40.79533478478496,-73.99243469550179,40.82617597068797,16,3,6,3.5953632015638517
2,-73.84078373152923,40.67308076268495,-73.84512981647757,40.69760721684087,23,5,5,2.7517278055624055
1,-73.81333896705458,40.79135026110462,-73.80863001106898,40.81448882433606,5,4,1,2.603241053545664
1,-74.03810037709263,40.77578036173929,-74.05581780593894,40.77021688327023,3,4,6,1.6151250965339883
1,-73.97352203019372,40.741613827209264,-73.95936301770925,40.7501430727277,19,6,6,1.523887215126892
1,-73.86378753209948,40.60932514321675,-73.89111695732326,40.60593512585013,14,5,5,2.3376734171657723
2,-73.8408367198883,40.68233496642767,-73.84205600737796,40.625438359399965,14,2,4,6.327450119638489
1,-73.89044647499225,40.87312519225524,-73.88272039487133,40.856650264854466,1,4,1,1.9437258614476436
1,-73.78076105492576,40.67513334386607,-73.8048709386722,40.65291625332697,20,0,5,3.1997576686441502
1,-73.78443492120029,40.83609009644134,-73.7766898832218,40.85502317985968,12,6,1,2.20376087059842
1,-73.91920922019989,40.886175725748096,-73.93823277691936,40.881571880427295,20,0,6,1.679199710781858
4,-73.78213862430157,40.82526371059339,-73.77714896600372,40.80755508297435,19,3,3,2.0133814368545693
1,-73.9829908357341,40.8099020231199,-73.95656664180211,40.80341598560002,10,2,1,2.338024445341532
1,-73.94668993350452,40.66830049016483,-73.9679244987638,40.690700876979065,7,1,2,3.06765713603274
1,-74.04612874090074,40.67891140577352,-74.07686628050214,40.68651692371485,13,1,6,2.7263492899435877
2,-73.7782614496796,40.668147871491705,-73.7381882948198,40.656924823205905,13,4,1,3.6031102848285035
1,-73.76242784706119,40.76559007831867,-73.73603925305643,40.722695576664336,15,1,3,5.262295273953493
1,-73.81097478480093,40.73032306700157,-73.817903086618,40.71175049656101,17,5,4,2.146127124656489
1,-73.90817541568333,40.68354919317351,-73.920486518578,40.666592165010414,13,2,6,2.15247547752088
6,-73.99835890795254,40.65003647551624,-74.0156502646604,40.66304293719681,18,1,5,2.054076493499071
1,-73.95195396033994,40.72417856981662,-73.95318002006447,40.69377928850546,10,0,5,3.3818252428330897
1,-73.96280012152019,40.750476714002005,-74.00586505722721,40.74852528692066,17,5,3,3.6341883909117416
1,-74.02351042296769,40.86965248965724,-74.02247352931265,40.87563093521924,1,5,1,0.6704654582875865
5,-74.02116698029039,40.80188892826298,-74.01422730619514,40.824434653667815,19,6,2,2.5740987601703056
1,-74.00865910369562,40.7549682397272,-74.01437629656999,40.77707834459291,0,1,3,2.5052355498973387
1,-73.91651869059761,40.8926146251256,-73.90719127737843,40.911505890087746,23,4,4,2.2421196686180536
1,-73.93828624348266,40.83864192198936,-73.98268849196,40.85617964887832,11,6,4,4.213309502063439
4,-74.03012197508173,40.79161730699686,-74.026815240187,40.78685272824686,3,5,1,0.5984845532692669
1,-73.76947393310589,40.85957367121228,-73.77862544470862,40.875588884327605,10,6,4,1.9399663257163335
6,-73.8929883557587,40.855577408417325,-73.90311881703097,40.8554155360083,7,5,6,0.8521983150784395
1,-74.00238918629249,40.76348108469283,-73.99601976665951,40.764893242905046,13,5,2,0.5589388151732142
3,-73.81603492427965,40.62400882905151,-73.81718407229971,40.643742699635744,7,4,3,2.1964478818999456
2,-73.8805694802426,40.641031750960046,-73.8853812320432,40.64502402720911,23,4,5,0.601569689092127
3,-74.02932709131905,40.85171098347821,-74.02739345122914,40.835219673182046,4,1,2,1.8409497690629677
1,-73.9789881730373,40.71622394107651,-73.99302654261204,40.75074748508158,23,3,6,4.016944999337228
2,-74.04823091798896,40.69781576508632,-74.07485654710241,40.68469709316589,14,1,2,2.6771738601573585
1,-73.78635757030165,40.76316170666798,-73.79731097633262,40.774123912837986,12,6,5,1.5286240270649525
1,-73.96395806887864,40.78528688460261,-73.96273718169594,40.79884983698418,21,5,5,1.5116296439324854
1,-73.87813401964603,40.73978655934173,-73.88972595818525,40.76148311386393,8,5,2,2.602665237436221
1,-73.91182196896884,40.857368727182546,-73.90737437036022,40.86491439880038,0,3,2,0.9186321944219964
1,-73.8987815551948,40.71092691157955,-73.91534372116409,40.701600879261235,9,4,6,1.7390796513059226
1,-73.77896336917654,40.83420051499167,-73.77487461706876,40.830082294723915,3,6,2,0.572740305011525
3,-73.82099828402718,40.85608132180401,-73.83102825182843,40.84349723115597,7,0,3,1.6339259826418353
2,-73.85583725965152,40.6838914281179,-73.86011814597006,40.681621426079936,17,4,4,0.4404715491516665
1,-73.95970404722146,40.65991005803174,-73.94748445619756,40.657438108136446,5,0,4,1.0667784468236978
1,-73.85344545589695,40.75286087613083,-73.8651266074232,40.755497748640174,23,6,5,1.0266859984403292
1,-73.98984442298071,40.897701844278394,-74.01189971264078,40.902436913250064,2,5,5,1.9270055252292182
1,-73.82614139521013,40.86310141232224,-73.78052676127844,40.85976863381106,5,0,6,3.8538699819112465
1,-74.0467322396529,40.64269688570969,-74.05050689116621,40.66181757567469,4,2,1,2.149837685965141
1,-73.80507597276114,40.72759298691014,-73.77823853030971,40.73337586292225,17,4,3,2.351025146335553
1,-73.81127583766315,40.79618976163895,-73.8171877503516,40.816157576525114,7,4,5,2.2753919583180084
1,-73.76108776517931,40.84402766819569,-73.76950178791922,40.86083536060001,18,1,2,1.9984278899114736
1,-73.76142682454193,40.832592946485384,-73.7401492826058,40.814995971014675,0,6,1,2.65218614622703
1,-73.90992334673088,40.714729890394224,-73.88954707919163,40.71722636213676,19,6,3,1.7396124887805724
2,-74.02529136045752,40.63963675717362,-74.03975083706979,40.632856865407334,1,4,5,1.4342305505728155
1,-73.98264368945885,40.60225125629988,-74.00648832870887,40.60349819417613,19,5,5,2.017816948169483
3,-74.02942195287763,40.799129431862305,-74.06418266150763,40.77720919825563,21,5,6,3.8085738119565207
1,-73.76419055824891,40.77960460283848,-73.7545330549602,40.78636570139519,0,1,6,1.1074139784714356
6,-73.7749956024759,40.685713385749615,-73.77420260296319,40.69239515531098,13,0,2,0.7459812706390344
1,-74.01265055322207,40.742875722678335,-74.00729888139067,40.73953252464839,14,3,4,0.5843626846454446
2,-73.94999000857715,40.772651673033415,-73.94239012645504,40.76049407789182,16,5,1,1.4957197522657528
1,-73.75014456057536,40.65216139642634,-73.75603025691417,40.65645533002521,17,3,5,0.6888339157142561
1,-73.81450024767292,40.81710891924059,-73.80422579735313,40.790778477912305,4,3,3,3.052858061754699
1,-74.00873492275211,40.643147553535755,-74.00303301197661,40.63062141024466,7,6,6,1.4736008586584992
1,-73.7937349774859,40.88742588863517,-73.80857118742105,40.891476805869715,6,4,6,1.3259912346231169
1,-74.02340912983207,40.646648698921105,-74.03326022834467,40.6490309320191,18,0,6,0.872297164529827
1,-74.04713671222528,40.63708092971436,-74.05183939413719,40.586685148510824,3,1,5,5.61779779788127
3,-73.82144655736488,40.73488587652865,-73.81678849687373,40.73179031375665,7,2,5,0.5220369367813311
5,-73.86326687612176,40.831044629114125,-73.86876283163738,40.83830864964643,10,6,2,0.930701726171587
1,-73.8900579209168,40.813866144715824,-73.90434227608301,40.81739680130752,8,3,2,1.264572632415333
2,-74.02496436527866,40.66163761288911,-74.05379525208872,40.69441820111328,5,3,6,4.381475878491571
1,-73.99197264668719,40.80042184612469,-74.0106272852814,40.80655007246752,14,0,3,1.7116439270333481
4,-73.96802907416081,40.64904620051098,-73.9787961284648,40.649157777618775,4,6,5,0.9084480361843961
2,-73.78374722168293,40.76180958065342,-73.77946672982512,40.75320940430832,6,3,6,1.0220023060929084
1,-73.80971869125375,40.74496748989951,-73.7865267791463,40.7185673259251,4,2,2,3.526511715765866
1,-73.9856980361971,40.78406591255242,-73.9662307885788,40.77398821496862,21,1,5,1.985584277692499
1,-73.78418474794297,40.649307532409665,-73.80947667546187,40.642020242300966,3,5,2,2.2825386089697437
1,-73.96679973818513,40.711844026642595,-74.00095389045549,40.68631731388563,13,1,3,4.043126939764304
1,-73.96923702426568,40.73743580371842,-74.00942334637455,40.747388212237134,10,2,3,3.56185638340682
1,-73.95283841499383,40.87820544719897,-73.94721387557583,40.85728936797082,5,1,5,2.3733639066094536
1,-73.75139536107183,40.74394972081754,-73.74446627324194,40.7484114972857,2,4,4,0.7660763591196866
1,-73.99277506261281,40.849496625522654,-73.96133224997077,40.84775022228306,5,0,2,2.6518476322637716
1,-73.98150687231245,40.66546706067759,-73.98593184195664,40.65235936302796,15,4,6,1.5045449167626248
3,-73.76665456747196,40.68272093592634,-73.79622638092921,40.7324997858904,23,3,6,6.070518721705924
5,-73.7744975018099,40.633206812325966,-73.76778439605889,40.636839371408904,23,6,2,0.6957317188986011
1,-73.91021511209033,40.62167982065925,-73.91885592818055,40.59715149650894,15,2,2,2.8232776251650775
2,-74.03465214574112,40.89999216029388,-74.05358280956753,40.91337691203378,14,2,1,2.178547213044185
1,-73.85374364331912,40.61871862097292,-73.84551432515613,40.60904158839521,21,6,6,1.2807696618332096
1,-73.92315299113302,40.665142506487854,-73.90985901046191,40.6576118798981,7,3,6,1.399496551696143
1,-73.77558047956636,40.683066100371086,-73.77597824810806,40.69408762007457,10,5,3,1.2259958864719378
1,-73.75887475618394,40.776708261137415,-73.75263110318889,40.730593389645264,6,6,4,5.154639355606729
1,-74.04198264872645,40.67655158033501,-74.03434693781998,40.69959561651142,21,1,5,2.6420225834929822
1,-73.94382214148668,40.79453898482943,-73.9236577154976,40.80432173988908,15,1,5,2.0159959367605818
6,-73.75197509281726,40.60444099118907,-73.7445060067367,40.61093272161495,4,1,3,0.9584468618038159
1,-73.90790057291434,40.76638055313362,-73.8974961533449,40.74034967838723,21,5,6,3.02426989676884
1,-73.80709091888183,40.619202355758794,-73.79575289052413,40.60344729791822,13,6,2,1.9962676609429821
1,-74.00685406913922,40.825471230086194,-74.0086584422778,40.81454901527527,5,2,1,1.2239492749609215
2,-73.90392305550426,40.69886436557145,-73.94322762817302,40.6856147401964,10,0,1,3.626538521507581
4,-73.83523767492049,40.76493030186649,-73.85441139762796,40.755020180641665,1,3,3,1.9550481799198176
1,-73.87831919429746,40.66773008284936,-73.88021791004772,40.638987063399,0,2,3,3.2000890997813225
1,-73.86043309833944,40.67675465463599,-73.84689874075293,40.667720353454015,21,5,2,1.5205336976673043
5,-73.75545483701055,40.77791722792118,-73.76275182682488,40.746789330925594,12,5,4,3.515400442946569
1,-73.77326509204491,40.71715449183359,-73.75029417771452,40.69646809188765,16,4,6,3.00668426309523
1,-73.77903684811285,40.83977142999289,-73.7797321052747,40.826060569622825,15,2,1,1.5256998127248276
2,-73.82401086383527,40.78341970605093,-73.83779797687988,40.802586418261896,6,2,6,2.4267821305601958
1,-73.93944115799606,40.67637675382311,-73.93530685570893,40.665250969079686,9,2,3,1.285328149865329
1,-73.89557665181329,40.72103809422619,-73.89841478832908,40.72831866594024,10,1,5,0.844152294948774
1,-74.01351430409102,40.87869472455826,-74.01187310605178,40.90877893167163,10,2,5,3.3480544285275786
1,-74.01778047289265,40.64486918064755,-74.04208428397138,40.6340356153484,9,3,3,2.3783350831454415
2,-74.01697523224199,40.856370228440426,-73.99872383094343,40.87235991619481,16,1,6,2.3487879918505485
1,-73.7681305890296,40.68259543731568,-73.77383127408527,40.679979460368926,5,5,1,0.5618647823685559
2,-73.86560629614065,40.81447015462303,-73.88648471097076,40.79418045700501,3,3,5,2.859748392258471
1,-73.80688456181481,40.76562193118429,-73.84470326567211,40.75713470055938,1,5,2,3.32207168164737
1,-73.75771008134362,40.66194150986085,-73.74567094951394,40.65151567061141,22,6,5,1.5412177181694384
2,-73.94225220634894,40.87689798220365,-73.93230594920665,40.85968620970086,22,4,5,2.0886252806602195
1,-73.75801703639398,40.85797297252755,-73.74692708686878,40.8538865136987,0,3,6,1.0374969753453567
1,-73.79887922723287,40.65127116176342,-73.77851429614255,40.660122568740896,1,4,2,1.979888295137639
1,-74.00715151623497,40.60954127713586,-74.04521811969421,40.59454254908421,22,0,5,3.6207349994392515
1,-74.04058419808094,40.702758936727164,-74.03402871282807,40.72811526035759,5,6,3,2.8731185124463825
1,-73.81209628036918,40.82045656174251,-73.75225166566439,40.83768626288808,5,0,6,5.387325791240733
1,-73.86704033562967,40.658562659920655,-73.85442952376293,40.66099649969745,2,0,3,1.0976281503511045
1,-73.91289538921825,40.86157043763265,-73.93781296089925,40.873841438851294,9,1,5,2.5003894878742785
1,-73.89095084682957,40.673396191132845,-73.89806167129073,40.68470518855596,15,6,6,1.3931537457620675
2,-73.95461112162538,40.6483720147474,-73.94645896518966,40.63753438393806,2,5,2,1.3875655195525336
1,-74.04804740593461,40.65597343039629,-74.06130321407038,40.67060024669813,9,2,3,1.9736745654356436
2,-73.80515388283524,40.78501775448377,-73.79582530989113,40.794931176680485,9,6,3,1.3534682724160385
1,-73.79358395907683,40.84087274211994,-73.80856835959112,40.87039482388017,18,1,3,3.5162991748912615
1,-73.77829465406181,40.89862734994405,-73.80022507654346,40.87139788191979,15,4,1,3.5449011744134715
1,-73.9374676890045,40.63555579609643,-73.96128066647367,40.606592859472954,11,6,3,3.796212391809015
3,-74.04517685633643,40.60046717044766,-74.04633376409404,40.605243174412,10,1,5,0.5399741339679284
1,-73.85133621462997,40.67334901421772,-73.8561300546027,40.66011604166216,4,5,3,1.525979450446229
1,-74.00806691021856,40.639607103074,-73.98017074290645,40.66419462318405,8,5,1,3.6073697077096787
1,-73.791244058132,40.654319203035726,-73.78009690606685,40.67532894841591,7,2,6,2.5182763485025954
4,-73.99812054560816,40.88693801712277,-73.98303952557185,40.87420321868442,2,5,3,1.900716408075262
2,-73.94250061178616,40.695340185663575,-73.95186748310428,40.69086338265189,7,2,5,0.9335165778802553
2,-73.78235256004305,40.68621550787697,-73.75320864236785,40.670214472374795,4,0,2,3.0340970753892367
1,-73.8801332965568,40.63492442263976,-73.89647254418006,40.66498198752825,19,1,6,3.615347126666424
4,-73.82084267256576,40.77903040945708,-73.806615181302,40.77370756985397,18,2,4,1.3362425962169424
1,-73.99873109553636,40.88606387422627,-74.01919552787767,40.910314529083806,20,6,1,3.1984150199840284
2,-74.04026614786729,40.78235147872699,-74.05217074720075,40.790700777299186,4,6,1,1.366182080137755
1,-73.85831330093968,40.755204156208926,-73.85998186784668,40.79488076799437,23,6,4,4.414074648864865
4,-73.77669361037056,40.75515321443155,-73.75768335192166,40.73558338021419,6,5,6,2.701855221536175
1,-73.87386666188259,40.83510261837619,-73.87983192321364,40.829343366226624,23,3,4,0.8136284933026942
3,-74.0188325936757,40.873534426520585,-74.06065232804224,40.85926000991868,13,0,3,3.8582241105057657
2,-73.91668374051636,40.89084243353565,-73.95819472255369,40.89790228447161,18,6,6,3.5763928304700414
1,-73.78537435633852,40.87780030141181,-73.76969252569138,40.88391467043151,18,4,5,1.483376880677569
1,-73.79187079957343,40.82054833670403,-73.7710056768846,40.82035778811261,6,2,1,1.7558875934090317
1,-73.79160472114025,40.7303915479896,-73.79930322743228,40.7335893355016,23,1,5,0.7397419838829566
4,-73.97012389439969,40.667690328282035,-73.97834848789401,40.66999929651769,17,2,1,0.7396531448421703
1,-73.94702542153037,40.65979973791426,-73.92433295040102,40.68496959679359,7,1,5,3.3905205213812155
1,-74.02166016461852,40.695558161346995,-74.0325326231887,40.68843246628561,8,5,3,1.211643871307627
1,-73.88850120122206,40.84167769885835,-73.87181342587753,40.84785329865319,11,1,2,1.5626919786892592
3,-73.86674840302452,40.87937707602868,-73.86706159612545,40.864630975140734,22,2,3,1.6399030609727747
1,-73.98457236147806,40.75863300272919,-73.97688818100583,40.76715791595113,4,6,1,1.1477780326940363
1,-73.98016831492744,40.89072346007823,-73.97094490939382,40.921099770363966,20,2,2,3.465491079264333
2,-73.99640742072447,40.82643261734101,-73.99084153969294,40.826578576387334,20,0,3,0.4685965407788124
2,-74.00937961968349,40.798679053927195,-74.00273025167407,40.769580563037906,23,3,3,3.283680125854998
4,-73.8541829681333,40.65838634219435,-73.81550645436288,40.64857255792326,13,0,1,3.440383195957036
1,-74.04999721120733,40.77034386275519,-74.05256927277037,40.75372547947011,18,6,2,1.8605338866075214
2,-74.02331942657335,40.881022128794115,-74.04894072869881,40.89092858418757,20,2,5,2.419191003855457
1,-74.02184060208205,40.85060601177177,-74.03308302356037,40.812286638638945,7,1,6,4.364643232493405
2,-73.88282571637652,40.8503315969272,-73.89562518965144,40.8679303920903,23,6,3,2.233412308328092
6,-73.98189375233395,40.7846366355616,-73.96167670351667,40.787146548544,4,5,4,1.7248406504931277
1,-73.85727280792801,40.623409335281686,-73.85374889794424,40.599631290741385,23,3,5,2.660678259118328
1,-73.94584764809912,40.74123365188943,-73.94920785849577,40.722077007821945,1,4,4,2.148856134972667
6,-73.89644879075567,40.748311538559655,-73.87589706642859,40.75626453423291,2,5,2,1.9439580413284647
1,-73.95893772760081,40.7709586298665,-73.96188451805307,40.7374557490739,10,4,5,3.7336102746516633
1,-73.94542974799577,40.897124227303635,-73.94152588384165,40.94456864877336,3,2,4,5.285765850080527
1,-73.95634337896831,40.62363630878001,-73.99163854029942,40.63481368651574,23,2,2,3.2274715877555726
1,-73.88392251730639,40.66195616968162,-73.8682151353258,40.6234280027352,16,0,4,4.484439606387333
2,-73.81426878408104,40.6357934377771,-73.82051276349709,40.63508449518592,23,5,4,0.5327462162430546
3,-74.04490172512386,40.66958901366755,-74.04633270782773,40.73106168044212,4,1,4,6.836513050515324
5,-73.8815009989171,40.848627613644744,-73.88561917835283,40.835610078217584,13,5,3,1.4883611653251672
1,-73.98406842482055,40.85535988328458,-73.996364219603,40.86185809622638,3,6,5,1.2615109068941415
1,-73.98691516219039,40.83297473831346,-73.96069253114504,40.82967586860297,15,5,2,2.236508582894113
1,-73.92584537662835,40.658799210632466,-73.91038575397458,40.64271775124191,22,2,5,2.2132702399048547
2,-73.8105393598056,40.78132792550548,-73.8298597072499,40.770299605137154,17,4,5,2.037272716893851
1,-73.92773968595391,40.835581581697,-73.93508889873273,40.84993286859949,5,5,2,1.711354807275277
1,-73.87726569555238,40.75536069822574,-73.89049925639506,40.73281620113271,4,1,3,2.743561033149653
1,-73.96688178237467,40.866295338413885,-73.96445246821617,40.85625791051034,12,3,2,1.134654504560251
1,-74.03944149935795,40.68695735140904,-74.0371884629268,40.69304757561137,13,6,6,0.7033404496282147
1,-73.96594455961774,40.75347593846596,-73.95242090197705,40.75717704510163,0,1,3,1.2111695918220189
1,-73.99741971402221,40.85935519466401,-74.03212298749362,40.85230054361939,1,4,3,3.022233912287749
2,-73.99385883742065,40.79299492113945,-73.95608546404415,40.83177674246184,10,5,1,5.357421802548919
1,-73.77958217520086,40.89056647272556,-73.75958204538782,40.87199415177987,9,3,4,2.6630876152532106
1,-73.76457582569282,40.72507885966105,-73.77610813142816,40.696475725138505,1,5,3,3.3257420322054982
1,-73.9116938517958,40.88564416281436,-73.91469421006009,40.88154085180302,11,4,4,0.5213461743818683
1,-73.97077778881128,40.7989900716477,-73.95740598353595,40.81997791321865,8,6,3,2.5909205295376014
1,-73.78399907300434,40.61829499515218,-73.80030976282049,40.62424778700866,16,3,3,1.5274940963971062
1,-74.00135649892952,40.750852176025965,-73.99524587593741,40.72838900873333,14,5,4,2.5502939094290538
1,-73.86441349437759,40.87863358242322,-73.84701100591789,40.903838044079635,1,0,4,3.1614017581437572
2,-73.95375272324249,40.82617432130208,-73.95649781976381,40.79774471070825,4,1,5,3.1696589022352604
1,-73.97866347366653,40.79634219644507,-73.98297314429858,40.78553528472478,23,5,4,1.2552498547123758
4,-73.95582923404983,40.723299512104646,-73.95130806530085,40.725426641114225,0,6,5,0.4484463971344674
1,-74.03839898679435,40.830107447069736,-74.06538366445403,40.84631150673574,1,2,2,2.898253379540989
1,-73.9005558528765,40.70553392982871,-73.91411615495885,40.65222167754142,21,3,6,6.037334201150731
1,-73.99547572519327,40.812257700500496,-73.99943898090754,40.8289046268737,21,1,6,1.880856729187753
1,-73.78584084230415,40.64648855395716,-73.80573667142163,40.602359191046155,1,4,1,5.186304869953291
3,-73.95526973223245,40.741757989928146,-73.95208640156812,40.7494742259017,5,2,3,0.8989391647978454
1,-73.83171298456024,40.762191203983384,-73.82322026075757,40.76016169927011,11,6,5,0.7500394955761003
1,-74.03883319447318,40.759463233306455,-74.01199999631457,40.73295666172737,1,4,6,3.714424177221471
1,-73.93133837567868,40.82669350840068,-73.94015894476892,40.82199122711861,3,3,5,0.9078762708691789
1,-73.91501851217409,40.64852143137053,-73.88447158427674,40.659917559625505,8,2,6,2.871614216208187
3,-73.89424054644628,40.83802988764748,-73.8889532260944,40.85310480641272,2,3,4,1.734252297174534
1,-73.92263420413795,40.68362066788737,-73.91992425567524,40.66648160243302,13,6,6,1.9194309544139894
1,-73.81789906859048,40.67502401893473,-73.8258875169406,40.67185526218867,21,3,6,0.7602777177648822
6,-73.90791420368775,40.88254753728166,-73.90893036843619,40.8728969175687,13,3,6,1.076495493097113
1,-74.00267689813434,40.64453964714498,-73.99225031689778,40.63896293646812,13,3,2,1.0763187839052515
1,-73.75868025036782,40.74273998014237,-73.72539278597361,40.73418500426635,17,3,4,2.961474778774688
1,-74.02813021818726,40.61791536523596,-74.02340575384896,40.60629317934115,8,2,2,1.352462166837687
3,-73.95340507381476,40.657186063204456,-73.95684630193941,40.63925637893515,16,4,1,2.014717631849278
1,-73.76645870946925,40.67982484959138,-73.75665373611871,40.66366481389309,2,0,4,1.9780522795024373
1,-73.94424186199647,40.79945279486102,-73.94131034959659,40.799465330683745,9,3,6,0.24676310105977736
1,-73.78337298443829,40.66689320679893,-73.78825655022125,40.63546191937684,1,5,6,3.5191985287991074
2,-73.88407806778983,40.87561847694866,-73.89401167426705,40.8631671196263,9,0,3,1.6169738274187582
1,-74.006517679708,40.73693038962008,-74.01199359005778,40.766852179573135,21,5,4,3.358972926994814
1,-74.00014531470298,40.8899243515741,-73.99869855021133,40.90975816390107,4,6,1,2.2087689000343564
1,-74.04471399918108,40.88601452032017,-74.04663951741995,40.8613880790878,16,6,1,2.7431171103762484
1,-73.94437756811631,40.71987994473779,-73.91977572702574,40.68781686550512,17,3,2,4.124536390702898
1,-73.86506982309804,40.89793656701744,-73.86226625538241,40.91470974715383,19,2,2,1.8799153766801997
2,-73.8671660778473,40.606623935216625,-73.85320587659393,40.5993003158827,13,3,4,1.432545192380501
1,-73.90232307808631,40.82615499191715,-73.91474266981965,40.80202709065802,14,1,2,2.879299379410379
3,-73.9244698119768,40.77464729347019,-73.93365277042369,40.7469817071323,0,4,4,3.1720083597508917
6,-73.93375603194481,40.78004321152975,-73.9235274160708,40.75383455415592,18,6,6,3.038914147480861
1,-73.88715243497748,40.62693323746333,-73.91478145963627,40.62830739364318,6,5,5,2.336676076638195
1,-73.92747676364554,40.73139055184462,-73.91986203067013,40.737742213583026,9,4,1,0.9541822854652734
2,-73.9569289444502,40.80105176249447,-73.96023938056386,40.7856382025204,17,1,6,1.7364185106247556
6,-73.86787396563923,40.891479433756615,-73.86688123636624,40.91226516442356,11,1,5,2.3127732266799312
1,-73.80550499065643,40.79509081069819,-73.76953816782506,40.76930690819474,5,4,2,4.170181472003132
1,-73.82838593871192,40.7052110949433,-73.81845917050347,40.68979696247959,20,6,6,1.9073665675324785
1,-73.95980443809844,40.72379576153256,-73.9443798533264,40.68163398763639,11,2,5,4.8651452623315965
2,-73.98776182436914,40.824998638117265,-73.95515695159258,40.8443801563455,13,6,1,3.488392572255938
2,-73.82238373974796,40.627329162831195,-73.80054479714983,40.61319629980756,17,4,1,2.4222209113054083
1,-74.00775124977066,40.87560727800496,-74.00049054229694,40.87388019652495,0,1,4,0.6399680352491666
1,-73.79859847721464,40.78027149579935,-73.72958738147302,40.80331699548774,9,0,4,6.349705170392084
1,-73.85866580430445,40.62322519959577,-73.88800562009982,40.6496473775512,20,4,5,3.8420217654753466
5,-73.75692174572985,40.857027835474,-73.76184108345473,40.82017703970781,8,2,2,4.118466378705755
1,-73.8442819146773,40.682726346813425,-73.86063405590195,40.68497988397128,16,2,4,1.4014157010546342
2,-74.02515871758564,40.616671872654614,-73.97144308556743,40.64730421813799,10,6,1,5.670007155821412
2,-73.89141765319242,40.7752069753649,-73.90558833123316,40.7927173635279,17,6,1,2.2835352505136073
1,-73.87460196904847,40.853618651248155,-73.86109833164831,40.845802684724944,20,2,1,1.4301669238664159
1,-74.00663174391333,40.863768424754085,-74.01518505982138,40.87659173892436,7,4,5,1.597000669560086
1,-73.81813558388748,40.659484333236115,-73.81029288263906,40.6373719350314,6,3,1,2.5462562035916387
4,-73.9201747392667,40.87045322714025,-73.92145948835893,40.917750283930445,0,5,3,5.260301333342608
1,-73.86455966460818,40.63617044850502,-73.85081467842392,40.61419612371773,20,2,1,2.7048096743986503
1,-73.92698126545643,40.74029238826115,-73.9177360810502,40.7292353458126,17,4,6,1.4554828572448166
2,-73.91179030367617,40.79428054057568,-73.89487722715172,40.810187538315645,10,4,6,2.270504835394883
4,-74.00963174479814,40.87343932545782,-74.02768318426034,40.86959676879186,17,6,5,1.576816702045989
1,-73.9830655124384,40.757788080200235,-73.97331239291856,40.75151454266288,23,1,4,1.0777385392491
1,-73.85442621798012,40.606539552779,-73.83481301231166,40.64027679771531,10,2,4,4.100380432794449
1,-73.87419821408962,40.83935296678911,-73.85376527043032,40.86333649819683,3,5,3,3.1726377525770375
3,-74.03565509417699,40.7698560138438,-74.0072437442559,40.77678255174018,19,5,1,2.5133758371980965
2,-73.91252594741971,40.89371620218004,-73.90976836187973,40.88491163478481,0,4,4,1.0060913321557745
3,-73.85139723041961,40.84963877746976,-73.83367984211921,40.82872731852107,15,1,6,2.7619302235481875
1,-74.03541175850941,40.7326318983379,-74.03874858882148,40.739133758503854,7,3,1,0.7757151611937074
1,-73.85423951051771,40.70982752102359,-73.86290196302797,40.752174707029745,2,3,6,4.765028230746451
1,-73.98303118244172,40.713534730390414,-73.99973107432467,40.745333843952274,18,1,1,3.8056239368190625
2,-74.00258730406709,40.85412477796675,-74.02858704836468,40.857720732492815,21,3,1,2.2229157049312325
3,-73.87562138847422,40.82641005292342,-73.87516068626515,40.82799478256178,21,5,4,0.18042706863095878
4,-73.76318659378659,40.89089879185267,-73.74883954719795,40.907938262348424,15,4,4,2.2458724549182527
1,-74.03801345542793,40.60071358048408,-74.0422200027427,40.60231012450067,12,0,1,0.3970384042220598
3,-73.82520174589526,40.64959821351144,-73.84560765363804,40.66719203474676,21,1,6,2.605796454987131
2,-73.94528770129284,40.77883767157134,-73.958445460573,40.78678474780226,15,4,3,1.4170969750398923
1,-73.99783234748057,40.72444513742766,-73.99327476793451,40.737745177778855,13,6,6,1.5279442540883805
1,-74.02211576006388,40.879040823853586,-74.02636989212542,40.8782685598484,8,4,4,0.36782683267760835
1,-73.8713984778333,40.68827696975478,-73.8870412622992,40.68426425075083,2,5,2,1.3923968961490183
1,-74.00520964025694,40.838511693394715,-74.02986592309477,40.79181618876012,21,4,4,5.591547586669541
2,-73.82554268640608,40.80935705235933,-73.84841303705016,40.806267957060776,13,5,4,1.9552703812409908
1,-73.94180166274504,40.69844501831483,-73.94030254724541,40.704411140266835,19,3,2,0.6753319152563225
1,-73.84377540009434,40.838712915721416,-73.84198663063992,40.88475775877416,11,1,4,5.122162304743687
1,-73.9308301480817,40.69085626045788,-73.932644832361,40.70410862417351,21,1,3,1.4815155792007877
4,-73.96164632336867,40.73213001539741,-73.95039055781162,40.7230824460518,3,3,3,1.3826531976717313
1,-74.04237029759142,40.80410018552745,-74.05629888149804,40.79683223104219,12,4,3,1.4239671828055733
3,-74.0325406689609,40.81745741373081,-74.0660892350633,40.8048797680972,19,3,6,3.150845024155495
2,-73.76888060360378,40.645960232933334,-73.78425517601616,40.60182310621787,14,0,2,5.076457554811772
2,-73.80602405279649,40.63605379875874,-73.82905397735614,40.64637852406875,6,1,1,2.256960369882843
1,-73.96465096478329,40.876979049003,-74.00216292574109,40.881384791940704,14,2,5,3.191585237365461
3,-74.04585535705841,40.63388173474655,-74.05282867121707,40.639931971237026,2,0,1,0.8937719890232348
1,-73.8829996940989,40.84932397803228,-73.92577164063125,40.87581899131723,6,0,5,4.649428880459959
3,-73.8710738516128,40.760858540243085,-73.85228337708322,40.77706055972066,12,4,5,2.3978567901905534
1,-74.00706384566188,40.6873445403459,-74.00219592727794,40.69340940517917,19,0,3,0.789457174387909
1,-73.78554993332152,40.61711513661339,-73.77513477785683,40.63812200890079,11,6,2,2.495756046698064
1,-73.88927206014445,40.88194475294417,-73.8950362690755,40.843397163891865,10,0,6,4.313618825286942
1,-73.86933746072553,40.722349998683,-73.87163402349368,40.737465600590944,3,3,6,1.691881650174769
1,-74.04617831699883,40.65495712028604,-74.03603440048137,40.68395359696152,1,4,6,3.3358347028155295
1,-73.97387538388153,40.62076560022282,-73.95568836777143,40.59581373500904,4,0,4,3.1709732858101547
2,-73.83549044753251,40.83470603394634,-73.85572000179043,40.8373268965566,4,0,1,1.726649827725311
1,-73.86041276038299,40.63235988229498,-73.86406643092643,40.60838875120755,16,0,5,2.683247204756457
1,-74.03631918285217,40.76809102662436,-74.0325720508714,40.804555715321854,22,1,1,4.066942716412046
1,-73.98474877997786,40.65821838043005,-73.97873390382543,40.642552277462464,9,2,1,1.8143936239871026
2,-73.78311729180531,40.88378336817762,-73.77613373523738,40.908999456222574,4,4,4,2.864682542060456
1,-73.80464516391899,40.632052962320074,-73.79599847971987,40.61087962875103,18,6,5,2.4648781511900384
2,-73.9553085618398,40.63720972940573,-73.96933745279196,40.61841036714931,22,2,2,2.4023793300554193
3,-73.91089607477353,40.655390279478965,-73.90060725909369,40.67868939232444,8,2,5,2.7322148290700468
2,-73.80815561079008,40.69394470724195,-73.80293168991598,40.67997588677147,18,5,3,1.6145071484969904
1,-74.04416522725239,40.709017536963906,-74.04515451009605,40.68660960581053,8,5,4,2.493043643778703
1,-73.96758127592751,40.8266798103018,-73.95383854932263,40.818741219494136,17,2,5,1.4547986907103485
1,-73.8933312115689,40.70216418559513,-73.89963177138802,40.689254769981545,23,2,4,1.5305872949087327
1,-73.76468710825726,40.70516016160611,-73.75405246831627,40.70070765083328,4,3,6,1.0240974351760814
3,-73.98378988010333,40.8540507339253,-73.9823711880557,40.83877861529236,9,4,4,1.7023698059032406
1,-73.87981909783673,40.83774212519613,-73.90332684839987,40.82228942790884,20,6,3,2.6199808568599043
1,-73.84292697097248,40.64589848624568,-73.85731128590628,40.66905757156288,8,6,2,2.8467190499475947
2,-73.7888923506133,40.78593365321271,-73.77106402386507,40.76105329180916,8,5,4,3.1476584035153468
1,-74.00641716491386,40.85548261014109,-73.99749639259433,40.86386168856976,10,3,3,1.1962098674898993
1,-73.7951710780847,40.700826458871255,-73.79479862078749,40.7304377223191,17,4,1,3.292771900685498
1,-73.77782779486678,40.76394209838983,-73.80295776257653,40.746701163118814,22,5,1,2.8558299650676666
1,-73.91208195281524,40.77855030046541,-73.91075142874638,40.7724696989324,9,4,4,0.6853515846248731
3,-73.85625673598463,40.88159089492045,-73.84475155788617,40.885017076902066,13,1,3,1.0395464615789791
4,-74.0492594491042,40.60678248533475,-74.05270920536854,40.61725271332835,7,4,2,1.2001015801516264
5,-73.7995376481193,40.733420095126505,-73.81912373721163,40.768241617417715,18,0,6,4.208828999967257
1,-73.80763199291965,40.878122059616274,-73.78065801348332,40.89214795361765,8,1,4,2.752155074162562
3,-73.79764178323693,40.630450248993334,-73.78217199751619,40.64129738182193,10,4,6,1.777294231074322
3,-74.03624989469539,40.637271842159045,-74.04184614513336,40.65004598392881,7,3,2,1.496841194386138
1,-74.04959022223747,40.83545512503717,-74.09026941148804,40.85180987929781,15,3,5,3.875104436819974
1,-74.00153756201821,40.888860891921546,-74.02940671713068,40.86433698218307,0,3,3,3.59534692205725
1,-73.90139594603164,40.72492478672977,-73.87596069571481,40.69702191320317,2,2,3,3.7712868442823737
1,-73.81265209387298,40.896891420209734,-73.82242147529507,40.870516197043926,13,1,3,3.04561661430107
1,-73.86735937225045,40.724366465758365,-73.86974736970365,40.713839523994984,23,2,1,1.1877172180001314
1,-74.04400330031653,40.6688133542691,-74.01804907058819,40.684372041451006,23,3,6,2.7899092839698514
4,-73.77196336506567,40.629373667705245,-73.78608318933433,40.618131771056326,15,1,4,1.727045952829477
1,-73.78892006039469,40.7793250110657,-73.77478645654175,40.763090190764544,16,3,2,2.1622731891765175
1,-73.84604708010026,40.60025473288652,-73.86497615911408,40.58627030168989,20,0,3,2.2299203289560054
1,-73.87043571460597,40.71267580841953,-73.86086080196017,40.722123956933245,21,0,2,1.3247328723646887
2,-73.99599330794078,40.74355140452971,-73.96273848242748,40.72781607962348,2,5,4,3.30334171522573
1,-73.99347565643636,40.86356797637934,-73.99458732330604,40.89770992149529,20,3,5,3.797561299176583
1,-74.02246437070544,40.74390788387061,-73.99922589889687,40.73023922769814,16,4,1,2.4786155744439506
1,-73.83956525860461,40.89881856315163,-73.80704953608792,40.89262496702273,2,5,5,2.81846496149385
1,-73.85412756836712,40.68393627584641,-73.86712465207269,40.691137291225374,10,5,1,1.3572301388323122
1,-73.95273283343224,40.72165796602632,-73.96464061105755,40.73334372314431,12,5,6,1.6417316131479767
1,-74.03983820193352,40.80884184886123,-74.02699342391207,40.80803856964698,0,1,4,1.0847426788483514
2,-73.83080091348218,40.826244395423934,-73.81887514159544,40.83925092281891,16,6,4,1.7602181702660054
1,-73.7798650041479,40.81324893396982,-73.77533304855139,40.85168455338078,5,1,6,4.290820176037842
1,-73.92417492133093,40.7067210531198,-73.96403785870773,40.69879143446204,16,6,6,3.4740896765730036
1,-73.84910165151014,40.62259006203987,-73.84610930773086,40.62803940107679,21,3,3,0.656458662221491
4,-74.00797959835101,40.73933817454972,-74.00306507652304,40.761651757250085,6,4,2,2.5154568644866693
1,-73.77657120734854,40.75299167951011,-73.77257423971616,40.774133390965474,13,4,4,2.374829960784739
2,-73.92359287367631,40.84608493750606,-73.92632280882826,40.87171725853376,14,5,4,2.8594157938182936
1,-73.97094356725488,40.76958606650441,-73.98201330548933,40.809956231770165,2,6,2,4.584673312325648
1,-73.85833667307215,40.625097004501704,-73.85554253594674,40.62159852287798,5,1,3,0.4549085741379602
1,-73.76216116150322,40.768751581293955,-73.72184254060386,40.7521207709569,4,3,5,3.8666833024875884
1,-73.8825582703624,40.644894147663685,-73.8949037026769,40.63496706838504,23,5,2,1.5177396144891655
3,-73.79416639701053,40.61801549838693,-73.79295042718186,40.59001589448126,18,1,3,3.1151057937129014
1,-74.03906815416897,40.79431477318329,-74.06261677033716,40.81761447952464,19,4,3,3.2619976918513673
1,-73.9812036276137,40.87451198315097,-73.98214023136292,40.86420177328469,18,6,1,1.1491449044086919
2,-73.90161660612293,40.665244692636115,-73.88258435973195,40.662545000432466,3,4,1,1.6331277027228883
2,-73.87824103791286,40.77455496548024,-73.86449074401848,40.78136625880106,12,4,5,1.3835211857223217
1,-73.91041063501503,40.81769666739609,-73.91900257849699,40.82542959019041,3,6,5,1.1234176406325314
1,-73.78719867596057,40.795595113101434,-73.7622661197206,40.82499928769037,22,6,5,3.885011471250653
1,-73.98837810082006,40.84942682398957,-73.99812769278154,40.84709585226698,21,5,5,0.8600509699072422
1,-73.83823401453161,40.69304803737394,-73.83892880406145,40.71098376506053,14,2,5,1.995221759054898
1,-73.89221474063632,40.81729168891935,-73.87249770970716,40.868785652188286,16,0,3,5.961246663157649
1,-73.95417179242463,40.6088838586426,-73.96298261416898,40.60759127779024,20,5,3,0.7575403975835989
1,-73.92603319675247,40.79930861094282,-73.91412284508952,40.82720319973501,7,0,5,3.2596717546947502
1,-73.99916002444164,40.84377108182112,-74.01072684646992,40.82548848500581,20,6,1,2.253834626766394
1,-74.01654702868913,40.8603769902491,-74.02155073652351,40.84805002580481,20,3,3,1.43384513159434
1,-73.75147148721605,40.89150512517106,-73.75036507412787,40.90951520278949,21,2,5,2.0047870468012468
1,-73.77557888202745,40.63079803637487,-73.77896382030062,40.637002519521026,18,2,1,0.7466990247989643
1,-73.95255315545825,40.690306982776086,-73.94737442252965,40.65678538366111,8,0,3,3.752931237665218
1,-73.75188555752213,40.75992416592364,-73.76110040663625,40.74332734993222,14,4,5,2.002077367498663
1,-73.95070647242858,40.88399612561288,-73.9668340428041,40.899583082600905,18,0,5,2.2003904518220736
1,-73.86190842735817,40.835177610430065,-73.82612890779559,40.82709587558463,3,6,5,3.141564652974295
1,-73.84349909548602,40.83734778305266,-73.85528635421731,40.8206146041495,9,4,5,2.108450005389208
2,-73.86462893033007,40.66777460319105,-73.90344447261612,40.66590330927558,14,2,4,3.2804113695033448
1,-73.91122504400516,40.7595983317724,-73.92945265621489,40.745692877352354,6,5,4,2.179034582266876
2,-73.97223154147986,40.88653900002543,-73.96250007564895,40.90122786140968,13,2,6,1.826702692373403
1,-73.84874952985112,40.84223609798971,-73.88855444533691,40.8615374651116,14,3,4,3.9767820306067128
1,-74.04896067727074,40.716264891501055,-74.05231032632116,40.7508622319769,19,4,1,3.8573878201777774
1,-73.99927988165061,40.85791752634745,-74.01117153828031,40.85585052036858,11,1,1,1.0261807583480023
1,-73.90319406237772,40.85447100327624,-73.9046464834085,40.8339664074794,23,3,6,2.2832780545136444
4,-73.98570989518458,40.8400936722265,-74.02382184159568,40.830320315682414,12,2,6,3.38549741678655
1,-73.90056384507224,40.64391487154282,-73.85824254743667,40.66599511576608,16,1,6,4.33288145178801
2,-73.77898095984898,40.73323854775862,-73.78767309994436,40.7515883749881,3,4,6,2.1678347024647118
2,-73.78122079057586,40.719730176089406,-73.78869544735285,40.70636074127325,22,6,1,1.614593840406862
2,-73.84592605279045,40.7897715942386,-73.84472981813556,40.78684789078959,11,5,6,0.34034258821209007
1,-73.84191993314597,40.63915152297823,-73.84039201897772,40.635440559686494,5,0,1,0.4323121166134345
1,-73.90201234717374,40.68339354291523,-73.88717506884596,40.68997928091453,3,6,2,1.4496110829145756
1,-73.97312721122313,40.80587269897218,-73.96568944122713,40.779656437899725,0,5,5,2.9816005777026486
1,-73.92095477410787,40.671622463047704,-73.9289568401648,40.64641337564195,12,3,1,2.883247140896681
1,-73.98162020279885,40.8086283947853,-73.97811785876192,40.81242445364684,0,6,2,0.5148336835947105
1,-73.81045319121753,40.82984277158078,-73.7755855948283,40.82475472153682,6,4,4,2.987793352588392
1,-73.9746067894831,40.81126512392568,-73.98069238554756,40.806072839182946,5,2,4,0.771796701272381
1,-73.88899347644117,40.789806518791714,-73.89122763487713,40.80165023714336,20,5,2,1.3303224052643352
2,-73.88817259868668,40.6406823348224,-73.90010809922123,40.63070039662693,8,1,6,1.4987672083375725
1,-74.00758740208568,40.62596776715299,-74.03177347058234,40.61554208172847,21,1,4,2.3475411162163753
1,-74.0475124575545,40.79611071894091,-74.02558996662657,40.79884945406839,13,2,5,1.8703330880941276
1,-73.89422522872454,40.65494586734504,-73.91714970638745,40.66576958914346,22,1,3,2.2776538910143818
1,-73.90778073492835,40.66193019841896,-73.91673633819497,40.681825565195936,12,1,3,2.337640370717781
5,-73.8265266235519,40.630736153854336,-73.79330907557129,40.59201829335228,12,2,2,5.137833221174797
4,-73.85220574168636,40.65317748602848,-73.86364675901184,40.61097562094645,20,5,4,4.790922294871963
1,-73.75451397012233,40.70479013273086,-73.74749175341687,40.72554515887434,3,0,5,2.3825335893125845
1,-73.92411609357981,40.83069988353909,-73.90165693687786,40.8335150525309,14,0,3,1.915316139824426
1,-73.87360304252792,40.60907137754874,-73.85621726762788,40.61357064984921,7,4,2,1.5505141009034786
1,-73.94104262609376,40.767334081830185,-73.94495552017554,40.76976096362078,3,0,5,0.42591806754064127
2,-73.93680166770933,40.87662997003788,-73.95021617590062,40.83191038569824,1,2,5,5.098976493381717
2,-73.88898441177814,40.86768501160456,-73.89899781717084,40.87400004305695,18,5,6,1.096355168784576
1,-73.84685113705825,40.79054162105046,-73.87548663260091,40.79454297520372,17,0,3,2.451351728199056
1,-73.88700822203,40.81516646015013,-73.90592982737515,40.79548501443832,8,1,5,2.7066105877466526
1,-73.91206823702252,40.70368801390722,-73.88495138183653,40.68596492401612,22,6,6,3.018310282620083
2,-73.8263709199102,40.86688975104512,-73.83211008456401,40.87649369311039,19,3,4,1.1718793776429868
1,-73.8171068041064,40.790287271900894,-73.81500160447852,40.76743501854331,1,6,3,2.5472297886150823
1,-73.92340535016803,40.71300254424872,-73.92344786905466,40.72406673496932,3,2,3,1.2302870940953994
1,-73.76064542821467,40.77117710985107,-73.76928791366655,40.805340121451934,12,6,1,3.8678071702550056
3,-73.88640903929027,40.698804854223354,-73.88999246161993,40.74182298157786,9,3,1,4.792920973012342
2,-73.7704957013137,40.60660184899739,-73.7906998029817,40.57511581216545,18,0,5,3.8946212554340254
1,-73.85108384087917,40.77645398198636,-73.84269643259528,40.78646582992786,7,2,3,1.3183625006749147
1,-73.9340006329594,40.815879686010966,-73.97403059717334,40.793021950660425,13,0,1,4.220420196606033
1,-73.85997089796645,40.692762859695506,-73.84329627442678,40.71672324940034,2,1,4,3.0123107398389815
1,-74.00927874062172,40.88439447390016,-73.9928473667175,40.86040361238324,0,5,1,3.0041967190482297
2,-73.77347717489454,40.8203659871325,-73.79476165840585,40.85154891778505,5,6,6,3.9024483541645036
1,-74.01488306231062,40.63017302327265,-74.01236908381394,40.6266223620366,21,0,6,0.4482077746838481
1,-73.95116396921273,40.68358173553941,-73.94130090843977,40.66796834505038,11,0,1,1.925092197703909
1,-73.90367237121168,40.63320214828682,-73.91721589355225,40.62233031374221,21,4,6,1.6636682260575615
1,-73.77386140646644,40.71593822324464,-73.80937335157971,40.734187900764034,5,3,3,3.61570565416438
1,-73.93260578696295,40.64830857013598,-73.91397540311303,40.6722713542399,13,2,2,3.0934373499420076
1,-74.03164603572448,40.84792259149309,-74.03633498595396,40.84043598299402,14,2,5,0.9211851747855263
1,-73.90411872674558,40.65608540314046,-73.8947051711533,40.635620807734504,18,4,2,2.4101753867699074
1,-73.99452247698724,40.68736544276534,-74.00141060885187,40.69338799327832,1,0,6,0.8864239445940016
1,-73.83881711745795,40.85483186839333,-73.83571215860852,40.8411675871392,14,4,5,1.5416812767745476
2,-73.81095636439592,40.88905183457416,-73.77254169895245,40.88278490786332,13,0,1,3.303657919540661
1,-73.90427166383526,40.60658424471783,-73.88832689194321,40.58985390847266,11,2,2,2.2963221432202885
1,-73.83305757082377,40.65845065677768,-73.82896750644242,40.6394607903227,0,2,1,2.139584668382944
1,-73.77634002985114,40.68027705349836,-73.7323987151349,40.665226286917154,0,1,1,4.066174083642366
1,-73.86348201540733,40.70211349025178,-73.81534508078653,40.70889256039459,16,6,2,4.127065169152405
1,-73.8965331410442,40.87337245030747,-73.89527018406015,40.8694815631165,2,6,4,0.4454890016099438
1,-74.04802227839832,40.82660104692617,-74.07673602058138,40.82662502606919,10,6,5,2.415982977573013
1,-73.96629469487038,40.71957435775771,-73.9607675595557,40.75820845200401,17,2,3,4.321080399660558
1,-73.92076767632875,40.79132881601417,-73.94614834361711,40.78525217769855,14,5,4,2.241058248168
1,-74.01532244188262,40.76648411627277,-73.96193506534678,40.73862212201321,18,6,3,5.460922004518772
1,-73.81187270406767,40.61807669336403,-73.8081822262406,40.655198770492206,18,2,4,4.139516395905204
1,-73.94539561330451,40.83484277081584,-73.94857752883878,40.87152860737324,16,6,5,4.088048039148882
1,-73.87877942530716,40.65311584109501,-73.90972869180358,40.67968363906992,8,1,5,3.942245942594247
1,-73.85573356670398,40.80877608662839,-73.84585423569565,40.823173884290405,7,0,2,1.8039614029446869
3,-73.81834729471532,40.70045009067408,-73.82427808049468,40.66711640979776,1,5,3,3.74012053655507
1,-73.80486882288466,40.80636470947778,-73.79933845259674,40.776820116240174,2,5,2,3.318034812219906
3,-73.75185924198964,40.77257572257542,-73.76719904098967,40.747301809539515,23,5,1,3.0930892962277885
4,-73.78323955046173,40.838649623158,-73.75787521192937,40.90248069957932,13,1,5,7.411196725768134
1,-73.9739998238077,40.60504052493216,-73.95839383505107,40.56441731559436,13,6,1,4.705414464912486
2,-73.95563286519231,40.71106314011287,-73.97043674090635,40.71462960577279,9,3,6,1.3092424609177429
4,-73.95370727990067,40.77674359621776,-73.96976958000887,40.74909513167567,21,3,1,3.3588341647721975
1,-73.9040148723094,40.89936955282674,-73.89961934790787,40.89247868910316,19,3,2,0.8506486113665885
2,-73.83789476986165,40.82987103113069,-73.87189273302562,40.83081540994843,3,4,5,2.8623631511326746
1,-73.9415667537025,40.836940034522165,-73.92631992241405,40.83906560367368,20,0,5,1.3042462694454071
1,-73.84460850044107,40.8592911047805,-73.89718516414545,40.884481789671135,0,6,3,5.233491310561887
1,-74.01873806873864,40.88895634616051,-74.02712520101004,40.907401100894475,19,2,1,2.1687279221555777
1,-73.96771588713246,40.81631310260739,-73.97391403393873,40.83482414263206,8,4,1,2.1233753338450714
1,-73.82054878086917,40.76815449690653,-73.85327556580219,40.78112026736653,5,4,4,3.110144100085594
2,-73.91664731137921,40.81982970432802,-73.95034335892207,40.805720717635054,11,5,5,3.2408274042386394
2,-73.76848404365998,40.72692885663489,-73.75581872751799,40.73652884939638,6,5,5,1.5094302215607285
1,-73.84938532807925,40.70797656984861,-73.87765751295224,40.73755771588633,7,6,3,4.061509955457593
1,-73.8972522612371,40.65926406412212,-73.90508449311237,40.64924744175993,13,1,1,1.2950252495013583
1,-73.80803546945168,40.78492542877535,-73.7655021320307,40.82196734171087,13,2,4,5.457254210971316
1,-73.77309974818303,40.764724431347595,-73.77345221333857,40.768043595255314,19,6,1,0.37026593339130076
4,-73.92991689777566,40.80115475311319,-73.92998449005202,40.7877963176188,11,6,2,1.4854011529725222
2,-73.93488197215261,40.8579642893346,-73.96035042818642,40.87251602577036,15,5,6,2.684203114182427
1,-73.82728573322298,40.79971487480199,-73.83431336465001,40.80519966343556,8,3,3,0.8496191655412282
1,-73.85573899951864,40.80711928696227,-73.87960975870132,40.79990829093154,18,4,1,2.1632785845310813
3,-73.99664921925184,40.85771518061006,-74.00044043914787,40.87536761664664,10,6,5,1.9885822462432945
1,-73.99864249612284,40.86435947801681,-73.99319828300912,40.835240212138594,6,3,2,3.2701344588192685
1,-74.01318829019881,40.79036765700724,-74.01669665437586,40.76488606787129,15,6,4,2.8487816619352615
1,-73.90462357504072,40.643949563205865,-73.85932692007042,40.65448849490195,17,6,5,3.997094401783141
1,-73.77638095177487,40.670750493879275,-73.74623616829088,40.64628959984973,19,1,3,3.723422634599237
4,-73.84890823561277,40.6563537133846,-73.80518258719704,40.645196992807136,12,6,1,3.891843393675698
1,-74.0045173699044,40.82042948239009,-73.99992715423714,40.851084149668765,16,6,6,3.43044845197676
1,-74.01816854328537,40.608377385930325,-74.04256830522664,40.60904050103536,8,1,2,2.0610525310919194
1,-73.78782289618422,40.788002929186135,-73.77607133893868,40.760580308448986,15,4,2,3.2058057271794653
1,-73.9072505214996,40.87241303094463,-73.92830214505587,40.89125085427193,22,0,4,2.7422404472817927
1,-73.92785048137326,40.8942653382385,-73.96308960573562,40.919397211300286,18,0,4,4.071800323466415
1,-73.83977887019971,40.889572822660085,-73.82447117169448,40.916131768273296,10,5,1,3.2212762665930073
1,-73.88717658416275,40.62145811583076,-73.88643705030351,40.661677069085194,17,0,2,4.472578840763315
2,-74.00077501443515,40.8692238939913,-73.97724139421703,40.869659280511485,13,1,3,1.9794374882404515
1,-73.91273583126723,40.87983664688375,-73.89741012999885,40.8639907844386,17,6,1,2.182918129122923
1,-73.86512415194886,40.84734179735673,-73.85361809500267,40.798532682597354,4,0,4,5.513005692912407
1,-73.765524014394,40.84758290238182,-73.77473517496314,40.855668806126424,2,3,3,1.1868524855117635
2,-73.7620417490273,40.649925414473415,-73.75937199472823,40.66297714592659,16,0,6,1.4686562474238514
1,-73.75141497905749,40.83470870698199,-73.7373584341125,40.84572906000902,7,5,4,1.702903012417465
2,-73.8880267402795,40.892961849828026,-73.89550840863382,40.87686006611684,5,0,5,1.897695639210446
1,-73.90617654553103,40.683580847834534,-73.87129946032879,40.67073969286749,11,1,4,3.269449316728771
2,-73.91637967666375,40.68583001122612,-73.92469239324953,40.68548404024287,20,3,6,0.7019735598575806
1,-73.8542421048602,40.66553731960231,-73.84563761050478,40.6572711940516,0,4,2,1.1711544540759113
1,-74.04604598867516,40.65338623906264,-74.04846652466964,40.67358665350259,12,6,1,2.2554431901172434
3,-73.87662664823205,40.88885492986826,-73.86775817520763,40.93510940819187,1,2,2,5.196973296787102
4,-73.90079460306194,40.70714668848456,-73.91302856895369,40.67742061615579,20,0,5,3.462583470004003
2,-73.87783552277043,40.7818046752638,-73.86735923823011,40.75779374522872,22,6,2,2.8118792774919243
1,-74.01303369637886,40.641850866505095,-74.01026068845789,40.66724011408133,22,2,5,2.8328304639414004
2,-73.77829499026875,40.71902620533795,-73.7836796899114,40.70978638172466,16,6,1,1.1231926883318009
1,-73.97086467638296,40.815416952934605,-73.96731579736304,40.789783611250584,20,5,2,2.8659073210736667
1,-73.92309491426836,40.63838852560071,-73.91611312703337,40.635156614997925,9,0,6,0.6900868343755745
6,-73.92657082708386,40.777109386560106,-73.92607272957201,40.76684753745643,2,2,1,1.141836220490961
1,-73.79343089099677,40.756201754320585,-73.80422270185862,40.750185147836014,5,5,1,1.1286800008030675
1,-73.76740513432802,40.83278496562049,-73.7762187152323,40.86695157618512,17,6,5,3.8708035102109597
2,-74.02554668918981,40.65384620925795,-74.03982868073943,40.642503407811546,1,6,1,1.7443076292050823
1,-73.89998044243393,40.614801076887666,-73.89721565302976,40.62618603918256,21,2,6,1.2872771659646374
1,-73.78803650209197,40.787146429225544,-73.79327268340998,40.79984190360209,19,6,2,1.478890723691658
1,-73.94843109731207,40.86334239253715,-73.93195609170081,40.84257660741537,16,0,6,2.692910314789783
2,-73.9196983445055,40.78729911697932,-73.89178015587436,40.78300965091282,13,5,2,2.398416373101699
1,-73.86762398246053,40.70959985305508,-73.86190352541271,40.70814236705754,14,5,1,0.5086817238375863
1,-73.95676318623528,40.62493801237408,-73.94330522387027,40.65211942720979,1,0,2,3.228717474442485
3,-73.78644640845663,40.61835342930214,-73.78935016681339,40.61908831695036,16,3,2,0.2583510060987814
3,-73.7825247065575,40.62660143120688,-73.76777950249136,40.58601160305916,12,1,1,4.681890311614038
1,-73.90415066027548,40.81705479007939,-73.86468521020014,40.826245472959094,2,5,1,3.474571908928774
3,-73.86710716222474,40.73501423100744,-73.85471831775313,40.7501663012616,21,1,2,1.9819220589310154
1,-73.97669035261218,40.71363420139381,-73.95955343872863,40.72952941459051,21,1,6,2.2824573718639996
1,-73.90672119435209,40.650513973807705,-73.88940839189185,40.63441402172579,1,2,3,2.3105624176032653
1,-73.95825054126448,40.608220629339165,-73.96109950946773,40.62291067129127,0,2,4,1.6510642946265046
1,-73.7554937696524,40.80711396838877,-73.77221721570554,40.821468683301475,11,6,4,2.128020589094523
1,-73.77388709490356,40.81401433334894,-73.76596578548141,40.79743379440411,23,2,2,1.9605175665217531
1,-74.03092358726026,40.71865192690568,-74.03944318955611,40.699611679537064,21,4,6,2.2356494244212817
2,-73.84042591856416,40.79153025322824,-73.83739978516967,40.79917796923586,17,5,3,0.8877221935437789
4,-74.02288793860825,40.60594691301984,-74.00891339193045,40.63625847874846,0,0,1,3.57090184390672
1,-73.88245842349819,40.71483890424496,-73.90109006399827,40.72749613295493,15,1,5,2.108609827486552
2,-73.80591285305853,40.67777629061367,-73.7507782969241,40.64852089112898,2,6,4,5.67530130663766
1,-73.77919210662326,40.76141979737657,-73.75664834365753,40.76621801574806,6,5,2,1.972173700912334
1,-73.97753214783508,40.8843618618594,-73.98831092855828,40.89501281510193,21,4,1,1.4911734020025036
3,-73.99159449810995,40.77001986998335,-73.96904387790616,40.79024882749748,11,3,4,2.9436096776169443
1,-73.97108866027449,40.72321425151054,-73.9681822318187,40.73911107657865,17,3,4,1.784530494052555
1,-73.82659329350867,40.81601646256598,-73.83580813180134,40.87382511647752,9,5,6,6.474594613598063
1,-74.01972520493368,40.78710750499109,-74.0340095284425,40.7841772154748,4,4,5,1.2459869330045714
1,-73.92337940855877,40.803228582067995,-73.89199541459107,40.77631325036275,21,4,4,3.9922372358221123
1,-73.91219643908238,40.66760333507526,-73.91947904813901,40.65125813565306,11,3,6,1.9185113772147837
1,-73.75463876225969,40.6965920799602,-73.76578790486676,40.678588550858855,22,3,3,2.211631149925926
5,-73.79542698778125,40.79092173032258,-73.7772739733524,40.787538603028715,16,2,6,1.5738788649301554
1,-73.78283465536916,40.652462555382805,-73.76249777913733,40.64089447137657,7,1,3,2.1444148507265135
5,-73.76228599847973,40.68883551244729,-73.76447407750044,40.693829287404675,21,6,6,0.5851253460746306
1,-73.77077305841135,40.776607739330835,-73.7896549693276,40.78131980042185,3,6,6,1.673982383547523
1,-73.9823989265637,40.87005220626981,-73.9797186964777,40.87287302590895,21,6,6,0.38622718952162727
1,-73.81151930896276,40.66852915078485,-73.83388563663875,40.67395525985286,16,4,4,1.9804560363593695
1,-73.93998504980112,40.81388805332933,-73.92574533506836,40.802073140435745,23,4,2,1.778283109966751
1,-73.95856330009792,40.85026012355931,-73.94104131494623,40.85396759206651,0,3,4,1.5303113177693939
1,-74.01694714518011,40.8690436430051,-74.02341705086468,40.87753765822329,16,5,5,1.089952203354278
1,-74.03328243373801,40.75637391698874,-74.03207809711705,40.77611506698148,10,1,4,2.197457657007328
1,-74.01736124608571,40.838531482900834,-74.01828778810943,40.841492299746655,8,6,4,0.3383285040153327
1,-73.8310621803645,40.74902550056163,-73.87602319986344,40.70664018288259,2,4,3,6.047034190530754
1,-73.92426513481935,40.75938586689081,-73.93222008283094,40.72329969106896,22,0,5,4.0681829340268525
1,-73.9211195757497,40.75228808704937,-73.89893764093613,40.79065918992912,3,6,1,4.657650290049552
1,-73.75084806162667,40.72964663653259,-73.76112243503727,40.75328001424144,5,1,4,2.7667993747799366
3,-73.97954791853932,40.64906070847994,-74.01171691518833,40.627621932685095,19,6,5,3.612581127303582
1,-73.88144359483618,40.855850580364745,-73.89167211765954,40.8567519284048,15,1,1,0.8660639289524206
4,-74.01913412640339,40.80758470569657,-74.0329514626803,40.793316333942656,5,3,4,1.967205550445582
1,-73.96800483309576,40.703988470630755,-73.95823761243285,40.69075085362493,2,3,1,1.686614325376451
1,-73.9221385683132,40.82473805569372,-73.94220914451911,40.85418105559993,21,4,1,3.683646308506793
1,-73.76619531841949,40.802917086660514,-73.75719037270225,40.80530332728796,11,6,3,0.8030381822342341
2,-73.82193684334226,40.6170555572816,-73.85277656755333,40.63304750497919,19,4,4,3.1521893334433493
1,-73.95210715545299,40.68262785580079,-73.97579215225291,40.67329747364497,15,6,3,2.2507072486033115
2,-73.82009628241437,40.82892261921916,-73.78197612087368,40.814564971773635,3,3,1,3.583013577926271
4,-73.94296868587404,40.667216998913794,-73.9691450866,40.65698885076579,19,3,3,2.483648056945186
1,-73.9728358963745,40.85393551009631,-73.93313195898355,40.83185434485456,8,2,3,4.145281113070678
1,-73.7594920655471,40.645809263690694,-73.78000576094452,40.66886039145375,5,0,6,3.092605063002988
1,-73.82506973249973,40.89461564378278,-73.83647139261878,40.91026633801694,12,0,2,1.9866535105272
1,-73.97766686569443,40.858259188650656,-73.99064612857704,40.85755029711208,1,3,6,1.094405385802949
1,-73.95402910194828,40.824313457576054,-73.904375685286,40.82259685362092,10,6,2,4.182407825776222
4,-73.9095232273538,40.74791733457242,-73.8898596912285,40.73407299515378,18,6,6,2.261467409043418
1,-73.99203865453545,40.78131510807354,-73.99281237752392,40.78298217510116,16,3,5,0.1964832513884964
5,-73.93760983911913,40.81753794949753,-73.93339018880702,40.822058497945235,4,0,4,0.6154268296822109
1,-74.02459173652399,40.828063338076866,-74.01866674405017,40.83768721757452,8,3,1,1.180532281424203
3,-73.93090850127574,40.63113616505484,-73.91913160202883,40.62163361729152,16,6,1,1.4506237217206774
2,-74.03970050923846,40.620115782084774,-74.03052557902599,40.651079473939745,23,2,3,3.528976125838195
1,-73.78075404399772,40.7282234917622,-73.78947217896659,40.73607333864578,9,1,5,1.140838522938217
2,-73.86181210972755,40.80145233678908,-73.84280721466381,40.76991686577656,4,4,5,3.8543917809762682
1,-74.01618649517532,40.775297930339015,-73.98437983763259,40.77871009809784,3,1,5,2.7049630427668405
1,-73.83640460620623,40.71206300338219,-73.86353618816716,40.72388590498521,5,0,6,2.637576009080312
1,-74.01339703784477,40.79406458723108,-74.00360019662597,40.80622287191569,18,1,3,1.5835933219750948
1,-73.79257662297202,40.65521912116042,-73.81978546950548,40.65233395840637,11,2,2,2.3176271767001153
2,-73.76045423427009,40.637248722477146,-73.70837674598594,40.62221291649087,6,2,3,4.7020739927255
1,-73.93004006108902,40.87573438191494,-73.88852671874497,40.87775063569416,0,0,3,3.497494503965275
1,-73.82336148607052,40.61117685698231,-73.80504667053698,40.60643344942774,8,1,5,1.633556841874186
1,-73.9438077633851,40.71110538303799,-73.9538426917371,40.71290501697443,7,0,2,0.8691489490560446
1,-73.80378974911417,40.77093513679267,-73.8219884544755,40.746443145209945,6,0,1,3.1251138111177905
2,-73.96634484097397,40.793266950853315,-73.93659730637917,40.76069611825468,15,0,1,4.403521633596777
1,-73.89548189627264,40.85784415655792,-73.89058599940765,40.850862782357474,11,5,3,0.8787409508004885
1,-73.95065027373339,40.85547596230453,-73.98476936150361,40.85768815893442,22,1,4,2.8800150394980744
2,-73.87901658507528,40.76285904320236,-73.88689728590695,40.768607976672655,7,1,4,0.9214831369144559
1,-73.99550769577976,40.860111502294,-73.96721374386112,40.82598088774875,15,4,5,4.479721662579477
4,-74.01363193919794,40.84882673199603,-74.03084872656206,40.83407199077288,14,0,4,2.188450377399142
1,-73.94372794040986,40.88330907339056,-73.9624444640376,40.84314841857757,2,1,1,4.734915579638188
1,-73.9027224718041,40.88615378902155,-73.92172016412525,40.87174280605285,22,6,2,2.2624877821373377
1,-74.03119711952955,40.64769190506229,-74.02296090047682,40.61870351096742,23,0,3,3.2974399761154727
1,-73.82054140384376,40.899142054859055,-73.81921511776792,40.90277900241669,18,0,1,0.4194911741647973
2,-73.92702670354946,40.83367679674342,-73.91029272030117,40.80461054250166,3,0,6,3.5254599989397235
1,-74.0214487156892,40.77272290506848,-74.01939721626671,40.77845464193141,1,3,6,0.6603360346137794
3,-73.75784792050743,40.72680570076365,-73.7370819481984,40.69714258483074,5,0,2,3.734007516723106
1,-73.93571627119786,40.88097282522211,-73.93125311532542,40.84741215530287,11,0,1,3.7506022916186628
2,-73.83903153003136,40.80986312898333,-73.83313889114925,40.78331973246873,8,2,5,2.9928828124264895
1,-73.82784368891237,40.71011760650529,-73.85518455834051,40.68089739585997,20,4,1,3.9837136528224564
1,-73.93435485998486,40.63488439646836,-73.93182474724081,40.63602232451785,9,6,1,0.2481757128790719
1,-73.99291747232989,40.650443582943225,-73.9985238869771,40.650300914974885,11,2,3,0.4732425411376646
2,-74.03154737764952,40.809451613358426,-74.05011091207729,40.79716509246638,19,1,6,2.075541309974301
1,-74.01892340361039,40.88640075304384,-74.02227282817755,40.88752033044376,20,1,3,0.30785846508817305
1,-73.87958492367909,40.879465445465314,-73.88722793749,40.84661938463815,15,6,5,3.708437844395724
4,-74.02578300862513,40.78917408478603,-74.02463571952843,40.809105134941625,0,3,3,2.2183347692960016
1,-73.96976637568137,40.72470918372226,-73.93853806027013,40.72903343695015,11,5,2,2.675075293255094
1,-73.84573382199987,40.73628701472311,-73.8587243841758,40.71000639950439,7,2,6,3.1205941762083387
1,-73.75232810088862,40.65983318567786,-73.7585514664141,40.68087572715105,7,4,3,2.3979702853279927
1,-73.9542867905939,40.8087705691789,-73.97013760430717,40.82642727429587,11,0,4,2.373584798552393
1,-73.87276958212705,40.86581629183899,-73.90989744759531,40.91109520398398,17,3,4,5.92367350451853
5,-73.88009318877378,40.768982067437065,-73.93003437140231,40.79203578755936,10,1,2,4.924753522737489
1,-73.84992332246024,40.75586891203622,-73.85923416393459,40.79346840456898,2,5,2,4.253751316061684
1,-73.8781670450209,40.87088962806727,-73.87409478462759,40.833127812686875,20,6,4,4.212868540005518
1,-74.02020215841651,40.77340403830978,-74.03241841800997,40.75659196668456,13,3,5,2.1338272482244234
1,-73.90915944549704,40.82898574565342,-73.90019270526484,40.87856456572538,22,4,5,5.5642575239128895
1,-74.00691918230359,40.62982797709388,-74.0145389058059,40.58816433526615,15,5,4,4.677225711025636
1,-73.99449316690367,40.601624889502745,-74.00238769136838,40.622971761494355,18,4,4,2.465431977670776
1,-73.82755272220396,40.787212644353346,-73.85146133589356,40.825184161679566,10,6,2,4.677247670916033
1,-73.92852589915874,40.75382643522397,-73.89056145812289,40.769974405802046,8,2,3,3.6671220233334165
1,-73.87487793241773,40.61685410791544,-73.86255184951565,40.61970192598892,19,2,3,1.0874958986080008
1,-73.75447141409808,40.69448603484264,-73.7618732908952,40.700861405951535,15,4,6,0.9444227107014922
1,-73.87197057788484,40.713620277436085,-73.84899966178399,40.73245741976188,13,0,3,2.852126554894486
1,-73.98696830731409,40.83763155479788,-74.01518760166027,40.849976345617186,16,4,6,2.7420786914340933
1,-73.90890285233621,40.84521411862798,-73.89967964094072,40.86627926399478,7,0,5,2.4674395718992486
1,-73.7990811978148,40.85507949725136,-73.81529748532931,40.84886881968655,6,5,4,1.528791014021276
2,-74.04142323701808,40.79735572308639,-74.01160758047936,40.80410988917114,11,5,1,2.6196405042807784
1,-74.00951999711191,40.76042333713216,-74.02612753535983,40.741480109707176,8,5,3,2.5286278213542324
1,-74.04028943979834,40.78034250005885,-74.0382919279804,40.77494014053171,6,3,5,0.6238173632586704
1,-73.8433022294887,40.74468281325289,-73.83893921756176,40.763449703933745,0,2,4,2.1188969419452977
1,-73.82260478844847,40.84593120730799,-73.81335633808217,40.87072153750282,14,2,1,2.8641895517227414
2,-73.78290625271556,40.760321269381656,-73.782903845906,40.750630941199816,17,3,3,1.077515350412204
1,-73.86548576542921,40.77638034104376,-73.86256477155754,40.77359928336561,8,0,6,0.39512978787006364
2,-73.98758992086069,40.647108725550595,-73.97173515888895,40.65469773005854,11,1,5,1.5815002675111829
1,-73.84206303634699,40.85719452435948,-73.84144661792595,40.85531144142068,9,4,1,0.21571161738097708
6,-73.77224621537991,40.708169029308166,-73.7675489592249,40.70288979199077,5,1,6,0.7080771997921939
1,-73.86822827640533,40.81900541968749,-73.84222799843754,40.820066574538146,6,4,1,2.191082855056278
1,-74.01509793302677,40.802119450968455,-74.03107811872923,40.82125723285555,10,4,1,2.5173771696118377
1,-73.83056552178739,40.83166903797294,-73.85924279323089,40.855178670066856,18,2,6,3.5571035889287064
1,-73.91327268914156,40.71512922715122,-73.93130579324635,40.67904183953455,5,5,5,4.291067129877693
1,-73.75289297268232,40.75274035347088,-73.74997904461227,40.79800297869194,21,3,6,5.038951841163764
1,-73.87888235978296,40.698196991153154,-73.90756934003576,40.6781479751821,13,1,2,3.289438233402656
1,-73.93173755354478,40.611130673593934,-73.944136930551,40.637129955677416,11,4,2,3.074557448911882
3,-73.85351556637056,40.836972925139655,-73.81717905434618,40.81644296229787,9,0,4,3.8155924146775444
1,-73.78252583261256,40.898030214810866,-73.7787168711698,40.88641183070951,8,5,2,1.330987646456239
5,-74.01399611334226,40.72276246340558,-74.05383191131934,40.7291136675057,3,2,3,3.4303606783012537
1,-73.80361744681414,40.60734583321561,-73.7752664911612,40.63286470258619,12,2,5,3.711821712108962
1,-73.83739458435697,40.68865523187728,-73.82434951962477,40.684745831285305,3,0,5,1.1827127359645393
1,-73.97922396685799,40.712015831364205,-73.97762736295817,40.76084748191146,3,5,5,5.431497889602015
1,-73.87626162497335,40.88378387463462,-73.89406298667326,40.869933984693255,17,1,5,2.1474993345946034
1,-74.03769859339157,40.83206994651359,-74.03210308936464,40.85135470898731,21,2,5,2.1954205605452923
1,-73.98717562312142,40.658119063432935,-73.97122188254812,40.645265134065106,5,4,3,1.963233194395393
1,-73.8363505060589,40.82909094386362,-73.82343257017445,40.82368901054953,15,4,5,1.2418538811917095
1,-73.96516545831909,40.77148493819512,-73.96704203619548,40.77095569326625,7,6,4,0.16862963293184294
1,-73.8652712896981,40.78030654642754,-73.86980237177387,40.78363907270331,11,3,4,0.5318450851565099
1,-73.81883588656964,40.730498833555366,-73.80682006618171,40.72887539153533,18,3,4,1.0284569716820708
1,-73.81911808306585,40.80851658688063,-73.85048506443982,40.867720083301336,2,0,6,7.0922967684463245
1,-73.77302401358781,40.61265162758518,-73.77503288899105,40.6432605142836,11,6,6,3.4077725455939003
1,-73.85596526799819,40.78772464797169,-73.86490832599969,40.78202950070481,6,0,2,0.9838486842139355
2,-73.86742889864091,40.77336981539075,-73.84522450040375,40.76114668777101,2,4,6,2.3117134797558787
1,-73.82126461120427,40.60671532874129,-73.81200543945076,40.60837709432638,4,6,2,0.8031811115198101
1,-73.89466354885583,40.84858704841544,-73.86954961600426,40.82986984742971,12,1,2,2.9656526237586682
3,-73.76086625907512,40.60859222549959,-73.75321903763482,40.600467677124705,8,3,5,1.1103748564537477
1,-73.91930266077804,40.694803005643514,-73.91013905515396,40.69316616721144,12,6,2,0.7937180549970575
2,-73.97505303607416,40.71481613222962,-73.99786999267792,40.70504354518161,6,6,5,2.2089651012491682
4,-74.00837201038435,40.84397179955235,-74.01122834907468,40.824798887958366,23,2,1,2.1454309793735757
4,-73.86226064811363,40.7279036984098,-73.8502239235526,40.75154833227425,10,4,6,2.817959576601155
1,-73.85515302576823,40.772791675291046,-73.84634763964819,40.75816988225051,13,1,1,1.7870021485679823
1,-73.78521451743455,40.87604253150971,-73.82449569276788,40.89989738080626,16,5,1,4.235517934781856
1,-74.01504796545318,40.790456817979525,-74.00403762530777,40.76017376254329,3,1,6,3.4926245883915104
1,-74.04036074016521,40.641478895216736,-74.05911448071834,40.67846503340244,3,5,4,4.406413359972036
1,-73.76824124150966,40.82408853578944,-73.79925844374851,40.834578162671825,3,5,6,2.8584865781603934
1,-73.93255067851442,40.66996343554408,-73.92739576794334,40.66630071310435,10,5,5,0.5957341095670895
3,-73.91876253181084,40.82046161309752,-73.88259434291852,40.77750031438225,1,2,4,5.664738635631556
1,-73.86675442417167,40.78443130394398,-73.86450711462614,40.784910042940766,5,4,2,0.19655466041640873
1,-73.77939922015904,40.73897831983007,-73.78174142252197,40.7482973282921,12,6,1,1.0548461562989393
4,-73.98655831560824,40.82322596084894,-73.9904957990246,40.837491893770235,5,1,6,1.6205226086287992
3,-73.93911836764141,40.86422698442298,-73.95217281952043,40.92132497070782,23,0,1,6.443133347185456
2,-73.87450180644265,40.67585168798971,-73.88863260062318,40.66707182524295,2,5,4,1.5405757225918024
6,-73.801076668704,40.8337661766777,-73.80294999417889,40.81058202427873,5,2,2,2.582774951918251
1,-74.01786376447363,40.68969123675567,-74.02967089649964,40.70901099222938,17,6,3,2.367647680003007
1,-73.86523746063855,40.759775157807894,-73.88421457341587,40.760653759200274,0,1,1,1.6013197043598866
1,-73.75357400297904,40.87148295495826,-73.74394242715708,40.87614841497909,10,3,3,0.961741301399893
3,-73.88112063054847,40.668798840821225,-73.90557805624813,40.668788377875835,23,6,4,2.062743818819198
1,-73.98022591821662,40.60066976594323,-73.94178812922782,40.59389831254643,10,1,6,3.331525242601846
1,-74.00187468837021,40.882035523016725,-73.99619997335311,40.87264987452922,15,5,4,1.1475224430188498
3,-73.91761717903843,40.78741854229424,-73.91201395874324,40.81365934023923,11,4,5,2.9557160148071544
1,-73.96502395846841,40.658490192351735,-73.93016343218483,40.66351533879511,9,6,6,2.9931060968912084
2,-74.04450483783528,40.60569968367166,-74.07658252056804,40.60441027143842,0,1,1,2.7118143299395356
1,-73.857597711553,40.620934795408125,-73.80938495919523,40.60156405378808,21,1,1,4.604617665113442
2,-73.99241079726305,40.8085103594642,-73.98029327856759,40.80905126865035,14,6,4,1.0216172500002811
2,-73.83941386680142,40.84330433130549,-73.85930256785265,40.84551840273197,13,6,3,1.691008723058583
1,-73.80085530247415,40.88372295971649,-73.81986992685304,40.914716634711056,10,2,1,3.798856946067574
1,-73.76390018287138,40.77645735592064,-73.78920301357087,40.745757897321695,19,5,1,4.024222342239766
1,-73.86832321792846,40.638143777747906,-73.86513178431011,40.65644706869781,0,2,4,2.052966347989088
5,-73.93162849046102,40.61029166201936,-73.94004624579986,40.62228272449236,12,5,2,1.5108406066657374
1,-73.84831794483948,40.883659030182955,-73.83631854397014,40.88571709594022,12,1,5,1.0343805316046406
1,-73.92595332598074,40.71519568716781,-73.90770682161163,40.71804787801711,0,4,3,1.570172048109252
1,-73.95790550515201,40.67984644613573,-73.98102086516081,40.67667903642756,7,5,1,1.980839206903092
3,-73.78916629330031,40.69158031344491,-73.79208701349698,40.70013074871444,3,3,3,0.9821330541775296
3,-73.85571890159186,40.71321460718153,-73.84730074676679,40.75061834062174,5,4,4,4.219157146885858
1,-73.90552657541893,40.68528521791555,-73.90917607112627,40.67899086982907,5,5,5,0.7645663992842047
1,-73.99682941775791,40.79936048982844,-74.00349407252108,40.79840645629956,18,2,3,0.5709421318356076
1,-73.77531487237783,40.70452162414093,-73.80162189616463,40.71751649443813,17,3,4,2.6465991970059366
1,-73.92278434443566,40.701742887765626,-73.92936967392421,40.69759502549163,21,5,1,0.7217459468014805
2,-73.86418921507241,40.71547616336827,-73.86196921914157,40.75092799857292,21,5,5,3.9464996421894125
1,-73.86410486494951,40.68503187780582,-73.88475481313662,40.660453234177425,14,0,2,3.240722510602447
1,-73.85183318661963,40.80765928173229,-73.83897469385484,40.84789488207876,3,3,6,4.602948045687464
1,-74.04654369639218,40.73645167721331,-74.01870296031038,40.71298825601126,23,1,6,3.50873761450115
1,-73.93236219915958,40.83911955688052,-73.96126012427264,40.83419768730774,18,6,4,2.4919511360111977
1,-73.90944698502405,40.76491246611073,-73.93408182782187,40.82688376179728,5,2,3,7.196166941690013
1,-73.99297336235074,40.720857005958514,-74.00052919290076,40.73039184963995,12,5,2,1.2367246183978464
1,-73.88039929508707,40.6470309363152,-73.91469771171457,40.66669658565711,19,6,5,3.6266585027224805
2,-73.82886277815598,40.792514572196765,-73.79881369960522,40.78950414030013,15,5,1,2.551745611218705
1,-73.91419471834838,40.65077601664377,-73.91658467290412,40.65935183882184,23,5,6,0.9746675231940463
1,-73.99594198393004,40.89973806674725,-74.0035318868826,40.93528163861986,18,5,1,4.003387330372136
2,-73.86999865944722,40.69366448703475,-73.84480327572702,40.67474959086003,22,6,4,2.9894958917970182
6,-73.79260987262754,40.78418325492282,-73.7979471607532,40.8269730215247,20,1,3,4.779164427487552
1,-74.02545300187339,40.791576736987466,-74.04753202491537,40.80407469097425,6,6,2,2.3206604807736366
1,-74.01840864467565,40.614966507965974,-74.01666234197155,40.59513732687043,10,3,1,2.2098273731783555
2,-73.97731714180459,40.63843018358815,-73.96437637717787,40.671693538288366,13,1,1,3.8564496657475926
1,-73.96256311858798,40.76098512080928,-73.94473527868838,40.81819862606843,5,5,4,6.536496237263918
2,-73.8108465825216,40.66057508567418,-73.81547140165952,40.6390005071203,8,4,3,2.4305050270127784
1,-73.81706042065706,40.86555516079502,-73.81491327304698,40.84575310609084,6,1,1,2.2092806197690633
1,-73.97550445509255,40.88922721939171,-73.98492382997513,40.89786707908767,18,4,5,1.2449200753908698
1,-73.9850523368504,40.839397084370425,-74.00965029379216,40.84783319664753,3,2,2,2.2718527472285115
2,-74.01826846194352,40.83544340045929,-74.02433514824605,40.84103550348018,6,2,2,0.8044391934731024
1,-74.02442791066115,40.776781909187214,-74.0406493606191,40.761524344884535,9,2,6,2.178174741337254
1,-73.94691340116185,40.772420148390886,-73.94163819942187,40.77886992880027,0,6,1,0.8436011543434521
6,-73.83406656195326,40.7563237068853,-73.83519731246875,40.73119404909851,12,6,2,2.795913748043789
1,-73.86128209281244,40.66244159381349,-73.84333654574327,40.65274040801559,1,0,6,1.8588132827370305
2,-73.89099260895252,40.83732727372927,-73.9159930113821,40.82003322745059,15,3,1,2.850012895875578
1,-73.83629157548751,40.62342381923498,-73.7978296056569,40.633457868239994,19,4,1,3.43226101755937
2,-73.79406898752099,40.676790609061506,-73.7634562579831,40.65203461094572,11,0,6,3.774199236088582
1,-73.94635450262034,40.876495307755235,-73.91920780555354,40.87941517061221,20,3,2,2.3053379714729387
1,-73.92608301303595,40.83729410291653,-73.90709372356102,40.87069212440061,21,3,6,4.042553356312611
1,-73.78355175039397,40.703006909298665,-73.78968101599433,40.7015298505155,22,4,1,0.5421598782633884
1,-73.7617774534814,40.7009364833082,-73.7589192963186,40.67200063507534,18,3,4,3.2265321579497934
1,-73.79602561723449,40.837528225690114,-73.8226560691066,40.837019223455535,15,0,3,2.2410475109107746
1,-73.97623372405799,40.89102682952264,-73.93277783178814,40.914320441606115,21,1,6,4.477420318297071
1,-73.87204247273262,40.880276176603346,-73.84134796962796,40.84367153718933,7,6,3,4.8197373468681
2,-73.78862382825395,40.71706414177258,-73.82972110726088,40.7107585410891,21,2,4,3.5340571859421717
2,-73.94399152853772,40.696954711646065,-73.9338390339957,40.69899042380613,15,0,6,0.8853158362339044
1,-73.7564460596178,40.683186971010336,-73.8088622817245,40.70169147695261,17,0,6,4.874761367118865
1,-73.91439617599181,40.62102683548167,-73.95393233424441,40.64766550666947,17,0,4,4.461416012632872
1,-73.86216727788418,40.64258170721748,-73.86578006389824,40.637626607280794,0,6,6,0.6296863747858811
1,-73.94380184485712,40.8188731694706,-73.92552559976507,40.83484712058177,7,5,2,2.349399518579593
1,-73.7617411551154,40.869152470501206,-73.74994749777316,40.86883989453862,2,5,1,0.9922957243230491
1,-73.8271627495751,40.87152673315595,-73.8270726407968,40.898634501363205,1,5,2,3.0142558157432253
1,-73.77651764291275,40.63385813931557,-73.75608807491183,40.62522068937698,21,6,1,1.9735208768951145
4,-73.86522067833248,40.689716233162194,-73.8573583902139,40.655324562977874,8,2,1,3.8812379772732455
1,-73.87445044404899,40.66035302613147,-73.87662387676357,40.63933162570447,23,1,4,2.344653747934605
1,-73.91514014620441,40.65909923686238,-73.92408386854082,40.68918317052131,5,4,4,3.4291594458628145
1,-74.01590320928015,40.834501800331125,-74.00421583190234,40.83700962079578,6,2,4,1.0220217977577386
1,-73.7549227624047,40.60586277519102,-73.76845106879028,40.644084575390195,7,2,2,4.4007547634728175
1,-73.91652998505384,40.83862970831184,-73.92058837759437,40.862473493215454,7,3,6,2.673191737873047
2,-73.86451335364269,40.7054385377298,-73.88308267352781,40.698059204702616,16,5,4,1.7673884591909714
1,-73.83731295887114,40.8100508344469,-73.85319802206405,40.82419071860276,22,5,1,2.063737965240972
1,-73.83451291782693,40.608662095200785,-73.8552990281963,40.61679777260412,20,4,4,1.9740631732489993
1,-74.02363964923966,40.75182347803535,-74.04553382281206,40.72888454609107,1,6,2,3.1477757656579706
3,-73.80743337615873,40.84462698791432,-73.79045107506965,40.81811689834682,13,1,3,3.2758050893165316
1,-73.92118480100034,40.78384085447794,-73.89816247371725,40.768451239589034,14,3,4,2.5858171986509606
2,-73.87495103951069,40.754532867801515,-73.84469433910853,40.759694066379424,16,0,5,2.6122925902742393
1,-73.81366855597342,40.6493043378748,-73.79769898478642,40.639307066700894,14,4,5,1.7467583278142076
1,-73.92218310269062,40.64337306693891,-73.95371013393192,40.62132105635858,19,6,1,3.6180987537378475
4,-73.81437367220565,40.61081232257956,-73.82705634769745,40.61873743696184,11,0,3,1.386576569427836
1,-73.9182686657779,40.89759844489724,-73.92929018652683,40.91537704688974,19,2,2,2.183118854255807
1,-73.86672442674482,40.61672046435512,-73.88164337612123,40.63835345166774,11,0,5,2.7150544152596785
1,-73.81497330952837,40.873713649009616,-73.86204611063725,40.846490257407766,16,4,3,4.983451435155907
1,-73.78140413339283,40.76429290391076,-73.7607678047943,40.765573341273395,13,1,1,1.7437820990376063
1,-73.93932124140568,40.70719308101669,-73.93928385927921,40.71664182533006,18,3,5,1.0506571551878876
2,-73.92316529783032,40.8269227577203,-73.89979463815594,40.81226226944374,1,4,1,2.5544196974563778
1,-73.97666816620848,40.654387434156575,-73.9799204972127,40.62034396733291,15,1,2,3.7953953707127943
1,-73.80265592012353,40.80151097663312,-73.79787237658567,40.81024119497657,13,1,1,1.0509355534640867
2,-73.89929035332318,40.62305807275407,-73.90257536615599,40.61792310583411,12,6,2,0.6347388277726846
4,-74.02098684940785,40.77443683362669,-74.0225482705426,40.76997122058346,15,3,2,0.51366719514698
5,-73.89031095475504,40.67025717244672,-73.93293272785658,40.68467473762461,18,2,4,3.9355848279972543
1,-73.9705811512003,40.87532828094319,-73.96459000065451,40.87792144311914,22,3,2,0.5804085345025513
1,-73.81610553827561,40.84060677338704,-73.80093267759291,40.88727715729145,16,4,1,5.344062946751148
1,-73.90317952442088,40.75957719672928,-73.89561569046458,40.75959720089964,9,3,6,0.6370695861922675
3,-73.86092508773932,40.73150196172288,-73.8695418714944,40.748565273105974,19,6,2,2.031495693849604
1,-74.00602047593114,40.75884735810561,-73.95937339656258,40.75734191788049,6,4,6,3.932513916242018
1,-73.80864001154667,40.86968423365461,-73.80458923024858,40.8626241641745,2,4,4,0.8557587532993797
2,-73.87325179547584,40.70388836860852,-73.84982562050668,40.72657808739937,2,4,5,3.2036941427263415
5,-73.87108701469202,40.78156501514053,-73.85336832251224,40.76838863808077,18,5,4,2.0911154345354253
4,-73.8622691754754,40.6877435925124,-73.87237957447368,40.71480180182223,4,0,3,3.127123379276734
2,-73.85298903312004,40.66799290834348,-73.81759422528953,40.659319804150435,6,2,6,3.1373387193961246
1,-73.79912349718857,40.621545677995606,-73.79387776392304,40.616077760996426,7,4,5,0.7521328456556101
6,-73.8230170930786,40.86667458258884,-73.84714611219864,40.83505124461828,4,0,4,4.059992127126555
1,-73.89893545810712,40.81240544182925,-73.87915008332567,40.79694095348841,15,1,1,2.3937719944131652
1,-73.7661049163159,40.61685998639891,-73.8243732903436,40.62684830985413,7,1,3,5.041678264342414
1,-73.92465476446566,40.7411746421806,-73.90240562525241,40.725494544155275,15,0,5,2.560152001203888
3,-73.88358827771388,40.66241100049941,-73.87620281450087,40.66592576529031,9,4,4,0.7353847467874794
2,-74.00811620189411,40.76667997741573,-74.03836412814175,40.79777505722716,4,4,5,4.294315237068555
1,-73.84549045152528,40.61709205768161,-73.87059611255643,40.60723863221188,3,5,6,2.385689375872224
1,-73.9859889528534,40.79933213834879,-73.9778264222357,40.78934057801206,7,6,6,1.3063287506404568
2,-73.75023318639283,40.65525510374628,-73.74815503086057,40.66682632488729,21,6,2,1.2985469437689192
1,-73.88775631525527,40.87071077289473,-73.89967266957768,40.86274553754376,22,5,1,1.3373609050519921
1,-73.79327259867983,40.88986249988327,-73.78964486344616,40.84297591091016,20,0,5,5.222467890319172
1,-73.92890934212424,40.88109282691314,-73.94179692022446,40.89218526102901,5,4,3,1.6416599122941793
5,-73.78593531265433,40.76447296345121,-73.78041928099948,40.75885649175221,21,0,3,0.7783692485750715
1,-73.96210343882122,40.673993012608506,-73.92949002830957,40.66595726917069,17,4,2,2.892066497754641
1,-73.80909418531019,40.65529311400585,-73.81384909009172,40.66917320111422,13,6,2,1.5946552115256756
1,-73.8198352140482,40.851994907458526,-73.83004851916427,40.867327526742,14,5,2,1.9090476024382763
1,-73.82832074200415,40.773138667356235,-73.80583272934685,40.756236531453474,15,1,5,2.668177188254157
1,-73.7870864709797,40.886561678235424,-73.78904427020466,40.85943730507131,22,1,6,3.02058156533842
1,-73.95447059017681,40.76871939926044,-73.97824624481719,40.78781301520752,17,2,6,2.9181162878318765
1,-74.0022637171384,40.67760434111921,-73.97592462818977,40.70092776587771,4,6,1,3.4143439685439865
1,-73.78510727952406,40.6693218787886,-73.78116559808606,40.68178674295097,14,4,1,1.4253327826781055
2,-73.93922365775495,40.76993321482854,-73.91449086581552,40.779385892721734,6,5,3,2.3328593179393793
3,-73.92774207307642,40.89102991732195,-73.91468089358304,40.87869810736216,14,6,2,1.7566728996038559
1,-73.78045170847554,40.67013607729345,-73.7420535419664,40.67715389793457,22,0,6,3.330967978694551
2,-73.84199121544759,40.809372730622506,-73.83436692812819,40.82177798268485,22,6,5,1.5213213818093543
2,-73.9306662348059,40.7972017065547,-73.92483169628994,40.82400235218148,10,5,3,3.020279701644058
1,-73.95842003859632,40.634577493507614,-73.94280169583456,40.65594526754541,20,0,4,2.7169286185799404
5,-73.80835549200643,40.83423424251446,-73.80832864763777,40.81470814109817,6,2,1,2.1712045895667287
1,-74.03289473679443,40.646293547040294,-74.03799960427125,40.64635519395165,1,1,5,0.4307449847455551
1,-73.87398529482346,40.8485831163376,-73.8827991506562,40.859378966294535,22,5,2,1.4108798133647171
1,-73.77351952010277,40.71890926082372,-73.76141630898738,40.74186154771474,16,5,6,2.748398180235075
1,-74.02980733348784,40.87630570420027,-74.02531859510992,40.87491410695189,7,2,4,0.40789471157827
1,-73.78360484380507,40.69377574382027,-73.79131889803934,40.67769520531137,19,2,2,1.9027036120058387
2,-73.85317866490684,40.82064120995032,-73.8411152847529,40.79249371357752,17,6,5,3.2904248959076976
1,-73.9433615079233,40.885311217621904,-73.9644129853967,40.86700843738927,11,3,3,2.697160475393337
2,-74.01016098550282,40.75848227977769,-74.01685984583861,40.76961556198346,8,0,3,1.3604593994918766
3,-74.04901203134084,40.89987741902207,-74.0495415418356,40.90735382335686,18,0,1,0.8325284544669741
1,-73.8248207912478,40.6332806792207,-73.79493720755055,40.61930509932885,11,3,5,2.962330632213512
1,-74.03851258414089,40.7892424804933,-74.05397504502687,40.81940478963688,16,6,4,3.5975540760955775
2,-73.83465447637055,40.827041384543655,-73.81000784929512,40.85096788693711,20,5,3,3.3730133738759127
1,-73.96062424170637,40.66371328874964,-73.93073465025539,40.6750414080313,15,6,2,2.818059228641741
1,-74.04555044726362,40.82197200700652,-74.05242245573478,40.77563944463927,19,2,3,5.184318307621386
1,-74.02557707049192,40.69569978267696,-74.01420845957735,40.70781733694552,18,0,6,1.6534697797295905
1,-73.8030782450475,40.68946266088401,-73.79727315126958,40.67636257247571,4,6,4,1.5367099190209639
1,-73.99416098016748,40.610480998417195,-73.96605093268688,40.58274654530198,15,5,3,3.8914668557563155
1,-73.76262517394788,40.72230774560702,-73.7400819036436,40.719725839222114,11,0,6,1.9213836209458086
4,-74.03541959776165,40.642011880134405,-74.03733064729525,40.6118845084602,22,5,4,3.353890866280051
1,-73.92046525175034,40.74420071087377,-73.88844202012046,40.73210519575679,11,2,1,3.014681285384543
1,-74.01846426104427,40.87621119843687,-74.01380132609536,40.846694867121585,23,2,3,3.3054089744014257
1,-73.91425387751177,40.87755375684125,-73.93787169822158,40.88639237025602,6,2,6,2.2154729626381306
3,-73.87477842701986,40.841494557554235,-73.86167663024833,40.835861254794395,21,2,3,1.2677493743980617
1,-73.93533078759475,40.811209966446896,-73.9586456459094,40.83632598997755,3,5,3,3.412954227745837
5,-73.89382781880555,40.73989960471566,-73.86626729206003,40.732314637149166,15,1,5,2.470534892849361
1,-74.01210702201338,40.80613995302652,-74.01768533261813,40.77394165339955,18,0,5,3.610955723363998
3,-74.0486199091322,40.611597894296544,-74.0321429376433,40.586479132655064,16,0,6,3.12033863502416
1,-73.87239255504169,40.73288655610478,-73.87091495251211,40.72477480506936,14,2,1,0.9105385443557622
5,-73.76571805137853,40.81771234514731,-73.78779502692552,40.81451142816679,1,1,3,1.8916430832275462
1,-74.03182069106126,40.75789153966639,-74.04422787558528,40.75658748149121,18,4,3,1.0550471114005946
1,-73.99537974652772,40.79739171729814,-74.02144100368679,40.82026961858757,4,1,4,3.3589304961574737
1,-73.95302462923047,40.67918475861621,-73.95316940654875,40.67881722900995,23,3,2,0.04265206183053043
6,-73.80360629670119,40.61221073254602,-73.79285508057812,40.64845488118508,8,6,5,4.131028252454957
4,-73.920832160806,40.79789218323277,-73.95673708033245,40.83492713541892,18,6,4,5.107668935393317
1,-73.95950744606499,40.88060828722863,-73.93536229673079,40.89443913947258,1,5,3,2.546552516936723
1,-73.95137135225725,40.848697703155736,-73.97737956666703,40.85079820281865,12,4,5,2.200007515585882
2,-73.98062891878268,40.834497465818515,-73.99742206634731,40.81319539247953,21,3,4,2.7581397298928154
3,-73.84121254332997,40.64642758040205,-73.83443545850189,40.65331451468072,8,0,6,0.9556815831669175
1,-73.7803778364742,40.86895035639218,-73.78033905178785,40.876598740381894,20,5,6,0.8504677489421762
1,-73.81999825439915,40.69128755755445,-73.81184196205345,40.693884844869565,11,0,2,0.7458427537698028
1,-73.94308764511203,40.83021270917549,-73.97882252140349,40.790077734497366,7,0,6,5.381599808352849
1,-74.02598090120193,40.833659142694366,-73.9934783194943,40.85818676150232,1,0,1,3.861743247343305
5,-73.99103897877887,40.76138492154993,-74.02471884791454,40.77671793070587,2,0,4,3.309291560840557
1,-73.80732721117306,40.64594753117765,-73.81495135664093,40.65265537758443,21,5,5,0.9849128815690501
1,-73.88359644236952,40.728603519932605,-73.90781253648443,40.73250663841438,23,5,6,2.0861421795068678
1,-73.93257795014303,40.84791957980038,-73.90947490806828,40.8439329663756,23,2,4,1.9932478062728025
3,-73.80090229582159,40.65442243519166,-73.80412254412347,40.67291236805023,23,4,1,2.0738508413065313
4,-73.88633971702521,40.69476481293172,-73.86417881525199,40.68382197666299,13,2,3,2.2297508085711333
1,-73.88211551729364,40.83905171940541,-73.86842769315166,40.85069215130166,19,6,5,1.7323496874425264
1,-74.03012359091373,40.60303676756204,-74.0369239313424,40.56935202091902,5,1,3,3.7893378796391923
1,-73.82005507320316,40.68531689332323,-73.85201732682467,40.69562481630518,20,4,1,2.92845232082884
3,-74.02136119639005,40.84859738777231,-74.04779297517867,40.840547147901745,1,1,3,2.39680591353695
1,-73.8258429636683,40.84154427344671,-73.83978085132021,40.84714968241884,4,1,4,1.3278070582266717
2,-74.04299555176503,40.72473330459152,-74.07556283640135,40.72720705788792,11,2,2,2.7581246002779123
1,-73.89082175625992,40.88292829302565,-73.88005910690751,40.937157294499464,20,0,6,6.097439967674471
3,-73.94748928626724,40.60906908749236,-73.95865409532517,40.58260776924782,0,2,5,3.089682360337941
1,-73.80636948153483,40.80595215551507,-73.77063868508375,40.74509563206602,16,3,6,7.405658899729931
1,-73.87012130132196,40.60602725876329,-73.91042176760348,40.608525518445894,3,4,2,3.413404436147513
1,-73.76709644425205,40.87841810669517,-73.73855354946276,40.85379695749851,9,4,1,3.640892767247058
4,-73.8700520291931,40.774796206214155,-73.8695270399143,40.763060516938,18,4,2,1.3056978207488783
3,-73.89550363589623,40.74132216543955,-73.88660241607168,40.73409279333982,17,5,4,1.0993803986572623
2,-73.89178670107059,40.734591471855005,-73.91654464431566,40.713521115104186,2,1,3,3.137219756387393
1,-73.86955295930109,40.634508507299806,-73.85005457110015,40.61791862016831,0,2,5,2.472000118996921
1,-73.8472194508444,40.64097532156555,-73.82695354153094,40.61959546085488,5,3,5,2.9285746325907156
2,-73.88049179729296,40.827625953889566,-73.87945712654219,40.849692496292406,8,6,6,2.4552309276027486
2,-74.0081808197601,40.848261845518834,-73.99049058695853,40.874977780129456,13,6,5,3.3223627015343618
1,-73.8641966333829,40.70829948695145,-73.8607422275649,40.70622588382484,13,3,5,0.37141420380913465
1,-73.83133488769835,40.61772866971335,-73.85162495303169,40.60674342370369,13,2,3,2.1036811674392837
1,-73.95179991227505,40.77253241178718,-73.97876980424132,40.77889480253022,22,3,1,2.3786388615545486
5,-73.99974085350871,40.8113243243904,-74.00622326596769,40.8127221589066,11,1,4,0.5672617628969062
1,-73.85768730451963,40.67422454049136,-73.84057931906196,40.66235725674671,13,4,2,1.955315873881054
1,-73.97780655594569,40.616425181853266,-74.00322259708886,40.61439150850954,13,4,6,2.157193729230275
1,-73.93235802246515,40.880076415724865,-73.9323134830161,40.86118186925445,17,3,1,2.1009810466231795
1,-73.78432456317142,40.79962905327321,-73.76731220256998,40.797188597827216,19,3,1,1.4575177398492507
4,-73.80385018655073,40.6417786809665,-73.78915689991067,40.67018256279245,5,6,1,3.392871549058684
1,-73.98647454588075,40.792138070404135,-73.98428540040707,40.80711737550928,16,4,6,1.6757847675833841
2,-73.85734418318955,40.68425011087687,-73.85640919541996,40.69328655463256,4,4,4,1.0078944444049425
4,-74.00440999394735,40.679435328079606,-74.03486042464988,40.677519993056414,3,2,4,2.576638547405962
1,-73.84042257442404,40.61340849507911,-73.8575872398456,40.60560164308466,0,3,3,1.6890955375398573
1,-74.0005448093943,40.88471311265946,-73.97072648796834,40.90572733478851,5,6,2,3.4266175152045792
1,-74.0392049211374,40.72767845943262,-74.06283738417297,40.718155036385845,0,0,2,2.2555818851429366
1,-73.95987704236396,40.645911277122565,-73.94714273931119,40.64524146614331,10,5,2,1.0769656251853121
1,-73.86119123083897,40.75958195233461,-73.86421891496396,40.777769453141374,9,2,1,2.0383675182899386
1,-73.92218915117813,40.78978779614534,-73.95496350076601,40.783253598292966,6,1,4,2.8533641680765403
1,-73.77960298775116,40.87462807170269,-73.7693575881297,40.906983684312614,0,0,2,3.69942060486154
1,-74.02567469762012,40.77387080787232,-74.0301237636092,40.785443123407774,1,6,3,1.3402025668952953
1,-73.98430068728364,40.853156370093856,-73.99472786219293,40.810368949949634,12,5,4,4.837948243167278
1,-73.94540665649328,40.79537941198535,-73.92272493788941,40.802202450095955,18,4,3,2.05446500779441
1,-73.88902689466497,40.77412366244355,-73.88211771408247,40.781221096268354,10,1,3,0.98045380677482
1,-73.83379890302525,40.8241103921368,-73.81735280822629,40.81517143248293,14,2,3,1.7038826432838072
5,-74.04021946838456,40.86328724180875,-74.0670728968821,40.87692601805324,1,6,5,2.719999755153986
1,-73.89647856378912,40.831204416090856,-73.88510485070721,40.82541080390688,19,2,6,1.153601861196623
1,-73.85768009385797,40.77055263092035,-73.88645411026668,40.76348648597863,17,4,1,2.547427280507266
2,-73.90115007843508,40.72021313010146,-73.89242110687702,40.75063447301471,12,4,5,3.4617284658987595
1,-73.89347306872837,40.71799337883672,-73.91724678208716,40.72604725846645,1,5,6,2.1945236685310596
1,-73.87317375813787,40.82167786889362,-73.84714274487257,40.83351497946093,12,4,2,2.555294831415873
2,-73.86481669323088,40.8760867627037,-73.85290717416633,40.87980029051685,6,3,1,1.0830959816860277
1,-73.79507778155639,40.61248933723104,-73.78631509075622,40.6022877943757,3,4,5,1.3542407950582864
2,-74.04112191893202,40.65293084962607,-74.03541230498426,40.660074113323,6,1,5,0.9289132109167845
1,-73.76460346512644,40.624613666098895,-73.76467361378928,40.674773538315456,2,0,6,5.577526451296895
1,-73.96516263841961,40.665414845965024,-73.94869895533047,40.694643468925776,0,3,3,3.534176805411898
2,-73.76720556747017,40.67501364287759,-73.79547912122817,40.68441991399139,13,5,6,2.603537165766765
5,-73.75514843559417,40.83419486253147,-73.7245791679236,40.86653080273265,22,3,3,4.420325172054378
3,-73.83505660992581,40.82253307338805,-73.84478453012116,40.78793774452233,16,1,6,3.9329954133604708
1,-73.87951844370998,40.838761707962725,-73.86544182323482,40.82995014800726,8,0,4,1.537045845225518
1,-73.88336760926775,40.881848735956744,-73.88534020477518,40.87941303481349,3,4,1,0.31757789951565313
1,-74.0371476928078,40.87809045962824,-74.0245685606093,40.89668020784489,0,1,4,2.32185794318696
1,-73.78453156881959,40.77173544227424,-73.79482055411107,40.77967522576262,2,4,4,1.2369583951069687
2,-73.76377964650595,40.82646995202163,-73.75641581384485,40.834679554756455,18,1,1,1.1032571872439993
5,-74.03267011030837,40.65201194644791,-74.0357981841406,40.590169163701475,15,2,3,6.881669860245216
1,-74.00979450335076,40.67782188707407,-73.99412771424302,40.675559060359234,21,5,1,1.344929402818703
1,-74.03226666697456,40.80988398250783,-74.0326553641247,40.8546144428088,14,5,3,4.973907758118356
1,-73.9613296784539,40.83965181242645,-73.95418649782903,40.86273340384293,4,0,2,2.635939505268562
1,-74.02389796980681,40.725600457114254,-74.03143303044824,40.75061124373274,9,5,2,2.8526121014718124
3,-73.98883482341896,40.80272003507919,-73.9913940726004,40.8338150910279,2,4,5,3.464313086946678
1,-73.9381043835751,40.88724892868457,-73.91916529953143,40.86030584604781,15,6,3,3.3928418777420744
1,-73.87900380413838,40.80345467631725,-73.84309937281985,40.784631445445626,8,1,4,3.6764522827983135
4,-74.03896332498435,40.68231144852929,-74.0264460728223,40.69225431534964,14,0,2,1.528477321092759
1,-73.93895099330909,40.778498632634495,-73.95557915118994,40.736959005724,23,6,1,4.826661478254888
1,-74.00105795693351,40.76454019846253,-73.96145375245264,40.77342262808946,19,5,2,3.478374085356579
1,-73.83241426910952,40.66272075472785,-73.82364818976795,40.662213414801286,19,1,3,0.7415517280225311
1,-74.00847849913988,40.88808828726434,-73.99907696564499,40.853392557622115,5,0,4,3.938147159727875
1,-73.82149711436612,40.607761631767794,-73.82761954556979,40.64064707327333,9,0,4,3.6930210074471717
1,-73.82032298086268,40.75936677516458,-73.8282199911541,40.77239382821486,15,3,2,1.5939213988966527
1,-73.76074712166066,40.60959895662781,-73.77181347971776,40.65083081307034,5,5,2,4.6789180696409645
4,-74.0186140448352,40.85794958362429,-74.02802818890378,40.85598916465201,11,3,2,0.8212066662490591
1,-73.93025820741151,40.63531969010287,-73.94891471872413,40.66080167037003,13,4,1,3.241289177820558
2,-73.90714196093303,40.863113633491,-73.90567512718476,40.859127302431446,15,4,3,0.46010414576886727
2,-73.90617344976617,40.88228837900196,-73.92393900316819,40.88561425774843,19,2,3,1.5386112236466754
1,-73.93086309231846,40.763086032158434,-73.92190435660251,40.773582108823085,1,3,1,1.3897284563161314
5,-73.93079321376818,40.68706744170315,-73.95155723569331,40.6824726736132,1,4,2,1.8238448818852693
1,-73.92655098445914,40.83671908779437,-73.91397337862901,40.87351821832648,11,5,1,4.226399650894687
1,-73.81336848533036,40.664448262330005,-73.79527996419954,40.67030466724805,23,0,6,1.6587903374114588
1,-73.94034136092782,40.844375540070345,-73.92429375206324,40.85913050171658,12,6,6,2.1245265027983242
1,-73.85860618678204,40.73900532811566,-73.88519033800992,40.706666488762096,13,1,5,4.236687384376546
1,-74.00821645805672,40.82358318106919,-74.02978938772007,40.815046193012115,13,4,1,2.0485639146395083
1,-73.87910179030843,40.79609321716347,-73.8720834876928,40.801500725488445,11,6,4,0.8429443075947637
1,-73.92134904006002,40.80113915703808,-73.93016097422517,40.7959496348978,2,1,1,0.9397771981250681
1,-74.02554562148649,40.78468367570119,-74.01954550898768,40.80333267736716,18,4,6,2.134303284661304
1,-73.96478941280476,40.7700784034609,-73.96521269480269,40.75303429484942,8,3,4,1.8955536736600314
1,-74.0291539525742,40.766822158861686,-73.98062564793504,40.74466230831376,23,2,1,4.772800426729498
1,-73.75414693383314,40.87326638635168,-73.72082035851808,40.84549491573651,17,0,5,4.1702845639370745
1,-73.79659152646133,40.66320318970797,-73.76236004166874,40.64688896338655,8,3,2,3.410209939760467
2,-73.93322206412766,40.640421995547726,-73.9571599375916,40.627854122475455,13,6,3,2.45626798754578
6,-73.7930720533424,40.736078601006106,-73.77897964748142,40.72143360306684,11,3,1,2.0154334508961074
1,-73.9539483128136,40.822803075324465,-73.96429815418635,40.81701526183442,20,6,1,1.082913674258282
1,-73.75313506260255,40.80164662443471,-73.72886174810111,40.77984161811795,19,1,2,3.170878772334858
2,-73.9571899398591,40.72141344590253,-73.95425429058709,40.74683653312813,18,3,5,2.837719052373494
1,-73.79444815694116,40.62216505012588,-73.81260334880342,40.61061381646374,15,6,6,1.9995192149570917
5,-73.98819340009551,40.75213818355433,-73.99954826713461,40.77645459400898,21,5,1,2.8679912588860295
1,-74.01869077013667,40.83191398467109,-74.04365249047557,40.8015240680088,15,2,5,3.9788865609941606
1,-74.04830636483207,40.61956253182354,-74.04306322962482,40.62045754751471,23,6,3,0.45358295882979066
1,-73.77138250859177,40.89705762818016,-73.73582192027433,40.853411374060855,19,4,2,5.700293971149078
1,-73.85927835039197,40.64983019803997,-73.83525722486853,40.65860199657048,8,3,5,2.2489144382625175
1,-73.98368087347444,40.81204067923698,-73.98544885194363,40.81917787022598,10,4,3,0.8074454342584899
1,-73.84677234423613,40.69909431612753,-73.86054539897663,40.70720182691276,6,4,6,1.4699327894540997
1,-73.81953319859906,40.723387032894394,-73.82785989045347,40.732368644689885,14,0,6,1.2205476494131369
1,-73.86931675585006,40.68336015058067,-73.89047832072559,40.68847397859315,6,2,2,1.8727279884833945
1,-73.8478856608507,40.817386311597616,-73.84139180935767,40.8144120917882,8,2,4,0.6387626282863506
2,-73.78169931737244,40.6555038676459,-73.77691474883432,40.66873838490585,9,4,5,1.5259454691437928
2,-73.75075265173714,40.75743402882978,-73.76027477161632,40.75313355289425,5,1,5,0.9337871821772635
1,-73.80148056415045,40.812095898520795,-73.78993616425186,40.84053273952398,6,5,3,3.3078657752369205
1,-73.89900976732251,40.689311718842326,-73.90400421032946,40.7127817166746,10,1,1,2.643488646841544
1,-73.80038885719706,40.86795555487725,-73.80080561638928,40.85425246204144,12,6,4,1.524117430438566
4,-73.7586977826166,40.85793607875608,-73.77215078510632,40.89414589998069,0,1,5,4.182207208425417
1,-73.88655940651721,40.79695913085646,-73.87839170246647,40.80552018370858,11,2,4,1.1742447149871176
1,-73.96220869548334,40.73859221166708,-73.95833476046508,40.72538873195355,13,6,1,1.5040088789491568
1,-73.89898661411672,40.84877592853709,-73.91119286968078,40.853924842406926,14,1,2,1.1755054364514366
1,-73.85622896210177,40.63357474486508,-73.81615875991811,40.63257497956021,11,2,1,3.3831641996522834
2,-73.78037888143062,40.768798477303086,-73.78145375748443,40.75137707211648,21,4,4,1.9392861377263042
1,-73.7756472871844,40.87220464320526,-73.80634602659984,40.87580398165878,6,1,5,2.6119978619242943
1,-73.77414241614426,40.652135261143705,-73.75432535229096,40.64842948402019,21,4,4,1.7218711333642625
1,-73.9385255686445,40.6649170715023,-73.93856066751299,40.69672376947648,23,4,5,3.5367446864553984
1,-73.77354194308074,40.89627691284863,-73.78323705961436,40.90175188489635,15,2,4,1.0171618441744374
1,-73.77005032750854,40.75069073889054,-73.76074982566477,40.76856437412464,11,6,3,2.136259251386244
1,-73.81189144484878,40.694491488937274,-73.79882150986506,40.72130568399765,15,6,3,3.1786221080780828
1,-73.83503543502562,40.67386610597096,-73.85124704633152,40.68069817249426,3,1,4,1.5640130605987974
1,-73.96145057641039,40.746090936616085,-73.93935804209165,40.744993613258096,22,3,4,1.865137453265121
2,-74.02325899607636,40.85261348149483,-74.00848418484769,40.84538642824021,6,1,4,1.4799276685526273
4,-73.88853446988031,40.85184012897525,-73.88992678452078,40.87009542568211,2,1,3,2.033270552229377
2,-73.91404957230958,40.703964176930754,-73.92960813661664,40.675580132130975,14,3,3,3.4179195340992163
2,-73.985701671414,40.69306302127527,-73.96936538384531,40.71838117049465,2,5,4,3.1339872046408037
1,-73.9947312609184,40.71419603293632,-73.9745812536884,40.73251313375541,13,4,2,2.6517630783664385
1,-74.01259856344954,40.78592045090584,-74.02918604653031,40.7756463505178,1,0,3,1.804367510747382
1,-73.88067912234682,40.668800690530425,-73.9244040739241,40.65202278485135,4,5,6,4.133230667254405
1,-73.95930198001813,40.63011004140705,-73.9925940485167,40.57953849799737,21,0,2,6.286547923180365
2,-73.76954955934742,40.644072367021664,-73.77004080730475,40.648421100503406,6,0,2,0.4853300274980267
5,-73.91082026386759,40.88570816842732,-73.92260423732924,40.875260349272786,18,4,6,1.5268064541505466
1,-73.88775460664327,40.788535852520155,-73.90068599155519,40.82771254381223,8,3,4,4.490147081037072
1,-73.80636784133821,40.893584863937264,-73.79356288513914,40.88716051037661,2,5,4,1.2918546509328048
1,-74.01005406131311,40.63122378126243,-74.0154144512571,40.64745383539106,14,0,5,1.860514028767283
1,-73.79914207067425,40.6944668579893,-73.80820103905856,40.70057351296196,18,4,5,1.0219231358176717
6,-73.90492681265557,40.674038732076745,-73.92182097614871,40.67349975769043,5,5,4,1.42601026657861
4,-73.85801651946856,40.65465790560679,-73.84397638260012,40.64141387973173,19,1,1,1.8899287797474842
1,-73.77533878002086,40.67152559373311,-73.79440658596448,40.63903510476631,19,2,6,3.954675573260637
1,-73.991728972598,40.771414329345795,-73.98558547204382,40.73782449447861,14,3,5,3.77069628328055
1,-73.87654645550121,40.76375914108037,-73.88244189863394,40.76333786395342,22,5,2,0.49872035292302574
3,-73.98427619929974,40.72049376660549,-73.9708112147029,40.688598942508925,0,5,2,3.723742429841302
2,-73.97861335856471,40.86516702733004,-73.9228457781028,40.86219482133145,3,2,3,4.70130541276396
1,-73.89133181004044,40.78469644522491,-73.88323825956053,40.77323465554679,14,2,1,1.4452509689040722
1,-73.97763674815086,40.66954921185094,-73.97816740033993,40.69067333921963,9,4,4,2.3493219881273726
2,-73.88881664603547,40.72443367095409,-73.8985505576274,40.70493294324357,1,0,2,2.3183890274714143
1,-73.77545762912351,40.751665908796866,-73.75512143030315,40.73704405315591,12,1,2,2.361900513248754
3,-74.02897430727425,40.77149928399076,-74.01882386229119,40.787558648497274,22,2,3,1.979709889529937
2,-73.77352505978185,40.80463904004554,-73.74408439855792,40.79779898000018,18,5,1,2.5921856982776688
4,-73.76793426870525,40.60291178812064,-73.80030241565302,40.61801176523428,4,0,4,3.2069860250694338
1,-74.00983810926617,40.67457829968063,-73.99814957579338,40.66480832252592,11,5,2,1.4669712965184565
1,-74.03954459150812,40.88306020644332,-74.02333786194723,40.86266512197922,18,6,6,2.6457452493151226
1,-73.94463772948407,40.84994325321597,-73.93698159135518,40.83789915220727,8,4,4,1.4860467574867129
2,-73.98082016954494,40.66563265464714,-73.9678083411929,40.65536231597355,3,3,6,1.5839241691169608
1,-73.86684323326789,40.682132690556486,-73.89330577994198,40.67346340355808,0,5,1,2.4308627332621047
1,-73.89114043481673,40.89169531718237,-73.87958757866855,40.84857553128384,4,6,6,4.892118391015329
2,-73.98951403035682,40.69307832839591,-74.0074259608325,40.67262723496138,2,4,3,2.729940825568404
1,-73.92865591974994,40.7597186185604,-73.92469935030435,40.7716045233104,5,2,2,1.3630096908529519
1,-73.96475115828854,40.711763533724614,-73.93937059495374,40.69320293845171,4,1,2,2.9727083265441703
1,-73.78053366282712,40.872779269727,-73.79809048497162,40.848880238113,16,5,1,3.040068834433534
1,-73.8464194230857,40.806820447370875,-73.85736108124307,40.793820905712295,21,3,4,1.7139603544427402
1,-73.7565540633748,40.67183893024498,-73.7378880208025,40.67229155831353,20,0,4,1.5750243582193648
1,-73.76545815416338,40.62730872664009,-73.7817898340303,40.636105674848274,20,3,4,1.690034057681493
1,-73.9888909788672,40.61245900875441,-73.97709163287138,40.63289813134349,20,0,2,2.4813297836504686
1,-74.0064364939856,40.800046561586896,-74.01445139238885,40.80590149153804,2,0,4,0.9375274706166715
1,-73.89710367512744,40.83132937780977,-73.89099709878975,40.817012260803345,23,4,5,1.6728579224125404
1,-74.0184379213021,40.74383531839574,-74.04023943747198,40.72846612907632,4,2,2,2.5089331153066614
2,-73.89696851780393,40.76290393143072,-73.92613503907668,40.73404527473141,0,0,6,4.041529640517564
1,-73.98675492461389,40.818771868865845,-73.95461579593874,40.817715316308856,1,3,5,2.70708614041191
2,-73.83217404892874,40.63289437142178,-73.8332194833683,40.63451758087977,1,3,6,0.20089823870926107
1,-73.9193004937895,40.84031725160066,-73.92337759772867,40.8220751976268,20,2,1,2.057223704505861
1,-74.0151809048048,40.85428198096938,-74.02681326127941,40.87040708654668,0,0,5,2.042516663720564
1,-73.84671604733721,40.763158231997856,-73.83740187942861,40.801955371668406,23,4,3,4.3847441333477555
4,-73.94746356835563,40.61038761315353,-73.94784288355831,40.594242457873435,20,1,4,1.7955449467698332
1,-73.82852179577529,40.73398012939828,-73.83336457316281,40.7169865821668,23,4,1,1.9331616719592941
2,-73.83748330956719,40.88125538139408,-73.82563283210234,40.84775004355156,12,3,3,3.8565979199864646
2,-73.87056463643934,40.614098914990855,-73.85897104226405,40.57944504407601,23,0,6,3.9757208863580717
6,-73.82172219467948,40.75889397451901,-73.8135430269194,40.76432054906736,7,4,5,0.9157753491431444
1,-73.84253973247691,40.72957612151102,-73.83882777150687,40.717623227114466,20,4,1,1.3654157350050793
1,-74.0014877961594,40.61935930593993,-73.99932646659256,40.65831815963069,8,6,1,4.335863839735423
2,-73.9832338870817,40.82873227260283,-73.96106808336879,40.81674012211452,8,5,1,2.292792939851127
2,-73.78321668734992,40.815465048547246,-73.7403559580314,40.80451555949675,3,5,4,3.80714897105137
1,-74.04409320640727,40.67915796566709,-74.10039686304752,40.67756795776198,16,2,3,4.751269158595332
2,-73.8106557800676,40.81044574807012,-73.8072735157925,40.81564912914811,10,0,4,0.6448157948711568
3,-73.78335116733462,40.78887868873026,-73.76116412333104,40.80049382260527,22,6,6,2.270786435866534
2,-74.01980668170641,40.81535693754548,-73.99581800651971,40.78617305731033,20,4,4,3.822020067999554
1,-74.00431879429831,40.723972193297726,-73.99083633297026,40.722791483251015,8,0,1,1.1437420178010418
4,-74.01388586060045,40.624486894133675,-73.99319366078615,40.62553631666877,12,3,4,1.7502232789733656
1,-73.88600513490898,40.70145993077092,-73.86803212699382,40.7292179727316,2,5,4,3.4382255360621232
1,-73.7536852393766,40.64933073498667,-73.76136820533308,40.63092458628861,23,1,5,2.1468819316303214
1,-73.82099810919001,40.734717722181664,-73.86104988338953,40.73160971363058,8,2,3,3.3923602583678076
1,-73.78059407763595,40.702897061925974,-73.78455708803843,40.708626760348,19,4,6,0.719379340457834
1,-73.95819542763563,40.69718318569109,-73.95977418710282,40.691497974646026,18,1,1,0.6460268856114898
1,-74.00143740588,40.79100565803502,-74.00382484456284,40.764200955747874,14,0,5,2.987318552808447
1,-74.03283207777656,40.71332355755768,-74.04412389326673,40.70002103611457,3,0,2,1.7589484028567863
1,-73.96270734827534,40.802383283397326,-73.93617786070402,40.82473489824836,2,5,3,3.340929918021444
1,-73.75652549443822,40.83964887714711,-73.76776953686908,40.83785280771525,13,4,4,0.9667568567976126
2,-73.81856806927169,40.734878351310094,-73.82878854223455,40.75523158951714,18,5,2,2.421426730650855
1,-73.75759424245348,40.79543755284615,-73.77111683030371,40.78281639056473,16,5,4,1.807095988854939
1,-73.88808834540201,40.73753302010026,-73.87571385554723,40.72418636272286,21,1,3,1.813755018263912
2,-73.93329059377969,40.831592823770265,-73.88663150427267,40.79809775555331,16,2,1,5.412021979916391
1,-73.97365517377044,40.897513922096664,-73.95984476415201,40.87076832963452,10,6,3,3.1925616292386256
1,-73.96591301470588,40.88100725254757,-73.99042179397279,40.870492423340046,22,2,6,2.3692363620808625
1,-73.8537295009719,40.73736547065463,-73.8524149466703,40.74954215032059,7,3,5,1.3585065164152583
1,-73.86190753647931,40.81587407606368,-73.89848131975758,40.8100828911518,2,3,5,3.144600059774524
1,-73.8831077588156,40.601913347580286,-73.91202094977403,40.6063813670306,14,6,2,2.490954196380776
1,-74.0351107417964,40.89694957962967,-74.03437873314532,40.868137725221715,14,4,4,3.204323027875252
1,-73.94832228490908,40.876632577122535,-73.93053542722949,40.87161670673807,21,0,2,1.5961350519444808
2,-73.87498303888913,40.750977424987106,-73.87349362971474,40.796848009566276,0,0,2,5.102118024581637
1,-73.76526638388168,40.87698287503379,-73.71800908238343,40.879830391186786,22,4,6,3.98573062862403
6,-74.03665762047676,40.74179541953933,-74.00632952456564,40.74209865630824,16,0,2,2.5552912617235934
1,-74.01914530838145,40.67273463678728,-73.97918766848318,40.685188992813,2,6,2,3.6430080166491994
1,-73.8134661217621,40.758732528456655,-73.79407144534316,40.73214473347558,7,6,6,3.377868152008256
6,-74.00859072544101,40.66552055491574,-74.0012120259699,40.68423046138348,6,1,1,2.171513500126049
1,-74.02901939068285,40.85021661322281,-74.03503279349192,40.890897858416785,21,4,6,4.551719751096698
1,-73.8622360501004,40.7221891233151,-73.88070653520688,40.685765957082864,18,4,6,4.339040128921238
1,-73.82239373360552,40.77783996063597,-73.81745178225268,40.76690195179345,20,6,2,1.285477860912084
1,-74.0124392053335,40.60684368756241,-73.98873948661057,40.596184085582955,20,2,2,2.325582981398901
2,-73.80970377739014,40.77717283108508,-73.80991536112505,40.7978803581361,0,5,5,2.302640853781293
1,-74.01344826659366,40.89967101038184,-74.00915802387841,40.9117554495707,0,4,3,1.3912594939263427
1,-73.80549186872474,40.806510286222995,-73.81455942528213,40.795438712064886,10,4,1,1.448499810867943
1,-73.86566531730516,40.733213574333945,-73.85670363653801,40.74405961576984,14,4,3,1.422876464907773
1,-73.88906462318732,40.82443076959508,-73.92953578851964,40.81959714805427,12,0,2,3.4476429488705964
1,-73.8625040049171,40.72378867075464,-73.84656568917846,40.722949725172526,15,0,3,1.346375226411681
1,-73.75658974333429,40.86286834038407,-73.74132509929319,40.87700417119194,20,5,5,2.0293129879251355
3,-73.76603289388403,40.84717969706776,-73.77288172088184,40.83949538253825,12,6,1,1.0305371564248733
1,-73.82502992120133,40.73773640229117,-73.81263441692057,40.73499227124983,15,5,2,1.0880412532674384
1,-73.986033895279,40.89209527068427,-73.97222905423757,40.86367845916848,7,3,2,3.366224052502873
1,-74.0464743221206,40.79887365483223,-74.07549102903604,40.77935967506048,23,2,3,3.2673848253344486
1,-73.9206744346423,40.73835497168574,-73.91019917647859,40.75556699417694,22,4,5,2.107531479156231
1,-73.84484352248944,40.80526717924191,-73.8241470523105,40.793723512973536,13,1,5,2.163930935612212
2,-73.86789999970655,40.67276411744093,-73.81810772763627,40.69020009386572,8,5,3,4.6247063467851435
1,-73.8953218584237,40.798801860897,-73.88540900492316,40.80997348178357,7,1,5,1.4964185080598116
1,-73.97265415687396,40.87143848586909,-73.97456913607901,40.86944671370906,18,4,1,0.2738223742129862
1,-73.85773828676419,40.65217734310292,-73.87187994151923,40.65561468795431,3,5,2,1.2527091822638292
1,-73.77354424229877,40.68166775062101,-73.81505017579015,40.67492685505955,5,4,1,3.5794776913362925
2,-74.00998348320486,40.73877438547041,-73.99983414434003,40.76831449625577,4,4,5,3.3941406391440374
1,-73.80741081182707,40.80198395224017,-73.82370613338806,40.76218779155428,12,2,3,4.632947697561923
3,-73.80866790346288,40.84420813339077,-73.80977270240356,40.85916630337223,15,5,6,1.6658662773539488
1,-73.96425792217632,40.8630232903887,-73.94613239498214,40.86408179382432,19,0,6,1.5287742003138403
1,-74.01392031340336,40.643279889621695,-74.00583261290726,40.680283112456685,13,2,3,4.170740277056636
5,-73.81930964706899,40.865582678104715,-73.79497222060527,40.8692246547358,22,5,6,2.086180855226723
2,-73.85033308336338,40.65711493471744,-73.82981189454875,40.654529072677654,11,6,5,1.75481446198297
1,-73.89501833108943,40.736128828739176,-73.8880196655665,40.70828701168031,21,3,3,3.1515492211752707
1,-74.03835640569194,40.63331161137695,-74.06015649307383,40.637190681128125,18,5,1,1.8894399925260572
1,-73.81004226965557,40.85419815259289,-73.78870552442702,40.86750936304954,1,0,3,2.3260503381513944
1,-73.7648674592355,40.70350988993952,-73.73595364700537,40.70697150269392,4,6,2,2.4674698665417107
1,-73.8006533036332,40.891046142791446,-73.77128476139652,40.87855849359404,15,6,2,2.8325976691004278
2,-73.82289008291764,40.61285090438409,-73.82833635353131,40.648165408750366,10,5,3,3.953598847565618
2,-73.79887517456298,40.83389676542083,-73.79645220065984,40.85111522412289,7,6,3,1.9254236357709316
1,-73.94544046536559,40.65481115997722,-73.96629680238135,40.65901027401934,21,2,2,1.8202453959466434
1,-73.80326736260533,40.833770738975936,-73.81289164640258,40.866878997083056,21,5,5,3.769418267262084
1,-74.00420143907095,40.70639147779059,-73.99522684645605,40.69733234701648,23,0,5,1.2597897135215506
2,-74.04768245762399,40.80851815492511,-74.04782657791418,40.814838442426286,5,0,5,0.7028885623113654
2,-73.83496706354973,40.706812513210906,-73.83299946836397,40.69673478873486,12,5,5,1.1328006571049956
2,-73.80068612578714,40.675179082058825,-73.77455863118497,40.623695567108584,13,1,3,6.134404140601597
1,-73.86112901164884,40.81752543909595,-73.85162391184807,40.856174213483904,20,3,5,4.371308334605277
1,-73.84425545014838,40.65034475843502,-73.84826117603029,40.63742720899712,3,2,3,1.4755916570598662
2,-73.97374508018667,40.628542848627255,-73.9697178244627,40.626568131058605,14,5,1,0.4046306432430645
2,-73.97470815535604,40.817909783556146,-73.96915564276036,40.80429065329273,5,2,2,1.5848374467283397
1,-73.78407508365808,40.620038818916605,-73.78395116349591,40.64595595079929,21,6,3,2.8818725506369036
1,-73.79720790633554,40.64693826784667,-73.79634547643731,40.60441982463648,20,2,1,4.728395395078586
1,-73.92591494519517,40.757338180270295,-73.93824980552206,40.73746396660342,18,0,4,2.4420139879871154
3,-74.04338823889971,40.838653137983634,-74.03711158814512,40.82353760051947,14,1,3,1.76177846751988
2,-73.85690098982069,40.67576453221753,-73.84344575229095,40.686977419452184,23,6,1,1.6857860189469083
2,-73.80963574364709,40.88665194552368,-73.77888904229407,40.87608935515544,10,3,5,2.839218618794808
1,-73.94155746239802,40.861725986505384,-73.98767157612184,40.86432132169404,13,2,5,3.888645276533879
1,-73.98117981199104,40.63719500075366,-73.94555206336568,40.66576678613006,10,6,6,4.373486174259424
1,-73.87302304651786,40.78991824202422,-73.88803713276104,40.77354373794449,16,2,3,2.2165812600907806
1,-73.88616221428931,40.630958488403394,-73.90746926139784,40.592102484409416,4,3,5,4.680000006220122
1,-73.99607592959852,40.844923886427566,-74.00446390688397,40.870628435098105,10,4,1,2.943982587877706
3,-74.00088520560973,40.777925688437534,-73.99610609754235,40.76291620708896,18,6,1,1.7168165022822057
1,-73.81353529558164,40.80481970002655,-73.81619707961703,40.83270393240255,5,6,6,3.1086652760545364
2,-73.8054286851582,40.62310399259939,-73.79454340691414,40.63715375629171,17,5,2,1.8123153206203646
1,-73.87661284136342,40.790859982811696,-73.83204754079081,40.77769579407876,12,4,6,4.0275490324855125
1,-73.93284512183251,40.71923130536804,-73.97379794583466,40.7732128409632,13,1,3,6.923284279924392
1,-73.78685205939459,40.849877028283935,-73.7684804216923,40.82954552333757,10,5,5,2.738534730503682
2,-73.77365585872245,40.856796585137936,-73.73844780395945,40.83176984049596,15,1,2,4.063921802249608
1,-73.92756245973762,40.87939575987348,-73.93454586053974,40.89298153743439,13,5,3,1.6207277012977683
1,-73.87398127647559,40.79320364746987,-73.87249623731262,40.77640092051215,10,2,5,1.872556781195562
1,-73.8887382386727,40.87724076347931,-73.88693604489391,40.883272146345384,18,2,6,0.6875611363274219
1,-73.85558548795657,40.68595588453853,-73.86399205476795,40.68628197441746,22,4,1,0.7097538655603044
1,-74.00689706909357,40.759857460687016,-74.00788560338556,40.74290541015601,4,0,2,1.8868203569116835
3,-73.95102345368693,40.67603043973788,-73.93204859066496,40.67780714428821,23,6,3,1.6122978784788997
1,-74.00321900825372,40.89005918701561,-73.98435690221804,40.87458269706097,4,2,6,2.340097436273875
1,-73.80460138582006,40.83579188268877,-73.86049687871885,40.80280259455195,10,2,4,5.964868362904048
1,-73.87831369181673,40.64096148320131,-73.89467547526677,40.659552223747966,7,4,4,2.4856861313973186
1,-74.01599977436568,40.72645761993401,-74.01145879378257,40.74228999707802,18,3,1,1.8015772100235823
1,-73.86763839670255,40.66809585437249,-73.88336924969887,40.66773941164523,7,6,1,1.3273521532059884
1,-74.03620527519809,40.89154048351577,-74.04744627090737,40.90914460744837,1,5,1,2.173557118667647
1,-73.92031181970272,40.820989470992885,-73.89699055709703,40.84729955435205,17,2,2,3.522556919123248
1,-73.75480672677764,40.88967960728992,-73.77600961028429,40.89704749080648,23,1,4,1.9615070980465468
1,-73.79415840588912,40.89722708216367,-73.80460254595538,40.911456833607616,14,0,1,1.8094276583764075
1,-73.89259736109662,40.60869093882921,-73.91219997137748,40.612304716882306,9,6,2,1.7028235976069885
1,-73.86372176080991,40.623446477096536,-73.81866774669857,40.61140918540851,18,5,5,4.031469389033322
1,-74.04388685587593,40.79986042278715,-74.04412275822386,40.84856402344551,6,5,2,5.415629679459891
1,-73.87930124958889,40.65028234705134,-73.88369915034387,40.67159293506285,19,1,5,2.39849050858181
1,-73.78438325795985,40.77132435785887,-73.78044046116746,40.77371749759672,22,2,3,0.42549743501799636
6,-73.8495131841587,40.8640736679407,-73.85252036801273,40.862846201504155,16,2,3,0.28736664710568355
1,-73.89225368311806,40.6500539636781,-73.89589683982035,40.66081675516861,1,3,4,1.235598018981581
1,-73.9579908188839,40.835303055142475,-73.93803518721221,40.843896135345624,9,4,1,1.931624087855314
4,-73.8728659935214,40.73900471141191,-73.89865973426244,40.77079999205094,16,6,3,4.14968997240902
1,-73.98014080306274,40.8011913524805,-73.96512945013058,40.81661538646789,12,1,2,2.130176059297504
4,-73.86825383193882,40.666603315212654,-73.88339010554763,40.65778218514759,0,1,6,1.610004886574211
1,-74.01724908947371,40.76176074632187,-74.03413443933594,40.739044820021384,5,6,5,2.8988416738017166
1,-73.86734402493335,40.6267169825032,-73.87256994983265,40.62779588150323,7,5,6,0.4570554149573216
1,-73.80372124245396,40.89994254435213,-73.76914895972561,40.92732145905277,18,2,5,4.208082208235099
1,-73.96240991180474,40.67649771892329,-73.9340391123538,40.71244424984741,10,6,4,4.658074301633305
1,-74.0162678764891,40.88491629721317,-74.00970629642953,40.877387090668925,13,3,6,1.0026091573231821
2,-73.77202632485707,40.74076531589383,-73.74657706000339,40.76799008344886,1,6,5,3.709375154441359
2,-74.04258568618346,40.87031325513489,-74.02648945657816,40.83319686241348,4,5,6,4.3435299876245494
2,-73.85405907675457,40.844828384386176,-73.84116606242014,40.83800330732081,12,6,2,1.3237305659455432
2,-73.81089227699728,40.87021442903403,-73.79247970913745,40.84759237270913,1,6,5,2.9538668684211897
1,-73.81541975769157,40.85631656747785,-73.81146065653752,40.86762180107347,20,6,4,1.3004276936406336
2,-73.85220937180848,40.81163695249933,-73.86080243636883,40.80717774334942,10,1,2,0.8768646927482647
1,-74.03330776819368,40.681771500825526,-74.0343674819978,40.67751269600933,6,6,6,0.4819151847414903
2,-73.82835726545166,40.64568215962077,-73.86228241347148,40.673652690394384,9,6,1,4.226373673598802
1,-73.97859226615574,40.617598249480146,-73.98503036456673,40.65539901940071,15,6,2,4.2382150535776715
2,-73.83014651896362,40.77384594443691,-73.81343172632651,40.773069211570665,2,4,5,1.410160978013701
1,-73.95356514458729,40.6802332363712,-73.90819679587135,40.66518820007547,10,1,5,4.175897568043768
4,-73.77770821200714,40.72920148162276,-73.78463064372508,40.703805327637504,11,2,3,2.8835610054612717
1,-73.84532631068518,40.87157258127272,-73.82355381991208,40.88964341985336,22,1,4,2.718120521420459
1,-73.84485309176395,40.898984411213576,-73.8274122726016,40.87631487584813,7,4,5,2.9160991883904845
1,-73.98060949391572,40.837519439681216,-73.96811958833915,40.839506283691485,22,0,4,1.0736904471664601
1,-73.95298907342969,40.766945309921056,-73.97378023141616,40.74608074055311,11,2,3,2.9067738930436673
1,-74.01559183236556,40.66345692933798,-74.03705400214028,40.67282608308049,22,3,5,2.088531021950469
1,-74.0024832216439,40.83354363071796,-73.98238401159189,40.82155306406318,5,5,5,2.153503918543758
1,-73.75261125792989,40.75742191787205,-73.78332437232143,40.776707495720736,1,5,1,3.359885459221064
6,-73.78246248655505,40.70073800129709,-73.78915799722336,40.71057134341531,23,3,3,1.230486285487228
5,-73.76771061569609,40.78660032247454,-73.7432210330433,40.80661894023028,22,1,5,3.033922290882336
2,-74.03773780675431,40.84102885259557,-74.00808924001213,40.84655625927284,16,0,3,2.568608744036031
1,-73.98919353922649,40.686452473833405,-73.99242384143606,40.68339260350721,20,1,2,0.4358378331780875
1,-73.92645429930697,40.68037697785226,-73.93682615642315,40.693530366622454,18,2,4,1.7041025298597057
6,-73.82721047595605,40.745950124230816,-73.80863403571705,40.754977262625914,14,1,3,1.8590909556577788
1,-74.00930496821884,40.639614769175026,-74.01642432306274,40.68622099579476,8,4,2,5.217051015207868
2,-73.77086687749593,40.77381586273009,-73.76511651954613,40.77868690375753,4,4,6,0.7265135004061039
4,-73.97184806522193,40.6752186637733,-73.97277492216563,40.69321211548395,2,2,1,2.0023063459299353
1,-73.80543841565036,40.71269891950169,-73.78310279431278,40.71662522226161,8,1,2,1.9324568277750565
1,-73.9906080233395,40.76584912971599,-74.00028543715084,40.76260012788713,6,6,3,0.8915069042658125
1,-73.81338714315591,40.776373023350345,-73.80779615379892,40.75001087651852,1,6,5,2.9689158822738086
1,-73.83446550212334,40.736041671259464,-73.84762958195013,40.71280508263461,1,4,4,2.8118671221459883
1,-74.03331804574395,40.70375586787086,-74.04998776956893,40.706280685522735,20,4,4,1.432935081585498
1,-73.92308428171239,40.697870867242585,-73.91564734955637,40.703101854268965,14,5,4,0.8552038480854816
4,-73.96400075243011,40.786041758476635,-73.9842825223891,40.79515550137999,23,1,3,1.9855311060715852
3,-73.77457156203984,40.787473724973125,-73.74434604084529,40.79578691379603,12,4,4,2.707229081158705
1,-73.898337655068,40.769624630296335,-73.86463574517235,40.78016794931195,5,3,2,3.070520861149808
2,-73.9362909215062,40.84614290939776,-73.88608524323304,40.833683565939445,22,4,2,4.444894188742074
2,-73.83799175079503,40.85130098245337,-73.82796248050708,40.833541527787816,20,5,1,2.1474289732474605
3,-74.03821065003136,40.69791737295709,-74.04587921645933,40.71551300705514,6,4,4,2.060558807681392
2,-73.92682441036932,40.79276620345465,-73.9163774483501,40.789062762556085,18,4,5,0.9711193583942178
1,-73.80328267211611,40.75436606402983,-73.81011593492728,40.7448367686176,8,0,2,1.2058647639897755
1,-73.88538962331813,40.64159441252965,-73.88579071181805,40.626644447195886,19,1,3,1.6627048076353894
1,-73.91811542479958,40.81677129441143,-73.9424847928706,40.83082742421992,14,2,4,2.5782856136567207
1,-73.7972527407894,40.73738143104906,-73.82931523615257,40.75455836048701,6,3,5,3.308108880503496
3,-73.93045892654234,40.74829132739945,-73.90995052469698,40.74031402528317,17,6,3,1.9421265862642618
1,-73.93192123141792,40.796904308318545,-73.93080139422152,40.81312755285962,14,5,5,1.8064031453643317
1,-73.83176927877535,40.60737448413987,-73.84955980894955,40.638307720427854,21,5,1,3.753058755525934
1,-74.01327400018108,40.76550337082238,-74.0022978542088,40.76390971501958,0,5,2,0.9412292322822086
1,-73.90940918744332,40.8424188156051,-73.91977214353933,40.85755836759601,0,5,1,1.8957112721727838
1,-73.80779884878406,40.68253253121697,-73.78096329454345,40.68283572595822,4,6,6,2.2630948832295594
1,-73.98931576973818,40.888865103807795,-73.99285422815136,40.90835125968965,18,5,5,2.1870767900069965
1,-73.82764167166513,40.61076266955223,-73.84199232210929,40.58898538221184,20,4,2,2.707714760587099
5,-73.93774867192252,40.83251122796296,-73.96131918927892,40.83400292250505,12,5,3,1.9899554529394585
5,-73.84581132530872,40.86704870692227,-73.86482052526519,40.87765667825113,6,0,3,1.9864590829767463
1,-73.94117345163964,40.77037458579847,-73.95400528889984,40.76291061780895,6,4,2,1.362582077299799
2,-74.01648165179319,40.721099548450006,-74.00255197710358,40.705773029879616,23,0,6,2.0694887545993756
1,-73.90215247723015,40.8863629104316,-73.86882907378552,40.88691485240602,19,1,3,2.801972338873675
1,-73.90138924280969,40.74289695408248,-73.90720450561287,40.761677249343954,5,4,6,2.1449557593454895
1,-73.9607796122047,40.692618319109656,-73.94413298018098,40.676371763875466,13,3,2,2.287749540157949
3,-73.9889514698379,40.75701061716105,-74.0156577650305,40.77608142749786,17,1,2,3.091170866193333
2,-73.83714158092702,40.82237305524169,-73.83275598665634,40.80229400973794,2,2,3,2.262988952482049
3,-73.84031728240943,40.70512868231037,-73.88864845555001,40.69577507413421,9,6,4,4.204981154169987
1,-73.77646108037248,40.868722830459625,-73.80345748049061,40.896097822386395,12,1,4,3.7969262408487534
2,-73.7619902387254,40.88411070824386,-73.76400869765347,40.90182410916679,11,4,6,1.9769341695484974
1,-73.8864479478302,40.80460269954947,-73.91686291944742,40.76905666103013,13,3,4,4.70951530854207
1,-73.97299365438923,40.822624768271226,-73.94766956729372,40.83100240942293,13,5,3,2.3255026462095314
6,-73.8608126878404,40.62022395177796,-73.85445329640764,40.63426121828541,11,4,5,1.6505623448587776
1,-73.91494305220671,40.737369729122946,-73.90489974471396,40.73941924317828,10,4,1,0.8763214844776611
1,-73.77091005537001,40.79305150633659,-73.76200708729726,40.799057701741454,6,4,4,1.0038425276845182
2,-73.93633528613462,40.8243224954824,-73.96279006785348,40.820068966151034,5,2,5,2.275751691402457
1,-73.85456224428518,40.78519051394311,-73.82592299191379,40.75666219603698,17,3,4,3.9848903422088946
1,-74.01066482923993,40.88774029268358,-74.00694725985932,40.87501186257802,14,5,4,1.4494339895570085
1,-73.84221439250618,40.70712684932979,-73.88125906932224,40.708042608821835,18,2,3,3.2926933424856073
1,-73.77411595217403,40.66345668051068,-73.82183496038814,40.67031162811209,3,5,6,4.096287529940694
1,-73.9850433903295,40.8362521732015,-73.97770046231666,40.8674955649378,17,3,6,3.528575813077155
1,-73.89040820241492,40.6526159512262,-73.9081699046721,40.64471458079112,20,2,6,1.7370544122606077
1,-73.8607881003727,40.85480465746634,-73.8558221544539,40.84910742771272,11,5,3,0.7588013800183097
1,-73.80274186100004,40.63642115506771,-73.81567627125092,40.6727194121931,7,1,1,4.181066225573101
1,-73.91413852462446,40.7364420063048,-73.95220034864043,40.71520222548894,3,0,1,3.983122673678041
2,-73.85869739275695,40.743474846543435,-73.85326307105926,40.74352618986288,7,4,5,0.4578533747274613
1,-73.99197101217757,40.8592026151528,-73.97072333270147,40.8541079823803,3,6,4,1.8746196206014991
2,-73.89799684686787,40.82950759704704,-73.85928015964258,40.84337214811672,11,2,4,3.6035758777334452
1,-74.03638857331785,40.78488551807081,-74.0334697719252,40.763511840013976,2,0,3,2.389319675361366
1,-73.81779372311047,40.74517219543969,-73.83885404794391,40.71098936105055,16,3,2,4.194838123619873
1,-73.75688444216372,40.78172122018615,-73.78406298619585,40.791684861022226,17,5,6,2.542291889044349
2,-74.0290739544039,40.64029368993376,-74.05327879678545,40.66782030592784,6,2,3,3.679394044092467
1,-74.00804364924466,40.87413574975717,-74.02636999868373,40.8858687749404,23,1,6,2.0189115152141435
1,-73.77382488427327,40.70207113955894,-73.77373226216822,40.73866708067976,22,6,6,4.069290474896577
1,-73.97144484057748,40.74593618379874,-73.93709763099287,40.76821905081635,18,2,3,3.8090309535069893
1,-73.83122431917903,40.75096059321507,-73.8358195546889,40.75956149589072,5,1,6,1.0317324768938256
1,-73.83666301115352,40.74765771490413,-73.82952129203049,40.775142870162895,4,3,2,3.1148381318330447
2,-74.00820724502036,40.831192050983056,-74.04192658291966,40.80696107983475,5,3,4,3.912908271177312
2,-73.92237545186785,40.61700019266332,-73.90673365456756,40.61373909574965,9,2,1,1.3691794157593469
1,-73.99785971363843,40.68095847313555,-74.00617313852024,40.67346303909381,14,3,5,1.0891010762632611
1,-73.89617585744469,40.62297616822512,-73.89301687117766,40.5843274883232,0,1,5,4.305804065839019
1,-74.0481579512006,40.67978699375794,-74.06009246329754,40.65467965362621,1,0,5,2.9677271792508293
3,-73.87988922603432,40.798420479463594,-73.862056039925,40.782441744971315,11,5,3,2.326108044775236
1,-73.93578190901266,40.72504748303623,-73.9258525500435,40.72304845849066,12,1,1,0.8657706733583485
1,-73.81032930555386,40.870783856507025,-73.81852738476191,40.88517593611147,10,6,1,1.7424451102871419
1,-73.8250050048909,40.73840362099559,-73.79306197132658,40.735536197187024,20,4,2,2.7101456981128758
1,-73.94102456586356,40.85822326558129,-73.91597010407624,40.82076166196153,23,1,6,4.668408407296299
1,-73.84018903581956,40.87515257837421,-73.83724056718376,40.90911709565189,10,3,1,3.7848053389554823
4,-73.89436075375116,40.8609665275081,-73.8709139088603,40.86624405649036,23,0,5,2.057198207424221
1,-73.87997063084428,40.77445681904947,-73.87809841632534,40.81289556985374,15,4,5,4.27709888880361
1,-73.89680744544128,40.62278832527116,-73.9264411863155,40.61749211449742,15,6,5,2.569534046630303
3,-74.01019282549667,40.875425716066275,-74.04062624608409,40.86627121945579,0,0,1,2.753997088526492
1,-74.04577561434853,40.81243634554374,-74.05775024166337,40.80652491606181,0,5,4,1.2032242752410265
2,-73.89293038671467,40.810974441619976,-73.86829715056898,40.81728202488542,12,6,5,2.1884705706230356
4,-73.76241743498667,40.771053910596166,-73.74317774246624,40.76388853643715,16,0,4,1.8055769781314084
3,-73.7888102953804,40.84335998336939,-73.79562945606868,40.82835378232635,4,6,4,1.7644790402888113
1,-73.91483378557032,40.80288900243735,-73.92894927859768,40.81048937031704,21,3,1,1.4579663347043912
1,-73.77213037919475,40.66921016721278,-73.76239647443863,40.65332142505404,18,2,6,1.9482101927632323
2,-73.977151136742,40.65342600042875,-73.94394674639771,40.66310397293137,10,4,4,3.0005258287285326
1,-74.00022848670979,40.70070487172238,-74.00206020341773,40.7237151996915,16,6,1,2.563285309550674
1,-73.86279400176578,40.75897373263469,-73.85782758591088,40.71791586601495,3,4,1,4.584561368257491
4,-73.92067452227742,40.89165751856635,-73.90737424413086,40.88943554374492,20,1,4,1.1449843854481752
1,-73.95855101590553,40.80353158767881,-73.97112183412682,40.792092273604055,11,4,3,1.65459780969579
1,-74.04312698203265,40.89581109699671,-74.03108610001063,40.85915038030968,18,4,1,4.200306969911019
1,-73.99359242866878,40.8367152829146,-74.02070702350929,40.85365970947638,20,1,5,2.9583717732980483
1,-74.00726720985027,40.67372418818156,-74.0112166046549,40.73114111006084,18,5,3,6.393144862220925
1,-73.77958341533933,40.71963251756869,-73.78062762894598,40.73975668627493,18,6,3,2.23943469348908
2,-73.76373495494958,40.750111530972795,-73.75889913822184,40.74164412693504,16,0,2,1.0258865107267094
1,-73.95477515988509,40.83859210990333,-73.95588798651283,40.824279164693365,1,1,1,1.5942784605220202
1,-73.9997399347082,40.665490990354094,-74.04426845482773,40.651422906101395,22,6,5,4.068846109462076
2,-73.87419948179479,40.7341082854118,-73.8748895806883,40.78344836558381,9,2,2,5.486674481842172
1,-73.77626835619326,40.76578497429455,-73.79890053077327,40.782115789376256,14,2,3,2.632401096758899
1,-73.8664258324574,40.79199724885124,-73.86451631838797,40.760447086891794,4,1,6,3.511900661193893
1,-73.92182451958111,40.721416367903366,-73.90969564736872,40.72936716829952,2,5,3,1.3513938479740069
1,-73.89592677936176,40.80234916906198,-73.91078592158668,40.81534796370509,18,4,6,1.9113211690601957
5,-73.95525362311493,40.80135547006014,-73.94463832648503,40.8322134652714,4,2,6,3.5456296398260223
1,-73.88863267510449,40.61417088210692,-73.88353460776301,40.654220192672895,18,6,5,4.474010696027476
1,-73.76613012986664,40.69851382692342,-73.74456005615238,40.676459977220055,19,6,4,3.0530931599949955
1,-74.04061858667582,40.7614566833826,-74.04034790851756,40.76685864045352,23,1,6,0.601102643234699
1,-73.90244949849402,40.697661641224094,-73.90539690724,40.72026231800636,21,4,5,2.5253304962262453
1,-74.03796680587128,40.89603656142235,-74.05122193241289,40.859152664464446,4,5,5,4.250016243912912
1,-73.82883438506892,40.81084798469452,-73.83838618505828,40.808792775452986,4,2,5,0.8357460996416389
2,-73.95003618307251,40.69153427560129,-73.93723142692706,40.71728372912849,13,0,6,3.059905394980654
5,-73.87139266605581,40.64369720302824,-73.87512274081996,40.65275774871256,1,3,4,1.0554907033994325
1,-74.01050781523652,40.87392663142357,-74.01354236248113,40.89115841627796,0,3,3,1.9329955461121113
1,-73.83526369109612,40.729822474856405,-73.84836214667722,40.725199450640005,8,5,5,1.2175896097025618
1,-73.93041971336773,40.85489763525989,-73.9422324240105,40.82418734135894,0,5,4,3.5564809548952447
1,-73.85983826618437,40.82722428367268,-73.8539246545166,40.8207904321331,18,2,5,0.871442455864858
1,-73.85503719123054,40.85298174701942,-73.87275257068329,40.84582857311799,18,4,1,1.6890668368851283
2,-73.80434351177108,40.71006554549125,-73.8204803278191,40.70337035304166,19,2,1,1.5506135233753813
1,-73.91292479490048,40.66903095379712,-73.92534175767584,40.69422467165236,20,4,4,2.9906898859225968
1,-73.9408593674703,40.68220693586266,-73.94144313294125,40.69486818560596,3,5,3,1.4087268668881354
1,-73.76454873638946,40.896046015469274,-73.74084371816427,40.844650788633935,18,4,5,6.052513210010064
3,-73.99456356547776,40.849388109924,-73.99968794736279,40.847304950071035,22,2,1,0.48932458331715895
1,-73.79922367414385,40.882163029537566,-73.80079405359339,40.864402173276616,7,5,4,1.9793261249664653
1,-73.84878654813318,40.73824722417274,-73.836426703552,40.73600557022629,20,3,1,1.0707785415023194
1,-73.94600687600784,40.756921984284745,-73.93250210743344,40.76484814995995,2,3,5,1.4389236594051928
4,-73.92077489741027,40.65791624125525,-73.901242028641,40.65867869293474,8,3,6,1.6498445418922656
1,-73.80537740760326,40.699213035364735,-73.81910486467146,40.68252013025865,13,1,3,2.1874440743575496
1,-73.77386768905491,40.88778032084048,-73.7896842230583,40.88605667447912,10,4,4,1.3433391090684543
1,-73.9170879974332,40.71079750567039,-73.90319281130785,40.71517334004943,5,0,5,1.2682005118634965
1,-73.7643178121114,40.758515097195115,-73.80450127142693,40.780223444795986,12,3,5,4.156671467560839
1,-74.01333652492438,40.76783197345087,-74.00146370976525,40.75718291881133,14,5,5,1.5498501993393121
1,-73.92284634264982,40.762753869711645,-73.94917143321746,40.760751993177095,4,0,6,2.228310912881392
1,-73.98379269014828,40.821993632949976,-73.9668635607604,40.82443192664535,6,4,4,1.4500665917165116
1,-73.8296784746485,40.8918075783629,-73.81245794789157,40.90080737199468,7,4,1,1.759680456491235
3,-73.9047835592453,40.696759171853465,-73.92397327604328,40.7130925033517,21,5,3,2.4320998659546307
6,-73.96307473336631,40.68627206737798,-73.93695236249425,40.67180315655621,7,5,6,2.7278025437719133
1,-73.88312868228991,40.87105001029082,-73.86821841299246,40.870745740517386,7,3,6,1.2541721039817966
2,-73.90507192050569,40.61479540894274,-73.88444157384815,40.616341737567346,22,3,4,1.7498233850652394
4,-73.86031636979695,40.79429274933603,-73.9075383567349,40.817746790564144,2,2,3,4.7537549826456
1,-74.04574291000158,40.88698876613649,-74.00866143932247,40.879940977058425,11,6,2,3.2143638151334697
1,-73.88445694728792,40.828685097293686,-73.89372241186985,40.82869637010334,11,6,4,0.7795751109583643
1,-73.80295708720354,40.69576423220396,-73.79897263763091,40.72809854444587,10,0,6,3.61106170064193
3,-74.02963458644028,40.641341914780135,-74.02377833380466,40.664444836101225,21,6,5,2.6160007456383387
1,-73.8697128067984,40.82885189112076,-73.86848195309979,40.81810856215881,20,6,5,1.1990848711916289
2,-73.98285702247134,40.60717088937954,-73.9790532533999,40.5611724369315,4,4,2,5.1248710980519245
1,-73.84699937330024,40.72706872481577,-73.8319413371816,40.76572488768599,5,1,3,4.481642129082954
1,-73.7963070638841,40.696065520484666,-73.78569913683182,40.68430533970724,12,6,5,1.5842777226753972
5,-73.88173190685883,40.64429998334245,-73.89885583578645,40.67035495862631,2,3,6,3.237312208071351
6,-73.92687517137205,40.803017386218976,-73.9065836486738,40.81025603071819,18,0,6,1.8880174247032564
1,-73.97645409113454,40.76999028892655,-74.0043372592959,40.7589088556589,7,1,3,2.6519431286922766
1,-73.97751271847129,40.88382695523823,-73.96409069627941,40.82678307621561,13,3,5,6.442655423389044
1,-74.02864051165433,40.6525108029396,-74.04424403075924,40.66138757444664,1,6,2,1.645220935097988
1,-73.88455993637882,40.63608788872016,-73.84765065436169,40.63614333221928,16,3,4,3.114466203947072
1,-73.8004260062287,40.816090099982524,-73.80537442152034,40.83665805673229,10,2,2,2.32464331131991
1,-74.00261755431889,40.62826032040065,-74.00527899934318,40.63292168259574,6,4,2,0.5648880243138639
1,-73.8549492455237,40.74665486561101,-73.86599793039919,40.75318037656845,17,5,2,1.1801390896990778
3,-73.90793384993583,40.85212338445224,-73.93315114956793,40.87280066888014,19,2,5,3.127856645779529
1,-73.83619703061724,40.67213195070235,-73.8180497822536,40.69738168977664,3,0,1,3.197545284468283
1,-73.76604820138077,40.63457576828891,-73.77531610504677,40.65001002621352,1,3,4,1.8859621934600417
2,-73.76187052620533,40.6432142221458,-73.74545181121312,40.59500936469169,11,1,5,5.536376308043858
1,-73.84123909593272,40.79961466957981,-73.81613565875931,40.77511887227394,22,1,2,3.4475848257507202
1,-73.8089164171132,40.673496541764386,-73.78405011001266,40.6487923830363,6,4,1,3.456191537419816
1,-74.0258989195002,40.63871300886265,-74.04193375411438,40.637747521423776,6,4,4,1.3572529279826318
1,-73.82453610776857,40.77803003294229,-73.82490713652929,40.79629544882215,0,1,3,2.031261776625119
1,-73.95900260791582,40.89197634874108,-73.94164985477128,40.86122283466996,21,3,2,3.7178592390730607
1,-73.78885649880681,40.82680327815286,-73.79436688178167,40.81269757048625,23,1,6,1.6355887360480177
1,-73.76161060776012,40.79558132736578,-73.736326445993,40.80920360914469,7,0,4,2.612203341823421
1,-73.81983898481329,40.892163392501224,-73.8140525905542,40.915885625705045,0,6,5,2.6822442309005075
1,-73.78441518686722,40.89996731864519,-73.78834732285334,40.88744597467454,9,2,3,1.4310023481415597
1,-73.76315029483352,40.82251570175997,-73.7274261748317,40.835636824828306,14,2,5,3.341117961352181
2,-73.95702933179882,40.89506973724237,-73.9300671565453,40.9068802244595,1,3,3,2.619100818332562
1,-73.94926933023646,40.633135201412614,-73.96503725189957,40.634695183084254,15,1,3,1.3418237841851386
1,-73.7639841782407,40.73957868760263,-73.75356675736947,40.76379270908156,7,5,2,2.831865052755129
1,-73.93742035868696,40.89038600282024,-73.96035551056195,40.87987027291627,8,1,6,2.2549257041342647
1,-73.76314996465078,40.72519204484646,-73.75908775688345,40.72936115238625,9,3,4,0.5762669612409198
1,-73.9691894364392,40.72930464670293,-73.93591161326893,40.76943205667967,17,6,4,5.269479169545241
1,-73.99102392312673,40.71901573496523,-74.00321753746317,40.71281441422662,22,0,5,1.2375871956303208
1,-73.93454447885445,40.86993640041788,-73.95351903300192,40.87024973964426,19,0,2,1.5958569349876868
1,-73.85680972022394,40.828321141263494,-73.838941242222,40.80955053936083,15,3,4,2.572410520182591
1,-73.76502922167414,40.87667538110056,-73.77163780527698,40.88965025558805,6,0,2,1.5460146173047835
1,-73.81933967125241,40.63691505794988,-73.7920539722992,40.65536234785762,18,3,4,3.0833579606339447
6,-73.83675182396954,40.616285028926974,-73.81362836637642,40.61084489961236,4,4,1,2.0434389769600583
6,-73.93663430776819,40.75994101661361,-73.9384861895094,40.76585632629514,23,6,5,0.6759911878315742
1,-73.9352626649637,40.742715161322465,-73.93315528204363,40.73533595182029,17,2,6,0.8395203777486183
1,-73.75316436695798,40.65376799311419,-73.77106009818442,40.67958980203331,6,1,6,3.243812406985823
4,-73.94712111718054,40.69728908759392,-73.95623573155525,40.70455881435905,10,3,6,1.115264125894227
1,-74.00817896739655,40.79402277582536,-74.00678999613679,40.77480782255345,3,0,5,2.1398032368254447
1,-73.88012473963839,40.67734833380403,-73.88650890994256,40.667044336993285,3,0,1,1.2659534970249127
1,-73.89472035253736,40.88943497935555,-73.86544146382948,40.86774711844176,15,2,4,3.4460410004811712
1,-73.82736016431261,40.79884642556152,-73.82375858282826,40.813266953123815,1,2,4,1.6318907845532387
1,-73.75542138269495,40.878939917111445,-73.75409498443985,40.858542855813255,18,5,4,2.270790415271919
1,-73.97708104254625,40.79021573715392,-73.963204989186,40.74747200396696,2,2,1,4.894429429767728
3,-73.85139713061578,40.68110767414471,-73.85881074777457,40.71915008064521,9,6,1,4.276041039985933
5,-73.97977628223931,40.65600486609235,-73.98907507395622,40.63554140057968,6,3,5,2.4068836355995673
2,-73.80224337374216,40.82120409467824,-73.82086807080486,40.816950569793846,9,2,6,1.6370766161753212
1,-73.85160674498518,40.76284299974916,-73.87265750300813,40.789127689757066,8,6,2,3.4182323462183373
1,-73.81129047725643,40.63696348577099,-73.80533225694553,40.61638519262804,23,6,4,2.342799622805289
1,-74.01460383750268,40.73953141788489,-74.01215880842847,40.72047434110773,6,0,5,2.129042082195704
4,-73.80471684072482,40.89722880914101,-73.81548089524871,40.9473935312352,4,1,2,5.650901607033361
1,-73.80016099786967,40.892570891617744,-73.78393840570803,40.90476308330763,8,1,4,1.9227716968050157
1,-73.97715344349663,40.75205891215571,-73.9976929831247,40.75969479710264,12,6,6,1.9271677119256834
1,-73.85296748750201,40.637578298965586,-73.85151409050587,40.62238556953304,18,4,2,1.6938009594777819
2,-74.00381280227444,40.70003932853775,-74.01429663654936,40.71215649965987,11,1,4,1.611319357597918
2,-74.00105803713163,40.87004228971196,-74.00378220325884,40.85643131033892,20,1,4,1.5307113268540629
4,-73.77459653171037,40.678423284459434,-73.78254615611266,40.67587674393693,16,5,5,0.7277375230969624
1,-73.81167969703242,40.81673635885271,-73.80744568744115,40.81354527513687,7,3,5,0.5028562422685668
1,-73.86246355487422,40.80382971714312,-73.83203903851035,40.8186052966789,1,4,2,3.0423041896056593
3,-73.98593109746264,40.654510727896685,-74.01360242955334,40.660934666136285,18,1,6,2.4410431300440303
4,-74.02059061614594,40.656126827859175,-74.01586565788264,40.63693837374704,2,2,4,2.1705784799293384
1,-73.90235034824343,40.72961324590838,-73.89911972382811,40.76143301442892,0,1,6,3.548648555799565
5,-73.75528148391317,40.62022981783327,-73.77087172076239,40.61561710226622,17,6,1,1.4123146343555233
1,-73.80807776371233,40.74440844313393,-73.76334405835655,40.76931534347325,4,4,1,4.6762190553394944
1,-74.01075087142793,40.65162823699701,-74.02705949870342,40.60822489385675,10,1,2,5.018629324742208
1,-73.86139902199051,40.88253571825287,-73.86508877344471,40.877694114511094,0,3,6,0.6213382086424855
1,-73.96445311337749,40.86938427023475,-73.97766027869807,40.86007790220728,14,0,5,1.5179988463338008
1,-73.95806824272302,40.72019801257632,-73.9524713155036,40.688593477422266,4,2,3,3.5457919446322057
1,-73.87666256351186,40.81193968430314,-73.87915888030373,40.82287659578419,9,1,1,1.2341390794200886
1,-73.9144245774212,40.60304324592421,-73.93576396927854,40.583781529405904,14,2,1,2.798895422677215
2,-73.87594843900261,40.81637238249786,-73.87804367077815,40.7984027512103,13,6,2,2.005898347005507
1,-74.02896710821814,40.76573192825629,-74.055734514955,40.79076317177755,19,3,4,3.581465956669378
2,-74.02268384490716,40.69830683483279,-74.00866320446873,40.68806263239726,13,5,2,1.6415990149348967
2,-73.94173452625171,40.88888738085452,-73.99100824609114,40.865992681883995,12,0,1,4.8624199860246495
2,-74.03436660141705,40.61461675186694,-74.02491420186342,40.64274291427758,1,4,3,3.2276139279604203
1,-74.03445968997525,40.8202918419064,-74.03501479869749,40.81014902816861,10,6,3,1.1287964893581173
1,-73.80551260975213,40.67649530771789,-73.80801158204014,40.67825910702928,17,6,2,0.28788044287320974
1,-73.90136449256758,40.80772926722689,-73.88410860160006,40.794557600563266,0,1,1,2.062715553339527
1,-73.94853702700308,40.67788242121546,-73.95574018078763,40.69044163024624,23,2,4,1.5228833356550084
1,-74.00016242861366,40.71177551788111,-73.97733838485013,40.71288767682413,8,4,4,1.9276972762600184
1,-73.8108101025454,40.759753142336734,-73.8290729409741,40.7612245295282,19,6,1,1.5468479460764972
1,-73.99497716091479,40.819798488106066,-73.99357802139983,40.80399052339248,0,2,1,1.761705012605272
1,-73.8634376317054,40.64882310304355,-73.88856734858841,40.68143393161093,12,0,1,4.200186403479499
1,-73.98326614967203,40.66968784048663,-74.0011577822113,40.70531885648359,1,5,1,4.239469704178413
1,-73.80682379667671,40.693220786115226,-73.8211780948343,40.68105130005112,10,4,4,1.815478572813252
4,-73.77742192362508,40.76958575987334,-73.78722655661461,40.75795036587158,9,2,1,1.5348504439273394
1,-74.02634333128661,40.67825206795075,-73.98667711384901,40.69950728468736,6,5,1,4.0952815840497365
1,-73.76664552301354,40.80938439959874,-73.77805064613585,40.82128661368165,19,1,6,1.6348591961513803
1,-73.93194567396087,40.78318489565941,-73.95504297062044,40.78633650000124,15,1,4,1.9759626037034603
1,-73.93148991031697,40.854529975588655,-73.94334239785022,40.85316803059134,3,2,3,1.0082993281828094
2,-73.85109296850268,40.69247869253963,-73.84189970556994,40.666619993138575,17,0,5,2.9780303020335315
1,-73.89592261708921,40.64711220253134,-73.89636651325745,40.63661195258957,5,3,5,1.1681750815930019
1,-73.79851013403915,40.80864972371359,-73.82140386376025,40.816781474004166,23,6,6,2.128314011410662
3,-73.75287953962534,40.709892135653234,-73.72631602149467,40.71166548735063,21,1,2,2.2476270522416377
1,-73.76470373908772,40.83423005291515,-73.766263308097,40.85995282966294,8,0,2,2.8632489552357785
1,-74.00468950225093,40.82122334876186,-74.00523823311178,40.855700406003,12,1,3,3.8339517647213346
1,-73.76906308289347,40.8751543435193,-73.80171119761486,40.891303121202206,10,3,3,3.2798838351380355
3,-74.02573821884575,40.701713487707565,-74.04332749541678,40.70780191299279,1,4,1,1.629932030248794
1,-74.01617881354099,40.81420786437607,-74.02104385056523,40.82110635847799,17,5,6,0.8694923291556453
6,-73.98012608372406,40.83317856655424,-73.9786207245014,40.813518505426394,10,5,1,2.189765682255136
1,-73.98748075593515,40.614698708866854,-73.97751768257031,40.58372872807264,2,2,2,3.544948273338385
1,-73.82670851029744,40.71311294105635,-73.82226428014165,40.75152639786327,9,0,6,4.287764879737508
1,-73.80591654539616,40.674227543612375,-73.83665800095046,40.68216205199589,0,3,5,2.738396655908898
1,-73.91845987583055,40.65592613372757,-73.91285386527437,40.7027489891121,0,6,2,5.227881733810884
1,-73.93132536642517,40.69270987443734,-73.92487460303539,40.71829706153262,4,2,4,2.8966601144180246
3,-73.82920168978039,40.60035510811557,-73.83376188369118,40.62078012098342,5,5,2,2.30354922147072
1,-73.7564210998261,40.75090666388356,-73.76555618790796,40.74389234743587,17,0,1,1.095688387488106
3,-73.95557305214177,40.849401298744155,-73.94034285693161,40.8555872955791,22,2,1,1.4539702332202433
4,-73.81308769780935,40.89451744030808,-73.8246014000974,40.86193926743971,4,0,2,3.7496335544316075
1,-74.03622804545279,40.75111270385919,-74.07093117118907,40.72858597077623,22,5,1,3.850014289799637
2,-73.95623238895892,40.891258452663024,-73.94424513431233,40.90317118941899,14,0,5,1.6642683526172681
1,-73.77304886927888,40.66644106334167,-73.75575063465347,40.68767690546598,19,6,4,2.775570038999879
2,-73.91769201294532,40.84326499957572,-73.91291387381719,40.84295307718963,22,3,1,0.40342754039291007
2,-73.84045575708154,40.618797395891384,-73.83058003256694,40.63917606005593,3,0,5,2.4144065121493994
3,-73.99868197223999,40.723554937699696,-74.00225820079828,40.72958607344378,10,6,2,0.7352303518045379
1,-73.871954198381,40.87668442335844,-73.895496817065,40.87801182975577,5,6,6,1.9848612639932617
1,-73.8648201138599,40.81010191856503,-73.83233122162389,40.799144893325675,3,0,2,2.9936713351269186
1,-74.038234449616,40.8404578412888,-74.01178893239177,40.836158547190635,19,1,5,2.2755239488526784
1,-73.97364501503905,40.72072475030887,-73.99327884756345,40.704262393975405,15,4,6,2.4676550363813314
4,-73.85900363219626,40.645372088832374,-73.85968158086861,40.653620135541345,3,4,1,0.9189226141734025
2,-73.9681514845257,40.89398910361643,-73.98326126459672,40.87792947043821,22,4,5,2.1914187056737022
1,-74.00934681925155,40.80125843652593,-73.99936546027074,40.858431444224145,2,0,1,6.412576000242998
1,-73.85257033455775,40.740754463172465,-73.87603768072108,40.74223260061562,15,1,4,1.9839008787330525
1,-73.96973279148196,40.83521008688126,-73.95156784574124,40.83510111389117,17,5,4,1.528254255391169
5,-74.0012648416466,40.81973509927268,-73.99729787801536,40.80399724760868,6,3,2,1.7815307831849565
1,-74.00994130800636,40.868453061307896,-74.03012402965165,40.88232328412097,16,0,4,2.2930884448253073
1,-73.77867852882866,40.659067434262376,-73.79334957507962,40.65618632079823,13,4,3,1.2783594281694197
1,-74.02623203863573,40.60292016171899,-73.98023088564207,40.57358000749025,13,1,3,5.072723695078429
1,-74.04939662069637,40.6401295259439,-74.03764422868444,40.61776671466553,3,2,2,2.677122229316926
1,-74.02778305465088,40.68699862095199,-74.03704546807099,40.655307074867245,15,5,2,3.6094829545503573
2,-73.9293632225351,40.85933233776765,-73.92851579834283,40.82244531078379,17,0,5,4.102269701887013
1,-73.7837233863688,40.70481735310691,-73.80504592668247,40.702460712691895,13,4,4,1.8164083173894225
2,-73.87220081495995,40.727947462047865,-73.86782463576374,40.74136845539925,6,3,5,1.5372229127926178
1,-73.95140046066837,40.637783589335285,-73.93387000014994,40.64228876020465,1,6,5,1.561686835030276
1,-73.88519642984949,40.70764774424366,-73.91008834056063,40.71185555610768,11,1,3,2.149635792077398
1,-73.8747871143317,40.82774369216124,-73.87980445861484,40.84290573826741,22,3,2,1.737980213256638
1,-73.79564161307142,40.69196652058779,-73.84830893768867,40.692950169080184,8,3,4,4.4417413620106485
1,-73.78390411194795,40.6339431881767,-73.80168627911391,40.63686821022718,6,5,6,1.5353472814255253
1,-73.89344441665142,40.87658231259587,-73.92039849621412,40.87028647393963,9,6,1,2.3719828282279125
2,-73.75770589389842,40.82599841522827,-73.77467436678747,40.8297435483841,3,2,1,1.4871994727305886
1,-73.81731252757184,40.85654893879696,-73.8533946555728,40.85121212201032,10,0,4,3.092187640154467
1,-73.97316787251981,40.621589015884545,-73.95411615274143,40.64283782204849,15,4,2,2.857857938960446
2,-73.92770585360239,40.84735898997607,-73.92854223237032,40.83761783422154,14,3,6,1.0854496627825752
1,-73.89525936950035,40.67282592895593,-73.89607041952183,40.69903612358995,15,2,5,2.915242894237409
1,-73.84137084355953,40.886862597810286,-73.80616970322804,40.90391726869989,20,4,3,3.5143363621164903
5,-73.92712872945857,40.741325697107726,-73.95977140420581,40.72468917663443,10,3,4,3.3146667904564326
5,-73.93331245431162,40.733023808859365,-73.9284733430846,40.71396380237671,3,4,6,2.158252236415511
1,-73.97239742791615,40.818216407950864,-73.95292065202776,40.80880021814858,17,3,3,1.9449784367153518
1,-73.94149663449024,40.626402613665554,-73.9678215186679,40.63623639794552,22,2,4,2.4760247517020533
4,-74.03255842001019,40.69990569728607,-74.04145312441564,40.716408577139475,15,2,2,1.9822880531689457
1,-73.81754041974966,40.6444781727014,-73.82987622171534,40.641395103690485,4,5,6,1.095812853356435
1,-73.9269105679506,40.666828200297594,-73.9336974933603,40.66925500484562,12,6,4,0.6328343040190938
2,-73.87108794079978,40.740846949434314,-73.88265184732694,40.73917714639635,22,0,3,0.9917944922429969
5,-73.9036439492901,40.887819319727576,-73.93265144634225,40.90700170046003,16,1,2,3.239429555754054
1,-73.94178903912818,40.69348683990506,-73.91294210144635,40.65841747229849,12,4,2,4.596126742767533
2,-74.04417409114077,40.714385879423794,-74.02120964884554,40.699564829714454,18,6,2,2.5422397829635632
1,-73.85642021228004,40.818659905743374,-73.85721271465479,40.819927162505195,11,3,1,0.15589651370464372
2,-73.99260234919286,40.74611608548467,-73.97971426134639,40.74441745690499,7,6,2,1.1020426640338188
1,-74.0064809991722,40.70945469626869,-73.9898074929952,40.68669998054466,0,3,6,2.894434175348823
1,-73.80186074451383,40.67661680110244,-73.79321772050218,40.67406533503842,0,2,2,0.7821516435593073
1,-73.85859675792166,40.79805373109101,-73.87242282018147,40.77918203011723,14,1,5,2.3996506031773785
1,-73.8623590946784,40.65688274991616,-73.8670316610051,40.676455404147944,2,4,6,2.211773536027068
3,-73.90857104541034,40.653628475309205,-73.89055000603726,40.63405193434339,19,0,5,2.655245355070605
2,-74.02593466033979,40.61432535463553,-74.01424844522035,40.59171755442565,14,3,4,2.7005394675433565
5,-73.75313747286397,40.8032449646402,-73.73113962959879,40.792904827088094,23,6,4,2.179625472287897
2,-73.93178214404924,40.81158741774994,-73.93564213622508,40.80403778644376,23,1,3,0.9001500782013715
1,-73.98630355454479,40.66897486605108,-73.98437003069617,40.67874476096043,22,1,3,1.0985322124385073
1,-73.76524659396527,40.65049497458678,-73.74519538089666,40.62499478513799,2,1,1,3.301904312678801
1,-73.75412096063417,40.878478456161275,-73.72115204460445,40.88154134227782,8,1,2,2.792623618660464
1,-73.7844229756604,40.60368567869527,-73.78156743361889,40.61444629469652,2,5,6,1.2205656661177486
1,-73.76744575177347,40.70196494876279,-73.74404386367435,40.69745352101735,17,2,6,2.0355849445534666
5,-73.97056790061181,40.869258597830665,-73.97609276724498,40.8311079508655,7,1,3,4.267534697926568
2,-73.76972906767836,40.77370505707101,-73.78088817915085,40.77153982352503,1,1,1,0.9700476823836388
2,-73.78211847471383,40.6935133235354,-73.75573801600696,40.69712125563411,0,4,1,2.259941264685514
1,-73.87776337186779,40.81074553348824,-73.9156723866609,40.80663196875969,16,3,1,3.223157111418833
1,-73.77467264137593,40.75604281717835,-73.75421521848607,40.73917951410685,21,4,1,2.5467544057317344
1,-73.8966912804074,40.850582137003656,-73.88670731173589,40.851305993998345,18,5,5,0.8435939638795996
4,-73.77572139814718,40.70578625030917,-73.74779697928375,40.73012466048621,7,1,3,3.5864543539066407
1,-73.85402261215484,40.89907192441144,-73.84461102737211,40.89569158497734,2,5,3,0.8758077843943824
1,-73.99876511236535,40.75747255226488,-73.96762994343919,40.75682527805262,9,0,4,2.623450611948984
1,-73.92137154768895,40.827128172121654,-73.91895080475416,40.83438840597432,9,6,6,0.8325961318123579
2,-73.9561275000824,40.76884914868054,-73.9511975645921,40.80531684320242,19,2,6,4.076208722563153
1,-73.95641499724425,40.76318551529196,-73.95386828522378,40.761947371272086,13,4,1,0.25487157013108164
2,-73.82479323445338,40.691617900022614,-73.82973797422082,40.69871051236736,0,5,4,0.8920613888817884
1,-73.90854508858118,40.6975112564447,-73.90523399190947,40.67955341074762,19,6,4,2.0162426843941166
2,-73.96222493579839,40.655962413224806,-73.95406583836225,40.67548771554178,6,3,4,2.2775684875959223
1,-73.90556607685518,40.687559171821555,-73.93401385094614,40.71673731366243,0,2,5,4.034521426409772
1,-73.782252261999,40.75373501165003,-73.76598307400744,40.78779348723159,7,0,6,4.027328712052694
1,-73.83967511525758,40.62618546199764,-73.81876125777954,40.628022450218594,23,0,2,1.7767611415824245
2,-73.86164056901684,40.70647063758094,-73.84142220127667,40.73846931456012,3,4,3,3.9450099756676744
1,-73.92697487528332,40.63227200024229,-73.91662793679257,40.597912458077175,18,5,5,3.9191583705516897
1,-73.9867250331578,40.688210886523336,-73.99209304791044,40.69494357730757,20,4,2,0.874812110039111
1,-73.84288672851058,40.84886648724866,-73.80584179650417,40.85090619712429,13,4,5,3.1241194622439115
1,-73.76928224528247,40.73978832748805,-73.74760516838049,40.73422130273442,4,5,2,1.9284306847843482
2,-74.02839351389026,40.658773651535405,-74.03571645268237,40.63855162174868,15,6,5,2.3319147075026674
2,-73.99399553655486,40.84887619378326,-74.01691497447655,40.85538096044176,19,4,4,2.058933120384136
3,-73.91587030135366,40.62418195829412,-73.91060476593023,40.616587176308755,23,6,1,0.9543008027844385
1,-73.83638945837401,40.700033320422186,-73.83583982802277,40.732123626961936,22,6,5,3.5685799494141093
1,-73.95557539016247,40.85049403980872,-73.96430431904155,40.81958554245146,8,1,3,3.5144485008648974
1,-73.9628262313286,40.69992273036284,-73.91888205747102,40.70927013567107,20,6,1,3.8473269784830446
2,-73.78598908952252,40.711314735028374,-73.75954702790845,40.73538857542306,9,5,4,3.482967977058815
1,-73.75629119217245,40.70116277899331,-73.7279850709404,40.70119301370944,14,1,6,2.3861857672224147
1,-73.91040615222765,40.896754431843675,-73.92519735910814,40.90162005126606,4,4,1,1.3558003784986807
1,-73.94820622114207,40.86857246330185,-73.94396115293705,40.85689839078167,3,4,3,1.3462900218309712
2,-73.88434130458931,40.80688330596049,-73.88891166302844,40.81760272340727,9,5,3,1.2524680183316033
1,-73.85829025073599,40.825565628585686,-73.88134469172255,40.85780986943989,19,3,3,4.076297648111858
5,-73.79430735103351,40.7662561939412,-73.82076732803958,40.742461108754334,11,1,3,3.45950541830237
1,-73.77452784931434,40.631836177707825,-73.78656992052858,40.628576484088065,8,1,3,1.0789239595678448
1,-73.84917110067096,40.7158367522953,-73.83552535594657,40.70255784249654,21,3,6,1.8716629122738886
3,-73.82630626078465,40.767726470999285,-73.8038412437874,40.78125248545436,20,6,4,2.416734708053998
1,-74.0438285605937,40.764426060418195,-74.03430685175383,40.788314451913806,6,6,5,2.7746328612887523
1,-73.93518335187181,40.88196223982983,-73.9208457952619,40.91178001416863,8,3,3,3.527795220756153
1,-73.9388913533327,40.771794363097506,-73.92117661693672,40.76528138982282,17,6,3,1.6583205723324934
3,-73.8177936082699,40.72324119609237,-73.79851735746207,40.705710052149875,1,4,3,2.537625147424401
1,-73.88260230553196,40.83137540585171,-73.8854911974222,40.86464059791302,6,5,5,3.7068935040235456
1,-74.034308268375,40.85382605853171,-74.01517965351736,40.838863528841635,5,3,5,2.314518032080321
1,-73.9039077245195,40.76431367178848,-73.87119138397424,40.77633901230619,4,1,3,3.062440831691624
1,-73.80479127898816,40.6809050979764,-73.83233305980612,40.67804082947062,10,4,4,2.3442426596999613
1,-73.98486042161846,40.63279018923128,-73.98470680260564,40.63337976095798,11,2,6,0.06682675355343469
4,-73.85624954442493,40.699168245725616,-73.80817927316839,40.69501919170753,23,5,5,4.0787103435231655
1,-74.04215315664027,40.66235741270411,-74.0235505468518,40.66002800457177,22,0,2,1.5903607505806323
5,-73.97847632446152,40.81454789756202,-73.96864741389709,40.80236555868551,11,6,3,1.5872286943418008
1,-73.89837372204208,40.70400672239401,-73.87826306932054,40.647537427006405,19,5,4,6.504103350912804
1,-73.96046951853472,40.7910961114273,-73.97194742476749,40.8022857625935,1,4,3,1.5753211124327513
1,-74.00233984813123,40.69934720104731,-74.00200121134269,40.69904032588245,1,5,1,0.04448983537445164
1,-74.04280317775614,40.85667619213922,-74.03614180765989,40.86724894561846,17,5,5,1.3022805647433873
5,-73.89236782895428,40.75604985520729,-73.8780955741654,40.7403284826221,19,3,1,2.121670108112308
2,-73.95315028316905,40.604990225142934,-73.94937358180694,40.5777297799152,18,4,5,3.0479516993957323
2,-74.03861159171112,40.62396599736328,-74.06180479065864,40.667323722614086,9,4,5,5.203136533812465
1,-73.92164858719138,40.79058521499376,-73.92099271240122,40.78305806891506,6,1,5,0.8387999608423472
1,-73.7880737814356,40.78451717904177,-73.80979775483495,40.79016806552389,1,3,3,1.933870363851719
1,-73.79213214020396,40.71627885837057,-73.8048219311791,40.71468261227264,3,3,4,1.084137847661891
4,-73.90048856636473,40.8222084836008,-73.89402943577781,40.84133939416223,16,1,2,2.195575717513598
1,-73.7898507710147,40.72945993948563,-73.78747437866981,40.7390225794402,16,1,2,1.0820048979680648
2,-73.88446691850633,40.765947368464325,-73.8784932878869,40.75248729591733,7,0,6,1.5789963099602697
1,-73.8990813450241,40.684044811285155,-73.89866791352735,40.69911974903261,4,3,2,1.6766189748957214
1,-73.9853543134171,40.83478730023633,-74.01942158076967,40.8046403423699,19,4,1,4.410815186797332
1,-73.87584201534261,40.685363904941475,-73.84700474598498,40.62231882822192,5,1,1,7.420388151516421
3,-74.02990787016293,40.777115611975184,-73.99879617103807,40.74713275084239,2,0,6,4.240411503437436
2,-73.85500881332483,40.82574581796272,-73.83786635072835,40.82300828541517,0,1,6,1.4741892553918365
1,-73.81140239379754,40.776762883156614,-73.79489128167707,40.78193235167373,5,0,6,1.504387091343816
1,-74.03560786417684,40.63371017600608,-74.07386989742216,40.65084727617811,6,0,4,3.74875093777527
2,-73.76509174572423,40.69717594815,-73.76917160292291,40.70086277006533,1,6,6,0.535124707490059
4,-73.82710374915222,40.63138205741696,-73.81890667966037,40.64720998311065,7,6,1,1.8910114301552654
2,-73.76720207706818,40.77215852075608,-73.76960304086721,40.80170552540713,18,4,6,3.291689413932294
1,-73.9939894046325,40.66728939223486,-73.99188646775403,40.655816417516,5,1,4,1.2880093003970783
1,-73.95610368574586,40.6764226214479,-73.95955896506824,40.685610334251024,11,0,2,1.0623632365552609
1,-73.8403048117975,40.69170758370763,-73.81032080158835,40.718326526748534,5,3,4,3.8921875806162487
5,-73.93949252581542,40.6632608798379,-73.96047355612184,40.68536042811851,9,5,5,3.0280973075308575
1,-73.75390147676369,40.71389504314629,-73.75110884418586,40.71843345901505,13,4,6,0.5568361630988931
1,-73.91465803014968,40.888311078420024,-73.92643713969862,40.868041273501866,3,0,6,2.461871002274309
5,-74.00135743633302,40.699842004662585,-74.02260295724317,40.69701481647819,20,1,3,1.8184343776719711
4,-73.75055225400494,40.67495029060474,-73.72985546140326,40.70230753213995,20,5,6,3.5069769080990696
5,-73.79509761455962,40.6711661001744,-73.80990824220223,40.646536610664654,0,4,2,3.010171083046009
2,-73.9935582637581,40.88825670273258,-74.00431956717001,40.88946631813737,10,0,3,0.9145530606510405
1,-73.82525544289572,40.735566735247936,-73.83126847399983,40.768565471552385,15,2,5,3.7040859621103785
1,-73.90887771415996,40.794161904111455,-73.90463366221407,40.782719933240365,0,3,4,1.321508092475579
2,-73.79999931384842,40.82442331048971,-73.79085607243469,40.83659266677878,20,0,2,1.5565495093161625
1,-73.77242590391465,40.83452721705254,-73.74611727019307,40.80653825450797,2,1,1,3.8192891308359114
1,-74.04038881996908,40.77372291693916,-74.04521146406427,40.75780286003212,18,6,4,1.8162243806465874
1,-73.98157672176907,40.6067550328211,-73.94705375740674,40.59634218727487,4,2,1,3.1361700256701766
3,-73.96140813746769,40.77995023532847,-73.98716724196545,40.79910082134272,15,4,4,3.0392972661738638
1,-73.79675799938045,40.851794724325025,-73.79365783346482,40.833240353411554,1,4,4,2.0795685227803506
2,-73.9216823453937,40.62345749414085,-73.8893076749328,40.65175221289704,23,6,3,4.166687009544244
1,-73.97741412714772,40.81492791599682,-73.95482207303701,40.84467510647168,18,5,2,3.8149966195434852
1,-73.7963203324319,40.77869016807031,-73.80804927411687,40.792480209254045,18,0,4,1.8238398129789613
1,-73.89631518103417,40.71188986382376,-73.87566028988162,40.68725619191863,4,3,6,3.245731927131428
1,-73.87633808692834,40.729355079569785,-73.89674732480412,40.75575620034558,2,5,3,3.4021381671156963
1,-73.82120407319647,40.60748475884682,-73.79627485602137,40.61411450036359,6,6,6,2.2297518512052634
1,-73.76305665360832,40.65631029508968,-73.72446218866324,40.6724208141363,9,4,5,3.7156412305324773
4,-73.83167328480143,40.634856752175786,-73.85044556086015,40.63577775027598,12,2,6,1.587358525658712
2,-74.03350543731314,40.782566344250704,-74.04745045864405,40.7807663585247,8,5,2,1.19106963603207
2,-73.78486120477706,40.893831381854056,-73.76423536433622,40.88508839660406,17,0,1,1.987774924460747
1,-74.03419805313837,40.873813398809254,-74.01892681730631,40.88306993606903,14,3,2,1.6455607256309441
1,-73.75003219998848,40.61496065269199,-73.72629965571313,40.60309834147493,13,1,4,2.398634413318181
2,-74.03789920374017,40.89308776204359,-74.04007261837909,40.90715162244121,14,6,2,1.5744624246197159
3,-73.90611182883477,40.79234849338428,-73.87999369749913,40.78130778806371,21,6,1,2.5184029765652145
5,-73.98952567412799,40.86008735968368,-73.98845942654621,40.86275927152698,21,1,5,0.3103392169903752
1,-73.9994091665075,40.81203066190018,-73.9920492065273,40.81049766623471,18,2,3,0.6424395238422936
4,-73.86589678699693,40.67472716659043,-73.85886587360366,40.68688542151076,7,2,5,1.4762250051182968
1,-73.83441950114735,40.77913837312631,-73.82375017940369,40.80787440189563,14,5,5,3.319134027986796
2,-74.04901546322928,40.647326234678786,-74.06545459581636,40.64707911494075,9,3,4,1.3872002566600445
2,-73.95467573063556,40.69082972517475,-73.96620508955188,40.72019533222888,11,1,2,3.4068642315101565
4,-73.93510953004272,40.631318452041285,-73.93876803457024,40.6191160718527,14,0,3,1.3915298459678123
1,-73.77224796751057,40.62785176006335,-73.77722859864804,40.59629937921739,10,5,5,3.5335649129861637
1,-73.99209635980424,40.7337374953084,-73.98001732532336,40.72838799392224,8,6,1,1.178872423420099
4,-73.9806690926068,40.7751694158399,-73.95707399201649,40.80613180565261,10,0,5,3.9747919011851005
2,-73.96635992120271,40.76722808386381,-73.96327778738195,40.778670409207045,0,0,2,1.2985305333697748
1,-73.82819271847838,40.60027716273503,-73.84291043824585,40.599656738946464,12,5,4,1.2444889046025605
1,-73.95609723424093,40.877468416747085,-73.96561638097432,40.90575065906162,18,4,5,3.2450397399506254
4,-73.8389143017935,40.81575575612231,-73.86539426412553,40.811777411518605,9,1,3,2.27194559570141
1,-73.99238121547533,40.712842682454415,-74.00548922692522,40.734800901250026,1,0,6,2.67988837241161
1,-73.86636712674974,40.66422382643688,-73.86483921352865,40.65262809527391,9,1,4,1.2958119840300557
1,-73.89833621860954,40.70320311005729,-73.88288494618482,40.71581344826672,18,2,4,1.9137242333275952
4,-73.92356318608697,40.79189524574112,-73.9156423602613,40.80780088704364,13,1,5,1.8901237854904298
1,-73.9390756380812,40.67454994528617,-73.95875833006028,40.623841264015155,7,2,3,5.877974302417205
2,-73.92531333702293,40.676923848242886,-73.92616455858536,40.6850858686003,9,0,6,0.9104092880563561
1,-73.96939748624052,40.88062045816525,-73.95803497969162,40.87526380206533,5,1,1,1.1257815005997953
2,-73.993945294164,40.8525572089793,-74.00450206548459,40.85014451989019,2,5,5,0.9275623092492361
1,-73.76604713764604,40.76042172846677,-73.77712947779457,40.77606084064601,19,2,2,1.9736054324728107
2,-73.76001321695207,40.64935055365044,-73.76278352530849,40.655479573976656,12,2,3,0.7204736961176818
1,-73.93812052943001,40.82078780940057,-73.92058921848258,40.81212237074332,0,3,3,1.7620975933295933
1,-73.83077952927829,40.69385720689358,-73.85099683205534,40.684593628981624,10,3,6,1.991662318325412
2,-73.85999459881337,40.89801409609876,-73.86479379889072,40.88308233265582,3,2,3,1.7086431772595905
1,-73.75286289777887,40.64718238562081,-73.7520913236394,40.643291414857295,17,6,4,0.437526116392576
1,-73.85289635293374,40.75131934894914,-73.83140092914368,40.769052909335045,5,5,5,2.676941227639745
1,-73.899443885915,40.74516704178037,-73.92554740802821,40.74469677226031,2,2,3,2.1996815986371634
1,-74.0317654472546,40.86684634136075,-74.02410854410938,40.87297120696286,16,1,4,0.9372061714939196
2,-73.93896321385674,40.66287178610101,-73.96561400081467,40.6746473921579,14,4,1,2.6013073756366305
1,-74.01944879752006,40.679644061361905,-74.01698580756961,40.677579381145435,3,0,5,0.30959087233926935
2,-74.00333038086734,40.7756759940526,-74.03112290847757,40.77032878158094,11,4,2,2.414707522829434
1,-73.78060141644649,40.67538645144407,-73.78609406085313,40.664441300037694,3,0,6,1.3022262339876438
1,-73.77637964646232,40.62937763499568,-73.77466055248013,40.63938752115882,17,5,2,1.122461804553025
4,-74.0307526414171,40.864324301666166,-74.04889000460796,40.875983109083414,12,1,6,2.0016298953926808
1,-73.98239920507655,40.81132706201433,-73.97916909871118,40.82138870677104,23,0,2,1.1513515262266714
1,-74.00208737135735,40.793560528009486,-73.99044804040943,40.805825514314385,3,1,2,1.6792379590140483
1,-74.00222149169767,40.622214389684174,-74.00322390704544,40.61320315761169,22,6,5,1.0055690972368365
1,-73.81624569807798,40.8060405458996,-73.85474836563638,40.78359548012021,0,3,1,4.090737367717411
1,-73.83749366825711,40.651885683472095,-73.82651322888933,40.64730649289859,4,5,6,1.0570749831914963
2,-73.90361372542567,40.76808426153367,-73.94037231606083,40.75898765361333,14,6,1,3.2568709763048647
1,-74.00954975456433,40.809045551696975,-74.01622539207284,40.78933125273697,3,4,1,2.2630047349406808
2,-73.77764967136257,40.81942939672828,-73.80735171273243,40.81657426396626,1,0,4,2.519543641888325
4,-73.77606202757289,40.85653835100628,-73.79128947528524,40.85870655182766,5,4,1,1.3031384088292386
2,-73.98762754474606,40.60089011761315,-73.98674751905618,40.640767831151,18,6,2,4.434821457036838
1,-74.0127752243153,40.75752138269763,-74.03126918551077,40.74730648847555,16,5,5,1.92794330514356
2,-73.8480466392518,40.71189049239022,-73.87353447993401,40.70900230721882,1,6,2,2.1721775421467213
1,-73.91449595131402,40.83014324786689,-73.87161715584502,40.86375120225607,19,3,6,5.193639919169994
1,-73.8485826985525,40.68040720377787,-73.84448585594522,40.66212984588689,11,4,4,2.0615104622255584
1,-73.86553039689187,40.71256396341324,-73.85735446792262,40.71570855529539,14,0,1,0.772728448370857
1,-73.7850443263898,40.80115114825227,-73.7186666176477,40.77711654648067,1,6,2,6.194375341652344
1,-73.91583497803194,40.806200088630504,-73.90552354329431,40.776539090889095,21,3,2,3.4104766660947132
1,-73.99957076567001,40.78224888931956,-73.99022533807008,40.805987756696624,1,5,5,2.7543825644512565
1,-73.78027331201181,40.865475328781315,-73.77767827825518,40.851714770574205,9,2,3,1.5455899784768012
5,-73.95204884815882,40.77114566630715,-73.96713001136139,40.75246937596525,11,2,1,2.4343492560088635
1,-73.91936203456325,40.88722820058076,-73.88957148555555,40.88333916114408,2,4,5,2.5414270561286445
1,-73.9544874330663,40.71884977552878,-73.94037232591491,40.72657890042017,18,2,1,1.4675027039328834
2,-73.82493040038271,40.63250200173128,-73.81414706689297,40.624307981221776,9,0,2,1.287749387935408
1,-74.03000033461726,40.71554841546967,-74.030682808515,40.66933102572217,21,5,6,5.139461368717509
1,-73.98168563844527,40.79706160011298,-73.9558724806717,40.789063601130785,11,6,4,2.3479679859142584
1,-73.77964336963055,40.61030490869979,-73.78921470887688,40.61292944439834,15,2,5,0.8590314059304731
1,-73.870569574903,40.68817222386231,-73.85742000406644,40.67629303484118,21,4,1,1.7246039902858201
1,-73.85095041088691,40.82876229898862,-73.85087427740896,40.81058027903252,0,2,5,2.021758525867728
1,-74.02116690068728,40.75728938333574,-74.00816136841821,40.74480721706617,13,5,6,1.7682226721244982
1,-73.92467854706688,40.860234280957805,-73.91290899083663,40.85053574000599,0,5,3,1.4638436330201783
2,-74.02039861723958,40.60806891657306,-74.01090359791283,40.58611291421018,21,0,2,2.569648369538889
1,-73.9315652282748,40.689702658673205,-73.93511472917861,40.70595745425458,18,6,1,1.8320535099691069
2,-74.03679744538397,40.83117903979952,-74.06429223957615,40.84283869826461,20,5,1,2.651627415973235
1,-73.99943209838312,40.80227731303822,-73.99085094852413,40.82872766203081,21,4,3,3.0285011716142285
1,-74.03315890587706,40.835401442786065,-74.02437192489094,40.84346272803584,21,3,4,1.1618506392863883
1,-73.95362434712099,40.648158411534595,-73.97210146085229,40.68459309637933,4,3,3,4.340751644352314
1,-73.81887650898662,40.89517524845643,-73.82365897786096,40.86049733486683,14,6,6,3.8769152955151616
1,-73.90862890215989,40.81010952582262,-73.91536011202176,40.777349685834295,20,5,1,3.6865370577344128
2,-73.7734095623475,40.689899251356195,-73.78362881685709,40.69350700591517,16,5,1,0.9504119323147929
1,-73.94431567578826,40.67168427104634,-73.93705111159652,40.629646257469545,10,4,5,4.714418671755091
1,-73.87295927298864,40.62961000171616,-73.87208412002859,40.65594128630281,7,0,2,2.9288361934875415
1,-73.95687990942005,40.837352159866725,-73.92669919068699,40.82084437343564,8,1,4,3.1332886850022783
1,-73.76448006729267,40.88135189647856,-73.7342591468515,40.91147973304536,18,6,2,4.204178341255075
1,-73.89081847839017,40.85355600928293,-73.87123615183839,40.88247945271971,16,3,5,3.613164371352822
1,-73.8531564872322,40.83052036678712,-73.87155872759797,40.86609517340806,23,6,5,4.24779251891486
2,-73.83566545181819,40.84464811697228,-73.85080901365663,40.85482043624636,14,1,3,1.7034731924665345
4,-73.93540880247501,40.600754302325285,-73.91371001174628,40.59029384210293,11,4,3,2.1701309305433396
1,-74.01190895515482,40.86440776932597,-74.01213965303546,40.859771305868406,11,0,4,0.5159161145034618
1,-73.9071725830347,40.67296923947565,-73.93230921191599,40.68436796370805,16,1,6,2.4697554869084675
1,-73.98676992020745,40.699202865628955,-74.00371608707012,40.70385423199238,19,3,4,1.5192871038159612
1,-73.75743656110775,40.738191331489126,-73.76784634664997,40.73978833833914,9,1,3,0.8948354298863833
1,-73.83234829447247,40.61863537025799,-73.82661054558154,40.620156751586144,0,3,6,0.5129781203445126
1,-73.86733414506422,40.71131869096233,-73.88098186443612,40.721040170369925,0,3,5,1.5784648379305224
1,-74.04218001792022,40.65786291470952,-74.01717822844745,40.65103671227807,12,0,3,2.2415351650657858
6,-73.88196845509836,40.77926598576859,-73.88460113075327,40.812437591420995,4,3,6,3.6951659488047577
1,-73.87930424561065,40.6915991265177,-73.8597070739001,40.715558122592114,19,1,1,3.134728347591788
1,-73.79347062681305,40.76957299572632,-73.77428707513691,40.78680187817752,2,1,1,2.5058541205018208
1,-73.79980284226917,40.67418392428324,-73.81094497703036,40.641889967106174,21,5,6,3.7118880732954618
1,-73.95679100261825,40.65585530278496,-73.97474627044151,40.69543589083404,21,0,3,4.654352800998512
1,-73.882465239796,40.66864497560304,-73.86985213095832,40.665306733153734,0,4,1,1.1267212688720352
3,-73.78447476418796,40.673553644251754,-73.76401988954414,40.67396013313522,2,6,6,1.7256312984590323
2,-73.9820414064319,40.88701754479282,-73.97677831232463,40.883445545327646,14,4,3,0.5945732030970192
1,-73.9397826455131,40.606518820820554,-73.95176026848,40.61050680722307,1,0,6,1.104074548176813
5,-74.00679389258448,40.85599621093551,-74.00741781513534,40.853186457161335,19,5,4,0.316806474611742
1,-74.04969120533039,40.694211354878945,-74.0488579693791,40.6985692146742,12,6,1,0.48963706089709974
1,-73.86256596979479,40.89466632876806,-73.83879098576809,40.91380151157073,23,3,6,2.918838849040767
1,-73.86192045072104,40.6978640571242,-73.86781101412389,40.693345640375775,0,4,6,0.7064373404191112
1,-73.99872841301672,40.80333375364607,-74.01091330212203,40.81157475070249,12,0,2,1.3752941153244502
1,-73.94140661519431,40.77024931863943,-73.95048662080507,40.726984822206674,9,6,3,4.871219964995216
2,-73.85040158422589,40.852543185886645,-73.8251721485643,40.84002674501072,22,2,3,2.53784597809569
1,-73.90832081079888,40.71727114105164,-73.90076104126908,40.724087513380475,8,3,3,0.9901380597088811
4,-74.0355176309318,40.69762245080631,-74.0151420426677,40.714958554305866,17,4,1,2.581826947455946
1,-73.96769495084338,40.712514140353086,-74.01679447742679,40.71173450218689,12,1,5,4.139278466238377
1,-73.99206314792087,40.61238457446656,-74.03132157060398,40.59150565429519,1,5,4,4.046612597189699
1,-73.91583391443929,40.65589215223461,-73.90638157728972,40.675549418862154,3,4,4,2.3266447294060026
2,-73.98817892427381,40.649653274968074,-73.96435555575479,40.64620698246308,6,3,3,2.046101161500452
1,-73.91076676183275,40.77034604866481,-73.8854413310193,40.78012389506531,1,5,6,2.393705274120062
1,-73.85346730878558,40.68306415310571,-73.88123975260402,40.66290184262642,2,3,6,3.242245762340045
1,-74.03242070923712,40.825358953998546,-74.02303465401079,40.830389560009586,1,1,3,0.9677691492502667
1,-73.86694155050542,40.67236602256837,-73.86883337291717,40.678079831211775,9,4,1,0.6550714658843075
1,-73.82454352057262,40.88358735139776,-73.80091268094483,40.87674071371085,3,4,3,2.1275726335115857
1,-74.03006304221286,40.60437694745297,-74.01576547744043,40.58678153300595,8,6,6,2.2989697824592503
1,-73.92231353127436,40.674850001871185,-73.95731961715076,40.66999260183055,9,6,5,3.00125956890725
2,-73.90828000934819,40.84916000468673,-73.92215973010877,40.87513733656098,6,6,1,3.115461862126841
2,-74.0059540043076,40.66774775008576,-73.99113304908404,40.69180733009612,20,6,1,2.9528354798916734
2,-74.03657433424192,40.615738888841925,-74.03759085657121,40.64734432998231,1,6,1,3.515411466892141
5,-73.7541011036346,40.62997761405512,-73.75829584871573,40.63334840700142,14,4,4,0.5155481593775296
1,-73.99413351716166,40.672776539263275,-73.95701722613165,40.68781703113608,18,3,4,3.5486614151037044
1,-74.03877040676407,40.867405655586694,-74.06769131084258,40.8786612352595,11,4,6,2.734888392277368
1,-73.76282931655479,40.69043042630805,-73.74896059310292,40.71161909716333,8,4,4,2.6301961484108833
1,-73.99667403891533,40.87593323739216,-74.01051215672712,40.86499570896849,21,1,5,1.6831629821401326
2,-73.85398158035414,40.82631056248139,-73.86310946199825,40.80666911344391,9,5,2,2.3151723595789693
1,-73.9690897704263,40.652266948576546,-74.00542622719254,40.606352327181064,10,6,6,5.955576141388208
1,-73.91503124320357,40.78336620194218,-73.91253896110429,40.7925618903601,9,1,6,1.043820165464435
1,-73.75038302363869,40.688722082823446,-73.71026738459719,40.69012314728913,14,1,1,3.385899047570415
1,-73.83724802405212,40.83728026337183,-73.81739038026186,40.84617001657043,9,3,6,1.9410085656151217
2,-73.89744876171599,40.850009665694984,-73.90619027564105,40.84779376690604,18,5,2,0.7754529757841464
1,-73.88536783032016,40.6486778007083,-73.88546872176998,40.63399953321838,12,3,1,1.6321710762701276
3,-73.90893636365072,40.70425221224499,-73.90528278774966,40.68112213406348,11,4,6,2.5903276525303434
1,-74.00601576646505,40.78985916605371,-74.00222086521066,40.77186158903984,10,0,3,2.0265868435760246
1,-73.77411348920769,40.81392306861368,-73.7845053769444,40.82737049059187,0,5,4,1.7322091601835419
1,-73.85199096681099,40.712865093345805,-73.86397759890377,40.7443608192474,0,5,1,3.644908021108395
2,-73.85275799944252,40.66434531020779,-73.83996509586889,40.693682039837874,12,2,5,3.435848586671507
1,-73.99135497809095,40.784973153700115,-73.95306303773548,40.75428778997391,12,5,6,4.694738021096233
1,-73.89547451718471,40.76368020407902,-73.92640322873794,40.760238178280765,21,6,2,2.6328526211958803
3,-73.89773677050302,40.78589458303953,-73.88222455592566,40.82396349763788,16,3,6,4.429847421192886
1,-73.77860847186551,40.6565778995485,-73.77944540994173,40.642985156519494,23,6,1,1.5130923946838124
1,-73.82155429410096,40.86093494909332,-73.85160037634255,40.927007429336555,12,3,2,7.7688819333781325
2,-74.01082800076401,40.65066080182641,-74.02689071371663,40.68170950943444,4,1,5,3.7087617451183177
1,-73.99274520008092,40.63242062489382,-73.99697348679047,40.65640639981799,13,1,5,2.6908493972271508
1,-73.97995201650707,40.79795669144487,-73.96103606095294,40.81276602886873,16,2,2,2.290521741346771
5,-73.88899249643319,40.636623033209965,-73.90044761733616,40.64348849931095,12,1,6,1.231662592800918
2,-73.78681593059459,40.77444528646139,-73.8137721969017,40.77993273952199,15,2,5,2.3503813394388438
1,-73.81145252418537,40.870755013726175,-73.82047297624021,40.91192430021742,19,5,4,4.640186204594667
5,-73.95767378678067,40.89112330115167,-73.9436496584867,40.905305018327894,15,6,4,1.9687818103955168
1,-73.77124873619584,40.87446640647437,-73.75078084291648,40.86855734337954,20,4,5,1.8421701078999806
1,-73.84712113214972,40.82672223295099,-73.85004923338181,40.83005342938849,10,4,4,0.4448602745494956
2,-73.96920455159221,40.72406192332016,-73.9685126288872,40.72184493237867,17,5,5,0.2533203285438244
1,-73.84024105799415,40.8013223800921,-73.8280429862962,40.8091602310571,9,0,4,1.3467123296457133
2,-73.99153927533477,40.813208063724666,-73.98288920465191,40.807889315412446,17,5,6,0.9379511520967079
1,-74.04326590985146,40.83886356372451,-74.05244325072596,40.84399794349983,17,5,4,0.9601809793070039
1,-73.95121390784799,40.854951327108466,-73.95321279107306,40.864360411167894,4,2,6,1.0596611274030365
1,-73.80380198817663,40.65104612545933,-73.81154031325084,40.667186887017394,10,4,3,1.9097853359943755
1,-73.90475826186461,40.81359373850125,-73.91996924401286,40.83938693612125,5,4,6,3.140681160046278
1,-73.94079668339546,40.72720535014478,-73.95364382198329,40.733533822364954,6,5,5,1.291144356582661
2,-73.96968691105741,40.634731233097234,-73.98621267519836,40.659641891183824,7,3,6,3.101041517096957
5,-73.86483262417258,40.64872443266731,-73.87948171199967,40.649604869771366,2,6,5,1.239741730574024
2,-73.77755534246728,40.79127451278623,-73.75356842457482,40.774633905207295,21,6,1,2.739079588580431
1,-73.8398126925513,40.788166812658545,-73.82835501752288,40.773954153819766,2,4,1,1.851555878941525
4,-73.84500020629162,40.60113238894664,-73.84113819114978,40.60294720727265,13,2,4,0.38344559926908495
2,-73.7644680146771,40.85376172893308,-73.75031018702997,40.82208246630877,1,5,3,3.7184807048608457
1,-73.82453020388697,40.78428075183338,-73.83431278621727,40.78688460417758,11,3,3,0.8730276243203615
1,-74.0155930651986,40.63407495588166,-73.98964814719672,40.6126438455191,18,2,6,3.236290056344003
1,-73.99408918335514,40.63150841943404,-73.99620296668856,40.61669751687422,15,5,4,1.6565312235014118
1,-73.91908423750964,40.61203587382337,-73.92850092450831,40.635594474200765,3,4,5,2.737498847430569
2,-73.88140742820588,40.70650446459197,-73.87963107635713,40.704276224042125,1,0,1,0.2894999840679473
1,-73.78900258932562,40.61827762803061,-73.77910739524383,40.644053551866655,18,2,4,2.9853152766553466
1,-74.0455213098292,40.71672562232749,-74.0804586895349,40.702044100249026,5,3,5,3.367063500203738
1,-73.91773567071442,40.80996627356544,-73.96807547885284,40.80609421222661,23,0,2,4.258611564490959
1,-73.9844853609231,40.82596014281231,-73.97686866106936,40.81690292522268,19,6,3,1.1937603682115012
5,-73.9376261179195,40.62951309331873,-73.96430421304505,40.6464638200391,13,4,4,2.935972954843319
1,-74.04947104541442,40.89678546823005,-74.0404126867411,40.86502785287959,18,1,1,3.6124692986993034
1,-73.90513856363313,40.65762915102796,-73.90208485553705,40.699209720678176,15,0,2,4.630714060992873
1,-73.9355440419082,40.88943217576863,-73.93089874431494,40.85870213292365,2,6,5,3.4392744920004534
3,-74.01436977611782,40.67934656773296,-73.99471027893964,40.70703453055191,12,6,3,3.496570385009739
1,-73.8036124645542,40.82826587509984,-73.75573647770905,40.84323672764485,12,5,1,4.358196611407235
1,-73.92445277071442,40.732025033361225,-73.8995056506807,40.72842516956665,17,1,1,2.1398772098668117
1,-73.9251141088745,40.60832080076183,-73.92223645421691,40.61357223669253,11,3,5,0.6324430188011426
1,-73.80024634944196,40.85438303853141,-73.84436944421186,40.8838517218369,5,3,2,4.949990349820301
1,-73.77285661901264,40.66214634948738,-73.8315002306556,40.68151310651533,21,4,6,5.394284637577725
1,-73.95321164672896,40.747314163728426,-73.952112300694,40.71585018804976,14,2,3,3.4998605350112233
1,-73.78104752946653,40.77643353133448,-73.78815723615722,40.782917361508126,14,5,1,0.9371024804296568
1,-73.79256508504022,40.80263546305049,-73.81318183256164,40.81345756608702,16,3,3,2.1116215537628666
1,-73.7848092611658,40.74604241122355,-73.75560385095645,40.72901997798253,4,0,4,3.104434602356438
1,-73.78423011283128,40.76836880216166,-73.77626347001237,40.76969950957389,12,3,1,0.6870205927543087
1,-73.77443729947025,40.71926164898763,-73.78137297029292,40.67949241302477,6,6,1,4.460622972042067
1,-73.7534228562921,40.61180858252264,-73.74513262991283,40.61878513589875,2,4,4,1.0447311261314847
1,-73.83228067319108,40.82320848564574,-73.84546573540365,40.8143463821981,12,4,3,1.483947889130074
1,-74.04860554932242,40.64690503700106,-74.02826912844647,40.6584565769806,12,6,6,2.1431575885688803
1,-73.85228134125241,40.87692537820129,-73.86671725328623,40.88034417327975,20,4,4,1.2718311523651757
1,-73.77214778677907,40.7110234351172,-73.77174836254689,40.72761129640747,0,2,3,1.8447931602185677
1,-73.83132009648459,40.80484242582097,-73.82302835231445,40.80854532022356,0,5,3,0.8102884703426488
2,-73.82762072304565,40.802646886182885,-73.85882561472594,40.80453133690913,23,1,6,2.634844128400711
1,-73.85812673204545,40.61255780462175,-73.8298021857364,40.603943169218226,1,5,4,2.57580464190061
5,-73.83795973346712,40.7645451942056,-73.83816584944601,40.77229079938957,17,0,1,0.8614468954823647
1,-73.86020690910874,40.848551545015674,-73.85276777430751,40.840214784972545,12,6,6,1.1184445832205305
1,-73.98147010517411,40.60209128523684,-73.94898344284513,40.595975946004856,7,1,1,2.825830241525859
1,-73.9498475109792,40.88675189827304,-73.96918404346629,40.85379148383592,5,2,3,4.009492675043823
1,-73.81215077436987,40.62426946325594,-73.76746281914286,40.59340654392364,11,2,2,5.0998111480906285
1,-73.76082526282426,40.735923240612365,-73.75408296178723,40.73297995640569,10,5,5,0.6556168278375115
1,-73.81887034137964,40.661938052707626,-73.80254457562059,40.62738550965575,11,5,1,4.0815141021935295
5,-73.82829617691715,40.88893382182027,-73.78570193539161,40.87604765330132,4,1,1,3.8569101229143
1,-74.02251047437089,40.60091080573764,-74.0087033126731,40.618772295705625,6,0,2,2.302840627926603
1,-73.92273372341418,40.64429699590729,-73.9076601103017,40.64027618171246,21,0,2,1.3481134700142843
1,-73.95411465322456,40.67794490744936,-73.94649785768173,40.67785951063851,14,4,4,0.6423842809705971
2,-73.79223620540705,40.808044189183306,-73.8172113144775,40.80994298877565,0,2,3,2.1125476365740408
1,-74.00760550797916,40.63529387169797,-74.00222193399131,40.614501401513685,0,6,6,2.3562380418406565
1,-73.9957061267182,40.70723189907215,-73.98928310387844,40.696028664439744,12,3,4,1.35832453416594
1,-73.93907338321597,40.68742146606996,-73.9374616118711,40.691983588969066,7,3,3,0.525171677116507
1,-73.94567049372561,40.601370658777235,-73.96046692308241,40.579202594113355,7,4,5,2.763532524543495
1,-73.84165607741399,40.69277754235983,-73.87297963159084,40.67787004404019,10,6,6,3.1182672391625808
1,-73.99022428801763,40.76347789624162,-73.99352573032465,40.763962832454766,23,1,3,0.2832278675107618
3,-74.03822142368902,40.84447095158799,-74.03317285201989,40.844545365494106,14,0,6,0.4247540489407142
2,-73.96318656973843,40.82818739872644,-73.97282279992145,40.82861345504181,8,4,5,0.8121559301427719
1,-73.87133533111324,40.75147342463254,-73.89832331022585,40.76454192292657,17,4,4,2.697913033964233
1,-73.88632246921459,40.86765751157532,-73.8454639816212,40.814349109393355,22,3,3,6.852033272961802
1,-74.01864238569397,40.65163241874647,-73.99872988484833,40.6442876311051,22,3,1,1.8679481551654682
1,-73.86350118963891,40.664945582075745,-73.88096127926498,40.66873818539933,15,2,4,1.5318242655682348
1,-73.82462679094454,40.74353925531545,-73.8386484990432,40.71414785113896,20,0,4,3.4751943364425473
1,-73.8022409736873,40.66899887636657,-73.80020642740587,40.64791691992752,6,6,5,2.3504804197511633
1,-73.96346741432852,40.6841921560182,-73.95752498609751,40.6659957038848,18,4,6,2.0844897136035545
2,-73.79430139705437,40.7402406392223,-73.76351216839225,40.72519896909088,12,0,2,3.086701486114253
3,-73.83314374609739,40.72497961771354,-73.85020419693276,40.74350651946683,2,3,2,2.5120343266205922
1,-74.01528628172095,40.87998205013732,-74.02596133616152,40.87787912826127,18,4,2,0.9274544549958196
1,-73.97129555497996,40.61873221720523,-73.98580395124495,40.5997642784797,10,5,5,2.438941436217236
2,-73.9598308344664,40.89466064476658,-74.00337943328266,40.88153132433085,13,3,2,3.941159387311854
1,-73.85693935651427,40.6700114894391,-73.85524327825813,40.66872213335825,7,5,5,0.20252693649355263
2,-73.82925139088482,40.889076597560624,-73.85059564105543,40.88682589840336,12,5,4,1.8116182599423911
2,-73.87542162850578,40.82363373379903,-73.86382708710951,40.81587860495714,3,3,4,1.30213046548137
1,-73.81911900839478,40.77385554846668,-73.86239607764907,40.78868069114118,4,5,5,3.99937513279588
1,-73.96799981207914,40.75960614262487,-73.95180944889404,40.761529432055944,19,2,5,1.3802853204873142
1,-73.9007139804026,40.68982814443809,-73.89900726830078,40.66421920000519,3,3,1,2.851219648326049
1,-73.92354119054589,40.67727470729585,-73.8992934312698,40.7227356287863,17,6,1,5.452671010151453
1,-73.84041693338366,40.62562570664546,-73.8552093224889,40.62533002949993,14,6,6,1.2488355176825945
1,-74.02968882094656,40.73454110254777,-73.99593600564218,40.75575934183694,17,2,2,3.6948376071743145
2,-74.02807820432402,40.61788673094343,-74.02614930130724,40.59369743819373,0,0,2,2.694651266058008
1,-73.8730733746632,40.77797470462079,-73.88444577642235,40.7740043092286,16,4,3,1.054477287631053
1,-73.83554596743694,40.77399691702117,-73.86619819491571,40.76365667698597,8,4,6,2.8258229045631205
2,-73.86508599215534,40.79370745811875,-73.82770165693533,40.7692823358571,20,1,3,4.157425460276109
2,-73.83847691142121,40.72294375559552,-73.8618884786945,40.67968134832606,21,0,6,5.199661237442568
2,-73.9956060755546,40.66723657067816,-74.03459358582533,40.648169494098816,15,1,5,3.91293117946133
1,-73.7982794273747,40.6228460156588,-73.80059312645285,40.64930335086856,7,0,5,2.9483924295744908
1,-73.94170022409095,40.69800544653698,-73.93539313906422,40.68797350873652,13,2,3,1.2357576836849253
2,-73.9419672734225,40.778138182876326,-73.93886380555689,40.73444266006861,11,1,5,4.865747230020973
2,-73.98322454885037,40.851304914033165,-73.96482248581215,40.83725501954889,9,3,5,2.1992800480337955
1,-73.76769187520273,40.63077591092927,-73.74616167382598,40.61974209415435,1,1,5,2.1924757650263595
4,-73.87599802739429,40.68978089425906,-73.86819156453443,40.66228752101997,17,3,3,3.127203087580774
1,-73.81746777144821,40.755643622995365,-73.79688722703128,40.72385415206773,15,4,5,3.9371920302813455
4,-73.75099160874215,40.754274506776426,-73.75846614952877,40.72998126013948,2,1,3,2.7737122924124664
1,-73.99807462815387,40.78094237353644,-73.9829335162752,40.809736946258795,8,5,1,3.446177262858108
1,-73.98578809246901,40.895447060598386,-73.97960965008893,40.92917087694109,3,5,6,3.7856876461408815
5,-73.82913820694343,40.83058159803836,-73.82726925528299,40.82326424930394,21,0,3,0.8287088013558187
1,-73.93507392606564,40.85869029680444,-73.94167533320024,40.84392133427099,19,2,2,1.7335570008628214
2,-73.79626122019091,40.63238647909438,-73.80489559886033,40.63981302457004,10,4,6,1.1012572790293196
2,-73.95860959338572,40.6772624163505,-73.93904009402239,40.68608202452899,16,3,1,1.9195950996336824
1,-73.82788179099764,40.788361223849115,-73.86976415213528,40.749452793810555,23,1,2,5.581938776965281
1,-73.78354173224555,40.86375984741107,-73.80057877747163,40.816212184045845,23,5,1,5.477872668998511
2,-73.98793350836279,40.79751529208476,-74.00443513737186,40.79039314581498,7,1,6,1.599023060147435
4,-73.8591078182139,40.6305861125964,-73.80752881917043,40.636598165836304,7,0,1,4.403517040453101
2,-73.95579437088328,40.772363691864705,-73.99034610000334,40.74906385071913,18,2,4,3.896270587230675
1,-74.03336029082048,40.88576646602164,-74.01328179957125,40.88375890622154,16,1,5,1.7026243351896646
4,-73.90886610583792,40.82248232421798,-73.89397725246148,40.8122860070262,15,6,3,1.6897568755167167
1,-73.90051982289977,40.74120699754053,-73.88893865488097,40.74814075825867,10,4,1,1.2435125504652804
3,-74.02426817317381,40.83927560574725,-74.03302710566413,40.843476891922705,17,2,3,0.8724310644948913
3,-73.76821141791491,40.68798626442778,-73.73104253664222,40.661889725762734,1,1,4,4.2715109108447775
1,-73.98119902842848,40.77839459992675,-73.98965311813474,40.748441604712816,0,2,6,3.4058758644700404
1,-74.04523767346184,40.64446973892549,-74.02545976813873,40.64210483445351,4,0,2,1.6893025592179052
1,-74.01677901264686,40.74528257314651,-74.028784661105,40.771095000373435,21,6,2,3.043129309154802
2,-73.75504197707556,40.61475959999346,-73.77838009825606,40.61536285556032,9,2,2,1.97106802551262
1,-73.96206643625996,40.803902006561096,-73.99611173863998,40.82393925171301,8,2,5,3.629479769153664
1,-73.80151508644953,40.64237682623968,-73.79558058606497,40.637608558910635,2,6,4,0.7292825466607408
1,-73.85029073557783,40.70708344560854,-73.87929382430451,40.7022034973056,3,2,5,2.504303956841129
1,-73.96553946664794,40.77749479825748,-73.96338094809717,40.78522675890288,3,6,6,0.8787539629261824
1,-73.81797203298186,40.83744755825072,-73.83921963363697,40.82499782023089,17,6,3,2.2610011236544607
1,-74.00573969828213,40.65499991406878,-74.01077806760222,40.66030473515097,23,2,1,0.7270332845747451
1,-74.00887766719435,40.611775863655915,-73.95650766560371,40.611735171704886,2,5,1,4.4206728960696555
5,-73.9257059476583,40.78113073157145,-73.92286027328369,40.756147743599826,13,3,2,2.788298943553526
1,-74.02610890086599,40.69822598785884,-73.99795136758134,40.69142986104652,7,3,2,2.491264547431778
1,-73.84259609760174,40.75003808755024,-73.82636286081842,40.74483066695427,14,0,4,1.485037721299694
1,-74.03208301330841,40.64276365574345,-74.02313291055873,40.66379074348734,3,5,1,2.456991194135259
1,-73.8993827059293,40.73839642690085,-73.8899762696728,40.74412500399049,12,6,3,1.0167475217944772
1,-73.92250828801026,40.7916865047632,-73.9312656613844,40.771189510896825,8,6,6,2.395467011187474
1,-74.0006802931839,40.68098749747032,-73.98379034848224,40.68273496957971,10,5,3,1.4374156459728769
3,-73.94162148127889,40.61785055614331,-73.91340100453046,40.60192663456177,6,3,2,2.9681999855648695
1,-74.00890764970868,40.824837399445705,-74.04206095094291,40.82031560861623,12,3,2,2.834645809258064
1,-73.92715124506256,40.753961712010614,-73.91426718548702,40.713701646225715,17,2,4,4.606459455273986
2,-73.88723402686702,40.87174785465603,-73.88602899302609,40.85049049957022,8,0,2,2.365881391439269
3,-73.75439271706757,40.85884704481348,-73.77817876467412,40.866857931260455,18,3,2,2.189646308563234
1,-73.91780391773527,40.685715882170264,-73.9219962876158,40.698848181193455,5,5,1,1.5024147065953577
2,-73.8982619198641,40.87270614597974,-73.93251340495922,40.87685447287147,10,1,1,2.916542199318114
1,-73.84906932928313,40.712138467012274,-73.83749974465253,40.721115578680646,12,4,5,1.3954224185992983
1,-73.95601578118328,40.740878504798744,-73.94709849629614,40.72494207152281,22,6,3,1.924761690529594
1,-74.00068020844742,40.84349752811803,-74.01393782264019,40.83552041407035,3,3,1,1.425008410831298
2,-73.79122048887804,40.67743932465559,-73.81036582225806,40.65083700412538,19,4,1,3.3701195423911074
2,-73.75569929501283,40.62672405140528,-73.77382979906712,40.63085091973501,23,4,1,1.5973792170792216
1,-73.98864688883322,40.687606625203905,-73.99587597664767,40.704907944667966,11,2,4,2.018046153805972
1,-73.89177165666734,40.81388340554709,-73.89566976948271,40.80475317109691,20,1,5,1.0669282976997898
1,-74.0169138794729,40.73444764839876,-73.99827605361287,40.73521017880849,23,2,2,1.5726471996716989
1,-73.7912685569866,40.86978746468779,-73.7680261747798,40.875480800152346,4,2,6,2.0542439227596603
1,-74.0391647438638,40.89305078458907,-74.04136396688224,40.85821066279403,16,2,6,3.878455022762736
1,-73.99148815458008,40.63277075925963,-73.99936751776445,40.64215239617157,15,4,3,1.23704637478939
1,-73.96134734348566,40.88737158588203,-73.92242797323134,40.89156639440066,23,5,4,3.304663661693794
1,-73.82978286870095,40.72451606672703,-73.83731403333496,40.73286826962753,4,5,6,1.1248351128383554
1,-73.79333515286935,40.62984568441115,-73.79616571019648,40.64673192481411,17,2,5,1.8927934608684036
1,-73.9202986167437,40.81730213134878,-73.94095673894311,40.82373303073462,9,0,6,1.879672313043192
1,-73.89874768886862,40.79455154142146,-73.8808468624763,40.79396631344689,5,3,4,1.50831907378871
2,-74.01759240419256,40.666957887916055,-74.08375699391773,40.68307991708347,9,0,6,5.860719131249298
5,-73.80042634776414,40.64577267199286,-73.80606937376656,40.67663790138605,20,6,5,3.464906808277542
1,-73.89572740962329,40.709728377817825,-73.9037120427533,40.73772592530007,8,2,3,3.185070911894322
1,-74.00079347661136,40.84855504807653,-74.02030483258488,40.887074656380186,5,5,1,4.586662365935231
3,-73.92093144897937,40.66527511416039,-73.92372899085909,40.66356601381299,2,2,3,0.30297503680520016
1,-73.7961261858214,40.86298163159763,-73.74278763800862,40.85152324271627,11,1,1,4.663278912013959
1,-73.89896479179939,40.70421969888372,-73.9030068825198,40.71655231870741,19,0,4,1.4130133235683788
2,-73.89095490391362,40.85405246743013,-73.89714956110069,40.82502285550071,23,0,2,3.269739590266893
1,-73.8468520126233,40.628738165175285,-73.83117299339419,40.65352282449746,6,0,5,3.057001364637771
1,-73.8268024841861,40.78725439268225,-73.82959024389942,40.83569194010207,9,3,6,5.391117092156538
1,-73.76303519365756,40.62348783314268,-73.76300917809498,40.61089155999928,16,3,3,1.4006433894476675
2,-73.77496563256567,40.81716218903907,-73.74487128025487,40.81925560335227,20,5,4,2.5431428541710392
1,-73.79641356759396,40.713388816065795,-73.76968960408587,40.70184967331809,12,2,5,2.5923919961709556
1,-73.77473767552101,40.7749858606604,-73.77298690132181,40.766149327833595,7,4,2,0.9935773046128479
1,-73.82187497686104,40.60166037127391,-73.85565463884984,40.58969657859753,8,3,6,3.1470984985434933
1,-73.84005287999685,40.76303359665448,-73.87421158676695,40.76553378271931,13,1,5,2.890223595192103
1,-73.92814907021283,40.63097500842111,-73.94666774500433,40.6353261433536,20,3,2,1.6358867877565
1,-73.98586356190593,40.623590160158535,-74.0037636220417,40.6288826661325,17,5,5,1.621239387683678
1,-73.79069839523831,40.77116130737464,-73.77717838588624,40.7722082838213,2,6,3,1.1444553844710077
1,-74.04635860095497,40.77509039447645,-74.06261878590847,40.77209643217293,18,3,3,1.4091203824561755
1,-73.93396531067795,40.77479276397585,-73.90317507221617,40.737746976149346,23,4,1,4.867711612572244
1,-73.78195538850404,40.74164444515264,-73.76511072656479,40.703675720756095,3,4,3,4.454184996580291
1,-73.7865456862587,40.75540557114185,-73.84030868186318,40.75065653111032,6,2,4,4.5593316871778224
1,-74.04108750839598,40.68521540725262,-74.03114832451695,40.69879556806636,18,4,5,1.7269763692761608
2,-73.8487912618438,40.605489996011194,-73.84596238121641,40.6174259323421,9,4,6,1.3485263780757026
1,-73.91973969160676,40.75715024609775,-73.87290139520918,40.75081538350101,13,3,3,4.0076889802258
3,-73.83732316078304,40.83258250295231,-73.82092329553257,40.805077664805374,9,5,3,3.355345146849712
2,-73.81049494805318,40.76166503546112,-73.78682170486513,40.74350715150137,1,4,6,2.8377868961582027
6,-73.89190413450207,40.6538504215873,-73.89681867775043,40.651152634595775,20,2,6,0.5117390730263065
1,-73.98071230895584,40.74420700647243,-73.98260419884063,40.711995193261195,16,4,4,3.58533623609694
2,-73.94070261846538,40.83028780566659,-73.93352241335009,40.81484210642838,17,6,3,1.8206548438924741
5,-73.94120219011431,40.8841712425709,-73.9274423000508,40.91981061593704,2,3,3,4.128205049975697
1,-73.77793660738087,40.636393691155824,-73.77713801885827,40.621940785422815,3,2,3,1.6085022324996054
1,-73.97345339837368,40.73994653209697,-73.93771772118046,40.711845135814166,23,4,1,4.339620747911896
1,-73.83848665845234,40.87204322270766,-73.8525691956962,40.853832368324994,23,4,6,2.345828306665303
1,-73.82961338787032,40.66986840504515,-73.82785054869798,40.646251133299096,5,6,1,2.6303275010591545
1,-73.87848426987249,40.62621885280652,-73.88389374202976,40.59169632452427,1,4,4,3.865795208009263
3,-73.77638203065369,40.89369564567686,-73.83067607034874,40.85760747186001,21,1,1,6.0779406221787475
1,-73.90423053040335,40.76413821413338,-73.91461942376388,40.73510166488734,3,1,4,3.345217485727501
1,-73.76669437495848,40.80860611194421,-73.76740336589394,40.823576299341866,5,0,5,1.6656778093919664
1,-74.01511955462011,40.83775589039287,-74.00926673703212,40.80594754110627,9,4,3,3.57105058897202
1,-73.92527528424034,40.64661845006235,-73.90415024646133,40.68870397394369,9,0,3,5.0074030969720305
2,-73.8789719291235,40.750044168063496,-73.8937239645458,40.779560040830575,1,3,4,3.5092980287818323
1,-73.9401631062334,40.841682402051084,-73.92425472217751,40.81990964432269,0,3,5,2.7663676275015665
1,-73.86029768778013,40.687523604476674,-73.8580047830915,40.671995242221385,6,0,4,1.737467113219728
1,-73.9736952696407,40.6052890576458,-73.97521561931694,40.630678608604896,1,4,1,2.826104151957771
1,-73.80320311489348,40.849041329331634,-73.79687177605516,40.85022709497812,16,1,3,0.548615301766483
4,-74.02105539407944,40.74586902430756,-74.0176175008614,40.73270354608326,8,0,6,1.4923131584531295
1,-74.04218333416148,40.653179289632774,-74.0221238829012,40.67437892513067,20,1,1,2.901637849811205
2,-73.87430763620847,40.79338955605345,-73.87650057676656,40.81372580859443,2,5,4,2.26880876492053
2,-73.92512152214519,40.620267595395205,-73.88360296099606,40.61741256508646,9,0,5,3.5186549384153265
1,-73.9994253989507,40.72144774254871,-74.00697035562156,40.71600493167317,13,5,4,0.8778431402943784
1,-73.90624953647556,40.70418698062575,-73.85784442101802,40.678004115831726,8,0,5,5.013170850314597
5,-73.99057686398241,40.71618372614784,-73.99361921277156,40.70735889966372,9,4,4,1.0142273665669466
2,-73.94420679065898,40.714472735311475,-73.88948500739625,40.69747627869525,13,4,6,4.984829367871689
2,-73.81097918833264,40.6437894539611,-73.78959068516461,40.65853537748148,2,0,1,2.4381008761608767
1,-73.76905696398771,40.64518984788616,-73.76142262775947,40.65202583028117,23,1,4,0.9963063801797896
1,-73.80247256176065,40.81669650786365,-73.83178228544791,40.83806465592983,5,3,5,3.4244942634848683
1,-73.8350539193193,40.77488937000837,-73.86063285492584,40.77761976484187,6,5,2,2.175144448929577
1,-73.79381614830086,40.89736482297408,-73.78183982547934,40.90462991638358,7,1,3,1.2906472458508256
1,-73.95676302186948,40.678748894129235,-73.96209045571017,40.64914079782733,18,6,6,3.3227935862916627
1,-73.96895587585176,40.817224587935144,-73.94278028666758,40.84317697572275,2,1,6,3.630127057300808
2,-74.00533383921287,40.6749027447843,-73.99879774729206,40.66479114787087,16,4,2,1.2522196845799696
4,-74.03040805699902,40.76822510367624,-74.03986834553768,40.78061024162265,18,1,1,1.590968603093387
4,-73.98167681804978,40.78419364220157,-74.02649683129724,40.77328455614075,22,2,3,3.964049306633687
1,-73.79732678737484,40.74397525809499,-73.79244901039596,40.76061073575839,20,5,6,1.8948637443562963
1,-73.98233380101891,40.855034579726905,-74.00220159880658,40.87848451286521,19,6,2,3.0968148551059875
1,-73.79023417278108,40.83794281156009,-73.77810447436721,40.82941007398203,13,6,1,1.3934166840815387
2,-73.9257996844956,40.8977581540786,-73.8922818152605,40.896549217943736,1,4,4,2.820405339376917
1,-73.85177938971258,40.7057585387735,-73.84379402923913,40.714775575615086,1,6,1,1.2076110997737743
1,-73.7885457128264,40.72571492499342,-73.80688473625355,40.72413521271675,8,1,2,1.5553644714109196
1,-74.01543503162499,40.630938054142966,-74.00338422949525,40.637065269862624,0,5,4,1.2240382570479635
4,-73.89612109366261,40.674202961967666,-73.92959727141961,40.67146769127026,11,2,3,2.8395513102999934
2,-73.75657980734613,40.84116255987696,-73.78488042911444,40.84645769522052,18,4,1,2.4523357979743268
2,-74.043477757649,40.87193951939546,-74.03123686162782,40.83585693987115,0,1,5,4.142182431167626
1,-73.88524703823663,40.7847802858829,-73.88999659128577,40.79885432994136,13,0,5,1.6152329791084987
1,-73.8488872268694,40.83779069992033,-73.83666174155255,40.86870208434269,23,2,5,3.5876943818289186
1,-73.76147638698862,40.786358073283566,-73.75160566039106,40.78550870826836,19,3,1,0.8363841936541746
1,-74.00661223170594,40.787628085872605,-74.05319759994673,40.752371353889544,6,1,2,5.54613469779201
5,-73.79276843245904,40.69398631519567,-73.8064995801215,40.68005578846867,14,5,4,1.9338681905605912
1,-73.7565254218333,40.68434504845255,-73.77660442983581,40.66079459676008,1,5,6,3.1185007229432276
3,-73.83273825319121,40.70786852433334,-73.81634647098683,40.68399743089862,8,0,1,2.9925333031635115
1,-73.75910207604919,40.67096658342762,-73.76643199610676,40.705998984629375,13,1,5,3.9441465422063056
1,-74.00106072550547,40.65999223680642,-73.99682062218953,40.65204289041793,16,4,1,0.9535520854661829
1,-74.03578578008319,40.861937466910696,-74.06914521773814,40.89287893153986,6,5,4,4.438888319824789
1,-73.96249479695601,40.894144989635926,-73.96691621022839,40.88622601181018,22,3,6,0.9557725671916668
1,-73.90829241394037,40.63982158930948,-73.90183582804515,40.61385082793218,4,3,6,2.9387742007436235
3,-73.95435343116819,40.78345459671766,-73.96664758830354,40.76287482639607,3,0,1,2.511652126721416
1,-73.75071494918784,40.721314901749864,-73.75724924429647,40.7309211163102,6,3,1,1.201733606186015
1,-73.96768387293828,40.68388790430486,-73.9853732310022,40.685966512416336,14,0,6,1.5093641291526427
6,-73.87820004895843,40.84483253278283,-73.86239693759183,40.84942559193671,4,4,5,1.4240045204483713
1,-73.86310723726393,40.887071253036325,-73.8199546738624,40.89839562331045,0,1,6,3.8395991842647015
1,-73.77782047582166,40.63100865760952,-73.77917873435509,40.63337151832062,22,4,4,0.28665091707275037
4,-74.03298592101007,40.62814503134326,-74.05218716483213,40.643889799855195,3,2,2,2.3854216033657667
2,-74.04447953359595,40.72218350506506,-74.03546322025154,40.73533573269365,12,3,6,1.648034297876644
5,-73.80781976301837,40.76659888528106,-73.8342917558552,40.76662394760024,17,0,4,2.229375966461213
1,-73.7999429673457,40.71444110302432,-73.80528771822483,40.72183542364751,17,1,5,0.9375127536062898
4,-73.96840380310498,40.71592775795394,-73.97536852130592,40.70968585233205,20,1,4,0.9090217047546176
1,-73.90705545136342,40.79472580600945,-73.8962271195548,40.80811556757201,5,5,6,1.7457020662672418
1,-73.93316450109269,40.65680688674161,-73.90421779716027,40.66201263208546,14,5,2,2.5093893611902605
2,-73.8878261167859,40.78226454251622,-73.9121894910659,40.803931678302405,19,3,6,3.1640340807341056
1,-73.98262894828068,40.76872552162989,-73.98358645761842,40.73471751377816,16,2,2,3.782377996307598
1,-73.87625784978597,40.69704061568266,-73.86219340253332,40.717143164169634,4,3,2,2.530221619679022
1,-73.86755943012305,40.72529592962952,-73.89335882058636,40.73415608552016,2,5,6,2.386760079454108
1,-73.95305763812205,40.84804049991275,-73.9674427722504,40.879624882809225,8,2,3,3.7145194127670282
1,-73.94127632433194,40.72022300949918,-73.932651127649,40.734023812200725,4,3,5,1.6979964350798002
4,-73.98064753864358,40.61485284065925,-73.96312791483803,40.607319691288424,1,6,3,1.6996346528165094
2,-73.9451194802787,40.613207738740094,-73.97448857370725,40.58770250344252,13,6,5,3.767130071385571
1,-73.97432217685373,40.72230173744443,-73.99311682219928,40.67938970720216,2,0,5,5.027766045182932
1,-73.9586816942344,40.66676871835259,-73.94662256978198,40.67302704454228,1,2,1,1.2323404444073858
1,-73.76300970314082,40.64354469786054,-73.7797971568128,40.690734352179234,16,1,3,5.434922585545802
1,-73.82853870891782,40.806096940767816,-73.8515380151415,40.792028542303896,15,6,6,2.489001162840886
2,-73.9339162450224,40.818883289793085,-73.92428018040808,40.82488277995317,13,2,4,1.0499995394263546
4,-73.96871575755031,40.759713741255254,-73.98940406300336,40.7719187175778,0,1,1,2.2084981809586473
1,-73.99778490088403,40.75638996349749,-74.0249746313878,40.78866109256537,16,4,2,4.256624523230952
1,-73.9410001522982,40.812910825990016,-73.94279817053342,40.813633879891974,8,3,6,0.17134970600106564
4,-73.94709286816558,40.85467136876669,-73.96480016289085,40.84682082108666,12,3,6,1.7263259285013426
1,-73.86425199260118,40.6792722885625,-73.8504901644875,40.68989706170261,17,6,3,1.6559841689344577
2,-73.84036691579146,40.80316310805794,-73.80872850624023,40.79924283489988,22,4,2,2.698524638755511
1,-73.93506524065094,40.7583624069192,-73.94338948020759,40.75843618906784,15,2,3,0.7011715725244503
1,-73.9972116044017,40.67100977219662,-73.98994064281115,40.68434202991333,11,6,2,1.6042759013547347
1,-73.83415375889271,40.848250080507825,-73.82565135622708,40.87152538260425,4,4,2,2.6850537645530115
4,-73.75509545312492,40.85090510641838,-73.77645758371527,40.841661591269485,23,5,4,2.0700779703187857
1,-73.83501052307038,40.77571940917582,-73.84046778539967,40.76081187681132,1,4,1,1.7201714816234126
1,-73.98070303804002,40.802592252576126,-73.98683833955516,40.795874070672426,16,1,5,0.9081627506658386
1,-73.96326962384246,40.896523670751854,-73.94086525388332,40.88991736268534,23,3,3,2.021414572922264
2,-74.01399339588895,40.74153497389792,-74.00897119048771,40.71307378319348,22,0,5,3.1929107566343227
2,-73.98555578076876,40.79071682551306,-73.98788719689901,40.80855996283128,21,0,3,1.9937481388206135
2,-74.04991405768213,40.65561486986642,-74.04951095315785,40.655828568481375,0,2,6,0.04148436949245096
2,-73.96361903358888,40.74618470535063,-73.92932981729614,40.71593077636454,1,2,3,4.43450782280332
2,-73.8144179387458,40.835610480733614,-73.78283100234219,40.8190298776818,15,4,1,3.23458572534307
1,-73.78591068477444,40.607891498080974,-73.78875992719577,40.5590927429247,19,1,6,5.431506121372673
1,-73.77527084074566,40.85331675361024,-73.773910866215,40.848272129088265,3,2,3,0.572480815597682
4,-73.99155877606209,40.804646241979945,-73.987938904055,40.81670021330267,11,5,3,1.3745269180905355
1,-73.75990341056922,40.81221677212884,-73.76783461193929,40.8019563017228,23,3,2,1.321845953333573
5,-74.02580273369814,40.84713592680449,-74.02000837452312,40.863657829445216,2,2,2,1.9006878557168045
1,-73.92956385390886,40.66833754654281,-73.91058867574046,40.65985073937547,16,5,6,1.8579814488565545
1,-73.9526199678161,40.61101880786339,-73.98261123216717,40.61815687184661,6,2,2,2.6530352962798007
6,-73.75925584571253,40.846634870293,-73.78450431774493,40.82629091509419,8,1,5,3.103077040887269
4,-73.95600263010975,40.74751803674949,-73.96524139299409,40.75508287390268,3,4,1,1.1459570874682945
1,-73.79694833836217,40.72370335771932,-73.7856837958147,40.710526255398264,16,5,1,1.7459047146780762
1,-73.92489943881709,40.62826769703547,-73.90568417252727,40.630113526405594,19,6,6,1.6345185709359864
1,-73.980671056527,40.72340109101499,-73.96131036825632,40.737689405933104,8,6,4,2.277195263415069
1,-73.78339942020285,40.622550374402614,-73.78918016333583,40.65128310083839,6,3,5,3.2319546102490166
1,-73.99518607793101,40.78047217878548,-73.97111889375181,40.80702682202405,3,2,2,3.5809842876633904
2,-73.9484207937237,40.68090657498172,-73.91324347204699,40.68468304767021,0,2,3,2.9958148475565447
1,-73.99360483837718,40.739048466180186,-74.03863102422524,40.72822641106884,1,4,6,3.9800940448820095
2,-73.99501199093217,40.78306479197356,-74.0047515452136,40.795963171615846,15,1,5,1.6520717450450435
1,-73.90210463265448,40.694581617012965,-73.85685203922397,40.65853616246468,4,1,3,5.534235967302503
1,-73.94062895283272,40.78299721864452,-73.92033402864301,40.74682837312805,18,5,4,4.369920248338343
1,-73.77833722490513,40.85551651000064,-73.77230626386459,40.876570417274976,17,5,2,2.395388753907013
1,-73.99531223833927,40.75037402649739,-73.95410790591076,40.76167608341585,3,5,3,3.6911583896256217
1,-73.94739114561861,40.82089971618697,-73.9417193869109,40.816014457991464,5,5,5,0.7231054914901872
1,-73.86858216411011,40.87929678217719,-73.86437600703299,40.88278779763684,0,3,4,0.5251007726317889
1,-73.91034558246133,40.71365972932522,-73.87418913054402,40.75236468094861,3,2,3,5.272933090665711
1,-73.85455200662416,40.698914855789035,-73.86163027172289,40.69696267797836,18,4,4,0.6349775203946232
2,-74.0151543399746,40.830989115685234,-74.02719272908827,40.82539868214762,22,3,1,1.1884297231149126
1,-73.88593993017456,40.63345703940486,-73.90920270707909,40.615544930430815,15,0,6,2.7966971814438
1,-73.79538420132171,40.60552256840449,-73.80994111304159,40.60743654157924,8,5,5,1.2471718381682257
1,-73.9638675460468,40.62875086555204,-73.9843138268559,40.613579386675056,13,5,4,2.4132738218568965
1,-73.81153350105963,40.85935048848803,-73.82939548189341,40.85600160942553,6,3,3,1.5476732950098355
1,-73.76073331657382,40.819773213777395,-73.79806940763265,40.82777733617915,11,2,4,3.2652408938335675
3,-73.92091431212538,40.83647729295374,-73.94050181016608,40.83523881530058,0,1,5,1.6536115539769216
1,-74.0299146464965,40.74782124232591,-74.03718487704516,40.7940859016686,0,0,5,5.180698043054018
2,-73.84844526643404,40.831565008319416,-73.83821801565072,40.83167895254434,20,0,5,0.8605517385321754
1,-74.00149679607527,40.826832370103,-73.9928963698579,40.8029683918034,6,0,3,2.750488673386778
4,-73.91587950717165,40.65081718264981,-73.9244747956975,40.65288212607642,19,5,6,0.7605978784231339
1,-73.75972024200392,40.73426209256895,-73.75812364282856,40.732930474541135,23,2,6,0.20005464340605678
1,-74.0303606943557,40.78455697919769,-74.00421637280168,40.80026783304344,9,6,6,2.8099751742124055
1,-73.7877489034972,40.86833863795879,-73.72400919435408,40.871285267619,15,5,4,5.369585863901267
2,-73.93163823752727,40.78222995280825,-73.94505560110608,40.83647340442631,18,5,4,6.136393673054979
1,-73.93829290062953,40.81875436945015,-73.91045626337679,40.814989342631904,8,0,4,2.379641989260303
2,-74.0209904843361,40.82745508287888,-74.02164984413676,40.82120126053448,22,4,3,0.6976030127123567
1,-73.88162385376165,40.84929709317028,-73.88830198923375,40.82883056158039,10,4,1,2.3440909797107468
1,-73.98901477439676,40.74773551145862,-73.97661390641568,40.75399973050963,20,5,4,1.255538342208209
2,-73.98838963487837,40.82410217764075,-73.9680932635406,40.826222374663814,14,1,5,1.723975105491049
3,-73.83192031101056,40.82144138104643,-73.82404048115116,40.766120477984096,4,5,4,6.187066084231521
5,-73.8994785336992,40.75765537397892,-73.90256533210203,40.75379294017275,2,0,4,0.5020522187045353
1,-74.04784766849487,40.78457221448736,-74.04685656639123,40.80564115641629,11,5,3,2.3442445721433964
3,-73.85476798306551,40.84634543617187,-73.81280508974187,40.8389466463931,23,4,5,3.6245200461265012
1,-73.7606011957845,40.7968978820306,-73.71620931384224,40.81118780683027,0,3,5,4.060248006772291
1,-73.79637374825604,40.77173699970396,-73.80135061054905,40.74869935173883,8,1,3,2.595738308491211
2,-74.00539363158938,40.76611507454766,-74.023747414583,40.76784672528482,4,1,3,1.5576269438076176
1,-73.8247508908941,40.8046580176627,-73.81323784751848,40.783408135975186,8,6,1,2.5539222901379337
1,-73.98477310865974,40.783727831167226,-73.98934178521826,40.794409953287406,3,0,5,1.2485197719218202
1,-73.7726778637849,40.76910659830019,-73.76795459991637,40.76565077978312,4,5,3,0.5530688120373751
1,-73.91344499579972,40.68375887004944,-73.9064647635236,40.6823150768404,22,3,2,0.6100901526843197
1,-73.96310619688578,40.7216942726945,-73.97856126767851,40.726950279177494,18,2,5,1.427518953940222
2,-74.0288665185462,40.680259854515384,-73.99292230745647,40.69505888210304,2,1,3,3.448617557040567
1,-73.90513256320172,40.71903049629157,-73.89360598674409,40.74379901960139,1,5,1,2.920370155477567
1,-74.04549319772863,40.69866564841398,-74.05305605917616,40.74481224105453,13,6,5,5.1706973557203035
6,-73.82373967240227,40.64289989864691,-73.81298436191237,40.64681917441853,14,6,2,1.0066550438560151
1,-73.87870670425053,40.8887353136813,-73.84709611901293,40.89578430781747,14,1,5,2.770284870271278
2,-73.952648565814,40.618598187110706,-73.97335073397282,40.58669818609567,12,4,4,3.954326212804042
1,-73.75822313897453,40.75197681213708,-73.75192618154507,40.74714556319882,14,2,1,0.7549599032724145
2,-73.7777061202035,40.68665919713308,-73.8014184201361,40.69672752123183,9,2,2,2.2913391786816337
1,-73.79675786199236,40.77909991393019,-73.75470128708481,40.77403903929278,15,2,4,3.585753245531876
1,-73.81725119448558,40.72848652172354,-73.79684678149293,40.71321345802627,13,0,3,2.416835147617652
1,-73.95376426079699,40.84129171616341,-73.9726984774365,40.845287527690616,17,0,2,1.6535418909794104
1,-73.76987674053166,40.86751279803548,-73.77762371742232,40.856264799994705,0,1,6,1.4102251477665566
1,-73.95854164276658,40.769418645870864,-73.9673271289516,40.81190213564604,22,5,5,4.781497460300695
2,-73.85994138484742,40.85093286811314,-73.86756979834612,40.862773610606645,20,6,3,1.4646228301784605
2,-73.9929465593428,40.81707537847614,-74.00002141110613,40.79310214290258,11,3,2,2.7314018602656973
1,-73.79686259666005,40.61552599272718,-73.79920900484876,40.55764283751927,1,4,4,6.439362321992414
1,-73.80977086402854,40.71045002740704,-73.80320767902077,40.73335738237533,22,6,3,2.6065404174972966
5,-74.00837862663197,40.62823344629941,-73.97298011481408,40.625226705421554,11,2,4,3.0060492095906866
1,-73.98800169783078,40.768861939962704,-73.96993109275574,40.73826814905077,8,1,4,3.7268828172458313
1,-73.92986643206443,40.87726098872673,-73.93192524380815,40.867781547445176,1,0,5,1.0681860217717458
1,-73.96959648037418,40.643616078664266,-73.9788434195538,40.630739018986496,13,3,4,1.630655182773268
1,-73.79424309795347,40.78549199529309,-73.75938833400795,40.782337565721456,23,2,2,2.9554638927873307
2,-73.94476822461966,40.87009081079001,-73.92989065385157,40.85986970752831,2,2,1,1.6902389372419078
1,-74.02744214568948,40.6927501704267,-74.02650825532173,40.7106489885194,12,3,4,1.9918141704812513
1,-73.87877131457455,40.864204914115355,-73.91534849928739,40.835241953539736,17,3,4,4.453868367073698
1,-73.79683950984472,40.69305989188425,-73.78354972732168,40.72343179330346,6,4,4,3.5581364553067214
5,-73.95109612788096,40.79865205588319,-73.96766509000186,40.827498300194435,23,5,1,3.49753773918546
1,-73.94241297789303,40.7627397488666,-73.94712251303717,40.73930051821762,0,4,1,2.6363428111766147
1,-73.99130567603419,40.6800444768005,-74.01614687056028,40.71785901274875,16,6,5,4.697417437206737
1,-74.03019807006102,40.68979600780949,-74.0198368444415,40.68569471828864,22,2,4,0.9854873276003892
1,-73.82061193269166,40.60667664835881,-73.81003436616953,40.62023159014244,1,4,4,1.7518454266258376
1,-73.87742110328475,40.78980240972564,-73.83153351409477,40.77774276351247,6,1,5,4.089588232707592
6,-73.89427022747134,40.89437704875826,-73.89013632593533,40.84273032917907,9,1,1,5.753363688250903
1,-73.80590325399127,40.71174218192755,-73.83324235434796,40.69195271394528,3,1,5,3.186458852731194
1,-74.0396895382296,40.71436899967288,-74.04186302769513,40.697032279146654,5,2,5,1.9364418451550593
5,-73.98979782936969,40.609532878727165,-74.01393361999004,40.60730019828527,1,1,2,2.052528219028787
1,-73.7674589921197,40.68451920514145,-73.7754736464362,40.64677722592392,12,6,4,4.250810706775699
1,-73.75265716787706,40.62545419898162,-73.77746054474206,40.630888787805674,6,3,1,2.1786788658758085
1,-74.04329013311026,40.7570576461168,-74.02142698842418,40.768605414151544,9,1,6,2.2448431232019974
1,-74.02322714014635,40.844587861166765,-74.01249018836243,40.8448117792878,13,4,4,0.903506532505955
1,-73.86498101938737,40.79192619514668,-73.8709502572351,40.75303878412121,21,0,6,4.353201372106785
1,-73.81049675183655,40.84585337183431,-73.79417848608666,40.87108159376798,23,3,5,3.1229489252413303
1,-73.88931715013,40.810186679415835,-73.89513508469311,40.82123941820932,12,0,2,1.3229409940328312
1,-73.7855584108533,40.76547777132546,-73.77487128191,40.76316523757624,14,3,1,0.9360733684752883
1,-73.82715887630341,40.866804679069624,-73.80856620983435,40.87426771514028,17,1,3,1.7699527901418235
1,-73.76954146172429,40.62386824350157,-73.77515790347705,40.600255972669416,7,1,6,2.668024666159882
1,-73.82629778739286,40.76649907209307,-73.80645419320825,40.77863552085384,15,2,4,2.1478917705866074
4,-74.03054410435156,40.88278647434377,-74.00332871666761,40.90534773177691,17,0,2,3.3950815723629946
1,-73.9961516118272,40.63297918548834,-74.01551940029738,40.62375275191906,22,1,2,1.929776672053573
4,-73.91027052300984,40.660725569054954,-73.918494107838,40.66594412057223,22,2,5,0.9043510025430542
1,-73.75059384555384,40.88263301554066,-73.74306204002015,40.8778736433236,9,3,4,0.8252473281808799
3,-73.8301090996835,40.634958283215624,-73.80718427283821,40.64415453296125,16,2,4,2.1879899063795367
1,-73.99929959607205,40.75642509343261,-74.018344846562,40.79007379878392,17,5,5,4.0707935494969405
5,-73.77010927765298,40.67110122348698,-73.77400370560692,40.653219555228006,4,0,4,2.015302494538118
1,-73.93245418803312,40.856229948132366,-73.95000431994191,40.88082741564218,1,1,6,3.107837064608678
1,-73.86148448433475,40.62397387617478,-73.82730592738086,40.63360362834362,23,3,3,3.076697344737931
4,-73.83268477950128,40.76190464792656,-73.7899984037112,40.73537068009174,0,2,3,4.651379998773614
2,-73.75835891266857,40.64345550903362,-73.79602573328803,40.65711054132859,13,1,4,3.521828350050694
1,-73.92790357336295,40.81776141583448,-73.90608638298433,40.84708105259844,16,6,5,3.7414019838561536
1,-73.95025863192298,40.85110171062926,-73.93476288341648,40.857351051983215,16,4,3,1.4769563304973037
1,-73.85981849194147,40.791924563879405,-73.84603208572894,40.78023288514421,8,1,4,1.7428050440294152
1,-73.87821281461225,40.712190504369154,-73.85233378701318,40.68754580209159,10,2,4,3.5027259608094363
1,-73.79123295024284,40.61249890012899,-73.833968194001,40.63145006056067,11,6,4,4.177295826199061
1,-73.80020021505187,40.74498897377343,-73.80536704239917,40.751223963636,12,0,6,0.8186015478180776
1,-73.94674843504966,40.70622281550734,-73.92064054277542,40.72854744511069,5,3,1,3.31718689882517
1,-74.02672346449319,40.80044317737474,-73.99519925872984,40.799695998591446,4,3,6,2.654816356899551
1,-73.80541867255815,40.846570675494355,-73.78882429835727,40.86499016491413,15,4,1,2.478456445066285
1,-74.03146469673136,40.65392294547588,-74.06919743737585,40.64450435236083,9,2,2,3.3511734005734035
1,-73.82092782596003,40.75132279848702,-73.8452293994904,40.72636140104472,4,5,6,3.4490400044275953
1,-74.0269699788565,40.65613012535941,-74.00857080499969,40.67876287703342,5,5,1,2.956629964854464
1,-73.90355215651684,40.828697531322625,-73.91875453078602,40.82697414341366,16,0,5,1.2933832186793104
3,-74.01274607355114,40.641607269825194,-74.03711875778554,40.65347095380261,4,5,4,2.443032861792119
1,-74.03644967305075,40.866067927935866,-74.00824959787285,40.860345851645896,1,4,4,2.455324223332982
1,-74.03159573261121,40.606179287426606,-74.03698013539893,40.59032902132855,8,5,5,1.8201538660516734
1,-73.77005155601853,40.83674111626339,-73.75105413716614,40.85673804305502,20,5,5,2.7381907536595893
1,-73.85012109214246,40.78501616442353,-73.86732675139459,40.79159932663986,16,5,6,1.6229811427983796
2,-73.93278128313709,40.659010645532035,-73.95209573640122,40.65322766136472,10,5,1,1.7515984287951214
1,-73.76036680393679,40.7338354237809,-73.76126911746252,40.72716387964453,11,5,2,0.7457278534708335
1,-74.00759226073416,40.790686692339314,-74.0211595299297,40.798760453681616,18,1,6,1.4527122326568853
3,-73.84731166969038,40.76256130958728,-73.84425757643325,40.77846624232361,1,3,1,1.7871507572671135
1,-73.88184051835135,40.83700270480853,-73.89287277716558,40.83548525606545,0,6,4,0.943335329015362
1,-73.77621469053884,40.61249210546081,-73.77657010435837,40.604635159663495,20,0,5,0.8741675321077857
5,-73.96500167841651,40.80517483300924,-73.93576918357185,40.78689297935548,7,3,2,3.1918384176078054
4,-73.96684559059761,40.89989797633848,-73.9523328143666,40.878981758705216,5,0,2,2.626313099294031
1,-73.91524456948241,40.85960690133164,-73.91410755226613,40.83952534071801,17,0,3,2.235014714193873
4,-73.76336652688288,40.8493050811216,-73.7792911810164,40.8384446363886,16,6,1,1.803543887365185
1,-73.82025233591126,40.84454269515629,-73.82025882983281,40.85713064315347,1,6,4,1.39971606072154
1,-73.99417298152179,40.81608465070192,-74.03717090545548,40.86310001526808,11,6,3,6.35723067534939
5,-73.95325083449299,40.781288503183426,-73.94934874927931,40.77682348702221,12,6,6,0.5953567792301764
2,-73.75583780539579,40.63873620394697,-73.75285049111989,40.63711188366423,10,5,5,0.3100968769695182
1,-74.04441669509315,40.85418733030881,-74.05746076199428,40.87610364371452,0,5,3,2.672463269491862
1,-73.83371629789875,40.63613758494365,-73.8200816545691,40.63387234204508,0,6,1,1.1777801269625154
1,-73.76160258456514,40.86848266903649,-73.74837488271508,40.862780440829155,1,6,1,1.2803523380330026
1,-73.96330512872746,40.82223566886661,-73.97137893705653,40.84631465884371,16,5,4,2.7622791100385813
1,-73.76782649381792,40.89118052748444,-73.7954491209057,40.90521069814054,0,0,6,2.797138918932645
1,-73.75172990934709,40.73441291808951,-73.75779922320994,40.725746812189016,10,1,3,1.090927856755039
4,-73.8080360176328,40.88107103487479,-73.81474804874803,40.90548556311986,2,1,3,2.7727763512964825
1,-74.03200179811142,40.76482492894065,-74.03770462532121,40.75661983038216,18,6,6,1.0310731366973809
1,-73.947613124992,40.83089389280456,-73.89488102106948,40.81876235818691,8,5,2,4.637540416953167
1,-73.90260676974619,40.715840200471845,-73.91333958143467,40.73711182196133,23,5,2,2.532313030035833
1,-74.02796665895222,40.69856904043622,-74.00408048143838,40.66093140992869,0,2,2,4.644600177100551
1,-73.97614379276162,40.84305672858148,-73.95175371807193,40.841175651376965,21,2,1,2.062341621217145
1,-73.84237975471864,40.62350658416429,-73.85693184998979,40.66138808850601,6,3,6,4.387528967916595
1,-73.96813856477944,40.64597106617798,-73.98906095087051,40.65571982607302,6,5,6,2.0713677303503553
1,-73.96254707516633,40.86948849170642,-73.97812722397028,40.87002219964186,16,5,2,1.3114079307039557
1,-74.03345466275832,40.63313396820155,-74.05787227339249,40.66769748733205,16,0,5,4.360535295883964
2,-74.04159434461815,40.77197640052187,-74.02750626388047,40.774441034782626,11,3,5,1.2175721481869377
1,-73.94212312782402,40.854714575527915,-73.93029034908251,40.872800099532526,17,4,6,2.2437312984045903
2,-73.94316453093487,40.87482012357186,-73.950855869166,40.908660014865056,0,4,2,3.817961237436281
1,-73.86929074776175,40.84742689404053,-73.86124777576966,40.84916691985521,17,5,4,0.7036403154458779
1,-74.01148828044023,40.67550903974685,-74.01460038626188,40.67831577282671,6,1,5,0.40777395451947274
1,-73.7593095609034,40.831096280209806,-73.76509033066283,40.77530410159114,15,4,6,6.22285877840513
5,-73.93122237784792,40.85080687502223,-73.9469587913694,40.849708189085426,9,4,4,1.3292197406006248
1,-74.01457097291,40.86483933865093,-74.03973153545849,40.85849564474458,22,1,6,2.2303786084405473
1,-73.89361396285024,40.61981321300345,-73.89724390124663,40.65444825416952,17,2,6,3.86340170827558
1,-73.89860743499013,40.83438316462034,-73.90389651869134,40.822186618776776,16,1,5,1.4273399521841512
1,-73.9760886000557,40.75112243658021,-73.9814781567104,40.764792019549674,18,0,3,1.5863268807476891
1,-74.04304377952403,40.85542365960903,-74.03655560853531,40.85630757849593,13,6,4,0.5544565843533795
1,-74.01915568413068,40.85575891579286,-74.0619069708288,40.84337169616346,21,3,2,3.850638863895372
1,-73.86549554248987,40.72102539296269,-73.84659606136393,40.67740691354973,10,0,1,5.105140648455716
1,-73.82452587541515,40.80766783852387,-73.86536069080252,40.78650304731228,21,0,5,4.165832621282901
1,-73.80135567438646,40.65019362275826,-73.80347285292851,40.64899952178154,6,0,1,0.22256047155424818
1,-73.93986572303992,40.72057748629278,-73.91952047516473,40.71486110876505,16,4,2,1.8286865692437582
1,-73.99940321220205,40.790692331895904,-73.99166669726787,40.793413131954985,20,4,5,0.7181298566697994
1,-74.01351416238593,40.84710102524622,-73.99566314585087,40.83276137057234,21,0,6,2.1903162016343565
1,-74.02321567711626,40.73196605165936,-74.06150264390209,40.722367365999155,16,4,4,3.39826448776603
1,-73.96691071574733,40.76777016169867,-73.9537989088009,40.80002667771405,8,3,2,3.752804245892529
1,-73.92965045190189,40.84415247555087,-73.91832113764984,40.809360343691374,15,1,3,3.984418399448155
4,-73.89150292553248,40.86714884619585,-73.87960528038529,40.834998306691105,7,3,5,3.712393186306166
6,-74.01302388755857,40.75226008207611,-73.99302515804185,40.75214154704904,4,4,5,1.6846364354715657
1,-73.7796389276307,40.69196836429879,-73.765305995041,40.696464457909926,10,3,6,1.307718442540389
1,-73.84772425621455,40.75964291531473,-73.84521651854611,40.76024197916982,9,4,3,0.2214689308957707
4,-73.92246915978143,40.69458348949934,-73.90994256082385,40.72770447399232,7,4,2,3.8312413092637723
2,-73.81461876239666,40.87044076851828,-73.85883055778827,40.87468819564916,22,2,4,3.74729468250257
1,-74.04080215295494,40.67579449781684,-74.08198075601918,40.68193705124395,21,1,6,3.539021785940939
1,-74.03294741479553,40.74686334764682,-74.06976567132016,40.75472763106533,18,2,4,3.2223598475612403
3,-73.86425218818394,40.70316412783619,-73.84062063990233,40.69134226050548,14,3,6,2.3868401197632183
1,-74.00427130266743,40.860728830577045,-74.00788907685177,40.83328679182953,0,4,4,3.066551660560578
2,-73.78990180487256,40.87978630771402,-73.76102538620972,40.87655853794037,15,5,6,2.4541656513995203
1,-73.96854702197864,40.70456487057,-73.96499694187806,40.70639344049738,13,4,5,0.3617906449148537
1,-73.95543704585167,40.68002713847215,-73.94846720738198,40.687226545358,0,0,5,0.9931059212578389
1,-73.87358357024596,40.87559306793571,-73.85446617435456,40.89649639949157,9,0,5,2.825835725874433
1,-73.95635836250102,40.64634640743688,-73.96023027354032,40.65785886333975,10,2,3,1.3211425415841416
1,-73.90180382037096,40.60523767246755,-73.88813070684964,40.59020264626293,5,3,2,2.031665623142032
1,-73.90516963063571,40.88739565028256,-73.93380139621581,40.89477013218995,11,1,2,2.5425985823778747
2,-74.00893634000882,40.819754790979815,-74.03292192841394,40.81796901441321,14,4,5,2.028133436970436
1,-73.88236146537082,40.623852148605216,-73.88919148461892,40.63131228862181,20,5,5,1.01012746181472
1,-74.03653429435099,40.714755372392474,-74.04247393433357,40.71772271625911,13,1,6,0.5995526608813899
1,-74.0412695646031,40.81936167476365,-74.06239153455272,40.82090867306503,0,3,5,1.7856862013429757
1,-73.85485499500159,40.86423011954463,-73.85506214122816,40.89462672210582,13,5,2,3.3799928589627153
1,-74.03798183102182,40.8270078866402,-74.05855552741791,40.81639084852086,17,0,1,2.0954216562954686
1,-73.95094569305414,40.64023448823209,-74.00217731693387,40.65469601026666,9,0,5,4.611702230824181
1,-73.83280397500788,40.739888777843476,-73.8087334731481,40.725427914816805,16,2,1,2.588249338149628
1,-73.99749065625458,40.70303003802957,-73.96221320592853,40.70606872430763,5,2,4,2.9928448727912236
2,-73.85982903188557,40.8089065254326,-73.86200174100568,40.811889071013134,18,1,3,0.3787141121445968
2,-73.88726748733545,40.74856257983486,-73.91066140255442,40.74282706935052,17,1,4,2.0713934603861617
1,-73.8662791275691,40.639533268929696,-73.89691673673265,40.63114128696856,11,3,4,2.7485303531819603
1,-73.89247364635841,40.68080949096614,-73.90059941639663,40.70041023357933,23,6,4,2.2846448759719102
1,-74.0473532233209,40.68806358786849,-74.02223143236202,40.65844509404496,1,1,1,3.9160270686085266
4,-73.83581737605198,40.8969485471233,-73.83246121561828,40.91793133789683,22,5,1,2.350165316692564
1,-73.85559136181794,40.70076155628586,-73.8659669404228,40.698417819221,2,6,3,0.912673420952916
1,-73.90291144195476,40.78056350786801,-73.90458162446087,40.742156029573394,23,1,4,4.273032742572752
2,-73.95187066717067,40.62090736734116,-73.9543645298381,40.63134347597337,3,1,5,1.179373946512492
1,-74.01664258671302,40.84832361398403,-74.03528092671334,40.868274149345886,21,6,5,2.7163027239349384
1,-73.8595159511191,40.82314429510177,-73.87113437386809,40.83987643515759,19,4,1,2.1016860240381
1,-73.92366391471255,40.790567876494435,-73.92375439149086,40.79813446577913,11,6,5,0.8414008135472935
4,-73.7682378948805,40.674794459923326,-73.77417323252735,40.68803294969795,11,4,3,1.554809515871839
1,-73.87902889100594,40.77699858740863,-73.91712413849332,40.7839454094796,21,4,2,3.299273396359602
1,-73.84299395880541,40.609698131947255,-73.83205444350943,40.57398444929477,12,0,4,4.077193027835076
1,-73.97260874810236,40.776905406420546,-73.94827433914836,40.762876074400886,14,0,2,2.57546322218972
1,-73.83239006555516,40.620860607877006,-73.81547592777025,40.62263910276742,15,1,2,1.4411799964391345
3,-73.94352301870813,40.86552085412925,-73.96002638140935,40.8526970273832,23,4,3,1.989881820590609
1,-73.78250018933927,40.82542540616496,-73.7885968620981,40.83970400137962,2,1,6,1.6685057188703645
1,-73.77806586043178,40.788285576199726,-73.79241636992116,40.74156777244101,10,2,3,5.333519322833041
1,-73.96680311741167,40.8771509287111,-73.98045904090357,40.835006618825005,20,1,3,4.82491874882119
2,-73.84366202157562,40.77241794949733,-73.85278870926595,40.7673651369863,10,1,5,0.9520423912556146
4,-73.82447743614821,40.648527361908386,-73.84221638190328,40.66647941637349,12,1,1,2.494757372743651
1,-73.927995944771,40.732573830314344,-73.92521867900868,40.70515289695372,15,5,5,3.0580391496906274
2,-73.88925164816517,40.69120395505497,-73.90274609715533,40.665953387526514,3,0,1,3.0295745946808537
1,-73.99890050968904,40.833328084744934,-74.00077766049532,40.8223011330929,5,2,4,1.2362715450171042
2,-74.03348561110174,40.80675452768297,-74.0131637319635,40.81722753906859,10,4,1,2.0690995868469635
1,-73.92490341901495,40.62633290830948,-73.92242618745784,40.60539229360688,16,4,2,2.3378595564417863
2,-74.03770122681756,40.82372240578879,-74.00738583299847,40.81190534445592,9,1,6,2.869601841796898
1,-73.99613822434011,40.77278169480119,-74.00009361143732,40.778272163285976,21,5,6,0.695454168259553
1,-73.9861181357103,40.845737530522825,-73.95312412026688,40.837498856937515,21,3,3,2.9227756950716035
4,-73.87905145591814,40.61166050700175,-73.85225271672176,40.59616043672121,13,2,6,2.844124183420952
1,-73.85014147048813,40.76543710454106,-73.84826579407172,40.73807894070027,0,5,1,3.0461892501059626
1,-74.04637087375258,40.82713737177424,-74.0024058709955,40.808291707082056,12,5,2,4.251969590794117
2,-73.82674014254181,40.61800536718468,-73.82784858788114,40.59976290117698,9,2,2,2.0306266572088605
1,-73.85780832360396,40.81308308540467,-73.81504371028163,40.79722335817496,6,4,4,4.008193022632157
1,-73.82217656593393,40.862244184089,-73.84192916003312,40.866580569953065,3,0,5,1.7296118872819313
2,-73.91248026791646,40.602058888176295,-73.88254945375184,40.622759689287186,14,2,2,3.417837354557084
1,-73.98476619627577,40.72208873752189,-74.00191814628155,40.69119505152129,2,2,4,3.7270652677105605
1,-73.8534649209582,40.86129769695077,-73.83580035996874,40.8785204343942,9,4,4,2.423579987962023
4,-73.99562251251103,40.709399651716005,-73.98323743020237,40.71210752945039,14,6,6,1.0864597903333542
1,-73.87366966445117,40.7337881126688,-73.86906646753494,40.75078555910708,20,3,1,1.9294057000695157
1,-73.82623157833505,40.69732057733547,-73.8752696364159,40.677015885454985,2,5,2,4.711011127938772
3,-73.78494397189775,40.78629038848242,-73.77751860778544,40.76970435405218,0,0,4,1.9473807145461621
1,-73.86476440541671,40.85359502445641,-73.81928750829923,40.84589209815245,2,0,3,3.9198274498603882
1,-73.99881026288098,40.671910159100406,-73.95650054433939,40.63550668545644,13,6,1,5.396725568436645
2,-73.80063380115779,40.70143381841454,-73.77370323655437,40.69053663250887,17,5,1,2.5735133285461846
2,-74.03660108984276,40.64064474829988,-74.01947172286283,40.63161157602163,16,5,5,1.7601392547557306
1,-73.77768429302485,40.87300309631811,-73.78295347937802,40.8343618941326,14,5,5,4.319499819561503
3,-73.99560611429345,40.75310192792524,-74.01004511571261,40.75262311869229,20,1,1,1.217416080360585
2,-73.95288513585317,40.81037377284541,-73.93768589979592,40.80385289672057,10,3,6,1.4704479254237692
3,-73.99102402372542,40.89978029052895,-73.99766018375624,40.90436898573451,6,0,5,0.7559165403332966
4,-73.92217442089819,40.79667519638103,-73.93444828071972,40.78199242945593,1,2,4,1.9321657883470629
2,-73.87590332622574,40.85782345811184,-73.83315938694108,40.82868909827454,1,3,4,4.839749927471543
2,-73.78476693603831,40.725085294322106,-73.76273851122906,40.74695873201581,11,3,1,3.0594824096534277
1,-73.93917741663851,40.88136864796417,-73.94380653575998,40.89323524286662,21,5,5,1.3756898911579227
2,-73.88452370175801,40.61637867592584,-73.89242200512027,40.64105387514449,10,6,5,2.823558706998281
1,-74.04593137131866,40.608501083346816,-74.06567015084056,40.60385255350269,13,6,3,1.7446627628025122
1,-73.86488410204679,40.77632244638359,-73.85542786043065,40.759874232679735,6,5,6,1.9948092313272614
1,-73.90588072354375,40.62392028252852,-73.89242282568685,40.62580991170301,15,1,5,1.155060772628026
3,-73.93365503721672,40.68258501557279,-73.93202615707693,40.694922353533435,0,2,5,1.378706902027057
1,-73.91777517988852,40.894280247066376,-73.90998363327606,40.87160460103218,20,3,3,2.605110569701731
1,-73.81575228615186,40.82118189089539,-73.79973172237014,40.85401405149701,19,5,1,3.8916001640178863
1,-73.76492464193993,40.67593870405708,-73.76574112513974,40.66359576982287,15,5,4,1.3741980783419596
1,-73.96220501063843,40.72327249802286,-73.9176953416674,40.68780535929704,18,5,2,5.443337232680812
2,-74.03738907934287,40.715645167219215,-74.0269585765279,40.71941814343755,13,5,4,0.9740479128944879
1,-73.84191742165484,40.76143600531802,-73.86429311313242,40.77758196083822,22,5,1,2.60267641740813
1,-73.83917668836408,40.63917446724756,-73.81857420067779,40.626169290877534,22,4,6,2.2613751862715548
1,-73.93020075012184,40.894548713243985,-73.91173835303664,40.89084074891178,7,0,5,1.605719127936487
1,-74.04879949721959,40.78782509571233,-74.03177491313616,40.80114399695464,13,6,3,2.060886464194142
1,-73.79157784553375,40.780684301305875,-73.83834568656259,40.75407243041785,8,6,4,4.92632122400493
1,-73.97613950696545,40.67634476498801,-73.97541400933788,40.68903220090688,10,5,3,1.4121042729406394
1,-73.97117418765627,40.81111082579314,-73.97148140770803,40.847177514652266,17,0,6,4.010516122536755
1,-74.01716700186901,40.846119951591554,-74.0146173341777,40.85415236934447,21,3,6,0.9185490989844769
1,-74.0091168085392,40.6184811012495,-74.02156225217757,40.61602239080866,19,6,2,1.0854562435849981
1,-73.9274353802573,40.72198870357079,-73.96831212514343,40.74717921121744,16,5,4,4.439377684792143
1,-73.81456725061894,40.67481154496964,-73.82983708983977,40.69759784100288,4,6,1,2.8420870988994897
3,-73.96269796168625,40.74134980073514,-73.94465895848556,40.76454148301634,8,4,2,2.9931670824209626
1,-73.98401454467971,40.82482756839133,-73.93366033417826,40.850951969928424,22,1,4,5.136433825378604
4,-73.8934633548588,40.78321223869892,-73.90535101811435,40.75059731387468,4,3,4,3.76225910732434
2,-73.92279086632081,40.831147419500745,-73.92276088642615,40.832761552900536,18,1,2,0.17950116736373956
1,-73.79947169796102,40.7878794412226,-73.8045884250189,40.80211031024215,9,2,4,1.6399748989155531
2,-73.76108709328173,40.62666021976909,-73.80113500870493,40.622349467185735,18,6,3,3.413710471767009
1,-73.90795090397891,40.64034285882359,-73.90484317849823,40.624119173703434,22,1,5,1.8229536971514928
3,-73.77051900321781,40.64508282725145,-73.718430802572,40.63485724214831,17,0,1,4.539724455426729
2,-74.00449805783698,40.719229884993325,-74.04794388120798,40.65259158984784,4,3,6,8.265918230302452
1,-74.0443934635061,40.641711354473024,-74.03287869434607,40.583761294568106,18,3,1,6.516646423702216
1,-73.98910857189269,40.71145902575608,-73.98950919791861,40.709588364199966,8,6,3,0.21073115013638324
1,-73.86831269914829,40.68932523084819,-73.88139897216516,40.71008017722864,21,5,1,2.5579617669208514
1,-74.02434941265214,40.67193457859248,-74.04302390019332,40.65929077354983,4,6,1,2.1112844866348475
1,-74.02468433559716,40.89401003321816,-74.05067804754867,40.901224239504494,12,4,3,2.3273881105516754
3,-73.82852022297632,40.803645450222206,-73.79737477056061,40.81006845655152,15,5,4,2.7169198510268338
1,-73.8411479455432,40.74620310134289,-73.83609987108385,40.75709435414417,4,1,5,1.2835358444372589
1,-73.87869407472871,40.89780388524563,-73.88587910450246,40.889913616407235,15,1,4,1.065127431869516
1,-73.9874973196237,40.72442039245894,-74.00698094690507,40.71425758130247,6,5,2,1.9932898928174314
1,-73.86137504404167,40.87822292701677,-73.88944443117738,40.88037575979818,20,4,3,2.371998275248227
1,-73.9007063976861,40.653757098865455,-73.94146898937326,40.63472470625284,0,0,6,4.038164519741501
1,-73.88045430859681,40.80555385726195,-73.86052840214805,40.79618630346541,20,6,5,1.9743488275690606
1,-73.89420156503466,40.664849461092835,-73.9299938940002,40.65083741419172,13,1,3,3.3975443929096127
1,-73.79067510635952,40.74284673966635,-73.79521445819734,40.74088682853211,5,0,4,0.440167070499394
5,-73.9037600277849,40.89472691990616,-73.91398245937069,40.9200520758315,21,3,1,2.944149925033341
2,-73.81199883342161,40.89396358779323,-73.83015834256824,40.871727818305885,5,5,3,2.9058454549631327
1,-73.99730685023833,40.74292513789692,-73.99416436134602,40.73839096590737,8,2,2,0.5694630012290759
1,-73.95666216160674,40.76387083793426,-73.96041881373098,40.78088873420588,8,6,3,1.9185637674715135
1,-73.98135652709304,40.75054755458314,-73.98503601305912,40.71992235866941,19,4,3,3.419449112202033
2,-73.98057621334685,40.82423297103001,-73.96559677709504,40.82614638069643,1,5,6,1.278232021739613
3,-73.9844632217694,40.76609192727051,-73.9993246282464,40.75607235080449,1,5,5,1.675700750376976
5,-73.784542331055,40.702009360793234,-73.75609361144434,40.700489902970226,20,6,1,2.4041459482928413
1,-73.83925175120125,40.66316232456528,-73.83535083587738,40.663197201841555,7,5,6,0.329054420106124
2,-73.91219995131665,40.878507584634335,-73.91141992175514,40.86628274334264,11,5,1,1.3609216474461192
2,-73.89311366344447,40.69704420879792,-73.87701819687274,40.67422245827902,9,4,3,2.8777757310019956
1,-73.78976471338333,40.70253186011435,-73.76573065984682,40.675524202945624,8,4,5,3.622855001521831
1,-73.82200989049129,40.846337988967264,-73.8168036647878,40.87500825747335,21,1,1,3.217912906770979
1,-73.75328637577266,40.7058579228632,-73.7372378129501,40.67852387793039,7,2,2,3.3269770779291656
1,-73.80682526985683,40.60237136025864,-73.83053804249826,40.61743210997453,3,1,4,2.6098602049028137
2,-74.02705306802376,40.66280691220792,-74.02161848102295,40.632124872235686,16,1,4,3.4423585218710517
1,-74.04777959815115,40.76423737990866,-74.02873476512895,40.773770682197856,2,0,1,1.9224935578650602
1,-73.95764101268995,40.70025119732634,-73.96573768592478,40.68633124056307,7,4,5,1.6916703751865676
1,-73.97105154245627,40.82191118693536,-73.97582717505131,40.82025471107502,14,0,3,0.44205789657787986
4,-73.79085703740955,40.6006737125433,-73.80261943167218,40.61985505189788,20,2,3,2.3526579817675297
1,-74.04825812172723,40.694292613828914,-74.04710207137417,40.69593874989456,9,1,3,0.2073726128274983
2,-73.89603620247047,40.65967852409958,-73.88222454259781,40.64788631269773,19,3,1,1.7541054425812472
1,-73.99829142523438,40.88590017948987,-73.98528472638013,40.896790298118255,9,2,4,1.63146737783497
1,-73.76690497845665,40.74765029459485,-73.76793317513494,40.718845336807064,14,1,5,3.204136606007643
1,-73.99502413428168,40.89562046214911,-74.00193649806265,40.873109332211435,9,3,1,2.5696897865106982
1,-73.79904340485267,40.87900710915105,-73.8039981160766,40.88785951570219,11,1,2,1.0688454012941797
1,-73.83245870074005,40.63903632125917,-73.83277820175073,40.67419811947797,3,6,3,3.909906466153444
1,-73.81551698523083,40.61665617859319,-73.8518693346467,40.60483345417711,19,3,1,3.3383735883074013
3,-73.7757198266283,40.721640914616486,-73.75816762556772,40.71434251217303,11,5,6,1.6872536069371322
1,-73.80282489165175,40.76304481819851,-73.79900844810103,40.769621133681255,15,2,4,0.7987703577539944
1,-73.803980764137,40.834176013791,-73.79099218294863,40.84164378894296,12,3,3,1.3723958295481697
1,-73.95838264858851,40.817298871272136,-73.94813956255366,40.80841918652656,3,6,6,1.3107306178900078
1,-73.79454075841375,40.80123165717707,-73.79089922591305,40.77482769631365,23,3,4,2.9519496159274503
1,-73.97651279080196,40.743316110709195,-73.97936478028728,40.726884203598026,15,1,3,1.8428784229789235
1,-73.90812192719082,40.81811576786583,-73.94277459846008,40.80224469128984,17,2,3,3.408795767163334
4,-73.87608118386309,40.76489321319948,-73.87221767318543,40.72392418973846,19,0,5,4.567159990374331
1,-73.76895235809556,40.86094390551969,-73.7754060512906,40.84176136513795,16,2,5,2.2009860661864855
1,-73.8377389505119,40.70152567430744,-73.79731804278042,40.70894536777063,14,1,2,3.505706848149496
1,-73.8506819755573,40.74897522844933,-73.84689388268544,40.73210147127968,21,5,2,1.9032250283940542
1,-73.86843481479129,40.77912069550888,-73.86352157573367,40.792461526549694,16,1,6,1.5400271332164235
2,-73.8240479584751,40.85104249296471,-73.81673542028751,40.8780794323093,20,3,4,3.0686150289369727
1,-73.94166835616528,40.792033348283105,-73.91597371048383,40.80718901766158,15,4,1,2.741872169055213
1,-73.91429466929547,40.691263413176415,-73.91131981614193,40.693480436897445,6,1,3,0.3516803918316524
1,-74.00604225406559,40.80088004816563,-73.96699164092337,40.78961412570013,14,1,4,3.517884855586507
1,-73.82013050133888,40.67806438219069,-73.86422808009749,40.65665110456409,5,6,1,4.416153629943903
1,-73.93423577974211,40.657754925006024,-73.92984853962058,40.63947490919473,9,4,5,2.0660696629737743
1,-73.83870579172628,40.81004849073864,-73.8693185051476,40.812986723765235,5,4,1,2.5969811280343165
1,-73.93688909254472,40.74755730201713,-73.91922263827563,40.717059114578504,16,6,1,3.703563096231081
1,-74.00862310307089,40.895065824663334,-73.99201166703558,40.92722168052819,19,5,2,3.838390780755955
1,-73.877386654201,40.68739324617969,-73.88493929327345,40.71351747519912,11,5,1,2.9738375696339476
1,-73.95330379647365,40.72502165425528,-73.92821827911072,40.7581945907365,9,1,3,4.251200929116273
1,-73.81531919481934,40.89578604266286,-73.80443993121204,40.88708391709385,3,1,6,1.3313908353606814
1,-73.77989815496784,40.87347902601518,-73.74822281537071,40.87152853842827,14,4,4,2.6721421345339307
4,-73.96290381881992,40.824922621070264,-74.00669558673007,40.81922871253647,10,0,6,3.7388988329752957
5,-73.77545764030573,40.6587952784133,-73.7687687110125,40.6284702446174,23,4,4,3.4188910704430624
1,-73.77042362072835,40.67231107528726,-73.8070519511915,40.687254663642314,2,1,6,3.507326751345436
1,-74.02938211603701,40.74355519038025,-74.06771684735753,40.73071286028677,19,5,3,3.5314401773999498
1,-74.00540873330138,40.80506478765333,-73.98945764329208,40.768520148897224,6,6,5,4.279736209754396
1,-73.88078299799686,40.6561054245589,-73.85714741109236,40.65173410425444,8,0,1,2.052266143374202
5,-73.9182498428337,40.76474693688473,-73.9265452502928,40.79887512678275,17,2,2,3.858621142382643
1,-73.92189525506276,40.672534698334935,-73.89842720849684,40.63928731862354,14,0,3,4.193626483261284
1,-73.8246424631328,40.88985866635343,-73.82082784879994,40.90569612571994,2,6,3,1.789993244871616
6,-73.79517645902955,40.72676317149952,-73.8039199640973,40.733153836155,22,1,3,1.023606000788175
4,-73.8695396132108,40.61213177289488,-73.8855921768997,40.60155542111966,5,6,2,1.7942818728981886
6,-73.93831892256199,40.73878901520257,-73.98137357497689,40.710432216549925,15,4,6,4.806874778882422
2,-73.91551685625078,40.865423015452,-73.94292598727066,40.86543558439805,7,3,3,2.3048612015312178
1,-73.84958166195139,40.694056108243046,-73.84776009676615,40.73789951183929,18,0,2,4.877580711361122
5,-73.79609708233744,40.626836744195806,-73.7948069423113,40.59108404134461,5,0,1,3.9770106453555245
1,-73.85369253987783,40.60152951678706,-73.84887217696061,40.60200780776344,5,6,2,0.41041901985953183
1,-73.93629334136011,40.818109414260384,-73.88851684559786,40.82464723227989,4,3,1,4.085443387245992
5,-73.93795942840508,40.60509083036079,-73.94140392511672,40.60858788074039,15,0,4,0.4855514010377207
1,-73.99799169625842,40.87457261333042,-74.02081981175503,40.85860820922837,7,3,3,2.614589648832999
1,-73.88185358815657,40.85309362469613,-73.87515881557839,40.886389578558486,19,6,3,3.7448930424676967
1,-74.02863279137928,40.79867006258649,-74.04257369097856,40.774147787815515,4,1,2,2.9686284614156597
1,-74.0113715368972,40.86369565619122,-74.02587359885332,40.83441992258483,8,3,1,3.4763429836997966
1,-73.97727337149817,40.86260208611086,-73.95885386727973,40.89929074563219,16,1,5,4.36360952992312
1,-73.9990172526775,40.63906703965588,-74.02248752792126,40.614484474387815,9,1,5,3.375661524077383
1,-73.87093621379914,40.60828095327191,-73.86849387611441,40.59820150040165,13,1,3,1.1395924481664907
2,-73.94159817406916,40.73044367905802,-73.92969502069833,40.749278063492675,22,6,1,2.3220114095855116
4,-73.75906908603513,40.60409771151422,-73.73609295924764,40.60773216629309,10,1,2,1.9812907807875626
1,-73.89784243359456,40.62601240829093,-73.87476916852086,40.642470300045,21,4,4,2.672054781870447
1,-73.9695006804642,40.83648162794392,-73.95696860849348,40.79590511627168,2,0,6,4.633516962090399
1,-73.83538883809973,40.89017981990893,-73.86216678790593,40.904184332926945,16,4,1,2.736902759568883
1,-73.95303148216662,40.797846140966605,-73.94423292597094,40.81603963749763,2,1,2,2.1543017951915004
1,-74.03155249863913,40.892542181703945,-74.02263115935055,40.90930291250931,15,4,6,2.0088831149980813
1,-74.03767366510976,40.69883288937516,-74.01430652985634,40.6996154339167,3,3,4,1.9718095064928556
3,-73.96951364473335,40.88524023534234,-73.94404594167278,40.88016264975357,3,6,5,2.2142382767942257
2,-73.97334915272828,40.64182509611968,-73.97287569522949,40.63999335382615,3,2,1,0.20756103376288298
1,-73.8174706109087,40.64834650977075,-73.81264717667824,40.66000541970977,15,3,3,1.3587676262481139
1,-73.96205784692258,40.63256657051189,-73.96901576394941,40.64220024916768,13,1,4,1.2215564710724194
1,-73.87913022472675,40.72593458860664,-73.86380380685269,40.719167038480414,4,0,5,1.4948201408784956
1,-73.93871360607729,40.836877881441914,-73.94755326420085,40.84337988095722,6,2,1,1.0371516319054317
1,-73.950714424313,40.87365332106477,-73.9701001815163,40.8716178455658,10,4,2,1.6456289636351669
1,-73.78370258087185,40.72293366147309,-73.77797122386649,40.739515966623955,18,6,2,1.9060619393521008
1,-73.7760321315597,40.77579847967804,-73.7903690229936,40.77850051190386,20,2,1,1.2440358062638621
1,-73.95070639186355,40.83801503400488,-73.95207132746053,40.86594142466216,10,2,1,3.1073943550828274
1,-73.99483119324249,40.76195248836007,-74.01066592013925,40.76900669258725,18,0,1,1.5471480214288487
1,-73.79620333678383,40.75213712375868,-73.82403872010971,40.74375497381748,18,5,2,2.523302208373896
1,-73.76962931598686,40.854046070823024,-73.7556864665384,40.85368194278768,22,0,6,1.1733714380085085
6,-73.85796057538272,40.76503654611017,-73.86009116596206,40.74758424809781,0,4,3,1.94888707040175
1,-73.7593901359769,40.664071314588874,-73.73294321492429,40.677174339733234,23,0,3,2.6641782589604577
1,-73.88235030473355,40.818262424246726,-73.87654971920792,40.78396554709799,23,3,6,3.8447664179194914
1,-74.00629207335099,40.79293104990851,-73.9713259300085,40.80174891183227,15,1,4,3.1023768149260382
1,-73.87722677248941,40.65002699463165,-73.881541947625,40.6437948560389,3,6,1,0.7827933765137791
1,-73.96381005998897,40.717921959539446,-73.97005545451107,40.74210600887406,13,2,4,2.7401526029882444
1,-74.02763443453892,40.79363428017619,-74.04555381961133,40.77521687554636,15,3,3,2.54365111602754
1,-74.04851790849851,40.679067166939454,-74.05154904631526,40.63648778274977,16,5,3,4.741510611690338
2,-73.99278519693105,40.7612387110807,-74.0177250878737,40.774348351295664,22,3,1,2.5566111976015793
5,-73.96335537811063,40.70752375892176,-73.94998272811733,40.69983706303437,0,6,3,1.4146614969427453
1,-73.87304742643353,40.6886531168114,-73.83349935891103,40.686645462137925,0,1,6,3.3420119036805795
1,-73.9182051076427,40.88497545444976,-73.97282486712004,40.897762162493954,15,0,5,4.806345156947097
1,-74.02528976585411,40.87431551473264,-74.03395670804912,40.84197604631826,5,1,1,3.6691129835471497
4,-73.8603780668299,40.82949685980046,-73.83386450476681,40.817484201810665,8,6,4,2.6002719393825062
1,-73.77908420042418,40.60525262631336,-73.7995408388031,40.6229353113314,2,6,2,2.616799468726732
2,-73.9003745376727,40.758467459569154,-73.92377614618432,40.76113575972999,7,1,2,1.993206298023368
1,-73.80452235968936,40.82284810150012,-73.81224423368204,40.80829801396792,10,6,6,1.743520681931105
1,-73.8019016170285,40.6601735647585,-73.84006462804892,40.67951437402722,13,3,1,3.8709974463172174
1,-73.85855815345269,40.64008476568785,-73.85095999403728,40.63458585615075,9,2,3,0.8859586526576906
1,-73.88219524244552,40.76159308134157,-73.89574487179956,40.75294219722847,6,6,6,1.4925794741043232
4,-73.9478656740875,40.61000215915789,-73.96397913380792,40.61620121068418,9,3,2,1.524839877541779
1,-74.03454532202467,40.764681434248494,-74.05226433040511,40.74622066518032,23,1,5,2.537962848281014
1,-73.77033169054467,40.7938131938534,-73.80207375211833,40.82157091069935,0,2,1,4.0821258625361985
1,-73.76341414119945,40.680782945053224,-73.7684015854833,40.67414993223635,3,4,1,0.8490491567149471
1,-74.0095975546024,40.610767229277315,-73.98409991418296,40.59652582622182,11,1,5,2.672316954657845
2,-74.01881867122331,40.84371191724771,-74.02744229153242,40.867221937833115,5,4,3,2.7129399965387755
1,-73.91362494832744,40.876259785924944,-73.90366013701467,40.88465856845922,8,3,4,1.2545978423904325
1,-74.03264425270027,40.698061644887886,-74.00846489456784,40.66951359427085,6,0,6,3.77275010841009
1,-73.87158415122786,40.82780417223461,-73.89377097120398,40.81889948935369,9,1,4,2.1132227266991794
1,-73.75745098602557,40.73413945011681,-73.74105735167137,40.77246971652153,8,0,3,4.480247100592577
1,-74.03741859570923,40.709018411117,-74.02187166027485,40.70482121710328,11,2,1,1.391106120833774
1,-73.98198056064477,40.87903446978351,-73.97317319600566,40.86013157087685,4,2,1,2.228555552037264
1,-73.8502448171521,40.70104761029371,-73.8466934579808,40.71053349208752,3,4,1,1.0964392092957487
2,-73.9980554316441,40.68034902308079,-74.01339867353556,40.68596868179086,19,2,6,1.4367742176953135
6,-73.84414626446822,40.85528793363875,-73.84354056180048,40.88437725569149,14,2,6,3.2349859765770397
2,-73.83462084254965,40.899231551466194,-73.8347075916132,40.88990200951498,1,2,6,1.037423357985489
1,-73.9352457326583,40.630466765785194,-73.93827538226114,40.6212475798505,14,5,4,1.0565320124644388
2,-73.96409816723356,40.70148923307721,-73.9642547676102,40.71902422173161,2,1,1,1.949846454618712
1,-73.98460195567469,40.7213663297998,-73.98310395140146,40.701155783553425,23,2,4,2.2508543089323507
5,-73.90249681212747,40.66057335165802,-73.88203362451733,40.63506694678872,7,6,2,3.320305607902529
1,-73.92292662129896,40.71254179391248,-73.90760379324712,40.68882322218813,23,6,1,2.9367189225469867
1,-73.96976338516768,40.64981024369962,-73.95707787390074,40.63548834755182,2,4,2,1.9187773624332378
1,-73.81862900001464,40.88904163705749,-73.84463200553249,40.88928762084237,12,5,1,2.186005545643588
1,-73.81435982020415,40.660100485981566,-73.81147510745063,40.63812804033983,20,0,6,2.4553155218564973
1,-73.78850934882315,40.82023006954572,-73.80426648359155,40.79118889779603,14,6,4,3.490961309304906
1,-73.99824851590454,40.67274600792527,-73.98469676304568,40.637494600465,2,4,6,4.083080161553283
1,-73.88280640840479,40.84128782336642,-73.90268504609858,40.85638342469947,20,1,1,2.369227445632764
1,-73.86254884189118,40.64863156303525,-73.84493664594608,40.63574128132781,11,0,1,2.0646225651571495
1,-73.75476367689242,40.811278477088266,-73.76860366766127,40.83230320947112,18,5,5,2.6118519734255248
3,-73.8398403653224,40.72994697930441,-73.82933226874796,40.708739260609505,0,6,6,2.5189918377773717
2,-73.82920105350084,40.84970175402661,-73.82416457804806,40.83770176556179,6,4,6,1.3999807806538738
1,-73.93748761165153,40.89374968790654,-73.93803205395854,40.868962957754576,16,2,1,2.7565386811487183
3,-73.81248463553094,40.873298473038034,-73.80652377884199,40.86481825922684,0,1,6,1.067893147122219
1,-73.8438375441605,40.84337459877599,-73.82440744764632,40.83781498672267,11,6,4,1.74750966708644
1,-73.96025047508076,40.7022568032444,-73.9436630277921,40.70529242730604,10,1,2,1.4384198486526891
1,-74.00462792498789,40.77915496884335,-73.99455789226377,40.76477105164759,14,1,3,1.8103126688974445
1,-73.82836081304518,40.62786843262627,-73.84934477841342,40.62597960862103,6,1,3,1.7833130333546623
1,-74.00683408769339,40.650679878544814,-74.01521683375046,40.6822708520092,16,1,4,3.583202679575212
3,-73.78254435516807,40.73794450710079,-73.80864365977419,40.700211828172975,3,4,6,4.737278890701843
1,-73.79397918334574,40.71600078537256,-73.83004218947745,40.70789783671655,9,5,6,3.170319568004788
4,-73.8668143809411,40.78702439574468,-73.86713049895904,40.77108374843774,20,0,2,1.7727189482779613
1,-74.02283509315487,40.86870610229669,-74.0081026346116,40.85358353165938,6,1,4,2.088686372618065
2,-73.95105410839632,40.89574076006593,-73.97014260906074,40.88217470706317,11,1,5,2.202326715555718
4,-74.00192392181927,40.830873257002374,-74.00103703564497,40.82790196994204,2,4,6,0.338713750550458
1,-73.86278688087494,40.80194138530044,-73.87599894047925,40.83382927517756,23,4,1,3.7159955063857626
1,-73.95327437983391,40.842384170163086,-73.9473028078407,40.83399289384651,19,5,4,1.0597085100540313
1,-74.01541222838327,40.663963166829575,-74.00009519049979,40.69815845985264,22,3,2,4.015725791070931
2,-73.8096275900924,40.65187119732085,-73.82632960899231,40.63712574282332,2,6,5,2.161965920550151
1,-73.91501386426575,40.64736541896016,-73.91968882698917,40.66886164672374,4,3,1,2.422583301261647
1,-73.90900297335442,40.7514052700498,-73.91473922572102,40.766273277608235,20,6,1,1.722397308751119
1,-73.81771997674369,40.649854352041295,-73.81982741931635,40.66245353335591,15,6,5,1.412199443279179
1,-73.91989122489753,40.60432078790445,-73.93611787902583,40.59965752405151,20,5,6,1.4647797714987174
1,-73.77051996209678,40.78887954931911,-73.82611182841589,40.77576879237828,1,5,5,4.902415666328532
1,-74.00743445220627,40.8047953604001,-73.98880926531106,40.81958686454935,14,4,5,2.272031783101719
1,-73.93744144246963,40.748136605363655,-73.92643724442026,40.73995624737065,2,5,3,1.298774756644674
1,-74.00931371214863,40.7644300702982,-73.95191646146533,40.7559826977692,17,6,4,4.924660905049801
1,-74.03153720592702,40.80890404434933,-74.03390280798779,40.81706007299251,16,3,5,0.928503145537093
1,-73.92218676896071,40.75132618609835,-73.90842243485838,40.7119504366139,3,5,4,4.529388380665052
1,-74.01503549096994,40.71933796442585,-74.00194023840908,40.70013921679169,22,6,4,2.403270663395127
1,-73.81754326077079,40.82893094362898,-73.81549595750798,40.86029729713041,7,2,5,3.492028434404793
4,-73.78909806030924,40.679336356746525,-73.79426604397027,40.68231983179303,23,5,2,0.5476944001571642
1,-74.01408174580003,40.817686743395406,-74.01792387234347,40.818861727335474,14,6,5,0.34871855937553775
1,-73.96674436283564,40.646123748779765,-73.94627071589815,40.59437671534659,8,0,6,6.007879138332669
1,-73.98796553220276,40.87487859515494,-73.96319191284542,40.91396205338318,16,3,1,4.819001222945416
1,-73.85153762485525,40.80306718497665,-73.83729193289247,40.79011856676232,10,1,3,1.8737963361359504
4,-73.8463285316417,40.816076093041545,-73.84086056879985,40.81768881464792,16,0,1,0.49385201532827117
1,-74.00007394434326,40.65179738384472,-74.01384696052104,40.642565870225056,1,1,4,1.550460996818599
2,-73.93243182371923,40.85000653422886,-73.94685655291775,40.84534310212961,3,5,4,1.319479783788634
5,-74.01142247763237,40.89825704701558,-73.9985917399116,40.87583564037439,21,4,4,2.716459447694555
2,-73.82475081247169,40.633625564771954,-73.86407737560117,40.656767375540035,19,4,5,4.198884708367977
1,-74.04990010963446,40.713336246519205,-74.07667726320108,40.69357518409066,21,2,5,3.150123819388481
1,-74.02781539303909,40.70300715720934,-74.02421820001572,40.72726579750714,13,6,3,2.7144219555971785
1,-74.02746146750685,40.63592330074336,-74.04031073468268,40.6441005456405,10,0,5,1.4149941066535345
2,-73.96137310471701,40.60003071175775,-73.99028575278328,40.59384289484595,8,6,5,2.5362376447825814
6,-73.86552482727518,40.66992974391766,-73.8878964614897,40.687979136160344,10,6,1,2.7544664292590664
1,-73.776034604417,40.8599466326907,-73.77669277412598,40.868644054539914,3,2,5,0.9686916303339257
6,-73.96148878060562,40.871459545473115,-73.96079931281477,40.87733070380274,7,5,6,0.6554117405230884
1,-73.8031692695478,40.71115194802057,-73.80972710374564,40.686048735120096,0,2,5,2.845569916834996
2,-73.81811298629479,40.80232901057036,-73.83713230295625,40.83375617008171,15,0,1,3.84361871235801
4,-73.80379359937173,40.62426161963761,-73.8073987911922,40.60620090546103,11,2,3,2.0311843526913718
2,-73.85719222646344,40.79575589710255,-73.8891249783612,40.800112796325344,9,1,2,2.731300819236201
1,-73.87218980864863,40.847269524523526,-73.87073153034386,40.843484183793734,22,6,5,0.43842051851049657
1,-74.00466694454056,40.640572599491094,-74.01205242220401,40.59148476883513,2,6,1,5.49380025851892
2,-73.98229447199643,40.74392895733848,-73.96940496857813,40.7092593218153,16,0,6,4.005177143759815
1,-73.84835983598076,40.62839545312061,-73.81109238738092,40.59572739973034,13,3,4,4.805347924380914
1,-73.84500890421879,40.79507305253997,-73.84478888852568,40.83087864701382,5,4,5,3.9814435061500877
2,-73.98032480607928,40.75541440441077,-73.99342119182323,40.75447355356044,7,2,4,1.1080729913328478
2,-73.75059525525266,40.89426504861236,-73.75250737526336,40.93649304443741,20,2,6,4.698286987662045
2,-73.9179129861974,40.85249078599073,-73.92369689004852,40.828468754509785,4,0,1,2.7150806602897255
2,-73.92990244500166,40.70463446596687,-73.92529879147959,40.69823560204433,20,2,5,0.8104755988099929
1,-73.8048758837675,40.63079589075516,-73.79693311543443,40.654954172093326,22,4,6,2.768609503342294
2,-73.9393778719204,40.86847795454185,-73.96043917332773,40.886275499095326,15,6,3,2.6555543833976203
1,-73.77779461854495,40.70272430568824,-73.75552371911971,40.69147487435943,7,3,6,2.2560659955578553
1,-73.93508685614498,40.60189784606685,-73.9090035834558,40.59366586551941,10,5,4,2.3848682217719057
1,-73.76089501832185,40.65464319234255,-73.7767523905144,40.65719971700018,10,6,5,1.3675438811033658
2,-73.96297076597156,40.79739720657742,-73.97132171508856,40.80118072472474,2,1,3,0.819219413632336
1,-73.89449356282175,40.86441349809146,-73.89340636303093,40.887718498971466,7,5,1,2.5930095436453118
1,-74.03896188271084,40.88063430039587,-74.0509383416124,40.89049675509695,22,5,5,1.4887277087691195
1,-74.02910551902211,40.63595953895486,-74.04156332077731,40.63072842447957,22,6,1,1.2014464664417643
5,-73.86979662311344,40.73432975048922,-73.87868830854616,40.743776081057945,22,5,6,1.2901592043276653
1,-73.84484208249735,40.889003782254115,-73.86085308951242,40.892442815465195,10,4,3,1.3991390034899998
1,-74.00518615640866,40.720839884783715,-74.03211974380719,40.74440948697995,1,6,1,3.4668298616555595
1,-74.02168413987394,40.611604978269405,-74.03212156005152,40.62074556144382,23,2,5,1.3450581343766383
1,-74.03823955027524,40.74858751940521,-74.06330685102294,40.75200426248494,6,2,1,2.145500771016413
2,-73.84428006953425,40.74480418555703,-73.85939368980364,40.76216505614842,0,0,1,2.312422132150868
1,-73.9111145201084,40.78979944210031,-73.9225356320088,40.8011657972138,0,4,5,1.5879973489422063
1,-74.01790545771038,40.81749880856841,-74.02696129709051,40.814607325599646,12,6,6,0.8271292807489564
1,-73.7936522159813,40.82979790307988,-73.75687040708694,40.813521454978314,19,6,6,3.5853863201755996
1,-74.04896725031668,40.75934638672902,-74.06140335415655,40.76439888418702,21,2,5,1.1885600144050894
4,-73.7703212046271,40.73132752047528,-73.77393202578128,40.746853689728454,19,3,5,1.7530294494525713
1,-74.00093448660311,40.86441913118726,-74.00312225940661,40.86159709964537,11,6,2,0.3637524321194334
2,-73.95196514620923,40.65274346626905,-73.94735707542355,40.651199932312885,19,3,3,0.4249464076130699
1,-73.95564925733372,40.684856290290824,-73.94539733987814,40.67375733891757,20,4,5,1.5068179332083305
5,-73.90931714696775,40.896785367192784,-73.92643819683198,40.88304767613282,15,1,5,2.098742958664106
1,-73.94232248563536,40.72876988216844,-73.92679373093193,40.73855062410554,1,6,4,1.701404393057146
1,-73.79252063544648,40.81049490350949,-73.79340025365106,40.809265028607754,22,3,3,0.15550755210720216
5,-73.83359003088961,40.62127974161577,-73.87689206817564,40.64345151773409,1,6,3,4.408010493018095
1,-73.76519910744253,40.76981903911882,-73.76347433276716,40.735701206274626,15,4,6,3.7965108040255635
1,-73.99982986499018,40.77595272999366,-74.00464420503907,40.77006885800891,12,3,1,0.7696796144359215
1,-73.80979676928095,40.87664661423816,-73.78062983522175,40.85209891345709,17,5,6,3.6696618127053213
1,-73.79208883353857,40.72175418039957,-73.80522611538748,40.70270335992471,14,2,6,2.390291202882962
1,-74.01498822363926,40.65916788610759,-73.99991784747442,40.66072385716058,10,6,4,1.282926791424688
1,-73.93623597558782,40.69345901234619,-73.957562841203,40.65271488454917,8,3,2,4.874499102905381
2,-73.78642578621233,40.898651761458865,-73.79817987077779,40.93923158698128,5,6,2,4.619087270158738
1,-73.8633125872487,40.75117654532243,-73.85050106596609,40.7295912041389,20,6,2,2.6317095237523533
4,-73.8852615457092,40.853769141064184,-73.87506968439882,40.85465520989102,5,6,1,0.8628325833696261
1,-74.0432004036793,40.75101914354469,-74.01033844814586,40.773206923944905,12,6,6,3.707706607393738
2,-73.86001494590809,40.82823277400156,-73.86226883279626,40.84266951560654,17,4,6,1.6164524425274018
1,-73.96995346997828,40.83298103859333,-73.97950735803714,40.847359736916495,1,2,3,1.7894750979875438
6,-73.86362147322234,40.63176446511434,-73.8715078640314,40.67646305031274,19,0,4,5.014583638451775
1,-74.0119625463517,40.86119150923995,-73.98551069034491,40.83619765463511,11,0,2,3.560082191588064
3,-73.87113761123024,40.623620119556705,-73.87320335616081,40.594884705177506,6,5,3,3.199987196199908
1,-73.95258393153306,40.695518151575634,-73.95802064008458,40.686301097244055,20,0,1,1.1227251855490292
1,-73.93794387452789,40.89885941487571,-73.94534436783728,40.91462609721592,6,5,2,1.860219151883929
1,-73.98897174935375,40.67610117527683,-74.00785476326335,40.68468626888754,6,0,3,1.856550234972159
1,-74.02822310704926,40.8779213185076,-73.99313110357842,40.88332061432142,13,6,6,3.010712400434143
1,-73.8752194777743,40.65078530723985,-73.84230582776365,40.6489181712828,21,4,1,2.7844821423677515
2,-73.83498702777845,40.79830438210982,-73.81725319007687,40.77947951872991,19,5,5,2.571107183713933
1,-73.91434356864622,40.73174760128733,-73.88138065758287,40.7537742767033,14,2,2,3.7027882827165586
1,-74.00910274094981,40.895217905359864,-74.0140927597003,40.886555735922784,7,3,3,1.0505596011155685
1,-74.04034992260175,40.661594231888365,-74.02943592885144,40.664682958672486,13,2,2,0.9825479541937692
4,-73.98921435426242,40.825197208741514,-74.00477779480929,40.824181410402055,17,3,5,1.3144119416794668
6,-74.02601718694498,40.7658979816823,-74.04599874105782,40.76399923875052,19,4,4,1.6960081614048745
1,-73.75794784492793,40.88085318337194,-73.74184381779048,40.910032753047695,6,3,5,3.515645632794037
1,-74.00103337421662,40.894298374264935,-74.0351625453198,40.87285268090979,13,3,1,3.7307770080920135
1,-73.81080127427832,40.85967630227432,-73.83435075198533,40.89022494284873,21,2,1,3.9318025370966874
1,-73.87418535747626,40.81421596659051,-73.8858519325878,40.81422723984307,13,6,4,0.9818127749955493
2,-73.79328127475748,40.64424247192034,-73.75395513944868,40.62704727183051,4,6,6,3.8298479745860963
5,-73.88334648817828,40.640814547479074,-73.86288780823752,40.646030391735806,5,5,3,1.8209743740321083
6,-73.77974355100686,40.68822134775191,-73.78312572868869,40.6910935749773,14,4,2,0.4281592465582193
2,-73.80522250269341,40.63307783689458,-73.78230832139792,40.65283558801437,16,4,2,2.9265035547153855
2,-73.86900476593317,40.7945863713101,-73.87708118911009,40.81108793097301,13,2,6,1.9567684271383865
1,-73.76110592558042,40.72603220538077,-73.77162240365742,40.73991723121153,0,0,3,1.7801546724214317
1,-73.88177416816617,40.633474634263024,-73.86894461541398,40.62991694362452,9,6,6,1.1526598312030079
6,-73.79759600087577,40.778393873087175,-73.8234406907688,40.818371174939095,2,3,1,4.949067706513115
1,-73.8870927312109,40.80564609657786,-73.8865758048997,40.816861825440846,15,1,3,1.2478907108797173
1,-73.89006355615108,40.8995037382825,-73.92141714665313,40.89136662380859,16,0,3,2.7863582259272532
1,-73.84312633890629,40.702972290142746,-73.84398857070312,40.70427113674313,19,3,3,0.1616830599854183
2,-73.78227023850185,40.799864422043925,-73.79025390497868,40.82105053533249,15,1,6,2.4497353737167087
2,-73.8636566832792,40.80350188861639,-73.86495111073457,40.79490457887574,22,2,5,0.9621665146029649
2,-73.9058247046738,40.68170975513824,-73.88625743503391,40.6808540942923,14,2,1,1.6527387348376008
1,-73.75085943249962,40.66144745580377,-73.7342256552127,40.656312697823914,12,0,4,1.5148252506164561
1,-73.75854369187536,40.82265340643373,-73.79199185907598,40.82816613056946,19,6,3,2.880370528731432
1,-73.76011170108455,40.652735695769486,-73.7800087427085,40.67708740817323,7,6,5,3.185674801143906
1,-73.8410504281465,40.74253629307396,-73.88767642940735,40.75052252581449,20,1,3,4.026991101318556
1,-73.82806966367481,40.705259896775566,-73.83106923433068,40.71556262616995,7,6,3,1.1731778539585664
5,-73.77523493969908,40.846585785054145,-73.81793360631524,40.86290511850467,0,5,5,4.023585975579295
4,-73.98893396314676,40.69118997512875,-73.98220301249236,40.69171288890342,2,0,4,0.5704676021011478
2,-73.8862550735343,40.728190722909424,-73.89812025459845,40.72815963212109,14,4,2,0.9998257543408353
1,-73.93910020675175,40.83581690978057,-73.9587361375123,40.82953455822938,18,3,4,1.7936464753602774
1,-74.03414848751333,40.72183571378973,-74.0537230175457,40.689727838584766,13,2,3,3.9330742085164374
1,-73.77039455460257,40.69121236022122,-73.80299196868772,40.681314522082545,18,2,2,2.9607144970125345
1,-73.87360380651725,40.798806086454185,-73.85532182593332,40.80485772830984,16,3,5,1.679521712696965
4,-73.79703808254239,40.88914519443093,-73.80816343102309,40.90562031339897,22,3,6,2.0568015704974365
2,-73.99246013276301,40.70981898747462,-73.98965304362083,40.73589480251711,17,6,1,2.9091322543671145
1,-73.98682493391142,40.76650745656097,-73.9897048671566,40.75350058291134,10,2,5,1.4664975447091553
2,-73.78318403297529,40.69732383038925,-73.76487620353268,40.68868369423531,7,0,5,1.8181003060717738
1,-73.95249585339324,40.80791195542698,-73.95234771427214,40.79008302994384,15,3,5,1.9825252773340432
1,-73.88696644343743,40.66342079845014,-73.88950380136636,40.69948469321497,23,4,6,4.015826022583275
2,-73.8768163958865,40.71287131583819,-73.84661415766493,40.73143302582799,18,0,4,3.2769073988967796
2,-73.9567624262396,40.60394008765692,-73.96632270660825,40.604014634061535,18,2,6,0.8071414512270415
1,-73.8294256282094,40.87638081870824,-73.8453971124776,40.86867633502224,13,0,6,1.592906647423946
2,-73.92016212273793,40.69982832535092,-73.93940766223554,40.7105216949783,19,2,3,2.011379837397987
5,-73.80432786593876,40.81509583396696,-73.7950914305185,40.80912574384599,16,3,6,1.0222152957163178
1,-73.8536951961513,40.8590732200402,-73.89320432741975,40.86643257110508,17,0,2,3.4217876892331516
1,-73.82726341969155,40.6187391759448,-73.83584606774232,40.638200473487515,8,6,1,2.2819936938029444
1,-73.76407530633328,40.65878408427166,-73.75643247325661,40.69027753648599,4,6,5,3.560733532151466
1,-73.76898593211055,40.77933146836662,-73.7922970491357,40.774077243971824,8,0,3,2.047982576537216
4,-74.03311901673558,40.86829028143218,-74.0162358354543,40.88835046180862,10,6,6,2.6439293720946857
1,-73.87466532870654,40.73447038996512,-73.86962855181719,40.73569318135418,3,2,4,0.44562966824849687
1,-74.0258454970602,40.78502465776999,-74.02900917221224,40.79778847243546,11,0,3,1.4440446821042954
1,-73.9654827179199,40.64583511028096,-73.97058979313887,40.65866867367989,9,5,5,1.4906469103013653
1,-73.94255944603165,40.88053424038507,-73.97671049873335,40.91218792404546,16,0,3,4.541805480358623
1,-73.7538408855917,40.723392056621805,-73.73748496626706,40.69077954731706,1,1,5,3.87957591767499
1,-73.98081406922391,40.752942520784146,-73.99285623284162,40.77692952118856,16,5,4,2.8535375014745887
1,-73.79411513369813,40.81707027108593,-73.81707559682327,40.820557712228094,7,0,5,1.9706572498431802
1,-73.8615133016244,40.679577379045256,-73.82380560140706,40.69013622569676,7,5,6,3.3893593830785576
1,-73.80218584403883,40.82594767842311,-73.81904593416787,40.85370675111759,14,2,6,3.3969365869462673
1,-73.99413033857073,40.64441152901379,-74.01166188306065,40.650901514992846,17,2,2,1.6457422316883736
1,-73.8718125187209,40.893440142829654,-73.85911111076973,40.886587253985105,11,2,2,1.3117121091109303
1,-73.85155731679467,40.694380028782405,-73.84823900669566,40.72023171309164,6,4,3,2.8881521698264674
1,-74.02292760469977,40.79627649760247,-74.06586500263043,40.788335694191176,7,4,1,3.7209154125263724
3,-74.02442507746538,40.63006112774619,-73.99315217640542,40.658350524567744,12,1,3,4.1057150945491685
2,-73.9319948720309,40.70376365499232,-73.93194352279941,40.70171035254312,21,1,4,0.228357843900956
1,-73.80585934682195,40.692662452626806,-73.85010332284004,40.69526180086544,7,5,1,3.741317143979349
1,-74.02578853152154,40.67413679632639,-74.03122498276099,40.66581176358495,8,5,4,1.0330286528036956
4,-73.98649875189865,40.71660008396548,-73.96785951526039,40.68791304589824,13,4,4,3.5558375534231743
5,-73.7543631786986,40.70936664664632,-73.78037570388149,40.75801142736565,16,0,2,5.8362387634627035
1,-73.85994606146392,40.62841797640409,-73.88213333238286,40.6401973318812,13,0,1,2.284927051771004
1,-73.85017113467262,40.67529692570115,-73.88584465313495,40.64542850595888,12,4,1,4.481641303092334
3,-73.77319680409049,40.854382323745426,-73.75506379759103,40.84778274756086,17,5,3,1.6925161159638298
1,-74.04330135083399,40.647746273824055,-74.0602080164407,40.61815172861106,3,0,6,3.586715884876308
1,-73.86629504739892,40.869696439438016,-73.87660536108726,40.865634197435334,12,1,3,0.9775885760279227
1,-73.83807684014494,40.61879542932296,-73.8083259356192,40.64602036885998,7,2,1,3.932852783724043
2,-73.78883726106824,40.6128156003003,-73.76678927717417,40.60387670576375,9,0,6,2.1099948507679986
2,-73.94293373600779,40.68620295739623,-73.91597746389938,40.66953944205828,4,4,4,2.932679987529707
1,-73.9145830303498,40.70499679963874,-73.91665672443122,40.69190737033651,13,0,5,1.4659392520156327
5,-73.87272492279237,40.71189402488188,-73.89465317502234,40.73718161693206,22,1,6,3.3646980205826185
1,-73.9702538377832,40.880014918593936,-73.96564287966365,40.87322776499051,7,6,3,0.8484451221168268
2,-73.91238278385083,40.84390090116453,-73.88869690671847,40.88076042818699,10,5,5,4.556969720928091
4,-73.85840687198963,40.82130533120013,-73.88466749565806,40.85106731067793,15,2,2,3.979047288751665
2,-74.04891806916805,40.615822758971966,-74.02742434622667,40.62335551947038,17,1,2,1.9981534992756338
1,-73.76201942386368,40.74323964118814,-73.75206575880136,40.73210721193402,8,3,3,1.495197318580659
2,-73.96126403725194,40.62155586204973,-73.9772831654398,40.66317798448504,1,1,2,4.821487910474764
2,-73.94921333778152,40.87240171330672,-73.96834414227293,40.857158940948224,2,0,5,2.336837015913208
1,-73.80103968335659,40.82162751692945,-73.79375262815071,40.82442741762343,2,5,2,0.6876802285208928
1,-73.82678719546,40.79127758347855,-73.83840229765642,40.77460385695694,22,3,4,2.096141646310594
1,-73.78662291633,40.66891684647619,-73.80744952243484,40.65724574129973,22,3,5,2.184053664257642
2,-73.93462486214193,40.63600721553187,-73.92294786668023,40.63600466963445,8,3,3,0.9853239069106612
3,-74.00933653491654,40.64944064417675,-73.9769426733576,40.628692495004366,6,6,2,3.576828884767116
1,-73.76538738528487,40.758990492313806,-73.76452026996972,40.75017369863307,20,4,4,0.9830996448584322
1,-74.00443407939478,40.74475491869318,-74.01898420095628,40.73707793435688,0,0,2,1.4937761596473473
1,-74.00799985518978,40.75668022968455,-74.03664852590566,40.759134976884226,15,6,2,2.428391117718638
1,-73.97413980990156,40.851877696587145,-73.98615613669615,40.83822943318373,5,4,6,1.8234117918634787
1,-73.83017793569927,40.85104529985935,-73.80078143189007,40.88430735813046,8,6,6,4.448562708651161
1,-73.91808140870094,40.84196638678728,-73.92310403232798,40.810992717007,3,4,4,3.4699457132300204
1,-73.94456356921428,40.66091464303147,-73.9397981687407,40.710735888494106,9,6,1,5.5544225217739625
2,-73.83940941902695,40.63543477794768,-73.84870665866283,40.62195514943153,22,0,1,1.6918039626770234
1,-73.95235873266819,40.63878226389061,-73.92360092987424,40.60624297231839,17,5,1,4.356869833933796
1,-73.98103940968798,40.65567220734878,-73.96104789325221,40.67449184438386,6,0,1,2.6874495759656702
1,-73.88492077064224,40.85157632745972,-73.88989411105689,40.87823427328771,18,2,4,2.9935855660425714
1,-73.77849581623967,40.737254120901426,-73.77650554055654,40.73429905398921,15,0,4,0.36890486317665466
1,-73.84941772231996,40.7887688511227,-73.82192060789363,40.7612163286283,15,0,5,3.8402349368309907
1,-73.90562280044273,40.83542986338039,-73.94162326015821,40.873064010867175,2,3,5,5.165235532678567
1,-73.91845949766335,40.60453217249071,-73.89187090112446,40.60417470834594,13,5,4,2.2450042554310534
3,-73.97999204453515,40.75441758569316,-73.98624520833297,40.74191964109207,21,5,1,1.4861929285948652
4,-73.84209109933049,40.66710702047564,-73.81892068939719,40.70243726872407,7,2,2,4.387540732344074
1,-73.93026048927999,40.76321674055941,-73.92544002151648,40.77689907026415,23,2,4,1.5746311632822425
1,-73.98991941814647,40.81715617440226,-73.9707033967183,40.82543074340639,8,0,2,1.8604192071117185
4,-73.8786974893076,40.65143189838762,-73.89578579399615,40.64697850017826,15,0,5,1.5243307113700282
3,-73.88452376231552,40.8745511079382,-73.9023906442504,40.83298836405875,19,6,2,4.859733137581822
1,-73.86203610347569,40.63924642787955,-73.88109942648906,40.65700724883215,9,0,2,2.5469428173673783
1,-73.85734617641491,40.83203897905542,-73.87392162310985,40.81843040394929,15,1,5,2.057899793079021
5,-74.01393573729173,40.73022172371603,-74.04576314744982,40.70737069505894,17,1,6,3.6947371299653082
1,-73.99404345106993,40.89669414010491,-74.0267522251601,40.911487792394965,11,5,3,3.2035048905591452
1,-73.98046108286321,40.77929316270524,-73.9889141466635,40.77173748754008,9,3,1,1.1011369536212825
1,-73.95782732477512,40.75396253699501,-73.92177391888212,40.73814844641153,18,6,5,3.50953959909796
1,-73.93889563861437,40.64405069624262,-73.91268216646304,40.67519768081208,5,5,4,4.1090440658976455
2,-73.90649201131706,40.88897013551985,-73.93861137206503,40.9135140659369,19,5,4,3.8386911294732133
1,-73.76307787386702,40.64436355675839,-73.7650974377752,40.66145962599449,19,3,4,1.9086153803633186
1,-73.9037766466329,40.61780424101699,-73.92736421800232,40.57644504621086,10,2,5,5.011618301445912
2,-73.9532012900508,40.72761530158428,-73.97547048993863,40.71046954691127,0,2,3,2.675274905909861
5,-73.87537122031523,40.75012223482701,-73.85458953935313,40.752500461380066,10,2,2,1.770421416183294
1,-73.90396619475953,40.60143107685344,-73.91592503609293,40.57649089603473,12,0,5,2.9513536994809386
3,-73.9952758329544,40.80544176070672,-73.96096945282983,40.78767359936571,20,4,5,3.4990305359491884
1,-73.90327212913195,40.88652004808576,-73.87560720410693,40.8888056867887,8,3,5,2.339435757470826
1,-73.8154479426481,40.64017527660893,-73.84058674935571,40.63449603357432,5,6,3,2.2132177313195154
1,-73.8243191617164,40.714588920747175,-73.8102478289658,40.698675300430224,8,1,2,2.1302638860177714
2,-74.01426769606336,40.87310082046695,-74.02146737456502,40.912055484810715,21,5,4,4.373632769642956
1,-73.81212493096875,40.65244613735873,-73.78008589386467,40.65794656463919,4,5,1,2.771068648096927
1,-73.76000276881224,40.70453899980183,-73.75646398340976,40.697717750917384,19,1,6,0.8150444708801147
2,-73.92008363447155,40.60997800443294,-73.92003207182651,40.60013175856302,13,5,5,1.0948612405189038
5,-73.85132497858581,40.718045350966634,-73.85394736805488,40.67481636700819,10,3,5,4.811925103261319
1,-73.82081334090695,40.86429238355004,-73.8226007843257,40.86480071721848,1,2,6,0.16058653851267635
1,-73.81068802795379,40.669700187256375,-73.8279380955386,40.676415705249084,18,2,4,1.6352353522047136
1,-73.91018026470438,40.69256797735736,-73.91284880638699,40.70930168183088,11,5,5,1.8742522103438384
2,-73.9584491493864,40.84383198635503,-73.98291355665573,40.81848058388294,3,2,4,3.490424655834979
1,-73.79832554983442,40.74473857994877,-73.7727446654326,40.75703148146488,19,0,3,2.551816074992587
6,-73.9827752225266,40.75952110639986,-73.93515200112506,40.75029225299824,10,3,2,4.140542767035946
1,-73.91602546687135,40.73179853388192,-73.90941644564714,40.70708732430777,14,4,3,2.803644173052712
1,-73.81012147601739,40.80077756289687,-73.8024918784799,40.79857763280672,19,4,3,0.6872278066650562
1,-73.77481058575131,40.80367001776719,-73.80480193591761,40.78220725536018,4,5,1,3.474196134418891
2,-73.78692369792691,40.7959765831205,-73.79054935197696,40.817483323838616,1,4,2,2.410831176840188
1,-73.91621244810058,40.63442649795705,-73.9104038062833,40.62188891958362,4,5,4,1.4777865952549358
1,-73.78015003490235,40.64396714229443,-73.78321779091814,40.64782425770113,21,3,2,0.5009369890817478
1,-74.00334629077629,40.62422772698269,-74.03806512429264,40.63279469247451,20,3,6,3.0809285851420487
1,-73.77888023929414,40.761604580076614,-73.73716769123753,40.7766002361819,18,0,3,3.8884116268734505
1,-73.98296385634472,40.61664120854182,-73.97711996551861,40.613622232604165,9,6,2,0.5966635889184222
2,-73.96847506398385,40.85261881808365,-73.9720504316783,40.86474450151067,0,1,5,1.38143566486231
1,-73.79748827043312,40.77935658282004,-73.80879141950022,40.78990452957041,9,5,6,1.51039201274312
1,-73.91016564251815,40.887578054114584,-73.90591704752565,40.89004645617224,2,4,5,0.45042926351037177
2,-73.80664919582726,40.67951172684836,-73.81472079499214,40.68902505167409,6,2,4,1.2578675563243542
1,-73.76273723276587,40.6698600887045,-73.73452364548848,40.67142101913791,20,4,4,2.3857948269876417
6,-73.90114421968335,40.758453644793605,-73.93932535351634,40.74436612220473,23,6,4,3.577402751258355
1,-74.00318906523846,40.684095755636214,-74.01646425404309,40.696781322923826,0,6,6,1.8006862854825239
2,-74.03260227442901,40.669312538504585,-74.02952451977349,40.68182318736476,13,1,6,1.4151268444049885
1,-73.83066761178455,40.86509600164897,-73.80783648391242,40.87921255791509,2,0,4,2.4797502941951275
2,-73.83435571999173,40.71361509019625,-73.81602411441949,40.7076148997748,14,0,2,1.6830156204225324
1,-74.03741923747747,40.89219106498422,-74.03108604851384,40.88217223588106,3,4,4,1.2347185546457573
1,-74.04643690277754,40.87042664900861,-74.07423241513557,40.85068006459581,22,5,5,3.207055478587324
1,-73.82631732145005,40.86153280273007,-73.84682280361889,40.887374532106605,16,3,4,3.3510170766510163
1,-74.02782088277255,40.87321872035603,-74.02092271959786,40.83285470519365,4,2,5,4.52561728371447
1,-73.91580248766651,40.67893981712722,-73.90921851006262,40.68007511806087,20,2,2,0.5693756141397277
1,-73.99726824698575,40.63979695609669,-74.01416122364954,40.63921993072601,19,0,5,1.4268254300351293
2,-74.04145863223695,40.629392852673945,-74.05047239759519,40.64200180068051,4,0,5,1.5950733625674536
6,-73.88507730493183,40.6726470490294,-73.88649922401848,40.67434389240962,12,0,1,0.22356260353166138
1,-73.77981181162153,40.68393846275542,-73.79853122724425,40.698178514246294,9,6,4,2.2356574981530724
6,-73.88889781402182,40.66701820901597,-73.91094757730174,40.66248723027201,0,1,6,1.9268285763509279
1,-73.8535453201672,40.871576091712264,-73.83952671313335,40.87233189902592,7,1,6,1.1817145648297815
1,-73.88562971290386,40.80539070587813,-73.91764567213298,40.82483544765331,11,6,6,3.4545857398725133
1,-73.8381771052491,40.78540550154585,-73.83369244183345,40.76588045671292,3,5,2,2.203683044792672
1,-73.88856546235164,40.77951261648849,-73.89146589674712,40.77059134166282,15,0,2,1.0216235683002468
4,-73.86163846571917,40.837780452471264,-73.84530144913023,40.82246891703843,15,6,5,2.188162404569485
1,-73.80672074331147,40.76916270445073,-73.78828437167859,40.73180666551339,10,4,1,4.434629988614877
1,-73.94547320566328,40.77913826014703,-73.93834401196065,40.79298077386537,19,3,2,1.652105483652875
1,-73.83420323385859,40.763077363269055,-73.83976398160297,40.76692134463567,14,2,4,0.6340492198910703
1,-73.82150440330955,40.71776003321746,-73.82760677765621,40.70965208965448,6,1,5,1.0379538538203712
1,-73.9493608146452,40.73230142994683,-73.96318709153032,40.699975318586965,21,1,5,3.7786650959532846
1,-73.77214772271802,40.64591696344694,-73.78758767204363,40.61577077267534,12,1,1,3.5964250351549434
2,-74.00091013221125,40.69677344466978,-73.96272847798109,40.72080198763135,22,6,4,4.182863326431727
1,-73.76662588151257,40.62957309362327,-73.77005333146576,40.64122449324513,22,4,1,1.3274655093390375
1,-73.88180426240771,40.62955242886657,-73.89285072682408,40.670530567845134,19,5,2,4.650884784824923
1,-73.79878365521743,40.62308646508227,-73.8022907116683,40.60491709253817,3,1,6,2.0419145282744844
1,-73.83785191180574,40.85208731540173,-73.82385005641612,40.87723883773485,18,4,4,3.0344727845041803
2,-73.99620209299762,40.808044507695534,-73.97354051295795,40.83280851190665,13,1,5,3.3494574069447256
6,-74.03245258666763,40.806783041318994,-74.0100986935932,40.84663394277714,11,4,5,4.8138680404863585
1,-73.80764945904183,40.62465199438627,-73.82459037618044,40.59022851262597,9,0,1,4.086152043465486
1,-74.03454991016035,40.74136742536248,-73.99497816003301,40.766752245021216,4,1,1,4.36780986534893
1,-73.76898818698533,40.66061900892307,-73.75917119620462,40.6795685813521,14,1,3,2.263925126680837
1,-74.02785140734183,40.65682164394213,-74.04919705973747,40.66272946477642,19,2,2,1.9166339588383676
1,-73.95313637060346,40.80959201144291,-73.96035667577657,40.7832203517516,16,4,6,2.9947209764744893
4,-73.82915620849953,40.64288110546172,-73.7763615633521,40.67036429749635,11,1,5,5.401198097378035
1,-73.93800850669486,40.84880765886293,-73.9905715762024,40.8663164198508,9,6,5,4.830332551288621
2,-74.03538424854527,40.88600607786508,-74.03818274038427,40.90727570788435,20,2,1,2.376742844056148
1,-73.75031752882947,40.85050102415648,-73.74129073719027,40.86581481517319,21,6,2,1.864376136257868
1,-73.94041811738941,40.66145379227229,-73.96537359370714,40.66226576494826,11,2,2,2.106903427082803
1,-73.99965054359056,40.74746818072994,-73.97641669908127,40.74667769644303,5,6,3,1.9592171066437243
1,-73.85798961281736,40.69626680386835,-73.86212281731669,40.66265369957793,20,3,5,3.7538224919435668
1,-73.92940115878643,40.76597482778399,-73.92040271012603,40.74579243183755,17,5,1,2.368715913113679
1,-73.83928787796819,40.89984883372056,-73.84457342835928,40.922733036747864,17,5,2,2.583080248510868
2,-73.82496835079496,40.654739963396416,-73.81035398215633,40.660001270975926,14,0,6,1.3645625034449897
2,-73.79869881116345,40.67066855794316,-73.81168493294896,40.67855588106067,11,2,1,1.4030499707720756
1,-73.86689146920342,40.70469996767578,-73.88704070083249,40.68242638012792,13,6,4,3.0033101246931246
1,-74.01228683664625,40.80682055849112,-74.00282719491712,40.77971082081953,22,1,1,3.1178763894275683
1,-73.83691531465283,40.76281104167485,-73.8707332457984,40.79423147215861,2,6,6,4.507206264627357
1,-73.80992973582005,40.61111384595921,-73.77243853817399,40.59586382261769,9,3,5,3.590737496576052
1,-73.82023616249504,40.80183783228706,-73.80849864079751,40.82079567496274,0,1,2,2.3279886015185123
1,-73.88335189528168,40.82118060707592,-73.9018334900567,40.81420502929668,17,6,5,1.7379441543915872
1,-73.96413988088051,40.84511610658939,-73.92265543286251,40.87381919072306,23,5,4,4.72844034110776
1,-73.87358739863697,40.761304602566085,-73.89889391879821,40.77097384780907,12,1,6,2.387083176154136
1,-73.81243109128155,40.74591342000041,-73.84283783932555,40.73529730866786,20,4,5,2.82064293703307
1,-73.75811358009315,40.75999542703317,-73.76477713793031,40.74542984435343,23,2,4,1.7141238456429988
1,-73.75372427753842,40.69347678120203,-73.73893998870717,40.677532869609024,22,0,2,2.1672828090044627
1,-73.9375270485973,40.64318401748508,-73.94309043230898,40.59781006783523,20,5,5,5.067156016821985
1,-73.85951388610832,40.72022025363831,-73.85533836028223,40.73562650132576,18,1,1,1.7488567147681968
1,-73.85582364658778,40.88290663475703,-73.88700587233005,40.90730028486698,9,1,2,3.7718513338472532
1,-73.98492004594527,40.76865736762603,-73.95291629881444,40.79365906679213,12,6,2,3.871675871792981
2,-73.99161181268529,40.62817464122107,-74.00064361035643,40.60034099884103,8,4,2,3.18747206350069
2,-73.98813155877095,40.659012713566135,-73.98653723485461,40.645305591217465,10,3,3,1.5300853642103083
1,-73.78013644357422,40.851691279425495,-73.76672868403814,40.88235579991218,4,4,6,3.591302253076877
3,-73.7640843783395,40.67024387040318,-73.76912402525825,40.64291664287749,8,1,6,3.0682433510516365
2,-73.83624747361034,40.72968010105405,-73.84369183931831,40.70372746759214,19,5,5,2.953216707658774
1,-73.97826587219205,40.70311665537578,-73.99627785551708,40.70942117752974,18,5,5,1.6723090838666015
1,-73.87317055509982,40.648241036034335,-73.89394652788853,40.64018597330117,3,1,1,1.9684731924472583
1,-73.92758641983548,40.693888923551135,-73.93796958194358,40.68139926369546,19,4,4,1.641699325409326
5,-73.87356891043343,40.76430006700446,-73.86749513084779,40.74323079237346,19,6,2,2.3980075698061687
1,-73.93452586842581,40.82083400321841,-73.9289716501848,40.81394589914201,12,2,2,0.8972725576869777
1,-73.78437780311994,40.85965283158184,-73.74787619050079,40.856180687597856,19,6,5,3.093988058247011
1,-73.95086569071441,40.60575146726921,-73.91583886420604,40.58394274246555,0,5,3,3.8245499300430845
1,-73.86679524153854,40.68174612183672,-73.8536515750001,40.67853006746456,14,1,3,1.1646136551036723
2,-73.81488329276984,40.839317100507934,-73.80646678978655,40.8263620273313,9,3,3,1.6051656573050836
1,-73.83735811060887,40.887544409446114,-73.83225998071923,40.91736877300332,0,1,6,3.3438822444254166
1,-73.97861906427435,40.76190833329875,-73.96872952854336,40.7767942069404,5,3,2,1.852942982985472
1,-73.98129247621246,40.80453855667679,-74.00732111231119,40.82250206597374,22,6,4,2.964464521427508
5,-73.772849669073,40.714307867800756,-73.74852826332776,40.71126945923179,11,6,5,2.077572805284049
1,-73.9502211746812,40.88905564850673,-73.94891109921427,40.87795472202102,15,2,1,1.2392703437496948
3,-74.00189022702853,40.67369194289833,-74.00347701199394,40.64232547381202,11,3,6,3.490359697589043
2,-73.91694726946596,40.773187067090994,-73.89720375373355,40.76533435939588,21,0,5,1.8780001653023946
2,-73.76624393878065,40.789810734826354,-73.78991686877387,40.80477502222044,10,6,3,2.596092962114491
1,-73.90674278922361,40.700865429085304,-73.91854298651063,40.70137141844693,18,5,6,0.9963379667255026
4,-73.96212677033857,40.77751823783215,-73.96457097330885,40.77909441514233,17,6,4,0.27032023949370326
1,-73.98434053507137,40.86739635233277,-73.98582714295509,40.865329032346104,23,4,4,0.26166750321415655
1,-73.84534810652919,40.73473194450521,-73.84438894914815,40.72920976818072,8,3,2,0.6193337830968828
1,-73.83245961202549,40.62295298502102,-73.85199220633767,40.62389032281007,15,4,4,1.6517943162442001
2,-73.85551719267188,40.805635386658594,-73.8632282680516,40.801917680475285,12,1,5,0.7695050628403676
1,-73.78311169902781,40.61616021668819,-73.81505189851323,40.574970868948064,1,6,2,5.315029960392474
3,-73.94420652353287,40.78859357218411,-73.96957208511802,40.78575106113994,2,3,4,2.158797281257342
1,-73.97783863200848,40.736042574419535,-73.98418711416019,40.72681967621131,20,4,4,1.1566676696391098
2,-73.94542265488703,40.81913386955266,-73.96223282069707,40.82880432322008,2,3,3,1.776795242471959
1,-73.86075698612004,40.757286180050805,-73.85393552429345,40.76149536328757,6,2,2,0.7410523308516477
1,-73.84358771009639,40.89283539601087,-73.83361862596382,40.8790919506952,17,5,3,1.7429077599477134
1,-73.90613906648709,40.895085823598926,-73.89978916400868,40.88375582436485,1,0,3,1.3682506176853027
3,-74.0026597368923,40.62300976498454,-73.9903046756824,40.64043174633262,14,3,2,2.199980125609264
1,-73.90659450800214,40.891230617242826,-73.9130795610207,40.88638140878109,14,1,3,0.7667622420911745
2,-73.78879164932316,40.63918728754293,-73.79269327704803,40.582483262144535,5,3,5,6.313795814976502
2,-73.8634481240518,40.74845566387632,-73.87608800165881,40.77137388915494,5,5,1,2.7618197608111705
1,-73.79205313553796,40.62803897003356,-73.78531658139252,40.63561477977674,1,5,4,1.016262609393598
4,-73.87820976728507,40.79990263470004,-73.89866574098727,40.79259947119791,2,5,3,1.9038399801491477
1,-73.99885454083118,40.790814724959155,-73.98740708076078,40.79949526702085,19,6,6,1.3639254208233762
2,-74.02595699339993,40.64159969239081,-74.04100571562485,40.68306287965864,16,2,2,4.782037705557423
1,-73.83470241815868,40.84954404761882,-73.84982848862211,40.87340633624784,20,3,3,2.9425225765523946
2,-73.82092443620905,40.72442198694316,-73.83246723252316,40.7232676440908,13,1,5,0.9811495810967701
1,-73.97944933913149,40.647617046063026,-74.01297112967798,40.61447359059085,8,4,3,4.645896398596136
1,-73.84806461105431,40.65237342852815,-73.86745904076867,40.617988470888776,0,3,3,4.1589597957697695
1,-74.04684760057012,40.77055849530641,-74.02797353894566,40.765093382284654,0,0,6,1.7016821594482334
1,-74.01855224514325,40.61005429220361,-74.00452610106788,40.600616237953275,7,1,1,1.582229107218564
4,-73.88595816114565,40.70721274530831,-73.90175085580611,40.730357125592455,18,3,3,2.8973348848394287
1,-74.04154478429646,40.831854274022334,-74.0486559886679,40.85210925581538,1,2,1,2.3303387253355035
1,-73.953684014386,40.73319865677334,-73.93874353333591,40.725946892197385,1,6,1,1.495034864629792
1,-73.93236679925938,40.80558344636092,-73.89828368073387,40.855995902928754,0,0,2,6.29649736958037
1,-73.93282768672226,40.60359394889982,-73.9080985110893,40.594224720059664,0,6,6,2.3333398628753255
1,-73.98696836514848,40.67209868325892,-73.99717395261062,40.69548470626564,1,1,2,2.7390981960081335
1,-73.93287895489084,40.7608213971613,-73.94737560411757,40.756146914520635,22,5,3,1.3270345284673166
1,-73.84101808379175,40.87387954044935,-73.84517979975483,40.83253894072012,3,6,3,4.610172072932743
1,-73.76220126752985,40.89516328582513,-73.77855193574081,40.90393243076917,14,2,5,1.6850257918800982
1,-73.89826500996398,40.86665389039766,-73.87014253293776,40.87454760454422,14,4,1,2.5223116098858727
1,-73.80200506736078,40.863441607260185,-73.8272142612295,40.863579470394434,10,6,5,2.119982745158712
2,-74.03210873617597,40.60617599000118,-74.02664493190233,40.59593924348348,18,1,2,1.2281909682341103
1,-73.98241333244124,40.608710398802685,-73.95622228370291,40.62257049670545,1,3,3,2.694899582026298
5,-74.00363818059125,40.85599738483837,-74.01252298592912,40.865010963030485,22,6,1,1.2501290876130804
1,-73.75496138938468,40.72440305559848,-73.72926332294992,40.75767863579479,9,6,5,4.28694675161167
1,-73.89290210138114,40.739735671953994,-73.86465788894728,40.737273545237144,3,0,4,2.3953269554799874
1,-73.98268649982094,40.8142051932432,-73.98569976236185,40.81017038388048,18,4,5,0.5153599978047757
4,-74.0083230962887,40.83264843908498,-74.0165399677972,40.821169340630235,5,2,3,1.4516299028002109
2,-73.96260776611766,40.83686875504629,-73.96282328347864,40.82849682648903,20,2,3,0.9310925493780825
1,-73.76678000522088,40.89641385231466,-73.75424090926333,40.93574375861419,4,6,3,4.498415467650516
1,-73.97587363455904,40.61194072585618,-73.9674164305265,40.626458917639944,17,1,3,1.7651208094269648
1,-73.899482605965,40.805204588887506,-73.88321025155042,40.80442835624815,19,0,6,1.3723269646906675
2,-73.9743708804658,40.623385074878904,-73.95800112456502,40.64238016521986,9,6,5,2.5237663326638735
1,-73.82117055666365,40.79963744290839,-73.82362785983986,40.82364956918765,16,6,1,2.6780235931243785
1,-73.91623361337341,40.73791285193246,-73.92992876178175,40.73709029296376,13,2,6,1.1574797006090862
1,-73.76392781262824,40.67829560622639,-73.74435052618364,40.66073613919406,13,2,4,2.5570669599013782
1,-73.9753912177999,40.85506923038964,-73.99104050733615,40.83040786928913,1,3,5,3.0418266004112238
2,-73.97399236533556,40.6740141100672,-73.95888615303797,40.66149326523146,2,1,1,1.8872342884757671
1,-74.04171518282132,40.63883712457793,-74.03846247802585,40.64864632858999,7,2,3,1.1247291048914956
4,-73.97501767461443,40.77930906935386,-73.9936821841304,40.77962705525392,1,3,2,1.5719501770614845
2,-74.03114479652265,40.71467714422154,-74.00187242131217,40.74535173617714,1,1,1,4.209266263442599
1,-73.98912826133345,40.639460026694216,-73.98328646179307,40.61871797862414,12,5,6,2.3585101608424197
3,-73.95230160235222,40.8579421457635,-73.95606071082385,40.86446085215619,12,4,5,0.7907842707496026
1,-73.7913957679265,40.88418266060577,-73.85100772887021,40.8783479460293,5,4,2,5.053450205702117
2,-73.80232593942627,40.64818518795981,-73.78907669180448,40.63484129723316,8,1,6,1.8577632840984442
5,-73.80823383166147,40.876209707285724,-73.77657792140305,40.88594562991892,18,4,3,2.8731100316038947
4,-73.87990365026819,40.65189066283123,-73.86960444791883,40.63019973407973,9,3,6,2.5636928928223317
3,-74.02919449869442,40.82519271087802,-74.00834646085727,40.834561909581055,17,5,3,2.040130877629539
1,-73.75639680495412,40.64197370286929,-73.73841928862578,40.67726154787632,14,6,6,4.206662912781956
2,-73.76600319073425,40.71210836548095,-73.7446529606164,40.712785725294445,0,3,6,1.8010783752419517
1,-73.940140950762,40.73922220594355,-73.95214419139788,40.706116228589394,18,2,3,3.8176646894676174
1,-73.89995229811524,40.67929910806236,-73.89349576351715,40.70159269508869,3,6,6,2.5380011014581005
1,-74.02418363659417,40.63520281192111,-74.00944612243966,40.64241295384155,15,2,5,1.4795684866436265
2,-73.8597107768439,40.60995922256951,-73.85846189242372,40.59994032356624,15,6,6,1.1190285684168328
1,-73.76210793647033,40.80045092794191,-73.74570947271724,40.81874284095579,21,5,3,2.458001239942263
1,-74.01019538603174,40.72328615033956,-74.03735687455529,40.745907068647895,7,0,1,3.4006350805465786
1,-73.86806089444732,40.81985547389665,-73.8802530509341,40.81380786619319,6,2,4,1.2267387029228767
1,-73.80123081115734,40.870044660563195,-73.81274683600327,40.817765462696336,5,2,3,5.89334166647866
1,-73.9920528690191,40.621935618554126,-73.97403219105881,40.62216608691165,8,2,6,1.5211477941723175
1,-73.77162652297108,40.820449925262366,-73.7760375407737,40.79081867234114,6,0,3,3.3156958032800166
1,-73.9653720769553,40.835939659643365,-73.98091823568994,40.831347269023375,17,6,5,1.4040712851540853
1,-74.01105746165045,40.885754901611826,-74.01755228527261,40.89266065269369,5,3,4,0.9421883342154423
1,-73.80406205674883,40.64388983764944,-73.81352770092366,40.64394138441983,11,1,4,0.7986523811379702
2,-74.04621966966586,40.71759011215468,-74.04654337942544,40.716345400671585,15,4,3,0.14106884292235433
2,-73.83954896269375,40.687428636359385,-73.83045461492783,40.72903105155466,2,2,1,4.689060654952888
1,-73.83954406686645,40.60579814432561,-73.83405286528333,40.61372923227903,11,1,2,0.9962980971693016
1,-73.99575240065428,40.68477018311715,-73.98991854977172,40.68932569781586,3,6,1,0.7060821646097865
6,-74.01892085500076,40.8792176282943,-73.99328368159242,40.88617320378746,2,6,1,2.2898631952903004
1,-73.75676930059936,40.621679571056205,-73.73275677254891,40.61540501132429,23,6,2,2.1434747103213474
1,-73.78689074184715,40.66296121295533,-73.79007250950349,40.671793574433686,13,0,2,1.0181172414766242
1,-73.94004647333233,40.77759690476506,-73.95457415404604,40.75592816315107,2,5,4,2.702283550674243
2,-73.89332484269296,40.8114871367725,-73.9290693396468,40.81623556546019,19,5,3,3.0541163421428927
2,-73.99491258118474,40.75331846307014,-74.04296007462233,40.77516593493411,10,6,1,4.719748212382227
2,-73.9200467163986,40.71193995002449,-73.93763707749315,40.7099035422822,19,0,1,1.4998283579928748
1,-73.75218965131285,40.810589364043174,-73.77134061623453,40.77696013263214,12,2,2,4.072123090601881
1,-73.89390498334178,40.85490253160305,-73.88541533749432,40.86376141421623,7,2,1,1.21659343649854
1,-73.93320067985704,40.89768645789165,-73.93923717305867,40.903579870555106,8,1,2,0.8287579879754612
1,-74.02259523184883,40.61903459053937,-74.0383725936665,40.62545359831747,18,2,5,1.5108266063159708
1,-74.0366792603182,40.62580784616606,-74.0330227080016,40.63759443028288,0,5,6,1.3464423748944008
1,-73.79127473791907,40.71705995790898,-73.7995835974417,40.675810685272715,15,1,6,4.639890029673073
2,-73.85501678983552,40.68201121697608,-73.85585633875851,40.65913378915062,0,2,3,2.544839125063067
3,-73.95992226696035,40.76053094877307,-73.96033872344287,40.741282633689686,8,0,5,2.140602458854323
1,-73.96479139953917,40.72202851205162,-73.95542673881408,40.7162963677969,7,0,2,1.0144597932666328
3,-73.89490042503621,40.88294867729233,-73.87613352474412,40.85965585400819,9,4,5,3.0328814798985926
1,-73.82554188206944,40.793812888879074,-73.81838817149438,40.8173566080568,0,3,5,2.6862897093599365
1,-73.8003680544567,40.77085568534688,-73.80118358475936,40.77514652228947,13,4,3,0.4820363000717999
1,-73.91865225650967,40.88103044820238,-73.93176571939638,40.86017931012014,8,0,2,2.5673802582366214
1,-73.84360612670633,40.79350115785776,-73.85755278993979,40.756090590419674,12,5,5,4.322461825019276
2,-74.0183651697291,40.65161914509801,-74.01138714112896,40.66979936954383,20,0,1,2.105494852906662
1,-73.98634082334507,40.79091924095679,-73.93681887888492,40.7881631559758,23,0,2,4.180365833455422
1,-73.8228711748935,40.82776389413297,-73.83023180835602,40.84696081304995,2,4,3,2.222601382509629
1,-73.78876538970943,40.682273005577834,-73.78326697396238,40.67179413957062,14,3,6,1.2540664256591827
4,-74.0257572820284,40.647925189313334,-74.02826031650613,40.63497853132134,8,2,2,1.4550114532268468
1,-73.81916020166568,40.84738378485002,-73.7894282250507,40.86047599571632,15,2,2,2.8935174971606736
1,-73.98780619802717,40.63074840205135,-73.97802702777922,40.66359469804045,10,1,5,3.7443686009519133
1,-73.8609850293889,40.86156276033838,-73.85872756997021,40.85594281368332,23,5,4,0.6531120890260765
1,-73.84034879326174,40.60299993863674,-73.82206156902419,40.59691789317287,9,1,5,1.685561623806533
1,-73.86829743334805,40.615194431459464,-73.8420812098982,40.62501247406094,4,3,6,2.467359202474518
1,-74.04209412633114,40.7866407797558,-74.05259580372629,40.77585630304361,17,5,3,1.4899234569116102
1,-73.97977220915017,40.85288850245143,-73.95825002436138,40.83922909861117,4,4,5,2.3631113573367566
4,-73.96903084313327,40.74592802181165,-73.99638481024353,40.72638974702753,16,3,1,3.1672818548622867
1,-73.84010959989959,40.66733161697375,-73.83724371541145,40.66251576516029,1,4,6,0.5875274730416146
1,-73.88431967426492,40.68920852099302,-73.88644522626986,40.73476131302803,7,0,6,5.068406628206692
1,-73.87844821304304,40.76016826678041,-73.85740532536921,40.804217051053506,23,4,2,5.2085964342771565
1,-73.79949619852742,40.77538550549317,-73.79053204008558,40.74978529753888,11,5,1,2.945028547498622
1,-73.91370515443649,40.805187524297395,-73.91630362178158,40.78847807299451,13,4,4,1.8708371335100868
6,-73.79430304756734,40.882181758127224,-73.78506287852707,40.845574005808125,18,6,5,4.144096390351899
1,-73.87283936809538,40.773253464243005,-73.88673384335137,40.77156643433219,20,0,2,1.1849820925909567
1,-73.90185825181295,40.79818797258671,-73.89509605389335,40.83512388746958,10,5,5,4.146321954373461
1,-74.04585333877075,40.80731336348087,-74.05589395149146,40.80651503091011,10,6,1,0.8497202539779011
1,-73.93384390707584,40.87894157563308,-73.93501649167825,40.8673816544486,16,1,2,1.2891801241527112
1,-73.8496354184496,40.79558814639628,-73.84326709081249,40.788663283730614,15,2,4,0.9382590566308759
1,-73.79932179092914,40.82882185958305,-73.8198191237329,40.80030508742576,8,3,3,3.6097419581908574
2,-73.81118897202947,40.62827384733181,-73.81077709870868,40.61479468182781,11,3,3,1.4992178843301285
3,-73.98594556560126,40.66619366827049,-73.95080698251164,40.65426633672858,18,1,1,3.247169237925008
4,-73.91140049716181,40.87461682468656,-73.90232770616602,40.88042916858568,6,3,3,0.9997862192340456
1,-73.91700796198907,40.83065858660771,-73.90529391113799,40.821029116777446,9,0,1,1.4553272143857818
1,-73.9107413132735,40.6455565834579,-73.91497443226089,40.67912571309841,7,5,5,3.74975530756703
1,-73.81300702598146,40.62153399500089,-73.80713026266051,40.683732071394694,19,5,5,6.9338568050855445
1,-73.7969530733218,40.87258158122692,-73.81938782853494,40.8973327944559,3,3,1,3.336415440998553
1,-73.98980076499346,40.877513281360905,-73.97928818497087,40.88373374369923,20,0,1,1.1222955349025934
1,-73.9526319416575,40.868263392783305,-73.97717824920923,40.83939542588683,12,1,3,3.8165446873206084
2,-73.88401407520571,40.810320026387465,-73.85783275198875,40.77859050462738,16,5,1,4.159977629290449
1,-73.95475997691022,40.61298474685036,-73.94212883873918,40.59150831945696,20,3,4,2.615345535887611
1,-73.9699579974065,40.891109393852226,-73.93963245265756,40.892576916097646,8,1,6,2.5543052036416816
1,-73.90030382086756,40.89134466363049,-73.93135519184159,40.888149401263355,10,0,6,2.6342517302280517
4,-73.86964065835296,40.63705397886605,-73.85475316581307,40.63299789451569,13,5,4,1.3347575284782722
1,-73.90468092526508,40.86599155312066,-73.93679227702857,40.86692965663338,8,5,2,2.702247175401517
6,-73.7800149559829,40.682247968035846,-73.77595236000924,40.69598466529524,8,3,1,1.5653872776999722
1,-73.81243772048124,40.61279454938397,-73.81373960100345,40.56312644374379,18,4,2,5.523935387407093
1,-73.75970131725745,40.73545291446753,-73.78069842462114,40.7303393877895,0,3,6,1.85832163138205
1,-73.884463365668,40.88483486976186,-73.86656501788643,40.89449653491458,17,2,4,1.8487340771227516
1,-73.82509944936841,40.81782317951163,-73.79784785568604,40.80359151832018,0,3,2,2.7864742712179984
4,-73.87084019420226,40.8196547276567,-73.87326753702801,40.80104326576391,17,5,1,2.0795586399301484
1,-73.77858171777312,40.881976397015386,-73.77523793259842,40.89176561377949,10,5,3,1.1242192579480024
2,-73.8306186934062,40.86113266469241,-73.81442707544245,40.85297860910483,6,2,6,1.6359783643270025
1,-73.77524267744626,40.760274286323096,-73.79539541456748,40.73834756466216,15,0,4,2.970939244563889
2,-73.9192519266041,40.72220196415931,-73.92410480160814,40.71421950885231,5,5,4,0.9773028149843159
1,-73.89302258555335,40.61993448305839,-73.94383580184586,40.634002728821265,8,3,4,4.564696332972037
1,-73.7865427467772,40.873950702798034,-73.76006649527733,40.88532609924617,11,0,5,2.560220636293973
1,-73.97074342823484,40.82253279659348,-73.95024911222669,40.84751364579501,14,4,6,3.269350147151433
3,-73.78939608467665,40.84657073171839,-73.78772055368862,40.84702356664572,13,6,5,0.14966151029840508
1,-74.00168614633552,40.84542345080859,-73.96256076853099,40.83827467604464,9,6,5,3.385895434397564
1,-73.88410102519332,40.62924270637035,-73.9100987702192,40.62043977305366,5,3,2,2.4025403814776753
1,-73.86378674087922,40.67774445959776,-73.85085560785386,40.65208481886749,5,1,3,3.0545788920899217
5,-73.96303135238459,40.62212125677527,-74.00692194553652,40.60198906000866,23,4,3,4.328685189362799
1,-74.00051600177254,40.71172920412528,-74.01455001868236,40.686971104260266,0,4,3,2.996426389953085
1,-73.9157499182429,40.634909981176854,-73.89849799908094,40.63096918984863,5,3,6,1.5203301880733209
1,-73.95302455719983,40.64967865263282,-73.93194142878349,40.613819220745775,2,3,3,4.366302843133332
1,-74.04655060828081,40.740379365381905,-74.0565590174314,40.77098556591719,16,5,4,3.506109717813507
2,-73.83016420829068,40.71533476482892,-73.80154979833797,40.70820841813425,8,5,5,2.5386298827106093
1,-73.80261527821126,40.7378189737412,-73.7918935720185,40.74215191266307,15,6,4,1.023763163050295
2,-73.79541737294824,40.75554849229736,-73.80598121994042,40.74133578373951,16,1,3,1.813701063636204
1,-73.86274116976315,40.65770698701055,-73.87500734021349,40.641588553796176,7,4,6,2.069580877521518
4,-73.900955175838,40.6086019654935,-73.90512377452983,40.61150680273304,1,1,1,0.4776583473979372
1,-73.82698425737921,40.75290607007613,-73.8003796374097,40.74534511690021,23,6,3,2.3936416443278645
1,-73.92975963074139,40.82493422305481,-73.8944219855911,40.80580925337962,23,4,1,3.6559601743397034
1,-73.82903260530071,40.65623653575129,-73.83115094853731,40.646941060988304,5,3,2,1.0489448287194783
1,-73.95699240071227,40.7952506338567,-73.98300266969285,40.794172735331394,6,5,4,2.1928410767206823
1,-74.01577410686826,40.61232346840123,-74.02426931492128,40.64142911392573,0,0,5,3.3148582255499925
1,-73.87962384901797,40.6203581435732,-73.89823739209258,40.601103015333784,6,3,1,2.6557433366184884
1,-73.89692265363998,40.64717032133137,-73.8978934204997,40.64290677266507,11,2,2,0.4811078904962516
1,-73.77469175398149,40.695742224637655,-73.77499839665626,40.69321316329926,13,2,1,0.2824045873363601
5,-73.80120475212323,40.75113683738691,-73.79435287340551,40.74460234207954,18,2,5,0.927962617329662
2,-73.82951179451102,40.69910659974531,-73.80119218917561,40.68089031804637,10,2,1,3.13114927261691
1,-73.82985738581733,40.75851120979925,-73.82565133974946,40.75238299877227,23,2,4,0.768019372320463
3,-73.93880107962603,40.63641518262918,-73.95188613978202,40.65001910947451,14,6,6,1.8727206694726624
1,-73.82143865981388,40.63529617157792,-73.84998088749708,40.6420854127463,2,6,1,2.5238923710695897
1,-73.99851299443463,40.837220451187214,-73.99839746090832,40.84435946153572,21,6,3,0.7938812254032268
1,-74.03314151898002,40.62034701159136,-74.03121745786416,40.62973955214051,0,1,3,1.0569509271442823
3,-74.0367070953374,40.89934226329513,-74.0194869650884,40.90544097734216,10,2,3,1.5982528745135671
3,-74.0287187044575,40.65410988755756,-73.99828694864456,40.65924765095287,14,2,4,2.629886900869321
6,-73.90463748069332,40.8161729587268,-73.89300949844858,40.825991848018816,15,6,2,1.4660969582233854
2,-73.76337649177628,40.74650472499528,-73.78216168447643,40.78350837876847,9,2,6,4.408286981987414
1,-73.86670790596123,40.79282212800178,-73.86384801343343,40.78533706097001,22,5,5,0.8664266206529763
1,-73.9214706567302,40.612425585349314,-73.91207237712014,40.602156252790714,11,2,6,1.3904628949361189
1,-73.87469457490536,40.886871100629214,-73.8327588012435,40.879902682248336,20,1,5,3.6096112423848505
1,-73.82122714057193,40.80542056165369,-73.86048640061827,40.79540431170125,19,4,2,3.4872280832093963
5,-73.97532673504602,40.69425252918692,-73.95828275068408,40.6620083494459,12,4,5,3.862747959680668
1,-73.89750733997319,40.73775927453401,-73.89314907037311,40.72633050900979,16,4,2,1.3228159417458933
2,-73.80984710626129,40.7714374839156,-73.7891578833514,40.803469735883866,21,6,1,3.964913623924541
1,-74.00480253040332,40.64626673815868,-74.00201894025511,40.651506288820904,10,3,2,0.6281602056660927
1,-73.84155228836322,40.68907871567047,-73.80178835742231,40.725060365300706,13,0,5,5.2194045879435285
1,-73.82735114116878,40.78603145148572,-73.84657827811547,40.78795231352721,14,2,6,1.6327729387656238
1,-73.93224769283458,40.73793872834615,-73.91639492787752,40.75875935592934,9,1,6,2.6726916074785696
5,-73.97226759797941,40.79448409751373,-73.97077773366811,40.78529806456858,21,1,6,1.029112298704343
1,-74.03483810895861,40.68891942536732,-74.05746768267483,40.65162788305087,11,2,1,4.564763589527118
1,-73.99591136179096,40.893845010486984,-73.95523617355853,40.8631620870883,23,6,6,4.830621978301129
3,-73.888177161616,40.89975262374348,-73.86914010845358,40.92068939522944,3,3,2,2.8247322604971004
1,-73.97947086541878,40.617946935105266,-73.97583861240575,40.59439878219785,19,4,3,2.6363281168652986
1,-73.90413788053101,40.69351237358877,-73.92228711994719,40.7033847101004,18,3,6,1.8830964400980017
2,-73.85092336630065,40.81743838685762,-73.87727376297843,40.81250887508474,3,0,1,2.2842592732809366
1,-73.78757124286557,40.64088667145107,-73.80407766418725,40.6272987565429,6,3,6,2.0549820679018573
1,-73.85194351664722,40.775192489065745,-73.85159105037474,40.7617806753656,9,4,6,1.4916210047286678
1,-74.03303562364441,40.697189374364754,-74.03725632407588,40.70781671066176,22,5,6,1.2341063894251776
1,-73.8755236801118,40.748064439221146,-73.86036202420534,40.749093460571515,2,5,1,1.2823206647921448
1,-73.92462333831132,40.709652481369595,-73.89691723594144,40.69041972596287,18,4,5,3.1668233234049246
1,-73.88068984812446,40.87064165940819,-73.88092711277777,40.8735296388942,18,6,6,0.3217477518996211
3,-73.91847434058943,40.852098883798995,-73.92705021841701,40.874546629952775,22,0,1,2.5981703165538246
1,-73.92191366635106,40.83356993198018,-73.91307092418378,40.85282764036041,7,6,1,2.2668755855160776
1,-73.96639154370915,40.849301137713354,-73.96322107700051,40.878061606978626,9,1,6,3.2091126889539985
1,-74.04532546134985,40.615024706260776,-74.03831035259026,40.61400059654405,20,1,5,0.6029873148161067
1,-73.92200258774615,40.61618208652194,-73.9161714515927,40.618598759300866,12,5,3,0.5607588482209972
1,-73.9384135126787,40.6713526768265,-73.93519089091215,40.695867162662694,0,4,4,2.739397279356373
1,-73.84194582292751,40.80470399601814,-73.85334271949088,40.811433082381626,22,5,2,1.2165275888291625
1,-73.96312662822099,40.61535920325659,-73.95774789018984,40.628483175477,6,2,2,1.5282978031374292
1,-73.86052664784368,40.73013382014847,-73.84998793374663,40.751033244729946,5,0,6,2.4877474565352236
1,-73.96549544990555,40.631064451821395,-73.93472014754529,40.63422935899875,7,0,1,2.620736815751172
2,-73.75944231054663,40.69438320326488,-73.80986800736633,40.68672354091103,19,5,3,4.335997518846451
4,-73.77621120658705,40.81148542860608,-73.79632039056224,40.79415969894778,9,3,6,2.5644532527048582
2,-73.81337515629961,40.813334679648,-73.83571546738037,40.811166388976886,2,1,5,1.895522649057415
4,-73.95985629889405,40.89486164474589,-73.95598262225319,40.87905074220658,12,0,3,1.7879950765297155
1,-73.98466269999628,40.772723885296394,-73.95674890166852,40.79940416896719,1,2,4,3.784758350859565
1,-73.94302735021513,40.858480904131966,-73.97591855984655,40.86920299372956,9,6,4,3.0119357158966054
1,-73.90078049459918,40.76651896975414,-73.91653860463015,40.78789145230451,1,4,2,2.7218402892412263
1,-73.91236304041288,40.87329814027892,-73.90891522510398,40.86894753126638,16,6,4,0.5639807263768523
1,-73.79309880254928,40.62504852124446,-73.80378751361602,40.63748103801396,14,5,1,1.6506711220404306
1,-73.75885387280888,40.85238107462377,-73.76231149617196,40.85053737529486,9,6,1,0.3558134496069872
1,-73.99668619648435,40.896018151790855,-74.00343603860678,40.89692040726985,5,4,3,0.5761371900460823
1,-73.96596618930803,40.824420040675605,-73.97047221860173,40.799830421111594,11,6,1,2.7604134282131874
1,-73.83788448198577,40.865715743599765,-73.8377366939536,40.87505879140929,17,3,6,1.0389738336923295
4,-73.97552724034567,40.728793539441234,-73.93762652410679,40.709804908982285,17,6,3,3.828922423422548
1,-74.01551418480476,40.63213378403374,-73.99964492388915,40.62405806551526,7,2,5,1.6124237407745257
2,-73.83533335126147,40.78628077351775,-73.83723523969874,40.77684215352914,1,0,2,1.0616727904788352
1,-73.94911103761908,40.88671087306453,-73.98233438056765,40.8774958075528,1,0,2,2.9751036331994936
2,-73.92680811039367,40.76994200285283,-73.9163771756535,40.82104508257156,1,6,4,5.749845087269083
1,-73.92660490041784,40.71423057441858,-73.91709317969261,40.703279418736535,10,5,1,1.4579474061269682
1,-73.98376059460708,40.82009777407016,-73.9939369302952,40.83575040957105,1,6,6,1.9396997618946732
2,-73.81681315514162,40.705060498929726,-73.81264830778117,40.71403367894648,20,6,2,1.0577261853063151
1,-73.97495976869888,40.700853893402034,-73.98592864432808,40.690040880067606,2,1,4,1.516841413990723
6,-74.04194441378975,40.62574435977587,-74.0464085677563,40.57011284643731,4,3,1,6.1974138219659105
4,-73.76160967918128,40.76053855199141,-73.76603314192576,40.7542900287856,2,6,5,0.788395902003666
2,-74.00672401927666,40.678569920680026,-74.01932727233789,40.61962107492864,14,3,3,6.640490960274585
2,-73.90298724394913,40.800641154341385,-73.92605980579098,40.81724755882693,14,1,6,2.6796481210636305
1,-74.02210660224615,40.73272966908567,-74.01685435529099,40.74622037676914,1,0,2,1.5640031748458074
1,-73.86739829632006,40.60972833187711,-73.90249816180338,40.61410598007514,2,6,6,3.0025721861764847
1,-73.76610364670064,40.88074525763096,-73.7749294268688,40.901972660834,15,1,1,2.474221965843421
1,-73.82467805816907,40.75874550968498,-73.81151679081171,40.82967837704981,7,0,6,7.964810084827402
1,-74.02419590932838,40.84618871014549,-74.06583533291659,40.87097494571709,18,4,2,4.456360025494469
3,-73.99628762846477,40.71559301494345,-73.97029833442602,40.75022172394658,1,0,2,4.429672716268295
1,-73.81274314669395,40.627635058051986,-73.79977581832514,40.57670338448417,0,6,3,5.768184994512161
2,-73.89648204270264,40.78071265204843,-73.86724440659208,40.7907608605404,7,6,4,2.703284382497685
1,-73.97118459469505,40.65524609026227,-73.9792700616465,40.6602420488714,17,6,4,0.8796536178091408
3,-74.01379796511952,40.65718652666644,-73.99217243608393,40.64530925433324,21,2,6,2.2522418094095165
1,-74.03688229137165,40.689178815831625,-74.02160756892278,40.67858328938965,21,4,1,1.7455592997103067
1,-73.78428376587367,40.83621911190212,-73.78214228893651,40.81409038648207,11,0,1,2.4671907201833423
1,-73.85800032892098,40.68711727644579,-73.8728931173207,40.70188587994734,16,3,5,2.0671892655830875
2,-73.84876084405313,40.72014639162214,-73.86563083339932,40.73141834398845,15,1,6,1.895236435896422
2,-73.81575770567505,40.866799889423234,-73.7980869395246,40.87822346134092,17,6,1,1.9547632177121208
1,-73.91294937090613,40.7145415400131,-73.9036287342381,40.73025493227626,9,3,4,1.9156844320711333
4,-73.80122425254386,40.80776199398676,-73.80526017863163,40.76084130795295,21,1,3,5.228395964917462
1,-73.91196901024712,40.89867770160025,-73.90529952145938,40.89913664552666,7,3,6,0.5628784001233481
1,-73.90701410855456,40.6321597159682,-73.91095505551193,40.63155910760795,8,4,3,0.3392036374496761
2,-73.8864046981152,40.8108073579828,-73.86688221757231,40.81996286140537,21,4,6,1.9327576029688156
1,-73.76666124774684,40.74854495609816,-73.7359389584446,40.73744482886435,16,0,2,2.8674756971095676
1,-73.93976211006085,40.87119263237066,-73.90936435164762,40.874730496058895,8,5,5,2.58598417221744
1,-73.92138514724564,40.6425732219188,-73.93908440423739,40.65897387635852,20,5,4,2.3569689137146574
1,-73.79017176059038,40.89586444401643,-73.7630604760725,40.89794224206284,17,6,5,2.2904133820551698
1,-73.754901758752,40.73085399082541,-73.81477988390553,40.74661530870157,22,5,3,5.34058516453857
1,-73.86078537364017,40.65487888882991,-73.87024838982677,40.672472356605674,22,5,4,2.1128672291212456
1,-73.9456147415707,40.6593480968814,-73.95925082650888,40.68116378452465,3,1,2,2.684600132691347
2,-73.84726457389863,40.775480496263384,-73.83399067695646,40.78245803696194,16,4,4,1.360572814930025
1,-73.79287474665573,40.633178937000686,-73.7889068334221,40.611589509671,12,5,2,2.4238805394095215
1,-73.79973135298931,40.79609050792205,-73.83135365433996,40.81901486562581,3,0,2,3.6852690079943122
4,-73.97899449220965,40.73150272026869,-73.94738666242934,40.687436712965734,5,5,3,5.577369588356421
1,-73.97646219866364,40.7447035292391,-73.98351371952667,40.7680656794494,14,0,6,2.664786795038031
2,-73.91746105286721,40.83660785519195,-73.86116086021596,40.846576152942525,3,3,5,4.8640209192259
1,-73.90053649398632,40.894652576479274,-73.89474033466678,40.90378251601473,14,0,6,1.126036406093925
2,-73.77267137435275,40.64144587435582,-73.78399541620307,40.661067807475625,14,6,6,2.381837954415885
6,-73.9587776233506,40.6067286605313,-73.98694759604766,40.617720925902994,14,5,5,2.6736241421851403
1,-73.9964879009569,40.8142022674308,-74.00491525996271,40.80862949260893,5,4,2,0.9418114846977469
1,-73.83104647338642,40.689282371436235,-73.86885855949187,40.70260909429166,18,5,1,3.515374177102422
3,-73.94619084712164,40.72090480029236,-73.97316096447439,40.73916166766239,3,4,6,3.04725802757635
1,-73.97265710718105,40.757350310675136,-73.96970581633032,40.7603069710769,11,3,4,0.41216122397706745
1,-73.9670289053715,40.719530673732905,-73.9405948047011,40.71986424498314,6,5,5,2.2280626487433772
1,-73.98135003873413,40.64424065126327,-73.98897055193588,40.60663549335629,14,6,2,4.23067199809495
1,-73.78925072535075,40.63026377868367,-73.80833835701034,40.64473948367209,6,5,6,2.277049584923973
6,-74.04734011655991,40.73634732407964,-74.05535715996281,40.69358272311877,15,1,1,4.802972825152334
2,-73.906567916164,40.734045681357,-73.88586498323409,40.732429446412866,20,6,4,1.7536336924150506
2,-74.00304228717307,40.886004790024465,-73.99490921970434,40.86794890205384,10,3,1,2.1209744000132753
1,-73.97218479368853,40.76237558882816,-73.98256769993037,40.76945116207429,14,4,5,1.176270847610278
1,-73.86110190516165,40.672772660342545,-73.85363111495701,40.6939633909297,0,5,2,2.439056139538535
6,-73.83705106231538,40.86677954644748,-73.82842849586633,40.86256603545043,3,1,3,0.8632873933790512
1,-73.89238861606455,40.76744825748583,-73.89316406315618,40.74611259815759,4,2,6,2.3733159962518005
1,-73.7743732969395,40.79424283499795,-73.75663609840454,40.77817845026089,11,2,1,2.3282606489484663
2,-73.90926222763194,40.79298875041563,-73.85696106040112,40.773833608855725,10,5,4,4.891575278398994
1,-73.79305526503656,40.86091152831959,-73.7866968505089,40.824268381642895,15,6,2,4.109488608944215
1,-73.9657543089307,40.7989797621132,-73.95519431993827,40.82336551210227,23,0,4,2.853499009115024
1,-73.85223232362974,40.71601049846705,-73.8698880882983,40.71213421777982,15,1,3,1.549244594247648
2,-73.87171950819098,40.687439173342206,-73.86720961715663,40.684287585297014,20,0,6,0.5171190075168773
1,-74.00395089945229,40.70848746997364,-74.03391849001274,40.68408471272465,1,5,3,3.707522871608956
1,-73.89097208095757,40.82664114801244,-73.94202933265774,40.84897937396508,16,0,4,4.961740741700044
1,-73.96239758515885,40.604005730357706,-73.95111527284867,40.59451901575208,12,3,5,1.4213020845827773
1,-73.90486242816108,40.70861453500257,-73.89358742571706,40.690497710983905,2,4,1,2.2274761746739746
1,-73.9261335910404,40.60770024482239,-73.97555363432058,40.61204005828288,19,2,2,4.199592957531639
1,-73.99688269096522,40.63500919994289,-74.01655639598513,40.65144479347135,1,4,4,2.4688639228469227
1,-73.91091870331273,40.63234641328603,-73.8968556418862,40.5999843426008,22,5,6,3.789221110453059
1,-74.03956450574238,40.87601465693081,-74.05836084234262,40.897937278768175,10,5,3,2.904992780037229
1,-73.88298409453719,40.76544576895974,-73.92167714383105,40.773684248387745,4,2,1,3.384766060994371
1,-73.84281543995475,40.79319886979184,-73.85425989207981,40.7325322866102,0,6,3,6.814328353659433
1,-73.84815991654466,40.696665319246264,-73.84028371713661,40.6822231072856,12,0,4,1.73778930769437
1,-73.94224792363637,40.73752375691664,-73.93598129481151,40.692160511011394,20,2,4,5.071738845033023
2,-73.75063989252592,40.70904694361082,-73.72944162201698,40.72805690647406,18,6,4,2.7676509781321057
4,-73.88156608489291,40.85368969375804,-73.89962068805704,40.853898845527354,18,2,4,1.5186741260314094
1,-73.90320067594527,40.63218435956973,-73.90576642203315,40.65941463803363,13,6,2,3.0355969520264416
1,-73.77421113540133,40.85758482588703,-73.7541176124915,40.8496410171513,5,6,1,1.906905840596445
1,-73.83579615962552,40.861892648937726,-73.86524277873124,40.8618661878933,17,4,2,2.476329628856924
1,-73.84196152628105,40.86492031001506,-73.81618828058667,40.865221048326866,1,6,6,2.1675672805153896
2,-73.98584942329985,40.71616383652503,-73.96920243461618,40.75042239905761,19,1,3,4.059407974839774
1,-73.79121901449942,40.76723140948505,-73.79468886409798,40.79105652927414,7,6,4,2.6652939270991225
1,-73.79290354365946,40.683307440207805,-73.82883647315232,40.69887676042929,19,2,2,3.4893387498255364
1,-73.86747733873598,40.78509745620168,-73.86350175899744,40.789160341991945,8,5,2,0.5622507295445627
1,-73.86425510220558,40.79987448112099,-73.86669533119657,40.82683273259909,6,5,6,3.0046471008436115
6,-74.0185232064176,40.678531003043496,-73.99956556368653,40.67731502007493,19,3,5,1.604379638337967
1,-74.04485555379449,40.711352649060416,-74.03325620395563,40.73845390485454,7,1,2,3.168084360975959
6,-73.9114473123024,40.65699347415549,-73.87582826008054,40.626123751100266,23,1,3,4.562294802249238
1,-73.9910103872602,40.64042666535458,-74.01442640746316,40.616522380899575,2,1,6,3.312120264408222
1,-73.97881171690145,40.8538840031986,-73.99814031532264,40.87584761407183,4,6,3,2.9336648100782052
2,-73.89426784488951,40.79518351123939,-73.87544660007278,40.82401737244548,14,1,5,3.5761343233441587
1,-73.79191382055564,40.76746208737006,-73.80186852152606,40.75978707593791,14,4,3,1.1963364718796907
2,-74.04692169147864,40.7809052981615,-74.01746903258265,40.77533216780574,8,5,6,2.5562201451627797
2,-73.9417991007072,40.695247867709526,-73.97327837847473,40.663916712935745,21,0,6,4.379941847043073
1,-74.04565339582147,40.80660535464243,-74.05043252591919,40.8290982759383,13,1,6,2.5332263707380744
2,-73.92570440492429,40.825812823891226,-73.92598782528474,40.822827291257234,18,0,3,0.33283155019164995
1,-73.85771554280129,40.76733455626388,-73.8391862406401,40.79474148449041,2,6,5,3.423643460246961
1,-73.91783773368327,40.652171323543534,-73.90489266437694,40.65803878754568,20,2,2,1.2720696499369368
3,-73.82051822809842,40.70048103427338,-73.8428765459792,40.70244405014656,20,4,2,1.8973775908428772
1,-73.77958744948647,40.862181785859974,-73.77438724095026,40.85645916488375,3,6,2,0.7721202644582283
2,-73.88590124489845,40.77489406068896,-73.91478695572953,40.761524149637886,23,6,6,2.8509071757286955
1,-74.04857228797903,40.601728886982144,-74.05180087025764,40.61206094181155,1,5,3,1.1807588765981332
1,-73.79951372133021,40.83750426305714,-73.81921326957192,40.8437153289215,8,0,6,1.7953304548267899
1,-73.87642045279657,40.82356032733536,-73.85968928416546,40.839709431078624,19,5,3,2.281673544377752
1,-73.83041738347667,40.85575145524967,-73.80379496152118,40.900519266365286,2,4,1,5.458012428942558
3,-73.76466189031979,40.86703025800975,-73.75594385197188,40.841395392838315,6,5,6,2.9432621054514696
2,-73.75513591249332,40.750108369832134,-73.74838623231022,40.73585394933983,20,1,2,1.6839335535626114
1,-73.9031600029742,40.882206509897735,-73.93656532360006,40.87357692766084,17,3,4,2.9679558591905586
1,-73.83705993731078,40.61026852755451,-73.81638032857265,40.60678017682736,19,0,1,1.7882713966650978
1,-73.99768352012511,40.8361955171661,-73.98361962231975,40.85820303985623,22,1,6,2.7180588653703905
1,-74.03559238372003,40.68731341410166,-74.05368681444655,40.65419734252613,17,2,1,3.9860289935273316
1,-73.96247344942883,40.61495279502632,-73.99716866959605,40.58871488267722,22,6,3,4.134220880310701
1,-73.8302401512097,40.64167025388644,-73.8421480686669,40.634284332093536,12,5,5,1.2977204414474022
1,-73.96955598071027,40.76507974442392,-73.96431132704215,40.77374806355116,3,4,5,1.0602457304163386
1,-73.93639760178802,40.63311036060677,-73.98681207661255,40.65300981311967,10,5,2,4.794714110929271
2,-73.88281410189995,40.69181694782039,-73.89862527849503,40.65640971323442,18,5,5,4.156775103178453
3,-73.92539557920433,40.843879804715314,-73.90745505987746,40.82312019649159,14,3,4,2.7580277354285685
1,-73.77979618389399,40.690646966327144,-73.79350006830613,40.679996903115224,3,3,2,1.6545668309517265
3,-73.98014357456593,40.89549599173153,-73.95604205936698,40.91863401686795,4,6,4,3.2744294422073357
1,-74.02517839457474,40.70713511787808,-74.03354829745027,40.68604009372711,20,0,1,2.449494952249506
1,-74.03880983564156,40.69838647914388,-74.028415112722,40.71250969845012,20,4,6,1.7983316005207488
1,-73.91543354318628,40.75985315607359,-73.90833220696652,40.779338413528265,3,1,4,2.2476772745707847
4,-73.7789799277321,40.679737754666235,-73.80744617233306,40.70369550628588,0,5,1,3.585651883949743
1,-74.03481997452859,40.77793109495116,-74.02444744517413,40.79589197627479,15,4,2,2.179734670564383
3,-73.91083179386787,40.6471237253141,-73.90827848104588,40.67284580653083,11,3,2,2.8682625335932683
2,-73.93714546285422,40.830995989053385,-73.98801969312943,40.84043235728922,5,2,5,4.406726114917633
1,-73.79580527764273,40.626611120164874,-73.77423002728277,40.643016602038294,5,5,5,2.577259504195782
1,-73.88274268714171,40.809120411589326,-73.89148793296891,40.85052278515086,10,2,2,4.662162044122176
1,-74.021920658162,40.71060136739459,-74.05987774957467,40.675767781477624,18,0,4,5.024287470150684
1,-73.89832610445112,40.78641210859343,-73.88335014528867,40.77959035964831,8,2,5,1.471489403214175
6,-73.7607339400486,40.63453358974961,-73.76543595543899,40.62939894813217,6,1,2,0.6952840674828519
1,-73.92141920806584,40.688410952984974,-73.93249131462377,40.68541037519371,20,1,4,0.991399982167912
1,-73.76421944147705,40.734086586034195,-73.78237615598151,40.7262624265692,16,1,5,1.7599993698951963
1,-74.02150674758505,40.713691023788336,-74.00180410370874,40.75211845273366,2,4,6,4.584102090796623
1,-73.82867034606723,40.74292141562151,-73.8160623474437,40.75803424463654,4,3,5,1.987949836230948
1,-73.9279195076093,40.76958995893136,-73.95971171146013,40.778141185009346,4,4,2,2.8409768782570364
1,-73.88035411499975,40.8979174111348,-73.83127878657828,40.89448667047941,20,2,6,4.142477086004975
1,-73.86119946554439,40.63980507905299,-73.84925782921803,40.65270276739518,5,3,3,1.7526733881305108
1,-74.00670925527645,40.66028846946877,-73.99350832742542,40.64020614722641,1,0,2,2.4953560249940345
1,-73.78308257770001,40.73805515502369,-73.76334718578742,40.71808415378178,19,6,2,2.7743434738799078
1,-74.02943626026975,40.81309270342889,-74.01571786375597,40.82396299198908,6,4,4,1.6714272007379936
1,-73.95552981014052,40.86911121337496,-73.9373184539814,40.847949226750195,5,2,4,2.807634851721481
1,-73.88186339598019,40.68098230785262,-73.90598456775315,40.69457739217132,15,2,4,2.534089717084923
1,-73.91424779906221,40.82104826206829,-73.88336761557233,40.82861751036779,10,6,3,2.7312535121184682
1,-73.95750297345408,40.69898008863922,-73.94546638460118,40.69183715045789,19,3,2,1.2886387721490242
1,-73.94032802137743,40.87008508408778,-73.94254488402522,40.84071734761352,9,0,3,3.2708615556151783
1,-73.81450320770135,40.68671021926705,-73.83001877116742,40.70093899246335,6,6,1,2.052891496572234
1,-73.8359742817298,40.71912756466634,-73.84804105175014,40.754776457890266,19,5,1,4.092276779407484
1,-73.97379169222509,40.66398626942935,-73.99727520346707,40.66045879183997,21,0,5,2.019260546426361
2,-73.95968624029064,40.60149295598151,-73.94803577039207,40.62345605464505,9,4,6,2.632756496003536
6,-73.9845475071166,40.72556200852002,-73.9973584655503,40.71003869613227,8,0,4,2.0359728990295323
3,-73.88093452570986,40.64048693178928,-73.85975300139734,40.639490016800615,8,4,1,1.790659313909537
2,-73.9492100067859,40.82596012129804,-73.94880626739257,40.855100576588534,6,5,1,3.2404487819729293
1,-73.9055706391564,40.69489275649496,-73.8867256632088,40.70033799428495,3,6,2,1.700171021702967
1,-74.01171930750546,40.608265738242814,-74.01054308536052,40.61011405325818,7,4,2,0.2282511507845827
1,-73.79774989272578,40.814203462983016,-73.78264977749734,40.83003002945579,1,1,5,2.170593087780208
2,-73.91323317275973,40.669544814914424,-73.91997488948641,40.672074011060026,22,0,5,0.6343311965182199
2,-73.83809193734871,40.64416584503093,-73.81947322211785,40.64651477861963,6,5,4,1.5924239845118526
1,-73.75124083737079,40.87371246745496,-73.73154418432524,40.87279510936288,4,2,2,1.6592536701644758
1,-73.86251094487203,40.694215067265176,-73.87296595778972,40.694576176502785,18,6,6,0.8823530835696837
1,-73.78380936827335,40.74808923103891,-73.77369636383774,40.74732466618758,2,1,3,0.8561538732964459
3,-73.78908089946741,40.79958812145716,-73.81394968268528,40.80062019705267,11,6,1,2.0964453472276148
1,-73.98512305623161,40.655059135990875,-73.96905089941006,40.68037769207125,3,4,2,3.1246443728559643
1,-73.99996248458503,40.85464920942522,-74.00423917688047,40.8521778942905,17,3,3,0.4526536802929928
1,-74.04391858819517,40.62415997719181,-74.0200206526533,40.64941604465859,5,1,5,3.45733646049384
6,-73.76607915249338,40.88266296283662,-73.76456892099826,40.88220901174539,15,0,5,0.1366303404115412
2,-73.92456768316407,40.64912773685411,-73.90805085038137,40.63049158668558,18,5,3,2.4972839366681674
1,-74.03802170235845,40.81953251743259,-74.05745843441336,40.81903979607043,12,1,4,1.6365095874826057
1,-73.86770860159476,40.79211408484423,-73.84730824773045,40.780473896406434,19,6,5,2.150630895414305
1,-73.89802039114497,40.72978973475966,-73.87678058188625,40.72810170296679,23,5,1,1.799567976023859
1,-73.82381315251095,40.886849626983256,-73.81705642169237,40.880838240757065,1,3,2,0.877186039632818
4,-73.83669409108862,40.60042071034832,-73.81211480475815,40.591639369851535,22,6,1,2.293519004949579
1,-73.83554884061898,40.8349840429997,-73.84707208684102,40.85051326166878,9,4,3,1.9802378694478528
1,-73.85318623915336,40.7063696377342,-73.8643001375557,40.706513489065976,11,2,6,0.9369552639205507
2,-73.92498426550809,40.6093204026449,-73.89969659643317,40.60037335639329,19,2,1,2.3552437630352183
2,-73.83314623739702,40.818927248840694,-73.83674333722337,40.84673203286808,18,1,4,3.1065270295841994
3,-73.93577858203588,40.629220272811985,-73.94234148278969,40.63323750018375,6,5,4,0.7115209015094411
1,-73.96826553424677,40.77139232023782,-73.97878391827588,40.761552749160074,12,2,1,1.4077490726942596
1,-73.79064767174663,40.86957288720574,-73.77693104183064,40.85367135206687,21,1,2,2.1111639788142567
1,-73.77178379299554,40.837911882148866,-73.73560599695864,40.82587452961893,14,0,2,3.325067906448536
1,-73.85080394143989,40.78326195699147,-73.89750241154262,40.79104386246344,14,4,4,4.025656192474201
3,-73.99232120319401,40.64709869678199,-73.97652510765684,40.62983155325054,6,2,1,2.3372984672958554
1,-73.80466663480851,40.76667255933589,-73.8135341339567,40.79904773052898,15,6,6,3.6765601350794825
1,-73.79829591905207,40.89786755305536,-73.80572523604971,40.89528593804142,17,6,2,0.6872670464735977
2,-73.96782925867932,40.665534361473064,-73.95132960418954,40.65408183893723,16,3,3,1.8864605796083929
1,-73.83481117672797,40.80416489511103,-73.83881629421057,40.80508674182809,8,2,3,0.3523433632040926
1,-73.81811935390405,40.70058591285156,-73.79847529546774,40.71009490817642,9,1,5,1.9646666734823262
2,-74.00626358943383,40.754803129871846,-74.00578347827322,40.777952963308245,13,6,1,2.574461564397125
1,-73.76497038428866,40.77195383012753,-73.77469882744523,40.7734225350433,8,1,3,0.8353386201921947
1,-73.84762172927933,40.85086242917359,-73.86634304009968,40.814231108005366,4,5,4,4.3671452743421195
1,-73.75782283633384,40.86140053530133,-73.7390212630639,40.870008679049825,17,1,2,1.8482079721261497
1,-73.8949843738165,40.766985576626055,-73.90235351744194,40.77403611514008,17,4,6,0.9998665258421869
1,-73.98372466984723,40.71518464862026,-73.98753332124446,40.73236232864709,13,2,4,1.9368490743912223
4,-73.963430116234,40.73374971730187,-73.96677269065894,40.73352834062211,17,1,5,0.2827126920210325
2,-73.98605886870806,40.69161065326761,-74.02248549737912,40.672448977078574,8,1,4,3.7382670606931185
1,-74.03553932738625,40.898634099278496,-74.04296041399958,40.90455215650129,20,2,2,0.9066691174869907
2,-74.02334455447857,40.762758772142256,-74.02171272467574,40.77591187343822,18,2,3,1.4689999493635975
1,-73.97429149547634,40.671579854841085,-73.97153428139038,40.648349006756206,21,0,2,2.5936012724507638
2,-73.99297437622005,40.74343839167226,-73.984276116468,40.74839441745943,23,0,1,0.9168626579143241
2,-73.79874821269392,40.6383647393249,-73.74899329892521,40.69177161146074,23,0,5,7.2717169579601055
1,-73.77557433261912,40.654290568960725,-73.78207025728216,40.636305422450086,1,0,2,2.073595522751839
2,-73.75163683237282,40.711053126749235,-73.79584987890321,40.64411908755452,8,3,2,8.324389182244893
1,-74.00310562049745,40.8948077281156,-73.98775203629368,40.92438570282452,10,4,2,3.532946328256879
2,-73.79908268191411,40.87106307776056,-73.75503268806656,40.85383516073858,17,3,3,4.17038699887776
1,-73.87001671257866,40.7689910142469,-73.88786183858346,40.77316929885744,12,5,2,1.5729318653646802
1,-73.7599443303266,40.64939557670344,-73.77304139913676,40.651156412067834,20,6,6,1.1221295786937353
2,-73.94233651358874,40.63027182536536,-73.90965510688677,40.6064166155848,19,6,5,3.826899593222326
1,-73.81967557253607,40.69229740381691,-73.88023157665744,40.70377548940482,15,1,1,5.262188367083062
6,-73.97489963087959,40.75818385352859,-73.99501625636539,40.78140932142475,16,2,4,3.088600007583755
3,-73.97096744783644,40.81070254878779,-73.97255357134972,40.825851776357005,12,3,5,1.6897968999825073
1,-73.76704351277492,40.74329911581286,-73.75825665900979,40.74367344175026,15,3,2,0.7414233399938651
1,-73.97355465461057,40.854164232685925,-73.98237739895784,40.86498189454736,15,5,4,1.4133034799144562
1,-73.77906481513836,40.79926065486795,-73.8092706579938,40.79938666367278,19,2,1,2.5426114098464083
1,-74.00933496381205,40.77244612675269,-74.04178774067711,40.76919338550515,20,6,3,2.7567111201612455
1,-73.98538692348848,40.69992149047347,-73.98133506541679,40.68723768486574,19,5,5,1.4511556632846907
1,-73.81414716852272,40.83949095634437,-73.78965223552314,40.83822597203102,7,4,6,2.0654244042666923
1,-73.94407565277974,40.7963960869721,-73.94632952430119,40.83007142648275,16,3,3,3.7493279520334757
1,-73.91445607647672,40.72632084490271,-73.89844577063585,40.70167353711152,17,6,5,3.0548425594593493
1,-73.87403243177579,40.766589576780895,-73.83996302144271,40.77879738461306,14,1,1,3.1738725793659475
1,-73.77896689103773,40.673093299420024,-73.77714752619322,40.6761250363066,23,3,4,0.3703877913237335
5,-73.85915655746822,40.60341341689985,-73.87586731249218,40.62264360040207,5,0,3,2.5616436037373087
2,-73.90960405981228,40.70582402254392,-73.90084178576402,40.67226038128032,21,4,4,3.8045270997680554
1,-73.76974166742744,40.767161335055896,-73.78054080253739,40.77025512421535,22,6,5,0.9723256740222237
1,-73.92342081078047,40.66970602452619,-73.91998944635058,40.641932541204,2,1,2,3.1018059802335816
1,-73.92113764738144,40.63436526510671,-73.90593559968053,40.63052625707567,0,0,4,1.352001616419136
2,-73.77519983722125,40.89811905848288,-73.77710629716123,40.89118941434769,22,1,6,0.7870275816636183
1,-73.94845424242922,40.6226604762246,-73.96049962683061,40.626352904622415,8,5,3,1.0963661512566085
1,-74.02567311150142,40.86741190935616,-74.02629847669674,40.85529627321941,20,1,3,1.3482233797000651
1,-73.94480917555647,40.64319995331642,-73.9438282212428,40.65689362647228,0,1,3,1.5249142524575336
1,-73.79622046430222,40.67195298355286,-73.81330570571889,40.651270998342675,18,6,6,2.7139665653597977
1,-73.94887859137282,40.790993357766865,-73.92194406590195,40.77486176066252,23,0,6,2.8914228545153824
1,-73.81610745327508,40.67527456478267,-73.84740295347366,40.66800050574723,4,1,1,2.760510099818056
1,-74.0287572999842,40.79446903455681,-74.0248850671439,40.81716393320874,17,3,5,2.5445160765650416
1,-74.01388084735561,40.85706478325016,-74.04993482093178,40.89318828566725,6,2,3,5.032244610033475
1,-73.87094507560117,40.677254189643584,-73.86650415506594,40.68027421060462,13,4,4,0.5030042637128849
1,-73.86978590688943,40.6589838565105,-73.89862627012768,40.663535819013084,11,2,3,2.4847747161409175
1,-73.88985648572249,40.68756456312807,-73.88010331143332,40.700966132380344,21,3,3,1.7019941167253492
4,-74.04058609359494,40.87361556344697,-74.02112900672404,40.8953242368841,11,2,1,2.9158847974326974
5,-73.96579105687587,40.762466242175904,-73.99378605090297,40.74721537157762,16,6,3,2.9045169968523274
1,-74.01429202661707,40.884894241364215,-73.97770855514587,40.88041605749745,5,5,1,3.115589869379582
1,-74.0107416801026,40.88161922995096,-74.01878552975603,40.908114691874296,2,0,1,3.0227462774327822
1,-73.90500714663705,40.74852906492581,-73.87923123409733,40.77186555543701,7,1,2,3.3832794951146723
1,-73.84995239685665,40.7547646354989,-73.86308756903273,40.728584311761445,1,3,1,3.114354317565572
1,-74.02584239416785,40.77729453463111,-74.00164118306753,40.78158779269288,23,5,4,2.092916509774076
1,-73.8363019941876,40.64978634924588,-73.86035202469324,40.65625432230172,20,0,5,2.152566766448141
1,-73.87860446926416,40.82667623229331,-73.8651181812331,40.837395573559355,13,3,3,1.6456414659456065
6,-73.79390365616521,40.78050620487124,-73.80537820595583,40.786883956884054,10,5,3,1.1984443739593598
2,-73.90740889759971,40.71545940893865,-73.89586991257772,40.687011941421005,3,6,4,3.309398699616222
1,-73.94100295492787,40.77894635177445,-73.93573095771617,40.791176821342354,11,1,5,1.4305677575302564
2,-73.94128196439586,40.65026360056101,-73.94861320271065,40.671470198914314,21,2,1,2.437803080927666
2,-73.8897640056924,40.68799663993629,-73.89612791971652,40.66317867658092,13,3,6,2.81133258367516
1,-73.85322479425541,40.68515943019445,-73.84117929268938,40.68288486894773,0,6,6,1.0467042313967003
1,-74.01567379595319,40.74706900364174,-74.01078606591761,40.76037579953622,7,6,2,1.5358584069052124
1,-73.96331864482848,40.70135948309307,-73.97845896386332,40.69544683591816,7,4,6,1.435746899373044
1,-73.76886278264398,40.76034618937942,-73.73726740193675,40.73031887060792,0,4,2,4.269987981050413
2,-73.76633263863393,40.60984680235735,-73.7735004322027,40.5903501135717,16,3,6,2.2508100415537307
1,-73.99254223433653,40.63697291305883,-74.00585581737683,40.64874534127909,22,2,1,1.7249313521416343
1,-73.98035533595703,40.722050730196834,-73.99107376388467,40.677334375413416,16,0,5,5.053665672462883
1,-73.77061043422117,40.86868922166531,-73.83578426218929,40.86793730747768,1,6,6,5.480930244269921
2,-73.83698932461934,40.65914899354374,-73.84498872130992,40.6343037619618,13,1,5,2.843904397689374
1,-73.94739435250663,40.719317924651826,-73.93888034976305,40.72663667460899,21,1,4,1.0849300696797286
1,-74.00282096582579,40.82485342851038,-74.0404273895662,40.80784263518765,0,0,6,3.686892212422425
1,-73.92897081436523,40.72783654541121,-73.91406709951795,40.70950858235332,6,3,3,2.393948149727755
1,-73.85823917293597,40.68300770304687,-73.8523987804264,40.70366710717503,0,4,1,2.3493999516179973
1,-73.9128117161813,40.73002021538877,-73.9676265795579,40.73825585412224,7,5,4,4.708474495338735
1,-73.75553366868309,40.88405364864224,-73.7307953420461,40.9137535654149,9,4,5,3.902502176749461
1,-73.9685754977441,40.6086544690517,-73.96487427060924,40.64349200180755,9,6,3,3.886330214942509
1,-73.83226929529829,40.71706785935974,-73.81589628360281,40.73855893495241,18,3,6,2.7593795281195805
1,-73.91785962070642,40.72059103843912,-73.91247583061649,40.72739477162824,3,1,3,0.8821517367475518
1,-74.04580585447445,40.65165803623363,-74.01510373853067,40.6412174106109,22,6,4,2.8385546708274467
1,-74.0013040413745,40.63011524529116,-74.00514473382471,40.633604334909855,21,3,2,0.5055327860616599
1,-73.77146504891672,40.838468272135025,-73.75818549114273,40.87618056161857,17,1,5,4.33958933478931
1,-73.89885418890144,40.605244986222566,-73.8848533272649,40.603845725243275,23,6,1,1.1921687392301012
1,-73.9684196316371,40.82608417946848,-73.96731261738245,40.830800489061644,7,3,3,0.5326367627278991
1,-73.81391035240976,40.81002250596088,-73.83396067745625,40.81872417272148,11,6,5,1.9450876287928125
2,-73.94820489239684,40.77534887712952,-73.96304623444028,40.72886261578222,16,6,4,5.318066172116621
1,-74.0489524724191,40.70249011686195,-74.07538896845544,40.68534835429827,13,6,3,2.9327053487276458
1,-74.04282839425066,40.7243532832133,-74.04835502174288,40.73466855882544,13,0,2,1.2379388414988872
1,-74.0132962746528,40.8323442661854,-74.01341661909672,40.83336947673981,22,1,4,0.11444695359608367
5,-73.83982035671555,40.643563018183386,-73.85159618438286,40.63928912070979,15,2,5,1.1013881208530163
2,-73.96151127515087,40.85151917454464,-73.98200282153753,40.863978262712976,19,4,4,2.211164312150225
1,-73.86086964129977,40.6636563918254,-73.83948210065276,40.65637667762782,10,6,6,1.9773447656589647
1,-73.8492226348878,40.845147816054386,-73.81947311977595,40.84037293065706,6,2,2,2.558225437281415
2,-73.97539936495073,40.7939747947283,-73.9784674507645,40.80034020382314,11,1,6,0.753447345717562
1,-73.92183899830658,40.7444565042502,-73.92424602947469,40.750163946351584,4,0,6,0.6662446374964768
3,-74.01089049274692,40.85994937099948,-74.00961413805283,40.88366363157696,6,6,3,2.6390884649921382
1,-73.77715867922045,40.62145489452809,-73.74806538493488,40.62488247828977,13,2,2,2.484814962910401
1,-73.85735986141177,40.71812332502843,-73.8463793216127,40.72634756431061,18,0,1,1.300994311396886
5,-73.9201985398247,40.83204971029774,-73.88889389021227,40.83671328924326,20,5,6,2.684239557962498
1,-73.82111699974831,40.83911180225936,-73.81684463970129,40.88446128657131,15,1,3,5.055415935060342
1,-73.79364847230454,40.87810509076225,-73.82113406592964,40.86631001553699,2,0,4,2.6572806789693626
1,-73.75495418374251,40.76739305508588,-73.77480850123715,40.75794065374064,10,4,3,1.9750530472137633
1,-74.00611224918364,40.807777993319675,-73.99056895757403,40.83669081720204,16,4,1,3.470817365392206
6,-73.95824256760154,40.83910640430229,-73.90961139481966,40.82525403956373,12,3,2,4.371830157887339
2,-73.75176118556507,40.87192839374538,-73.76595497926158,40.82661099856908,9,4,6,5.178559147315405
1,-73.77205566978658,40.882206142629165,-73.79112103519125,40.89188637533554,16,4,3,1.930615113485098
2,-74.03951955732455,40.74006319181274,-74.01877165194075,40.75810052464593,17,0,2,2.660335192678237
1,-74.00287490571132,40.827793346142414,-73.98138965822635,40.8213920288462,19,4,6,1.9429094619763685
1,-73.98803560906933,40.61004545606132,-73.99801526833413,40.59725853175586,22,2,5,1.6527103737649582
5,-73.79155228608441,40.81316150778225,-73.78261790648246,40.80261934545757,0,1,6,1.392683866825349
1,-73.80393416749484,40.84832864909549,-73.7897796510766,40.87494055750672,0,1,5,3.1895494316856947
1,-73.94150052923916,40.69606764834303,-73.95648952506,40.65988540969541,19,4,1,4.217166088314443
1,-73.89893948603256,40.62304808705923,-73.91925768758323,40.62608991439912,13,6,1,1.7478163689736124
1,-74.0320700177076,40.6330134529296,-74.03172183294055,40.61860222226887,23,4,5,1.6027251348311446
1,-73.8978142734128,40.65799673106795,-73.8677198023961,40.65252099119357,23,0,5,2.610682783885764
1,-73.93835277154142,40.65260497325708,-73.92406336104891,40.66853307192354,10,6,3,2.1423528130145315
1,-73.85809108649003,40.643534495277294,-73.85866317721555,40.655394696166624,11,6,5,1.3196770405906408
2,-73.9122481174986,40.766931851232634,-73.94962500751866,40.79710184066793,14,0,4,4.599787812387788
1,-73.94884369154938,40.61519315808272,-73.96731774132431,40.614447325907946,10,0,4,1.5615687015446205
1,-74.00032866225413,40.71653359301482,-74.01518026802316,40.73836871862638,15,1,2,2.7315160465171897
1,-73.79665397670321,40.61424967258537,-73.81478685796853,40.61431925180907,10,1,5,1.5305992656409437
2,-73.9483737663327,40.69292801500275,-73.98632072011922,40.70726624493971,7,1,3,3.57424040573668
2,-73.95660013851013,40.866858984516426,-73.97781272550534,40.868080759216,18,3,3,1.7888984510265238
5,-73.78827029273945,40.74382922798136,-73.78266132689198,40.749318758035336,4,2,4,0.7719213030173834
1,-73.79494261544504,40.6918104112903,-73.82889856855384,40.68670867678216,4,6,2,2.918633609796086
2,-73.96138864518775,40.72412200928797,-73.96669457160756,40.727098306112666,18,3,5,0.5562775639026244
1,-73.95451710539695,40.78857072074167,-73.9372925748657,40.83666845505832,10,6,2,5.541190151226055
1,-74.04273224127616,40.79666110943142,-74.03974965966893,40.76401027669693,13,6,3,3.6392819634654057
3,-73.89935198325315,40.79916213327167,-73.89105446453623,40.80251960425986,9,3,3,0.7919455528629309
6,-73.82156517375778,40.67857374347151,-73.83012163967746,40.720895281087614,23,2,5,4.760900615442907
1,-73.93580166966154,40.70474842298562,-73.9445587541749,40.676230948304834,17,4,5,3.2558206481269405
1,-74.03658225512707,40.86987311722393,-74.04326467099357,40.87456534032874,6,4,4,0.766763417118868
1,-74.02944795832269,40.66471225754405,-74.02623970338439,40.62758398645891,3,5,3,4.137339096100305
1,-74.03147508874966,40.80034016221519,-74.0289747564923,40.79993063423798,7,0,1,0.21533264495014587
1,-73.79647040362774,40.87123324376786,-73.81450968979293,40.85643669658112,3,0,3,2.2379090726594018
1,-73.90918072679841,40.74177108758591,-73.90860129015763,40.74131336219669,6,6,2,0.07052320526170396
1,-73.94633927489541,40.89064694153715,-73.93429209283465,40.88010414207629,15,4,2,1.5491842968943477
1,-74.04134547991299,40.72279355712556,-74.04651474067873,40.691700303253334,3,5,6,3.484760313435081
3,-73.96206456902891,40.743449280196835,-73.97559440621117,40.736584163351985,0,3,6,1.371887463477957
1,-74.01800418477161,40.68905010048904,-74.03209965876032,40.65345092914055,14,4,1,4.133095779017223
1,-73.81884241620772,40.729464935652125,-73.81726812262983,40.74075531974326,3,4,1,1.2624213029646731
1,-73.75244296142569,40.813692665778554,-73.77008519936477,40.812730388270815,18,2,3,1.4885729310763398
2,-73.80460574502129,40.61803532127545,-73.82417717198624,40.60957929101893,10,5,2,1.9008593155690476
1,-73.773090348761,40.87391542747148,-73.78960334662284,40.8441173398618,20,5,2,3.5926538070897323
1,-73.97064513442442,40.634693343419464,-73.98940186074778,40.60422820821706,5,1,4,3.7392343880328744
2,-73.99937385766997,40.82984522093616,-73.98606660586067,40.808717649597675,15,3,1,2.602510529846497
1,-73.85553431920782,40.60270736643016,-73.89421729109372,40.58602805931875,12,1,3,3.756007037883727
2,-73.76319762264514,40.63067768861147,-73.78987490427957,40.62428345382238,3,5,4,2.3609640517617274
1,-73.8384755107494,40.82017012473668,-73.83780479826754,40.78846875178107,20,3,4,3.5254838537853743
1,-73.98791405441541,40.774005065616144,-73.98561711553712,40.7673994194284,4,5,6,0.7595562258659372
1,-73.99363703831766,40.62432338065867,-74.00603092415177,40.62122383087626,9,6,3,1.101340851405863
1,-73.94153442203915,40.705451564142635,-73.94918485757907,40.69946522738886,9,1,2,0.9268243269283426
3,-73.92235257596454,40.627028278950455,-73.93804914333913,40.58840498188394,17,4,6,4.4944817067721665
1,-73.98030736708535,40.621175946834384,-73.99968505864895,40.61581699748552,23,4,3,1.74071993248639
5,-73.7720911091746,40.81059425567932,-73.79521486974056,40.7695153660543,21,1,6,4.965294871206135
2,-73.87524015085366,40.66474269968976,-73.87931181649833,40.65457070922944,9,4,5,1.1820689847800125
1,-74.04124074339416,40.89871041837259,-74.02991959255074,40.88801663251055,11,6,6,1.522989958478997
1,-73.76964453447869,40.81035859461729,-73.75305456290502,40.80228052185096,22,3,1,1.6602777101220845
4,-73.83925666466189,40.63621230441697,-73.86175106738455,40.64258442224349,9,0,4,2.0259592189483744
1,-73.84161249868536,40.87970616136489,-73.83859534205966,40.89955266024753,8,4,5,2.221356158481382
1,-73.95807748151995,40.86669350757725,-73.94270248965177,40.85050118313747,7,0,5,2.216697184844046
1,-73.92714365582194,40.85353658347503,-73.93942427101335,40.86078344365136,2,6,4,1.3099806294714302
1,-73.8305273567115,40.78846341001015,-73.82746271180949,40.7895804382296,0,3,6,0.2863472497257697
1,-73.78350675335525,40.68290589067005,-73.81059938279898,40.679718196222105,18,1,5,2.31190175626485
2,-73.89203333293965,40.80252125432741,-73.92083362184107,40.792136353203425,23,6,4,2.6852999407687266
1,-73.9376742469293,40.75095047711655,-73.9602013398911,40.76679263824308,15,6,1,2.589041336373932
1,-73.97576691430551,40.73212113953263,-73.96843602139464,40.721356462073445,7,6,1,1.3469861672340704
1,-74.04804965595147,40.88342852887286,-74.07676024568245,40.85229746107086,11,0,5,4.220333492726932
2,-73.86396714039515,40.886927387361766,-73.86434872606183,40.91705435134055,23,6,5,3.3501190547450572
1,-73.76512150141365,40.86241820867494,-73.74569379419965,40.87517101897953,22,4,6,2.163226215440873
2,-73.95661006815429,40.80868158314942,-73.9386693948236,40.804149680883214,18,3,3,1.5918596367934843
1,-73.8430353967495,40.81469172310667,-73.84377913422755,40.81007500856428,16,3,3,0.5171569550948295
1,-73.95540239338595,40.718604527491195,-73.95737329766384,40.73692676590463,16,5,4,2.0440979520432494
1,-74.02967281516642,40.85564686249238,-74.03057208034943,40.8629460282341,6,6,1,0.8151460224668536
1,-73.86365966479842,40.84125027038823,-73.8770491264656,40.83869127269424,19,5,6,1.1617517228223238
1,-74.01644621686071,40.618858715279,-73.99831752057891,40.63029804893766,19,3,2,1.9896846323536246
1,-73.92443470744996,40.84853973647485,-73.92788229636437,40.83996442737745,6,3,2,0.9966560758557257
2,-73.8370351933671,40.69421130420849,-73.8430823740529,40.698556975879114,8,5,1,0.7024270283610272
1,-73.788645221374,40.87472514307698,-73.76669484893618,40.889157841896726,21,1,5,2.4455886905832545
2,-73.93649337278119,40.8965637806538,-73.94054492436172,40.88783930301882,3,1,5,1.028158634772389
1,-74.03491513889365,40.84739731111009,-74.08138946436794,40.83013364682973,4,5,3,4.355491749087866
1,-73.83363372492909,40.821915084037954,-73.82855103918915,40.82774160636093,21,1,3,0.7763051833029457
2,-73.75376301491198,40.666651953950606,-73.69856018880725,40.691878727689,23,1,5,5.434918332693269
1,-73.97276530364722,40.73474117513653,-73.99257319980832,40.76755827492707,3,1,3,4.012469075584977
1,-73.78152783859537,40.690525193724355,-73.77241333924388,40.66461198541859,21,4,4,2.9821700376196723
4,-73.9050286704121,40.66117206522881,-73.88954433957572,40.66735462250904,2,2,3,1.4759246927421823
1,-74.01885552606325,40.82917207377915,-74.0259641620471,40.822847941596415,11,1,5,0.9231810412765665
2,-74.00334590679739,40.64547856103816,-73.99364165016065,40.63162324512556,9,0,3,1.7447224196739815
1,-73.93635701356864,40.89372495791006,-73.95647994593534,40.870229701771656,11,1,5,3.1124587334791034
2,-73.88218142660845,40.71112418590882,-73.87255189936374,40.70496897749648,11,1,6,1.0617261271356024
1,-73.82015911119575,40.83206841104318,-73.82372473631735,40.8496911229221,4,3,3,1.98237966874985
1,-73.83676789504996,40.71656003222684,-73.84623848380151,40.70587265836288,19,0,4,1.4315874582907901
1,-73.91737687796832,40.6657064791929,-73.91975249566825,40.66739519904389,15,6,2,0.27460346687669257
1,-74.00095961856812,40.82721506514784,-74.02357648144857,40.85201442728023,0,5,2,3.35023883923574
4,-74.01619508627334,40.75508896516761,-74.02014280372404,40.74093801955792,13,3,6,1.6082715350845231
1,-73.8024054570909,40.64373775437997,-73.81290808299535,40.63387049333677,4,1,3,1.4103757984178023
1,-73.93105737138298,40.780733369928235,-73.9232803800421,40.79882857424385,5,4,4,2.1159361854328003
3,-73.82984203893832,40.62215392530258,-73.80425889473543,40.630591535204005,18,2,1,2.354100755315902
1,-73.81111526851149,40.62686069564732,-73.79216840889033,40.62645666128747,15,3,6,1.5996216631425422
1,-74.01841214252322,40.75062710104481,-74.03573313785292,40.75270018123002,13,5,1,1.4771363739222958
2,-74.01984053476413,40.650597867474126,-74.01139752502986,40.644594210369526,21,1,1,0.9762403596027172
1,-74.01254725005735,40.60446903250073,-73.98622681989104,40.62564251060603,17,2,1,3.2371102398765155
1,-73.97590452468668,40.898639939048955,-73.928361784065,40.92857658990225,18,1,6,5.200096594681336
1,-73.80233779254779,40.60948064669805,-73.80272575416042,40.64125946609104,23,2,5,3.5337951786712853
2,-74.02689032555386,40.698448126043104,-74.01158150226891,40.67016425289503,21,0,5,3.399626508817152
1,-74.0461427397649,40.68404673577308,-74.06863668353805,40.71063230552429,3,5,4,3.512132277430643
3,-73.81058726699398,40.757107610288585,-73.80183475104064,40.764546620587694,1,4,5,1.1079915093260082
1,-73.81670256842176,40.848405491798594,-73.79130727099461,40.879805213744945,11,0,2,4.092811922337253
1,-73.86868775893231,40.774332160763166,-73.9041529155056,40.7409678459108,18,4,3,4.763058615962614
5,-73.90760628301723,40.74738926496091,-73.90596475407132,40.72801750987761,16,4,4,2.1584763239058606
1,-73.95068389644439,40.67339369155914,-73.97741883994104,40.69902268356379,21,2,2,3.6335988318588477
1,-74.01774188686473,40.663888677379184,-74.0234275212487,40.687609428501915,0,3,4,2.6808535354784637
3,-73.86129090059462,40.81969570120545,-73.85162558733568,40.83315332692865,3,0,5,1.7031259695399312
2,-73.91178986855886,40.64518794282633,-73.91379067716211,40.64300210248672,18,3,3,0.2959266508487879
1,-73.94297299624068,40.756644817324016,-73.95688078270032,40.79170300913389,7,0,3,4.070409443117443
1,-73.96053805559875,40.83603401556633,-73.96578161308662,40.86186171697421,6,5,1,2.9055781910352785
1,-73.94530296759575,40.82705464958629,-73.94490615890084,40.82535077670243,16,1,4,0.1923813964327135
1,-73.94297002553134,40.80918640537485,-73.95239828065249,40.78819575116657,8,6,3,2.465290514685475
1,-73.84795305654605,40.84696629338573,-73.86835960612201,40.871281570732414,0,4,2,3.2024093346692064
1,-73.76713685585395,40.628046058994016,-73.77849591191297,40.66254188898044,16,0,6,3.9536720622963593
4,-73.9527636183003,40.65076353140052,-73.96905991757495,40.668114913671104,18,4,3,2.36899223851567
1,-74.01427869977964,40.82188927964828,-74.00711841505407,40.82433122546612,3,4,4,0.6608599337965491
1,-73.88088597568277,40.74380044549703,-73.87301361922698,40.75624607419374,6,4,1,1.5345738502347837
1,-73.99019783972122,40.683378193612874,-74.00162625993424,40.6939847295255,19,0,2,1.5229801383698098
1,-73.98397018369734,40.89594310358149,-73.96045213297656,40.8893299945076,23,5,5,2.109180053090795
1,-73.94791676134935,40.72934922934433,-73.94194627482824,40.75681147266921,10,3,1,3.0948104685364353
1,-73.87323010305099,40.7196634795418,-73.87257483330595,40.71166688175116,3,4,4,0.8908945085788917
4,-73.76715835360311,40.77535296853352,-73.77943722073009,40.79538231796866,0,5,4,2.455396303594669
1,-73.75911219425014,40.799834721432774,-73.76969033351786,40.76531231834375,22,6,5,3.940682341245614
1,-73.98564403815648,40.87319276318728,-73.97324468686614,40.8979421835639,16,4,6,2.942799007658587
1,-73.88720378310786,40.828915047918606,-73.84245811544334,40.80968044679451,9,4,4,4.330370654189001
1,-73.91206526744725,40.70584741692013,-73.92506213087339,40.713331790569455,6,4,5,1.3757502725267423
1,-73.94496995853665,40.76659398721798,-73.94072172068293,40.76445672300911,9,4,3,0.4295150850282606
2,-73.86842943394954,40.75804088736305,-73.8601908138466,40.7619144065969,7,0,3,0.8167050723663304
1,-73.94303027279867,40.755844333266865,-73.93474759333823,40.77299641312246,1,1,3,2.0307865962521823
2,-74.03175692155585,40.770275915465895,-74.03634333567778,40.79089475011884,2,2,4,2.325004373584031
1,-73.85025836186176,40.88432319833859,-73.82869120194472,40.872060356614526,13,6,2,2.268744623027477
3,-73.85346869051254,40.64565499395897,-73.85121791409783,40.62839440224131,18,2,5,1.928664065300211
4,-74.0113099468445,40.68353839186537,-73.98908677764858,40.69624247782333,19,0,3,2.3465555551041684
1,-73.79597262082379,40.64541199344157,-73.76645439795107,40.66530830757508,1,1,1,3.3309222339794067
1,-73.82538607089249,40.83074029342887,-73.83002487970212,40.78502588612508,1,0,3,5.09818143500952
1,-74.02153204976925,40.79275675001872,-74.02579823737955,40.76980658690673,15,0,3,2.577097885235529
1,-74.04570146336431,40.74235664973404,-74.04696933982346,40.73551908493562,9,4,4,0.7677698258475965
1,-74.02659140071432,40.69680510839512,-74.00105511389239,40.68453067539168,12,0,5,2.5491878428541455
1,-73.81132081478268,40.69925203152955,-73.81047637454203,40.6951420049117,4,6,1,0.46252556239893616
1,-73.86662518814988,40.61650204931318,-73.87104975415096,40.61518860181198,11,5,1,0.40100645166459326
1,-73.75782868433332,40.630414606966895,-73.76502104951828,40.622725482030106,3,4,2,1.0485450455559322
1,-73.76608544575359,40.715644093961,-73.76977166511504,40.731450177038454,9,1,1,1.78479740445108
1,-73.9394807889337,40.79146473586712,-73.93091905674527,40.816630128771536,9,5,3,2.8895658976067313
5,-74.03010231659857,40.883917943441894,-74.04729745107161,40.88775758554311,20,4,4,1.5072440385867687
1,-74.04487194396388,40.817061080588786,-74.07819108356661,40.81972185292819,5,6,3,2.81939516282895
1,-73.83930564448427,40.899891596189555,-73.84599014167735,40.89941353989798,11,2,2,0.5643245636658447
1,-73.9234283331342,40.77966341154651,-73.95074744253824,40.80153013793323,3,3,4,3.3468658623474297
1,-74.04596342267746,40.78795125049032,-74.03072203391746,40.808716285735024,18,4,2,2.641460867229293
2,-73.97941067146711,40.81454064233746,-73.97027845431957,40.811416671773685,14,6,4,0.8434021168563847
2,-73.83651627914567,40.883523693129035,-73.77906968462092,40.888203413083374,11,5,3,4.857203730209587
1,-74.03881580886731,40.628555677725586,-74.04132497607819,40.64173787135665,10,1,5,1.4810060805213847
1,-73.9107210907672,40.8426806862169,-73.91163419123598,40.82574153886198,0,2,4,1.8851131265882601
4,-73.86141852218103,40.66514476067762,-73.88239119880856,40.654914569080304,3,4,3,2.10324127002512
2,-73.77470527599344,40.664752570757216,-73.78419517980997,40.66444679814598,20,5,2,0.8011522583020798
1,-73.86948925295626,40.86612338634334,-73.85527217666247,40.88042640102558,11,4,3,1.989570960647879
1,-73.78553624873786,40.84065762028506,-73.82258656392985,40.82590189669888,8,6,3,3.5225657820165575
1,-73.90733414739928,40.64986862155111,-73.92124316820946,40.62655616835374,4,4,5,2.8455295876041475
1,-73.77731383724627,40.81767701497385,-73.80912279452807,40.83064331575765,19,6,2,3.0401429837353953
2,-74.0368900827625,40.81145755011399,-74.03352305914034,40.86457532952512,18,3,5,5.913215651662306
1,-73.89813910082016,40.84356185140592,-73.88068139751378,40.855775907380114,1,2,2,2.0001752149875656
1,-73.87456623068081,40.611155353519976,-73.8396801000345,40.60037345985407,13,4,2,3.179755694823932
1,-74.03666301567199,40.86763183048531,-74.06302738270028,40.87220700190614,18,2,1,2.274479994343452
6,-73.97598837781749,40.88289241599806,-73.957816660575,40.92443658247506,15,4,3,4.865399210939638
1,-73.86245205799814,40.6550755093256,-73.8510102614365,40.70013528080085,9,0,4,5.102477151163517
1,-73.96022415831732,40.86828296387327,-73.95932109153553,40.870394269778934,18,6,1,0.2467417281775048
1,-73.84127642549299,40.77498258352504,-73.82229730892136,40.784320852669914,12,2,4,1.905763300548046
2,-73.93352796480151,40.87395243534192,-73.91481161209549,40.86194615105116,15,4,4,2.063788967949264
1,-73.89496932785678,40.850676316755454,-73.88209230062822,40.82225431369991,12,4,1,3.3408965668731314
1,-73.93487782914615,40.65684442081925,-73.96707410134246,40.67472998522715,7,6,4,3.3659376410492876
5,-73.76330674581166,40.69574100224264,-73.77924151520608,40.68552387053642,10,2,2,1.7594608920072565
1,-74.0009302757991,40.60057085296746,-73.99337298953628,40.58980091191098,5,3,5,1.3569488603459572
5,-74.03404849443449,40.88914350145511,-74.0132420029757,40.9169769827116,4,1,5,3.5547742801082127
1,-73.98274279034818,40.77405162725058,-73.98949740074988,40.783727989186765,3,1,6,1.2170308417193552
1,-73.99572925376262,40.72833163060183,-74.02291488282177,40.75459612419705,0,1,1,3.711448799230877
2,-73.89144961266445,40.80915532868354,-73.87979380364239,40.82393873712684,18,3,4,1.9142411044723548
6,-73.9227520950982,40.68375215276605,-73.942913393916,40.66927937666971,0,4,3,2.3410595522012008
3,-73.95004598160374,40.89231459057816,-73.9655259162961,40.88480964768487,21,2,3,1.5458681355798118
1,-73.81281814050817,40.69877916294586,-73.81757775543757,40.73586337489845,7,4,6,4.143041124364694
1,-73.84905041431084,40.78171112230348,-73.86332963032915,40.749794763971934,19,4,2,3.7471458749312454
2,-73.75888485316226,40.608058177347495,-73.76043621191613,40.61074427399351,23,2,6,0.32612883396340525
1,-73.8968290751154,40.61013644663036,-73.94814946146953,40.56683796846686,17,0,4,6.477653380358862
1,-73.89540509923259,40.78482357997619,-73.89397514317089,40.80263951562732,15,3,2,1.9846955816427547
1,-73.91363697924173,40.7615040168762,-73.89292942515515,40.75372680629544,1,0,6,1.9467706445910666
1,-74.00630437268069,40.85548793112763,-73.9782114875504,40.86516258078183,8,4,1,2.5959357421012967
1,-73.9291313166907,40.863841955514864,-73.90533391994313,40.8832971213579,15,6,4,2.946784290465287
2,-73.77348873233365,40.738953679532216,-73.76308079834848,40.728310734046275,1,4,6,1.4729495083936797
3,-74.00315051230373,40.61038737213298,-74.02149841807284,40.58891306888742,13,0,4,2.846289432031006
1,-73.86016877764094,40.854812882616535,-73.86468527595429,40.84528108758359,5,4,3,1.1259101142464607
1,-73.91352499238997,40.64072630235857,-73.8809966603811,40.62432343480495,12,5,2,3.295655527714717
1,-73.77060830630893,40.64942302475591,-73.7553925191894,40.66876165994637,13,1,4,2.5042730369821125
1,-73.77208919887025,40.638919225817666,-73.79493908936747,40.63578591183142,14,2,2,1.9592984182760043
1,-73.80404669448228,40.761354832451254,-73.80510139069361,40.76956013262158,22,4,5,0.9167012296480436
4,-73.97478040674639,40.74093464507195,-73.98169893521982,40.72218715572654,12,3,1,2.1646032050099673
2,-73.78419429458692,40.66007291095037,-73.8199811799968,40.60842061134146,6,3,2,6.48898235663293
1,-73.89957803268716,40.87146105657907,-73.87963290377206,40.87382598196744,0,4,1,1.697515075875967
4,-73.825382909411,40.72983589340512,-73.80881217938597,40.74561742511269,16,1,4,2.242454287780371
4,-74.03931314027376,40.82704425190999,-74.03767061172832,40.8162822912184,18,0,4,1.2046306237296143
2,-73.9223061001083,40.787364564884555,-73.90763562259845,40.79567378967344,19,3,5,1.542391848019599
1,-73.87912511266506,40.62009227324626,-73.87515878101411,40.604440681832024,15,4,1,1.7722889422022283
2,-73.91364763297885,40.66858817759469,-73.9204830290356,40.67143928524444,0,6,6,0.6579099763528458
2,-73.88267367989656,40.759450380545914,-73.86576699074487,40.755751141361245,7,4,1,1.482231173881563
1,-73.86535693292143,40.883230826431365,-73.84530172630988,40.908169397896565,21,0,4,3.2451994095036327
1,-73.7672061560561,40.71100145171705,-73.79002127160008,40.709360714359605,5,3,3,1.9316709155960106
1,-74.02524847457893,40.760204007358986,-73.9998860220253,40.76373063090315,10,2,1,2.171778635391329
1,-73.77736571703664,40.63770715406936,-73.7707652417948,40.65574631934303,11,5,5,2.081728255089968
5,-73.93908918339721,40.60270495829556,-73.95190315647632,40.64209100339507,15,6,2,4.511083793312521
1,-74.0164740988841,40.78208139837116,-74.00007049169739,40.808715437425384,8,1,2,3.267667694107571
2,-73.9955267474851,40.64722470532772,-73.97020216770719,40.67429325100244,16,3,4,3.6908653850070023
1,-73.75389737490731,40.86676842165766,-73.728337053298,40.870046905551675,23,3,1,2.179993157933912
1,-73.86831660775401,40.70621818549091,-73.86579926145447,40.72651999500293,8,5,5,2.267406067132174
1,-74.00143395299303,40.879653098475224,-73.97356095533347,40.887513385144395,12,1,2,2.5009242309530997
2,-73.96654609698751,40.787092080931295,-73.9707063320265,40.7947948235142,10,1,3,0.9253455629562402
1,-73.91139346481192,40.801297944108576,-73.91550047224298,40.85212380822293,9,1,4,5.662133083460169
1,-73.92795931640968,40.81856674186898,-73.93056418849244,40.82445146273259,16,5,4,0.6900871433285309
1,-74.0341132598646,40.88505162785097,-74.04491622915812,40.87109380219203,19,5,6,1.7982659526378417
1,-73.92230396565532,40.80288413730986,-73.88675246372736,40.81784516441828,12,1,1,3.423429071879424
4,-73.75825327344414,40.86462109911795,-73.70385625431345,40.8451539798643,14,1,6,5.061280217238964
1,-73.87817513473856,40.77260748850787,-73.88021786614954,40.76697847563247,4,1,6,0.6491262491431181
6,-73.81341467520787,40.75203628743253,-73.80128089145695,40.78102102958347,11,4,4,3.381072800737542
1,-74.01025193989595,40.88165345601698,-74.0189696521715,40.86613317016643,12,6,3,1.8749871423415851
4,-73.766554878535,40.778880140361515,-73.78688737605552,40.7666345332605,21,3,5,2.187604930884141
1,-73.95365828788108,40.67049206273572,-73.96107946383013,40.65171096424099,3,0,5,2.180161628412039
1,-73.77950494693609,40.60265761274445,-73.76858651328415,40.612253578367174,6,0,3,1.409994685918622
1,-74.02014106485794,40.61667654003664,-74.0118008986203,40.61960391327583,21,2,4,0.7755609704155217
1,-73.96253431242411,40.74411514741647,-74.00117103922551,40.75103610042282,22,0,6,3.344519130709233
2,-73.95012974614393,40.73555487005011,-73.95046013067294,40.73787312283703,6,5,2,0.2592765506313637
1,-73.99557815679934,40.81658023589417,-73.97322648840604,40.82643778110481,13,1,6,2.176910174334603
1,-73.83614809355521,40.85398855742574,-73.84224905107486,40.85423807728785,10,2,6,0.5138727410030948
1,-73.84926379492997,40.85281488532907,-73.89148515677527,40.863798642103575,14,3,3,3.7549929895145793
3,-73.98872771342555,40.733553076517744,-74.02310522949391,40.73268625531192,8,5,1,2.8982101865477503
5,-73.890395956401,40.76536321274098,-73.85639550240998,40.76400775836137,18,1,5,2.867440442809058
1,-73.78448173713892,40.88748788952384,-73.78443780214626,40.892982288057866,19,2,6,0.6109604042912259
1,-73.75771373319623,40.62663558270824,-73.76266589990178,40.617876086783525,21,1,1,1.0598996394542788
1,-73.96205020578073,40.73853185082575,-73.9782355500419,40.745123609986955,8,5,4,1.548092969550703
1,-73.79201732882743,40.625559080142885,-73.76365916435631,40.59994894075009,18,3,2,3.72014678186737
5,-73.88068646173338,40.647779019053246,-73.92265606185995,40.66304617999068,21,0,6,3.926400288052656
1,-73.99154622040976,40.6928336219171,-74.02465762575052,40.65956987470942,4,2,2,4.6344176599641855
2,-73.89336683588289,40.6636386781545,-73.88693702153161,40.64989532061166,14,5,6,1.6215905674758475
1,-74.04399559204812,40.64296214665598,-74.02832253816116,40.65213717977161,19,6,5,1.6701171786655284
2,-73.77404559258935,40.71117390930562,-73.80401827039579,40.70949047228453,11,0,3,2.5332509815325697
2,-73.98461354360197,40.80749896922342,-73.97886698433723,40.82587668406035,6,1,2,2.0999491009135323
3,-73.8977288137142,40.87599213018552,-73.87792642789304,40.87746796463729,19,0,5,1.6729860137462422
3,-73.80299525187884,40.78027472199546,-73.8419356123112,40.80534671876383,15,6,1,4.303294865631861
1,-74.01352500787412,40.785124136676394,-74.01101676414086,40.77652482407779,15,5,6,0.9792443473475714
1,-74.02198300672885,40.89344551991506,-74.04380742910456,40.88164831007592,19,3,2,2.2553576545035234
2,-73.7869324966551,40.735015843719346,-73.79853800426679,40.71526588846509,15,2,3,2.4040139676674537
4,-73.95006503263339,40.89691833512622,-73.97134418182745,40.9140208291856,13,6,3,2.6104650930077744
2,-73.7853721063753,40.87008913570853,-73.79944223195149,40.84037290947278,16,1,3,3.5097977308681227
1,-74.00604899784837,40.7443213068692,-74.00331987535729,40.75677839574131,14,6,2,1.40411279718083
1,-73.91980724526391,40.64683602645301,-73.9058156790623,40.654229229579315,14,4,1,1.4384400278959772
1,-73.85026940685638,40.65470800509119,-73.86153150679861,40.66042892643679,8,0,1,1.1433217959569277
1,-73.7952272907105,40.61354399867943,-73.79971023883341,40.63060550360099,18,6,1,1.9345136345012939
3,-73.87194493236584,40.70741647366972,-73.87684272299295,40.75370510774542,20,0,6,5.163580060958695
6,-74.02932634602163,40.84073799419937,-74.02193833887178,40.80003447949884,15,2,3,4.568521764174967
1,-74.0115373144035,40.69951303672172,-74.02567918035083,40.724806052902515,10,0,5,3.054611549951542
1,-74.03094298074821,40.82365418522389,-74.02574870480109,40.81482996277314,19,6,1,1.0741619008366798
1,-73.91422001351869,40.89195475555181,-73.91436670177913,40.89482969791636,20,5,6,0.319916698724911
1,-73.86818059114452,40.763436556899755,-73.85751381825065,40.75306364914,15,1,5,1.462033221474537
2,-73.76560913033666,40.88667396343851,-73.77514353080679,40.91796121482504,15,5,4,3.5700735680365674
1,-73.83368492451953,40.727151245466175,-73.8126141453302,40.71632580517228,3,4,5,2.1452485324057875
1,-73.88359247414581,40.77515868438731,-73.87144602540829,40.75674072160537,14,1,5,2.289245272943414
1,-73.88098631253231,40.78232859490552,-73.9103966718765,40.75920712402699,6,6,3,3.569863216216578
1,-73.92827383084708,40.68891316143311,-73.86055824025294,40.67354291436494,12,4,1,5.960369666026428
1,-73.8782037683723,40.89739214696505,-73.86577800867335,40.912858899267015,10,1,3,2.0120365532633375
1,-73.8945598259967,40.681384269850824,-73.87905902376089,40.68532473706439,12,3,6,1.3785414310700699
1,-73.98375027630817,40.67854511558856,-74.01614869063576,40.67414143208441,2,4,2,2.7757112843046152
5,-73.9438982276815,40.85355085694603,-73.9640057665374,40.87139584867474,17,6,4,2.6070307654354035
1,-73.84737993357413,40.85738400420719,-73.85123033475948,40.86977140152162,18,2,4,1.4149615059681653
1,-73.93255030041593,40.61288405215508,-73.91586198737912,40.626324317389575,13,0,1,2.053646304726093
1,-73.79596011975558,40.76560636860871,-73.78470072659951,40.7946483550634,18,3,1,3.365602801811066
1,-73.98124442817064,40.79170377826403,-74.00607719525976,40.79598442190524,11,0,1,2.1439721371703233
1,-73.94191770996284,40.753834158828305,-73.96377270914739,40.70585076511864,10,2,1,5.644380453352958
1,-73.8215592013188,40.83117572217694,-73.81008526334371,40.83450749462945,11,2,3,1.0339793882454555
1,-73.97342319418937,40.68481233522535,-73.95956623132976,40.68306519699039,13,1,4,1.1844737354797106
6,-73.9729542502583,40.84384543760016,-73.9550413541454,40.84020107713062,1,1,2,1.5603838277384612
1,-74.01298169087403,40.78185723741332,-74.05791255026764,40.74033174516236,10,1,1,5.9700060656318295
1,-73.82483107042346,40.608412960049826,-73.83055715986245,40.61367603396569,12,3,3,0.7590290511767792
1,-73.9636737278313,40.6366085431195,-73.95696153894409,40.63212344985076,7,6,1,0.7546717515690758
1,-74.04778044154229,40.85197027975352,-74.0411289406706,40.84467926064292,6,3,3,0.9850314683766939
5,-73.94074964113518,40.79349918237491,-73.94298892103505,40.79065418658659,6,3,6,0.3682572467979275
2,-73.76407770333338,40.63518696329295,-73.75627866123945,40.65310286217652,7,2,2,2.0980167555458773
2,-73.9656545489756,40.708999343145685,-73.96370427446526,40.72221067623674,16,5,5,1.4782003919385152
1,-73.90013637300288,40.77843837141573,-73.91754404662193,40.77560489407485,20,4,4,1.499260289784497
1,-73.85517484790704,40.74192623114416,-73.84025450115226,40.747794133632915,13,6,4,1.4162097208322868
1,-73.79815853730307,40.747072942675445,-73.7637231370878,40.74485254196934,7,0,3,2.9114118261681585
1,-73.85594918902073,40.652099897706755,-73.87692994483935,40.66421359365499,0,3,1,2.2240865718619767
1,-73.98662358075683,40.736936285665706,-74.00555107683276,40.75146327708761,20,2,5,2.269768100367464
1,-73.8967739148621,40.79611334384014,-73.91090709661732,40.81558512560467,23,4,3,2.4704132880021143
1,-73.9061553166565,40.718553115182125,-73.89254544696209,40.71503195161827,20,1,3,1.2120160140693752
1,-74.0340270138808,40.77215694875232,-74.03557631715914,40.77068332982316,16,1,3,0.20945511734262043
2,-73.92196270894765,40.833453846014734,-73.92075312122014,40.837318035915864,2,1,1,0.4415641128037525
4,-73.83883926131811,40.69064171130667,-73.85627120275035,40.71270749035983,14,6,5,2.8599930716922546
1,-73.89307961277768,40.60339346087844,-73.89858012025448,40.61158222860589,9,4,6,1.0221114731138035
1,-74.02245000764344,40.80431123659167,-74.03832949940185,40.789334638714905,4,2,2,2.135433250316811
1,-73.9531791318351,40.81949014948271,-73.9413852532184,40.80377882553519,15,2,3,2.009293535272642
1,-73.89240126031953,40.69021338149488,-73.86782943177994,40.68247635232294,0,4,2,2.2433672241231797
1,-73.81327295452108,40.74853912456085,-73.8334204687837,40.76051764190195,2,2,6,2.157335982244974
1,-73.79374106655833,40.71873543459217,-73.8046817516632,40.71914257532664,20,0,3,0.923155794047723
2,-73.9379354337576,40.849192473489765,-73.93353726088701,40.84829680487152,22,6,1,0.38311149295665003
2,-73.85935320901802,40.66893257249715,-73.80929825648487,40.65895342553964,15,4,1,4.365334381686683
1,-73.79557936549905,40.81361847329736,-73.76838949145528,40.80948859420685,15,6,4,2.333906676730313
1,-73.9765334411569,40.79128387578184,-73.97442115264367,40.76768623276197,0,2,1,2.6299589162897297
1,-73.81394765964575,40.78223172318469,-73.81878327357269,40.76905794677713,6,0,5,1.5203959253699473
1,-73.77221984428807,40.77620312539183,-73.78790010416196,40.765226042555376,3,3,1,1.798179402128785
1,-73.86102743429191,40.792085529873496,-73.87290055595697,40.820746021123696,11,2,3,3.3399046560826857
1,-73.88062856241787,40.77507414963406,-73.90079380573277,40.79521469465706,4,2,1,2.810320052626737
1,-73.95714731237133,40.65133742557149,-73.9964327676467,40.60001775116053,5,4,5,6.599729260992791
1,-73.96330272041742,40.75130269897248,-73.9810769220005,40.765738320564616,21,5,2,2.1949381747077528
1,-74.04498817242653,40.88466108593935,-74.06640096662242,40.90440806500186,16,3,4,2.8391498307106087
2,-73.84912083502687,40.776704977133555,-73.79251558529565,40.79504243596436,14,4,2,5.18358880993188
1,-73.97734578454818,40.836615484756685,-74.0216565321259,40.84190532276444,5,2,3,3.773729154257492
1,-74.0208658397459,40.72409985655494,-74.02638644116907,40.755736520914326,22,5,3,3.548450768677075
2,-73.84168436424653,40.70981413756395,-73.79318956838001,40.69759053544226,13,6,3,4.307957910643695
2,-74.01338693139105,40.64073031166853,-74.01896385785207,40.62435308931288,17,1,5,1.8808913509804486
1,-73.89930942845066,40.75870754719283,-73.9088734053901,40.75335778190341,20,5,2,1.0014047957115808
2,-73.75600861311729,40.65653842379544,-73.77534558797511,40.651882051353475,18,5,1,1.7114396829467302
1,-73.90757348146941,40.78405419612879,-73.8832803244605,40.79162318913696,16,4,4,2.2116285219902245
1,-73.80636036825909,40.73098822384039,-73.8370284742006,40.734538499455375,23,4,6,2.6140516149130004
3,-73.76187574386208,40.61455360610736,-73.79026387036764,40.58670827049501,18,1,6,3.915484779950926
2,-73.84428336812077,40.88650022725077,-73.86074546073188,40.889721675237745,22,1,6,1.429449103490898
1,-73.77315251062049,40.621272237523975,-73.76410582590027,40.63176340384854,4,5,5,1.3941944277630436
6,-73.96984464484879,40.895339689082284,-73.96180874519341,40.88719520954197,18,2,4,1.1297935888240096
1,-73.87109207253418,40.66048445860896,-73.89767614657515,40.66385181635588,15,2,2,2.2733753643339134
2,-73.7895560053814,40.85959564243834,-73.78114230628503,40.89835400777751,7,4,6,4.367399454808333
1,-73.91728684971093,40.75548591108807,-73.9000087796088,40.77537262271672,4,5,1,2.647117858399437
4,-73.77618577408188,40.628385861522744,-73.77228843436997,40.64992770982218,2,0,4,2.4178120818105073
2,-74.01042333747296,40.69531240111586,-74.00888491634338,40.72786699075632,22,4,2,3.622226848306474
4,-73.83123772323106,40.89148825339889,-73.87299665423619,40.878048292836475,2,0,3,3.815386603728005
3,-73.97136068486637,40.77582000779834,-73.9893296594743,40.768695577392805,23,0,2,1.7079849164609637
1,-73.92405080843584,40.87479835030124,-73.93130994002908,40.83699490194895,4,4,6,4.247655305148303
3,-73.93958836026492,40.73915920877849,-73.8888830091598,40.74103582982102,12,2,3,4.277015470579426
6,-74.03252070593769,40.83918823483018,-74.01353853558756,40.84646989169961,11,0,6,1.7903279593555421
1,-73.87602821851529,40.89418974256633,-73.8573158408119,40.88365518588458,21,5,5,1.9612320403416694
4,-73.9346302751705,40.68954115322277,-73.92316199596902,40.69641799694738,12,0,3,1.2327158928940665
1,-74.03872813424661,40.617592210247935,-74.0491711971461,40.64537730361934,3,0,5,3.21278896907013
1,-74.00145731215684,40.7902425988313,-74.02936710699576,40.79866366481488,14,2,3,2.5291980740132054
1,-74.01498254787677,40.673128750061814,-74.02162696052294,40.693673543350975,8,4,6,2.3521765545173907
1,-73.81169699680437,40.86552919457584,-73.76249411263306,40.885568395359904,23,2,6,4.698825519084534
1,-73.98852610584204,40.687370245078995,-74.00040232728443,40.68893476159282,0,0,1,1.0163510991774425
1,-73.8652491682445,40.817491955267414,-73.89331711629616,40.82376313816808,11,1,4,2.4626470697585483
1,-73.9928943314919,40.79073698043974,-74.00046347275497,40.77116774525462,2,4,4,2.267407272483902
2,-73.94590930048899,40.82797996335085,-73.94933098600856,40.83021247238354,14,2,5,0.38013942237847215
2,-73.97050216263384,40.7473960419709,-73.98664190418887,40.73622520408361,4,6,4,1.8416834011138354
2,-73.85536206532385,40.809657579971635,-73.8773767078725,40.80145814677945,4,1,4,2.065071523392642
2,-73.79782853448604,40.61567565635244,-73.8102981615579,40.60782465176936,17,3,2,1.3675012501400834
3,-73.94488229972592,40.74801495142271,-73.94255645942995,40.71619990576651,18,6,5,3.5430957068487183
1,-73.77064099593859,40.82345761981767,-73.7732556219768,40.86851486610989,17,1,5,5.014962050518334
1,-73.7583119247633,40.787623075599704,-73.74269434475487,40.78155278180567,23,0,6,1.4780279612372371
1,-73.84611988245247,40.84383778325549,-73.83973135903001,40.822115836288695,6,6,6,2.474449199283644
1,-74.00361624560095,40.69658008293952,-73.99158457388145,40.6862321201318,23,5,2,1.5339492924530567
1,-73.83738105441806,40.86041118392205,-73.84124647429636,40.84831504826569,19,0,1,1.3837606806728329
1,-73.81068863125729,40.69347868043408,-73.78882284762831,40.681228735129714,11,0,6,2.2922587995761003
1,-73.88749985234527,40.72816645865869,-73.85838304431486,40.71611339458707,2,1,5,2.7959142056502
1,-73.9205895101786,40.6372948807177,-73.922942529412,40.65342955493145,1,5,1,1.8050442269380949
1,-74.03180737676449,40.65350806740664,-74.04686384596954,40.618817282563626,10,3,5,4.061277290855085
1,-74.04141695692023,40.78846734294327,-74.03806427511476,40.792325907354986,3,2,5,0.5135670079903426
1,-73.95160553244231,40.70942101718211,-73.96174454965664,40.69129165058579,18,4,4,2.189606344601702
2,-73.9937499560959,40.883814968880664,-74.00913495882578,40.85189833490091,5,1,1,3.777408190541622
1,-73.90941519385,40.642877462663925,-73.9120201642747,40.64758066928904,13,4,1,0.5672779465378417
1,-73.89994923124476,40.69716120017522,-73.90038235648625,40.72526678505864,23,2,5,3.125411665798889
1,-74.03382626233719,40.802040421516054,-73.99972221530548,40.84477530023856,7,5,5,5.55117351530693
6,-73.95990665292322,40.737267131467846,-73.95846683090048,40.71105477208639,7,1,5,2.9172057635810167
5,-73.9475193217201,40.83767664645345,-73.97073297874205,40.830970601234306,11,5,2,2.0904905159792855
1,-73.77668495478586,40.84996476021445,-73.78305238716105,40.85543961927663,19,4,5,0.8108137799894028
1,-73.85274188959087,40.88004825233342,-73.83294093439416,40.87250981882451,12,5,5,1.8639280444823623
1,-74.00960232201274,40.63319302997442,-73.99719729344888,40.623661377317994,6,5,5,1.4897232310052657
1,-73.77012760508708,40.75533209796125,-73.75438031677585,40.74914937578138,0,0,2,1.4940381388052428
1,-73.85617892221856,40.84399855928011,-73.8459623262499,40.828570748880246,0,4,2,1.918766129858535
1,-73.81229438118815,40.87785726499629,-73.8233131173533,40.87211975132656,23,5,4,1.124863302890406
1,-73.7801928413052,40.6919994385945,-73.78321617826805,40.71958937989451,2,1,3,3.078428378508923
3,-73.99294404192695,40.65592751374055,-73.9949425594002,40.68084102164232,16,6,3,2.7753788555284955
2,-73.94608192958496,40.7874910115072,-73.92796061925858,40.78573509183173,16,6,1,1.538093978569818
1,-73.98941988260773,40.68441568717494,-73.99955711066069,40.715440253292314,23,0,5,3.5540460916529613
1,-73.9569166492673,40.61333304289736,-73.98471989468898,40.63611317899842,7,0,5,3.452858950926051
3,-73.85747702373244,40.634942173988875,-73.89555144813417,40.667954097345294,21,6,4,4.877669345255582
1,-73.83746564625511,40.71415802028935,-73.81859397230163,40.67819542819589,16,3,5,4.303731093032311
3,-73.98388314862586,40.6548466320707,-73.96110537403202,40.66580828271552,22,3,4,2.2753371566932152
2,-73.86747903171339,40.6367024139764,-73.88258944662985,40.632930541885685,17,0,1,1.342272607369793
1,-73.97935168128264,40.84542390509987,-73.9930203593177,40.82663918851927,3,6,5,2.3843787613608036
2,-73.86966160231113,40.70192094319162,-73.82114180343865,40.727051895134856,11,3,4,4.952953821187611
1,-74.04178879235988,40.71074888277882,-74.03513674777662,40.72630022422782,15,1,4,1.8178359683061887
1,-73.81250324938365,40.833640990375976,-73.80591356289085,40.81275394042074,3,0,2,2.387806383746491
1,-73.84038157943219,40.66318807511589,-73.86547368426073,40.66426400645811,11,0,4,2.1198120126264994
1,-74.00956207408524,40.60662798265939,-73.98825942197199,40.62389591211046,3,4,5,2.6305912037360253
1,-73.78617604751337,40.87704560660664,-73.79454493114063,40.87117400609304,18,6,6,0.959895376666483
1,-74.00814985856115,40.77188383752517,-73.9994574162254,40.76864789575444,2,6,5,0.8156607966926994
4,-73.86750539019303,40.71356248745534,-73.85899106103352,40.72294272725323,22,3,5,1.26602715135044
5,-73.89263678030049,40.69910283825198,-73.92303069296912,40.65360942966837,22,5,4,5.670932122987997
1,-74.00491149598922,40.659479465097846,-73.98752476344801,40.66904553578567,15,1,4,1.811650011131884
1,-73.92538197100936,40.635364835324545,-73.9563084447557,40.64223488424593,20,1,5,2.7190336608764185
1,-73.94874832646576,40.72297433511213,-73.92178131735726,40.754425531791846,14,2,5,4.17043879768106
2,-73.85486852087003,40.75553852490394,-73.87417436231492,40.761593499499305,6,3,4,1.7599413364811856
1,-73.93289802579642,40.64332189039106,-73.95181481409546,40.62090848337428,0,2,3,2.9596605758817227
2,-73.98080545774441,40.64766925373039,-73.99089445918803,40.62121060413668,8,2,3,3.0627687274352287
1,-74.0308890692547,40.888204796211426,-74.01885060929243,40.91127190971805,10,3,4,2.7572975505363067
5,-73.85580385797387,40.73387332305961,-73.86253338258932,40.70176894203226,17,5,6,3.6146160782833645
1,-73.82854942429101,40.887177866850706,-73.82879366919973,40.868390022593054,17,0,3,2.0892138859363856
1,-73.95656070019558,40.686917002364055,-73.9498891282215,40.677686298534766,22,6,2,1.1704676216711176
1,-73.9871812522765,40.7657103918189,-73.96792421440026,40.79140474469136,6,2,2,3.285128047466524
3,-73.81620800464347,40.636701862908886,-73.81792674390807,40.65145807602657,13,0,1,1.647211546341222
1,-74.02737007911895,40.81056696735108,-74.01678081069328,40.80757697277963,19,6,1,0.9512148606989956
1,-73.75523613941466,40.86288587662929,-73.75025150047894,40.85768091489555,1,3,1,0.7146288556229289
1,-73.85166602765668,40.67836568699212,-73.87090156501179,40.68513306918369,12,4,3,1.7880663406870574
4,-74.03867225812047,40.621797606146835,-74.03667377121278,40.64275842759208,19,5,6,2.336830355262939
1,-73.95862360374328,40.674977098291926,-73.95300900872844,40.68597743153757,4,2,1,1.311613527736543
1,-73.7943844948465,40.83344044470589,-73.79251565446354,40.86736855044738,6,5,1,3.7759064650471745
1,-74.02910910520748,40.88959991926944,-74.0046731469271,40.8592972736615,10,0,6,3.9464877729917567
1,-73.94639970515595,40.86755935349573,-73.94230235724605,40.82570189697265,21,1,5,4.667079730292508
1,-73.99830162929779,40.76655417989309,-74.04714051915953,40.7852728618105,6,1,5,4.609188385730448
1,-73.96748792070625,40.866587134921325,-73.9330527105087,40.875597292104054,13,1,3,3.0638801363384385
1,-73.76372267627625,40.69764101297195,-73.74016266953754,40.69643131256854,19,1,1,1.990762824363737
2,-73.78532861146259,40.89127621209844,-73.78070137405183,40.93699375359178,7,0,6,5.098406789463784
1,-73.9599493603985,40.627614552949105,-73.96527246604596,40.59817170451388,16,4,6,3.304585653439432
3,-74.00327405782241,40.61119863314365,-74.0157776497319,40.60330066875749,22,5,2,1.3730979040307556
1,-73.87507217696078,40.821103497728664,-73.88744826653307,40.8073968743197,15,6,1,1.8459872484567843
1,-74.00106366523987,40.88388566605395,-73.98632791124257,40.86328085261748,19,0,4,2.604701788725491
1,-73.93365339682741,40.63404292060292,-73.94984801228595,40.598920893441544,7,5,4,4.137701219021025
1,-74.02457340596598,40.6814578372095,-74.0280152175946,40.6625318470506,1,1,5,2.124398103852149
1,-73.93004980070721,40.61791309383265,-73.90426865295588,40.63138564517077,11,1,6,2.6416769066391925
1,-74.00146114753292,40.795325371492375,-73.98712839450009,40.808123420911635,13,4,3,1.8656328857649875
1,-73.80975202706743,40.64716927500985,-73.82319129503722,40.623327958471016,11,0,2,2.88340516073516
1,-73.81842036632804,40.70414514130522,-73.81561635439787,40.708055577728565,2,4,5,0.49490844858029764
1,-73.81435257003572,40.79190643791383,-73.80824567318551,40.80267031129765,4,3,3,1.3026134920049919
1,-73.78457292692126,40.64305471248348,-73.75808105850268,40.67479468068425,5,2,1,4.177298886179543
2,-73.77673743744263,40.846716889472525,-73.81849263453117,40.8889606598085,10,2,3,5.864506562296984
1,-73.84894025010551,40.82495340805382,-73.82665735447578,40.8097007377537,8,6,3,2.528373671684477
1,-73.82214209920348,40.73471720930332,-73.80514443394654,40.72975611156563,7,5,1,1.5347880150202347
1,-73.76704778465243,40.71928361645903,-73.7632668832285,40.72360676010772,4,2,5,0.5767224115744466
1,-74.00113833155069,40.61842883163343,-73.98111190619134,40.64894565884985,7,3,4,3.79083484160364
5,-73.91367893235405,40.6744774342219,-73.91192321434929,40.658368152612574,15,6,3,1.7973809059001897
1,-73.82645753547385,40.60162236391994,-73.82382477058799,40.5883169219723,2,6,4,1.496104160566224
1,-73.96551887526908,40.848863248543594,-73.98757300224531,40.88688013540855,0,1,1,4.616172828191265
1,-73.84806600930702,40.747551731305705,-73.86276882032865,40.710444050474926,1,6,3,4.308169663447685
5,-73.83480747629994,40.73427474788621,-73.86335789105267,40.72873030020786,2,5,5,2.4834233699809936
1,-73.89263799318881,40.892611195163624,-73.90300424478548,40.88179092465856,20,1,3,1.4855866553358699
5,-73.9220995283679,40.87840605662922,-73.88950667000763,40.9071753459361,18,2,6,4.211790847740042
1,-73.8008621228712,40.69286514189984,-73.83655935307796,40.71091894789792,16,0,2,3.617374958776909
2,-73.96342628781467,40.82583572717114,-73.96752090331546,40.81158416660524,23,3,1,1.6217279914074887
1,-74.00101249540073,40.80699805186893,-74.00909262834459,40.81380089492007,8,4,4,1.0171752982550681
1,-73.9918059363682,40.61620066926495,-73.97215341483138,40.57385225000054,19,6,5,4.99273359634336
1,-73.83917102175805,40.687617889750506,-73.83598602336065,40.69289660718152,6,0,5,0.6454779766150014
2,-73.85835763952069,40.73206795235669,-73.85174741084397,40.72234440245094,17,2,1,1.2162582734067042
1,-73.95168899534646,40.70763848849161,-73.97635111782526,40.70593856530883,10,0,2,2.087398121673958
1,-74.03653206568767,40.61091686962026,-74.01694469460246,40.60106870568703,22,5,1,1.9832851598769
4,-73.9061608166247,40.78179475507109,-73.90189429356938,40.78886429090415,20,0,6,0.8642796737774141
1,-73.98845974573416,40.879410816404544,-73.99941943643621,40.887304041008086,7,6,5,1.2724939667685413
2,-74.02146718773449,40.77529096813912,-74.02633721370495,40.786489928302075,19,0,1,1.311041691725002
1,-73.79074349123354,40.866460855450555,-73.77476513906916,40.83751773229244,0,2,4,3.4876534560522856
1,-73.75297382631017,40.84396398570484,-73.74820331622135,40.82802519763557,23,6,6,1.8171849172660457
1,-73.76857619101712,40.771758061779074,-73.77026768531886,40.749337394886794,5,5,4,2.4971316090227633
1,-74.0261791134692,40.85916282337947,-74.00526107550603,40.8335531440985,22,5,1,3.347406681596548
1,-73.96152055367163,40.840470347287315,-73.96028471539456,40.87751191741138,17,3,4,4.120145764422382
3,-73.76847611636657,40.79111023736881,-73.76108360278343,40.796493152919815,4,4,1,0.8634479103675732
1,-74.00931051824672,40.89344344717138,-73.99069039099676,40.86955483886806,23,0,3,3.083241723791822
1,-73.90359002605443,40.88192305865958,-73.94961362653235,40.87806977507612,2,3,1,3.8929689606733855
1,-73.79023838545312,40.879051558682576,-73.79069230106529,40.872355160530475,6,4,2,0.7455829031342877
1,-73.75267355346351,40.76980283743932,-73.7728278261,40.814190416904275,6,3,5,5.2191536206944615
1,-73.9806607409182,40.61536692130868,-73.97621431547398,40.60313341120708,21,0,1,1.4111388991233025
2,-73.81313070605471,40.81422199180192,-73.82848896950914,40.80052615282363,7,0,3,1.9975290641482903
1,-73.99760848579409,40.68397407090883,-74.01541390365617,40.66996395257526,11,2,2,2.163676339313701
1,-73.96769578415339,40.71766147324706,-73.96767397481872,40.73514334843741,10,5,3,1.9438966981598673
1,-73.97325405904212,40.74197047371634,-73.96395350360785,40.74025700906751,8,4,4,0.8063907623122868
1,-73.8391152126464,40.62500133320836,-73.84759450952643,40.61710918169547,5,0,6,1.132382105236188
1,-74.02947685450604,40.70436013978094,-74.03655682433042,40.71279659396116,20,3,1,1.1118220905259302
2,-73.8325505879427,40.65155993034818,-73.84703999782313,40.67920440649739,0,2,4,3.307952655861388
3,-73.9350013673821,40.62635709272251,-73.96780297001132,40.64994684823026,12,1,2,3.813261678948696
1,-73.86357071228176,40.67482901282347,-73.85872589537398,40.6476763494756,7,1,5,3.0467692157936987
2,-73.9079194595516,40.68678632411995,-73.88313692158077,40.706758306722215,15,3,6,3.0490973967667117
1,-73.83315390966558,40.67729304605756,-73.79647220173771,40.6860161536576,15,0,6,3.241662761241584
1,-73.97278938103653,40.84725902096641,-73.94797838289217,40.84985110804525,2,4,4,2.1067224812645335
1,-73.89663797700231,40.87268593166818,-73.87783611978571,40.86984722134991,5,6,6,1.612130934603468
1,-73.98962405172853,40.64558290897223,-73.98145983864183,40.65012961980515,19,2,3,0.8544180096794001
1,-73.96165218549893,40.853144595012424,-73.95585875421125,40.8670151269907,12,1,4,1.6174574394957957
1,-73.78911124217532,40.859551142045895,-73.782312959726,40.859190892302706,20,1,2,0.5731281609316894
1,-73.81074563211835,40.8589777381798,-73.80769055498537,40.83996627395846,10,6,2,2.129538973938894
1,-74.03791562255012,40.734486547509896,-74.03877625912486,40.69693786194134,7,6,5,4.175853357513013
6,-73.86945793231034,40.618417689322655,-73.90431413184629,40.61016313843213,19,0,5,3.0820274636543488
1,-73.90834098917256,40.699631839013726,-73.93787693148576,40.69721835576961,4,6,6,2.5043797340219056
2,-73.76348068082383,40.87982329754398,-73.75883866574912,40.88834729900091,1,2,4,1.0250181054557819
6,-73.92107763876301,40.66517146862103,-73.94086005576163,40.66920579737724,9,1,6,1.7277461487937256
1,-74.01082409273161,40.71479905555071,-73.9962459681084,40.751214936679965,20,6,6,4.231468744070857
1,-73.76293601633681,40.64529414956357,-73.76317364435667,40.66464231492181,4,5,5,2.1515112133562875
1,-73.93942039144414,40.88760841053059,-73.97980103324966,40.899345263933306,13,5,3,3.6364662572241193
1,-73.84467927938061,40.74316065693797,-73.84508805064621,40.74446597483556,11,3,4,0.14917406184677348
1,-73.84248897463739,40.767923556244,-73.81292654056031,40.75859175509458,13,0,2,2.6973408220013377
2,-73.94581682953712,40.86683812408522,-73.9571268101164,40.88003830090436,12,4,5,1.748921317631333
2,-73.86624404939293,40.81906700097567,-73.8456066519171,40.810145366343015,2,1,6,2.0001113859552286
1,-73.7926109704003,40.72259669360857,-73.80327117731136,40.7143595305856,7,4,3,1.2829948955141366
1,-73.76533095908937,40.86657493506722,-73.76286012965446,40.85932114741572,13,5,1,0.8329176667903117
3,-73.9114680087066,40.84056060796139,-73.91378037899304,40.80539112668032,20,6,4,3.915505386012912
1,-73.91925614766726,40.83551135675992,-73.91920568011437,40.82807287713439,11,6,4,0.8271320946965729
1,-73.91136552318947,40.82750809668728,-73.89695644464503,40.8644330960524,3,1,4,4.2810285229452445
1,-73.85453506511395,40.88126973521783,-73.86033001458146,40.88745770613937,1,4,1,0.8430718137086104
1,-73.91859544712257,40.605559817868915,-73.90499577682083,40.63166641571834,10,0,3,3.121624087831092
1,-73.76711336357931,40.699194022520174,-73.77507548301946,40.69601839789391,19,4,5,0.7584505277629875
4,-73.94090226570052,40.659925419259885,-73.9088295375838,40.63964082164348,2,3,1,3.5226100619333596
4,-74.01437332472007,40.750174101901735,-74.05653477840465,40.75498286579646,20,3,4,3.5914606444009927
1,-73.97412427697084,40.82890148067013,-73.97842549512612,40.84664952615212,6,4,4,2.0063909529173616
2,-73.95334734839794,40.656185273503446,-73.95237815814954,40.65248587086181,4,1,4,0.41940120898564925
1,-73.78723554484996,40.66952283030062,-73.78999309766559,40.63839015713507,0,3,3,3.469602395506989
3,-73.82403923045786,40.78809651987729,-73.79546059920264,40.819461620152246,6,2,3,4.236717943586841
1,-73.86263746079806,40.8581854920678,-73.84636754722833,40.841765312672955,12,3,5,2.281755970768358
1,-73.78476568441003,40.64445371280979,-73.77428343499943,40.647756451479125,11,5,3,0.9575963935233442
1,-73.88853393359166,40.893092693277005,-73.90590049724447,40.93532299262229,21,4,5,4.917319728236815
2,-73.8965407166572,40.77736022819261,-73.90864990305808,40.737890415113114,7,2,4,4.505796048440722
2,-73.79712472496172,40.75783544801426,-73.79679992467283,40.81273249294382,3,0,2,6.104334135221568
1,-73.78479913445803,40.61020910720561,-73.79231776176249,40.605252336496136,15,3,1,0.8406148359026034
1,-73.83822456682051,40.85794312356394,-73.8094992065615,40.88385420088455,10,4,2,3.759665921472986
6,-73.87247469800076,40.66047338249012,-73.86941023407886,40.63484770114818,0,5,4,2.8611507633027835
1,-74.02006986321335,40.63780440280849,-74.03019297445516,40.63139126562634,2,5,1,1.1127532206805122
2,-73.8007175810616,40.704688229381915,-73.79842593259052,40.70046518653183,4,5,1,0.5077645141851647
1,-73.93232554560193,40.69906918010075,-73.94308697524367,40.71840990147248,22,4,1,2.3340579008082565
1,-74.00941010874615,40.732206304369555,-74.00720657597051,40.75549211471186,23,2,1,2.5959100555507595
2,-73.79254648410681,40.870852267678295,-73.79088960085873,40.87801508437195,7,4,1,0.8085604162345809
1,-73.86255794268003,40.804141416677055,-73.86085105686982,40.8122072863606,18,0,4,0.9083160636226005
1,-73.9390379384159,40.78604122723357,-73.93242083298192,40.77614056544502,13,5,1,1.233856116784643
5,-73.97717473860153,40.82375019527817,-73.95499769301746,40.82379344731342,4,5,3,1.8660683511237852
1,-73.91913737073321,40.78284714954385,-73.9148689455141,40.80603984186782,10,5,4,2.603821537169524
1,-73.9792411861087,40.8597836854893,-73.98586672133769,40.88379871110878,17,2,5,2.727841240466035
1,-73.80348693141234,40.83110237183581,-73.82711271874405,40.86006231099654,18,1,6,3.7840562602630397
1,-73.92752445875045,40.65095496270759,-73.92981341265835,40.66743910738146,12,4,2,1.8430944005303498
1,-74.01302609914615,40.60786917933064,-74.00885589157376,40.61144945110941,1,5,2,0.5314259540324299
4,-74.00887001596035,40.63868980192293,-74.02111736311123,40.590962920740374,11,2,3,5.40673747031039
1,-73.96791058217927,40.78487647625146,-73.95703743632863,40.78859633807991,7,1,3,1.0045306287984355
1,-73.83905843701376,40.84835214879832,-73.82614538490253,40.84081968451768,7,3,2,1.371635920089231
1,-73.96548505740003,40.84435104444855,-73.95103794015213,40.82650536196148,7,0,3,2.3269925137767284
1,-73.83629120096715,40.6744282633496,-73.82630069033696,40.674162990449176,17,2,4,0.8430480496540907
1,-73.98012863283535,40.81704556828856,-73.99327497012037,40.797322323160856,21,3,2,2.4564304161988715
6,-73.81259113778346,40.798541461092015,-73.80991635903644,40.80808574403206,17,5,2,1.084892831158386
1,-73.84537518907422,40.70744893655536,-73.8732037758209,40.73008109023248,6,3,1,3.4400070015198327
1,-73.75446213289716,40.79470154427855,-73.77087460846349,40.80458218240856,16,6,1,1.765124448362576
1,-74.02856467375388,40.767186336114115,-74.02089501854378,40.77904101477377,19,5,3,1.467895518390062
2,-73.90542751855905,40.76211010290001,-73.88325511500538,40.73204728858028,23,0,6,3.829269802510408
3,-73.75485095709662,40.80662189620138,-73.7568423646277,40.778540056835574,1,2,3,3.1270550408065216
1,-73.81349109595051,40.602801446911485,-73.83867425526911,40.61915490329293,15,2,1,2.79743619598455
1,-73.94417649624486,40.78450177898595,-73.93562480868475,40.79454444925784,2,4,4,1.3286549588953174
1,-73.82254506691895,40.6690968263699,-73.83707079050609,40.686239802539895,4,1,6,2.2658595631119605
2,-73.83226909791563,40.8007710331416,-73.82429942983298,40.81557909014624,19,1,5,1.7779601698561864
1,-73.85173148381833,40.72910484937913,-73.8821719356388,40.71651826892382,14,5,5,2.922225215138518
2,-74.03023385820542,40.63370116961321,-73.99605002668555,40.608463982778474,22,1,2,4.024799235343489
1,-73.9783670601722,40.832067541608474,-73.98955751582251,40.83107961134874,20,1,3,0.9478844149827302
1,-73.79995836949598,40.8014257450503,-73.82133655103151,40.78679204913848,21,4,5,2.4262080124346626
1,-73.79582873876332,40.637481446605165,-73.81370328275446,40.5739137989609,11,0,1,7.22767319535446
1,-73.79620955660361,40.67816596461093,-73.76440828036672,40.67299333015334,11,1,2,2.7428365370583743
1,-73.84651307542684,40.74706242668308,-73.86262826969251,40.7635334562513,10,1,2,2.279669069730472
2,-74.03199346072351,40.69680503615305,-74.06666925198363,40.69268144406768,11,5,4,2.959163715088627
1,-73.8078508700735,40.82395926004568,-73.83149264111526,40.86984932110331,21,3,4,5.476547061528546
1,-74.04704174985352,40.64759966304013,-74.0370833382138,40.62136763837627,11,5,3,3.0355011500535194
1,-73.95502166397706,40.7931621841049,-73.97991075615116,40.781395123920625,8,5,5,2.4703799616507105
1,-74.0228235993638,40.843355025845135,-74.04483696961265,40.85968481310112,13,3,2,2.593298687641627
1,-73.95809490754444,40.66223770842372,-73.99121860938394,40.677339009338795,22,6,1,3.2594429686740454
1,-73.76131939549691,40.6127407485841,-73.77211015277871,40.63931555222812,2,1,3,3.092128781681544
1,-73.85592657773793,40.711499963940255,-73.8583113779444,40.723358978828735,15,4,6,1.333891408523042
4,-73.88682850975228,40.82680138950768,-73.86711237210245,40.832344427734526,2,5,4,1.7696523351305065
1,-74.01246123534378,40.693640294487835,-73.97675989915449,40.64032376247433,12,3,6,6.649390675283756
2,-73.9922345633936,40.86244713641793,-73.9840894177652,40.864912621318176,12,0,3,0.7377779619476528
1,-73.9404349134598,40.61988969411556,-73.9358874956088,40.591865937509624,4,3,3,3.1396575028847375
1,-73.92156916872767,40.88875747282138,-73.96248044561443,40.920776959795056,9,6,4,4.94953243128188
1,-73.93398540181835,40.8459406202527,-73.95367586446314,40.88932495395289,6,4,5,5.100350130344967
1,-74.00302558714631,40.74885966420033,-74.01025196079212,40.77389825671636,5,2,6,2.849911941818147
1,-73.95282157553027,40.88144036170174,-73.93316918237504,40.87510152550306,1,0,6,1.7963295659718492
4,-74.0121075999063,40.75936709139214,-74.00818692240644,40.79801767588095,11,6,2,4.310409285679891
1,-73.84906389904677,40.70285921738376,-73.82559770150984,40.66729212162552,10,6,1,4.422236414482884
1,-73.97291544652575,40.75597484414372,-73.95464139405138,40.77046593423286,13,3,1,2.2282469684878743
1,-73.93794336889613,40.705767476641306,-73.9299568525147,40.69743356963086,11,4,4,1.145434480158594
1,-73.96259427858269,40.78801931494223,-73.96137384610672,40.77600807077814,9,5,4,1.3395364816401556
1,-73.8199688364576,40.61790934668397,-73.8204813926789,40.609870440858366,16,5,4,0.8949319499700742
1,-73.85065691112808,40.631066774911254,-73.87389344991561,40.64963704093522,17,6,6,2.8474340485392915
2,-73.88598883836913,40.725552873811374,-73.91103090326203,40.71296448186737,17,1,5,2.532460159827636
1,-73.80735307000516,40.8165265009678,-73.81138181158677,40.80570568822773,7,6,4,1.2500791190740541
1,-74.03621131089666,40.603224449725474,-73.9658519634768,40.60522859553939,17,1,3,5.944040101050582
1,-73.78152028640025,40.861269195736206,-73.7438722175686,40.85756869754694,2,2,3,3.1927764546889335
2,-73.75009155058864,40.66306361016966,-73.72955891380883,40.64483154732458,5,0,5,2.6664973340267144
1,-74.00385202698293,40.792124053188694,-73.98645830788062,40.80654263037892,21,4,4,2.1712006508440878
1,-73.87147631934884,40.859786750915205,-73.87091750812485,40.81178475742652,2,1,5,5.337785175563641
1,-73.94579648711799,40.86950770567596,-73.9698614618026,40.86444981895516,5,3,6,2.1003008404909407
6,-73.79284072383264,40.880070475362395,-73.79082601433974,40.855520165527615,1,1,6,2.7351216407433583
1,-74.01359675291789,40.7740969111597,-74.05922467169093,40.790962148116215,23,0,5,4.274983289982727
5,-74.02237898628732,40.66951748689439,-73.9980624780445,40.684246552673585,10,5,4,2.6243819126495
5,-74.04054760741342,40.69403999871358,-74.08215128935956,40.701063972579675,3,6,1,3.593257353300008
2,-73.80596128205958,40.71007537375013,-73.7829482885249,40.74040238100097,11,2,3,3.8900626111414565
2,-73.75581096245604,40.84824632395987,-73.76523177872856,40.84130965258669,5,2,4,1.1058570983827207
2,-74.00163541037209,40.7842015602581,-73.9984270820348,40.79896576689573,23,5,3,1.6637742137416431
4,-73.90992826845186,40.8551215453172,-73.90548058256425,40.86451423639216,23,3,6,1.1093780622488405
1,-74.00448890660454,40.72172563718627,-74.01927837271818,40.72005917658701,19,6,6,1.2600705344272003
1,-74.04042389746763,40.67050731278526,-74.04429197726976,40.68432878326224,3,0,3,1.571112204377116
1,-73.7739905510046,40.83408927561475,-73.75944751101238,40.834807116065704,9,5,4,1.2261113879767707
1,-73.92802972752979,40.75175391308262,-73.93152465599327,40.73695048312458,7,5,2,1.672190930612626
1,-73.7612341658016,40.734266705373514,-73.76515731083987,40.69977344120682,7,1,1,3.849701070898897
1,-73.87579125407494,40.82027681313878,-73.87178245344911,40.810796117365754,8,0,4,1.1068690336572595
1,-73.90111087250791,40.61179416205887,-73.91687647523902,40.62336631463017,9,3,6,1.8510836082293565
3,-73.95853960221777,40.632333354858986,-73.93780327808459,40.64161935125622,11,0,5,2.0316886821207043
1,-73.88743104966373,40.76023635987063,-73.87307866425978,40.74796100080167,17,2,5,1.8233562533693302
1,-73.75704784290981,40.84135236330497,-73.77981536257063,40.83065112770853,14,4,3,2.2549167706453743
1,-73.82886251023075,40.68006722384487,-73.83791581149012,40.681983439879254,19,0,3,0.7925942879009928
2,-73.94477773033516,40.684807051744315,-73.93282572789674,40.64461941598394,2,5,1,4.5809594694443385
1,-73.8453579481326,40.85817973105482,-73.8010339964777,40.848362337881674,14,4,2,3.88447432183637
1,-73.95118855310666,40.7251877613204,-73.97111643916831,40.70631200114845,8,5,5,2.6881554192895405
1,-73.85446765635427,40.733645737676135,-73.8488688576263,40.75901414391467,20,4,1,2.8599973910551593
1,-73.7797317375294,40.74748281342071,-73.75290381191711,40.716021186543685,3,2,1,4.165168735504645
2,-73.86375924346805,40.71364461808294,-73.8667847163608,40.72348686673058,1,3,2,1.1237184204275579
1,-74.01935102982813,40.73408129597675,-74.03644232315122,40.70939519929072,14,0,4,3.0999073193391236
1,-74.01224839284589,40.86122918833664,-73.99101309642784,40.86006399834305,7,4,1,1.7905197072836263
1,-73.8265227198151,40.76936927372348,-73.80472711358817,40.79466627177678,8,5,1,3.358580250737306
1,-74.0265026331676,40.61003419297972,-74.03608586113602,40.584399706440514,6,0,6,2.963037921076136
4,-74.02014327754777,40.71478953367093,-74.02913161683747,40.70817247138426,8,4,5,1.0560891500366498
1,-73.97558191914611,40.667524145215765,-73.9756727031692,40.66028828696606,15,0,1,0.8046271637833365
1,-73.89345540308459,40.64645892367596,-73.89473334105547,40.65437428199392,17,1,1,0.886726117659101
1,-73.84233518144666,40.833603102763874,-73.82676296143222,40.83981055960206,6,6,2,1.4807639563096564
4,-73.83198997474464,40.76582305145099,-73.81000071742606,40.80113684268459,10,3,2,4.341279825148523
1,-73.95533575790652,40.71017375147488,-73.91900242788256,40.71571778814468,5,3,2,3.1237630589420076
1,-73.77136827232484,40.78131439588347,-73.74365033633698,40.77273437133571,8,2,1,2.5214051839762988
2,-73.75088223994084,40.64687174220131,-73.73692289834771,40.60808190390957,10,3,6,4.4712203831324615
2,-73.99224350771871,40.73034614249996,-74.00678109718675,40.72432954964512,10,1,3,1.3958039344684077
1,-73.78317816486953,40.88857274333098,-73.8101275085048,40.91087588782357,2,5,1,3.358676961612905
1,-73.76596021666127,40.82855529283867,-73.77140648519472,40.83574476932204,14,1,1,0.9214401701062721
1,-74.02857811794826,40.89698024069598,-74.0473736790191,40.91995123843408,22,6,6,3.0031794224646315
1,-73.9891477617758,40.67333619172878,-73.98804699107134,40.66247633221153,5,5,5,1.2111249297176463
6,-73.93287996046428,40.86232420007881,-73.92812120084085,40.85654577905713,0,5,6,0.7569744085730065
3,-73.98485064521307,40.85583527952767,-73.94196768721291,40.87585147187521,13,1,1,4.2376071796684025
2,-73.88778701352514,40.72730027893437,-73.88266593286106,40.7166601392311,21,0,5,1.2593834267086716
1,-74.02155021585423,40.85105590993631,-74.00109410968957,40.856530894221414,13,1,3,1.8250108208812243
2,-74.03008581781619,40.819828811132325,-73.98640028271097,40.85597691836485,23,2,2,5.446331331932987
1,-73.80091461809126,40.84188854857225,-73.80067066282024,40.866077860977654,3,6,2,2.6898070757433703
1,-73.79349669729888,40.86103998501363,-73.79088752685658,40.86661890779282,10,1,5,0.6580072924581652
3,-73.83310001212188,40.8182506016875,-73.8649886962468,40.790634309301154,21,0,3,4.078445442298762
1,-73.81780237882985,40.63600799749353,-73.86267405465838,40.6164391364396,10,3,5,4.367539604758287
1,-73.82369356223543,40.68419391742265,-73.81627106874632,40.637028901015974,17,0,3,5.281749795122992
1,-73.87149747349099,40.802766088180746,-73.88090600472829,40.76928601847239,5,4,2,3.8061526671539463
2,-73.94724294778997,40.798468174256286,-73.94207599833479,40.82178257798659,5,2,4,2.6286618300690887
1,-73.85431093492102,40.79052307108816,-73.88326685531648,40.773603914411,23,3,5,3.0794801558127496
3,-73.84344267936764,40.71301435457357,-73.8527502495801,40.697775934936374,13,2,5,1.8672604374363533
1,-73.8481053078179,40.68813845513816,-73.86162362529001,40.67641979160429,9,2,5,1.7312833012682314
1,-73.82722204460732,40.61196108684531,-73.82723340618057,40.64377800764254,20,6,4,3.5378803040325466
1,-73.78649805398699,40.711511683389574,-73.77981283732946,40.67924249060925,8,0,6,3.63216479476821
5,-73.8139623697412,40.802596392804816,-73.79402886966577,40.79753433420092,14,6,3,1.7697776929141997
1,-73.77450917739706,40.73289930902634,-73.74162122360589,40.7027835421854,11,4,4,4.3470036379145816
2,-73.91582429604412,40.719871809614475,-73.92849449554042,40.69600994323143,9,6,1,2.8601885566304848
1,-74.02584509420244,40.742273861950714,-73.99623459889803,40.71578774885618,14,5,5,3.8599545223848115
1,-74.00145685130184,40.85479683062874,-74.01242965160247,40.87334629070069,10,6,2,2.25959689296753
1,-74.0213218791092,40.723174864488605,-74.05922836368337,40.6836439886892,22,6,5,5.434338553616058
1,-73.8302332417849,40.7582603146715,-73.8060301277043,40.78296669620048,5,4,5,3.4207305699959973
1,-73.75084729478509,40.883188250597144,-73.77314623173227,40.898209695344256,9,1,3,2.5106562898592415
4,-73.84867178075942,40.61986383658263,-73.82957859386343,40.60669635646033,14,4,5,2.1774323144243497
4,-73.86938389812188,40.776138152320165,-73.87134626275069,40.80947204805466,13,4,4,3.710239626425764
1,-73.79312194937002,40.82659368797947,-73.80185623183905,40.82195833996139,19,4,6,0.8976570675054466
1,-73.9522357939401,40.79615019124096,-73.97141974120535,40.81093726757203,21,4,6,2.3045213277704084
1,-73.83475791722007,40.82293255398473,-73.79455226240462,40.80722586272472,8,2,2,3.807671806104832
2,-73.89574883598772,40.74183430903332,-73.9055268742383,40.77064162932803,6,3,3,3.307413515218145
1,-73.86152787221732,40.77526274235977,-73.86270487553062,40.78859588126208,11,3,3,1.485885787747145
6,-73.98836972505559,40.60871771257179,-73.96721697236396,40.62290466469832,23,3,2,2.382513064648653
1,-73.83829370606428,40.785705808191835,-73.80282164302403,40.77811577973191,10,6,2,3.1035953552786086
1,-73.81556661883467,40.65690454220669,-73.80855803325308,40.68390100725925,5,3,5,3.0595116953699337
1,-73.8451174916124,40.85404388858886,-73.8263924953772,40.82657430679301,2,2,3,3.436727081797372
6,-73.88784284231835,40.73282924326179,-73.89040575748406,40.72760179130327,13,2,1,0.6200870575059159
1,-73.75108044043016,40.78740154435408,-73.73195339948646,40.82161424974872,16,6,1,4.130894277463007
1,-74.01590092453,40.75330123722374,-74.00878203285251,40.744312036315286,2,3,3,1.1656467924085543
2,-73.9745041553175,40.79285876933954,-73.97523509870668,40.80279038626957,19,0,5,1.106058112507707
1,-73.97657225477195,40.81200216667573,-73.97007698070573,40.77505024377063,9,3,2,4.145088451400224
1,-74.02607288748369,40.83422384537962,-74.01796805413964,40.86786125463918,12,3,4,3.8019227382409437
1,-73.82285175086355,40.78252624356562,-73.79957856577211,40.802949702674944,11,0,5,2.999313761030061
1,-73.91961698752426,40.7181940094093,-73.90425457866795,40.73598899040795,7,2,6,2.3645549352038024
1,-74.01988122428413,40.75313914379064,-74.01351405306487,40.75534692619456,21,0,1,0.5898356815266107
3,-73.7949073571256,40.77756886398353,-73.78044158155606,40.7734613272899,12,4,6,1.3009056467576485
1,-73.947041860467,40.631763285294525,-73.96137311210708,40.62899627416362,12,0,2,1.2479201586892563
6,-73.87617045318402,40.80378912548323,-73.87615735030766,40.80681181337738,21,1,4,0.3361093679595522
1,-73.8409776999371,40.61191636055553,-73.85884833031818,40.6152085395499,18,6,5,1.5522436725555675
1,-73.9465430855714,40.88767906189677,-73.94416905968053,40.84966796865835,1,4,1,4.231352231352639
1,-73.99098014007154,40.71553948213504,-73.99286505375755,40.73759524703029,17,6,4,2.4576273100682737
1,-73.76372889050361,40.66344153290987,-73.78991310919187,40.67359007511768,5,5,3,2.480005222761077
2,-73.90153430766854,40.869219035836736,-73.88309035074988,40.893448421649715,11,5,5,3.108534295562388
1,-73.82882605349083,40.738126513023026,-73.8164059705321,40.77732956068845,13,4,2,4.482945911742508
3,-73.93181161739787,40.77753675873128,-73.92287162381638,40.77954832253053,10,2,6,0.7852871396918427
1,-73.86872771077087,40.89045994373891,-73.86144578501614,40.900670455021555,8,3,1,1.2898294032645528
1,-73.91493582071303,40.69982937977186,-73.88191111478764,40.733903122076136,0,0,5,4.7012735657304825
1,-73.98619656159708,40.75872536920227,-73.97921248662716,40.75657904398946,21,6,3,0.6348226618323423
1,-73.82160586763823,40.814237779835416,-73.8356463022315,40.82914386497816,21,2,2,2.035454618279373
1,-73.84807156747573,40.79246598767766,-73.87445063782583,40.800382643019944,10,6,1,2.3886740615396684
4,-74.02182404284957,40.766238822378085,-74.00314760580079,40.74101291982828,12,2,1,3.216028748393363
1,-73.95054832047242,40.8976079799333,-73.91034909323939,40.88586447553662,19,5,1,3.6225868312304037
1,-74.01492592834732,40.82604739220141,-73.98708392987025,40.83712846823629,15,4,3,2.646756830867391
3,-73.98712645541849,40.62648932436026,-73.94253048522765,40.63458586868536,16,3,6,3.869576791075613
2,-74.02070167695697,40.88470859528548,-74.01057749621522,40.872209725451434,19,5,3,1.6297514881590123
1,-73.9741311179529,40.75283112011672,-73.96382919894995,40.760701073354696,13,4,3,1.2323689512066065
1,-73.8510913358669,40.77738991095135,-73.86190115710917,40.77589888496607,19,4,1,0.9252023244401973
3,-73.77701966561746,40.800093479432974,-73.74858628617498,40.8296398135354,16,1,3,4.064410723812935
1,-73.8209617970399,40.63981904241136,-73.85039762128994,40.633531757981814,22,1,5,2.580331650147587
5,-73.87521329254652,40.863661656506984,-73.89203375694417,40.865391756506554,2,4,2,1.4274911728575754
1,-73.93403720104777,40.78625824002303,-73.94751628618478,40.788472684565754,22,6,1,1.1612119088618167
4,-73.79294322358732,40.73039333179321,-73.77937634827154,40.76132811791654,21,2,1,3.6246938298761293
1,-74.01799528075547,40.88745603789576,-73.98433724887082,40.88379930934716,11,3,5,2.858540201907993
1,-73.97945850759406,40.617756726491216,-73.95563509784309,40.61559154031174,16,6,4,2.02520168826027
2,-73.88838994417259,40.60492202807854,-73.8867473396605,40.614097029374506,22,6,2,1.0295933920030014
1,-73.9191378110553,40.798693403199806,-73.91032498003229,40.828396898937136,5,1,5,3.3851237328819037
1,-73.85168889020295,40.701558449843155,-73.84394005950736,40.732514482618136,17,0,4,3.5035576488003812
2,-73.75498973189052,40.851585938321946,-73.77028406740912,40.86338955322625,20,5,3,1.8377029314689726
1,-73.93499184425949,40.87391924703308,-73.92354763600946,40.87808354718846,18,6,2,1.0678227111624383
5,-74.02306082017815,40.667407454880895,-74.01066735878725,40.67525215773211,22,1,2,1.3613930952799513
1,-73.75417843889835,40.704666943980065,-73.73623983613886,40.73051515070973,10,0,4,3.247555479327193
1,-73.89578834523624,40.69536459459565,-73.8864010498276,40.660976778634,21,3,6,3.9048332997373896
1,-73.78588638244415,40.70163150834061,-73.80811018597161,40.69099240715543,2,3,3,2.2158171777123647
1,-73.84688970338239,40.69408767043176,-73.83855742065816,40.68959221861652,20,0,2,0.8621961781373295
1,-73.7644264149866,40.85287753297568,-73.76991173516376,40.85990647201679,14,5,2,0.9075766353251428
1,-73.78487200034968,40.845142579968474,-73.77704552646098,40.866897461190845,19,1,3,2.50698698962032
1,-73.93784797421036,40.86387110125707,-73.91888176644233,40.874634857678885,15,6,3,1.993961134181078
3,-73.80679838297128,40.80127503521605,-73.78717893364173,40.83612602360748,11,5,4,4.212283118767117
2,-73.8586582852073,40.65642055408182,-73.86490161710347,40.65645942619202,0,3,3,0.5266789586869377
1,-73.7534749525479,40.73385387544915,-73.7553039233045,40.74836477187403,12,3,5,1.6208788629976938
2,-73.87837020218493,40.71396338953197,-73.88362717581184,40.68678925543264,9,5,2,3.053951062528758
2,-73.9055484720467,40.68376593991754,-73.93981751827513,40.6936673911917,6,5,5,3.092050564184104
2,-73.8590526695887,40.64455210985021,-73.87076381383328,40.65197025102763,3,1,4,1.287083850238246
6,-74.00955729939959,40.60990870250402,-74.00088705526419,40.635432391803725,8,0,5,2.9309221384085204
2,-73.95870691705602,40.60697513058525,-73.96716772793921,40.59680801350696,7,5,6,1.337284222831507
1,-73.82928494586852,40.61885737381284,-73.84597320555457,40.6076932052986,17,4,2,1.877604677542694
1,-73.82344434705414,40.801331503853376,-73.79038865991869,40.817923282083285,19,3,2,3.3381738546888298
2,-74.01493858413387,40.73154074058848,-74.03136199103996,40.69668749788934,3,2,1,4.115284898948898
1,-73.99592901761396,40.81956632915762,-73.97112237294098,40.80882178714157,8,3,6,2.4053256665048957
1,-74.00837824386707,40.77624259310538,-73.9988969805179,40.74513786763963,16,3,4,3.549676022299343
1,-73.78462907632704,40.81599348204356,-73.75428600148996,40.79545998711918,21,1,5,3.425695222184804
1,-73.86330353621,40.801306478691394,-73.84978209570961,40.81458927287887,8,6,6,1.8645513947973291
1,-73.92108658610128,40.63601147083664,-73.91114416223994,40.6261269195692,9,6,3,1.3827514301680859
1,-73.94921222554134,40.64742995311408,-73.94171427943061,40.63604101852247,22,6,3,1.4156180880754479
1,-73.96242100867808,40.814443249991896,-73.9669316419598,40.79847449998613,18,4,1,1.8157750293921449
1,-73.8675009234559,40.82644823159549,-73.83540459574611,40.843416577256505,21,5,1,3.2941409231681127
1,-73.8706473370015,40.656139429812455,-73.88997172513474,40.67110789612987,23,0,5,2.3295960921256365
1,-74.00278736722795,40.86784499158273,-74.04510219839048,40.842512393526874,4,2,2,4.5387296998300055
4,-73.87980711074752,40.75647938787588,-73.88522743899993,40.768234969934355,23,3,4,1.3845833072401694
2,-73.94628918854478,40.68022940891265,-73.96181689082908,40.64903920788152,20,0,3,3.707242413189083
1,-73.94353473912194,40.872980732327306,-73.94724345041243,40.89856592691511,5,5,4,2.8619762483941455
1,-74.00855338301423,40.75400408957902,-73.95334221728876,40.75524363317992,16,5,3,4.652562659433025
1,-73.8122537733502,40.727874133286946,-73.79285416077171,40.73468757371443,7,3,3,1.8016691180226905
1,-73.80971057056965,40.61006018169693,-73.78663148690643,40.62654924009931,13,3,4,2.6751253604505347
1,-74.01722016659353,40.88731433461317,-74.01231435431244,40.90739653247522,16,3,4,2.2707887828541176
2,-73.90761654139749,40.79434893527714,-73.92417475145689,40.79823269108355,1,3,6,1.4592163436296735
4,-73.90612279024809,40.65000291253036,-73.90392841444928,40.631674959882176,9,4,3,2.046368647141162
4,-73.87079077751183,40.606107024823295,-73.8376831683148,40.60136104674239,2,4,6,2.8444078235510077
1,-73.92935230081791,40.83170707696055,-73.91704012697069,40.822662445395,23,0,5,1.4438281240662876
1,-73.95224936814876,40.73653189024386,-73.92417306153088,40.69023107966589,9,6,5,5.666208287220121
1,-73.81998284111374,40.770022704535805,-73.84749000091763,40.77877297203981,13,2,3,2.512340934388917
5,-73.79232238344079,40.88705005843077,-73.78958828859636,40.88385569346143,18,5,6,0.42307556028428467
1,-73.92535106633895,40.654607044551376,-73.93816045308417,40.64760999929541,12,5,4,1.3315803258814158
1,-73.96550076936654,40.69162092504402,-73.92545134198802,40.685192729617135,13,4,1,3.4516040468205675
2,-73.95236016992601,40.85644714397997,-73.95617505373791,40.85330081718489,7,0,1,0.4747027041832735
4,-73.75434931250895,40.75112950097123,-73.77253154129919,40.76510762825762,16,4,5,2.1820027307194323
1,-74.04377533787789,40.66033332035652,-74.06551879155175,40.64834679089736,19,0,2,2.2673590312202623
1,-73.87889355425463,40.61009230167537,-73.86941917127102,40.59358600900765,6,6,6,2.0021359696800993
1,-73.8789886633644,40.69907906825114,-73.90613393790404,40.7032430548437,19,0,6,2.3346982366041473
1,-73.95516952546515,40.62535863269305,-73.97998684386802,40.58508644759137,12,4,2,4.943930697850793
1,-73.85211099264953,40.65454906260999,-73.8624152010661,40.663370442787766,1,0,2,1.3105862494510572
1,-73.88017407967958,40.788283806975585,-73.8969835709007,40.771838493871016,10,6,4,2.3123829802888123
1,-73.83301721785277,40.804369778395206,-73.8268145087109,40.828488104994285,17,6,1,2.7321607953716778
1,-73.77192688063643,40.678405097024346,-73.80781110485881,40.706865528327,1,1,5,4.378137208770818
1,-73.96671481546811,40.7734526770687,-73.96196211401397,40.735772620156204,12,3,3,4.208912824143834
1,-73.85758590670595,40.60059566322254,-73.87817041717078,40.615946187850696,1,2,3,2.4357804551495827
4,-73.9829677150932,40.600304833277825,-73.97494401397573,40.58965767810646,7,2,5,1.364040328361327
1,-73.81520112193117,40.6332809567547,-73.83130940219739,40.607993992774645,9,2,4,3.1232211376376506
2,-73.76147689354889,40.84937128896152,-73.73005872534952,40.85857161126755,8,2,1,2.8335643224223706
1,-73.86427343041785,40.86490497382984,-73.88507690519829,40.836145742149114,12,5,5,3.645293481551821
1,-73.90002761299125,40.87710876389805,-73.87954793184726,40.89860821873203,1,1,4,2.94600189699163
1,-73.84042855446079,40.75359782505837,-73.83124934901376,40.737961403971,14,2,4,1.9028949839299312
1,-73.98724416097575,40.63373993078841,-73.9904868898351,40.66566952819099,5,1,1,3.560933393919261
1,-73.80725050720768,40.60725257358428,-73.8492173695881,40.585438977086746,12,0,6,4.294015470807628
1,-73.83535686139369,40.61515899263139,-73.87830797296657,40.61815573603627,18,6,1,3.640616623882628
1,-73.9211029233442,40.69382236973129,-73.9192263420718,40.68398862442687,16,3,5,1.1048507089916009
3,-73.78093621145734,40.7185132182088,-73.78770017904479,40.690342678286704,10,5,3,3.183889919239932
3,-73.84147841441964,40.83049301237108,-73.82382845252764,40.8154194846468,14,4,3,2.239418079356978
6,-73.96422472724133,40.771712049203586,-74.01680394911732,40.77784206489221,1,5,1,4.4796473099019005
1,-73.8626872133524,40.79504152359163,-73.84656654449981,40.7686783567341,12,4,5,3.2304330208539787
1,-74.00654436693237,40.65468267524972,-74.00780496376242,40.66858927555138,1,4,2,1.5499948575000193
1,-73.94734810519395,40.86473834435432,-73.96843958768306,40.866709395447415,17,3,3,1.7870862540226145
1,-73.91281108001364,40.82793890790038,-73.88663245563507,40.83299061083477,14,1,5,2.2730489989568823
2,-74.04110282632097,40.744622619086,-74.04572448734596,40.76196089162814,13,6,5,1.9668397450695096
1,-73.89377020535831,40.87295810401619,-73.93219096758071,40.87208869171417,6,1,1,3.2319397330811643
4,-73.91273889865688,40.63456560336456,-73.92969566829002,40.60155853893347,12,2,5,3.9394039841801045
1,-73.89650104079261,40.84787463759953,-73.89748569842789,40.8737046157176,20,0,5,2.8733559631094447
4,-73.98956796102328,40.75013062750497,-73.98004143529704,40.756875908064046,15,6,5,1.0984002716702075
1,-73.7629071430869,40.65486839108429,-73.7594949560829,40.652453902151755,16,6,2,0.39362215357826763
1,-73.99520020158839,40.89803948947528,-73.9976120026494,40.90269988738551,12,4,4,0.5564468396896962
1,-73.87032939979277,40.819702966194704,-73.88164949852313,40.83650471819893,19,5,6,2.097045751170177
1,-73.97582467303486,40.750262537516306,-73.97182872381813,40.75943065029931,22,0,2,1.0735744499218192
1,-74.01159518043896,40.880913408657435,-74.03940126383304,40.88455385259099,12,3,5,2.3724197085620675
2,-73.80832796415558,40.87668271498009,-73.8222931999371,40.88569391991932,5,5,2,1.5435177523924297
3,-73.77827660930832,40.78794036072457,-73.78127944850503,40.78086241730801,11,4,1,0.8266417480637432
1,-73.99102609717548,40.723757693355616,-73.98086239124298,40.72285240321787,18,3,3,0.8624027235874789
1,-73.76119549042326,40.616043900860944,-73.77006268793868,40.60256536126571,13,3,5,1.6752704160506147
1,-73.92473121416559,40.84040089456797,-73.94402889627065,40.84148144248524,18,4,5,1.6278013432357425
1,-73.87624101597768,40.66046436599648,-73.85327376850965,40.64798513664902,23,4,1,2.38313988243635
1,-73.76010644253415,40.758935357603136,-73.74065853162209,40.77551766629807,23,5,4,2.466230861473192
1,-73.95710220748802,40.61882666540052,-73.91803772757802,40.62894163363246,21,2,4,3.4834930895155902
1,-73.78477429102706,40.777998820752835,-73.76197519587816,40.76416021878718,15,2,5,2.4604819127320967
1,-74.0289705103422,40.764067640157144,-74.02761544075938,40.737912444972835,13,5,5,2.910564142856803
1,-73.78437641502448,40.78122785967445,-73.8121132977952,40.810761906997904,21,3,4,4.029452869557532
1,-74.00434878516606,40.785374806330694,-74.01385232347134,40.79460594099883,5,5,6,1.3014319190954369
1,-73.98392015404487,40.61233656898522,-73.95322956498707,40.61189448224279,23,0,1,2.5911146240217446
1,-73.77649466928789,40.84812725560846,-73.75499931219929,40.85849150531854,16,5,2,2.1439765016963044
3,-73.82836723563774,40.72989111918248,-73.81052000276578,40.74512727553368,5,4,4,2.265243968111912
1,-73.79373260824879,40.72283384935347,-73.81492623142033,40.72516458488143,9,4,4,1.8046991069664042
1,-73.80601473604969,40.60596607493903,-73.82129924531353,40.61650074266459,19,5,1,1.7426485645340482
1,-73.89900921871083,40.86576861821037,-73.90850829647614,40.86984955023232,11,5,4,0.9186565214702038
2,-73.94004483893362,40.70383784576985,-73.9429507548279,40.67956214712627,6,2,1,2.7104303182147564
1,-73.9420571568194,40.81237157475202,-73.92010232439354,40.803015035687274,13,1,2,2.120575603706901
1,-73.99106471998822,40.75735140691617,-73.97791121443821,40.74547783195744,14,1,3,1.7235985211422153
1,-73.99669511985826,40.89601104534869,-74.04269871776954,40.9084728614564,6,4,5,4.107151933631248
1,-73.97745567428885,40.77087210258091,-73.99726435692922,40.72411404817557,9,6,3,5.460478826270642
1,-73.85842817868831,40.62292171815244,-73.85727263792492,40.588613807586896,20,4,6,3.8161126354237282
1,-73.80807499779436,40.648840085633125,-73.78857865394399,40.621942308908665,13,5,1,3.413498740802088
1,-73.9379167164779,40.65177847947779,-73.98108163014174,40.65115466501685,7,0,2,3.6421425666931815
2,-73.98742200399623,40.88458993097127,-73.96596051952099,40.89209238149875,6,4,1,1.9876362712817546
1,-73.78792174201251,40.882782141944595,-73.78170231922769,40.84937365000248,23,1,5,3.751488656686537
3,-73.8700511187381,40.69365606811606,-73.832604819535,40.73039344563295,5,1,6,5.162244801597349
3,-73.94702509275832,40.60747113165358,-73.94055156113157,40.60121429393121,7,3,1,0.8847074233812915
1,-73.8109829910072,40.63841711989744,-73.79732382617108,40.60910155380885,13,4,5,3.4575790828712973
2,-73.91075746058097,40.60812080594109,-73.91790003147449,40.57767548480318,14,0,3,3.4386648981939945
1,-73.8461072607786,40.764885098041425,-73.85997306632717,40.77067896805309,2,1,3,1.3336400529623842
1,-73.99821903122766,40.62092047520855,-74.00020320113548,40.607280827354955,10,6,3,1.5258790341584452
1,-73.83556041768007,40.72618075933959,-73.83406153182831,40.708662899201094,11,6,2,1.9519890278551761
1,-73.78297931250565,40.60869750364527,-73.81799886120011,40.589500973344336,1,5,3,3.6466489711115306
1,-73.90330153579637,40.73487730932772,-73.91414044353235,40.734669081548354,7,6,3,0.9135437327311972
1,-73.99442850906368,40.86725075721926,-73.9969381739969,40.87001740512584,8,2,3,0.3730607268135099
1,-74.02428697196851,40.75775721195443,-74.00955357178961,40.73781991381634,11,0,5,2.540708939557911
1,-73.78219670399653,40.867056678232565,-73.77260008147714,40.836153676543496,17,3,6,3.5297827083222635
1,-73.93362083870353,40.66800046940869,-73.96290831822866,40.67485130930203,15,5,1,2.5848159748686395
1,-73.78312775965706,40.74871978231662,-73.80007047369267,40.70525239152853,20,1,6,5.039805753740309
2,-73.76033446760646,40.761768382800526,-73.76591621146387,40.77199198599181,21,3,6,1.2301671216823107
1,-73.76822919702805,40.84477725059177,-73.75229284296934,40.838756821129074,20,4,5,1.4984367476271352
1,-73.9824708248824,40.835071940532394,-73.950110110382,40.84018674485493,1,2,5,2.7811603156963356
1,-73.77384481964583,40.65191427808448,-73.78222377158636,40.62848606184921,13,2,2,2.69932726689422
1,-73.98228907885897,40.74706053425126,-73.98563187392533,40.73049155140764,22,4,3,1.8637886089374882
3,-74.01099791343016,40.67574422811718,-74.00253606062199,40.69011768026138,11,1,2,1.7502953149757292
1,-73.76036813196197,40.83250807289011,-73.77699701384103,40.83462734174945,10,1,2,1.4187195718100412
1,-73.8915300301855,40.767752439623955,-73.92987792416162,40.80086109003739,14,4,6,4.896711447415818
1,-73.99895558553843,40.78532665423947,-73.99588899123255,40.78584954481009,0,5,4,0.2646494684502284
6,-73.77403698169742,40.638067984294935,-73.76855042748566,40.66799420217425,19,6,6,3.359678349252778
1,-74.01112640077477,40.883820095784394,-74.00187600135587,40.87200670393606,8,4,1,1.5265576796305422
1,-73.87738947790689,40.81652591974912,-73.89511105590427,40.781567527604246,13,5,1,4.163593765578744
1,-73.91018976414999,40.846689138487974,-73.95071985219708,40.85899687943911,2,3,2,3.673322210154048
1,-73.98067671321336,40.873044428623906,-73.98661603284167,40.874108904371234,14,1,4,0.5132175660986624
1,-73.9192604875437,40.632634597561555,-73.93334248534111,40.64299710525391,13,4,1,1.6551703427038045
6,-73.7817151843949,40.84840545566228,-73.81582540934134,40.90240664073686,11,2,3,6.654392311214465
6,-73.8022554620675,40.886062730853176,-73.7875523784013,40.871404768417314,17,6,6,2.045631334839867
1,-73.773460231296,40.65075745683779,-73.784344928936,40.655493844632055,21,0,6,1.058548478586319
1,-73.86337464825802,40.84763826544336,-73.88405478350055,40.83355580220704,4,3,5,2.3406135210278096
1,-74.0351245088428,40.820535156524954,-74.03384862212198,40.805726284675686,2,2,3,1.6501685389332947
1,-73.97057432948013,40.60229920599312,-73.97714393487483,40.61736033738134,9,1,3,1.7641544896619894
1,-73.87810201652402,40.72496016924256,-73.85136361723707,40.711032870958626,16,2,2,2.7342946112781417
2,-73.86593472689927,40.70717786012878,-73.85306108286808,40.67625338054808,2,4,4,3.605878104007174
1,-73.96143152513336,40.72755370212488,-73.9244794741957,40.725783821853256,20,1,1,3.1200489211372946
1,-73.97116300829337,40.89777067128517,-73.9490921155477,40.91108394960583,8,6,5,2.3731906821221833
1,-73.9124324553128,40.72990437979816,-73.91002404705056,40.73191140344856,16,4,4,0.3016427489563809
1,-73.852289760075,40.66155855535127,-73.88738425753131,40.633998327350035,21,2,4,4.2612086712286255
2,-73.75054064593417,40.85068261163748,-73.78720880908118,40.838068548191735,5,4,1,3.3883808048140582
1,-73.91308435333384,40.70251601273456,-73.90982783171094,40.723985353365705,7,0,2,2.4030083824043977
2,-73.83491148955424,40.70479832331313,-73.79757060856605,40.67298219609684,16,4,3,4.735853861859304
1,-74.04755118656283,40.65356174637004,-74.03579912145726,40.670646188363726,19,2,1,2.1427762238556265
1,-73.75721212544292,40.71709097623055,-73.73801551380701,40.74371153423489,17,5,3,3.373200912757976
1,-73.89145949814764,40.675236968500094,-73.92675365098867,40.697357113109,19,1,3,3.860835035403117
1,-73.98173139090405,40.894634272242286,-73.97857682495273,40.86182729691737,9,3,5,3.657597660466284
1,-73.76210123158526,40.88123077563904,-73.7641354376765,40.88799560947364,15,2,3,0.7714089251413836
1,-73.83475684969237,40.62343460944749,-73.84538867605535,40.60931703540128,6,6,5,1.808202742227702
1,-73.85576736345514,40.620193892026464,-73.87880063569149,40.65014938015488,18,0,1,3.856488061188713
1,-73.78996486661849,40.68589878407024,-73.79173612835794,40.694690815271606,7,5,6,0.9889699271270537
1,-74.01980008404419,40.77672762416879,-74.03061049406715,40.76664718349771,4,0,2,1.4439973916827886
1,-73.96108971794776,40.64572360777315,-73.99319253992942,40.620218100277825,20,3,3,3.9220032708761776
1,-73.9400419423954,40.63444633558221,-73.9494057068976,40.6346112185126,11,6,2,0.7903598371644036
1,-73.82231205536718,40.783357274401205,-73.80492734804531,40.823555441036895,3,4,1,4.703248026086494
1,-73.94690242610118,40.73283011081108,-73.9382972765703,40.75382700387082,15,5,4,2.4447081065558445
1,-73.87783423978723,40.759637339601696,-73.89730708763732,40.75628408153739,21,1,3,1.6819944282743207
5,-74.0122307938885,40.88709365096174,-74.01923602210557,40.90869182442705,6,3,6,2.472728978068368
1,-74.03144254548246,40.60202087510494,-74.03501419595912,40.58469612252044,10,1,5,1.949886831003556
2,-74.02680392659835,40.690434707681895,-74.01410247318448,40.66535160636184,14,1,2,2.9877085803176544
4,-73.85568659953955,40.6187970900792,-73.84958969425779,40.63603288489536,12,2,2,1.9843998310905442
1,-74.04011941065104,40.81762621183464,-74.0300008850197,40.83287000431479,13,3,5,1.8968406676704253
1,-73.9715833957597,40.657139549337856,-73.90451486463392,40.63019507411522,6,5,4,6.402925626916094
1,-73.87491976796687,40.69166699024831,-73.87101367549423,40.706202692497214,14,3,6,1.6494989565516578
1,-73.99814357817436,40.63701668967302,-73.97850379082789,40.63069810943874,5,3,3,1.8000695242347993
3,-73.97067768578322,40.69223918589723,-73.98530047604524,40.700915517522645,2,6,4,1.5654082758817283
1,-73.81325546216551,40.84168302926624,-73.7936821285591,40.821824017011885,18,0,6,2.754653888556974
1,-73.89258122187114,40.74014681217012,-73.88719195927256,40.7779700650573,16,5,5,4.230177840490426
1,-73.78228888880474,40.72793881621717,-73.77734538721228,40.73914251470537,19,4,6,1.3135834898704715
1,-73.83646274803047,40.682148429225975,-73.79481039614014,40.6751108836219,20,6,1,3.5985637179005106
1,-74.04340518797967,40.627608308850014,-74.05564853013327,40.60889144667515,5,0,3,2.3236539240060643
1,-73.95924203763859,40.75638128505376,-73.96319099872525,40.7324169965419,15,2,3,2.685393782560073
1,-73.88629117734007,40.738763828791576,-73.87890502168813,40.71519652985737,2,5,1,2.693463383435355
1,-73.92216656909196,40.6831475661063,-73.9159477911636,40.71509427258124,5,6,3,3.5907883169338626
3,-73.87368801914528,40.7066722438705,-73.87969622560168,40.707767736124104,20,4,1,0.5208848216394598
5,-73.83114574046924,40.629555197534735,-73.84120679322274,40.64446809965995,0,0,5,1.8629228911691245
2,-74.04941880725893,40.76102773599274,-74.04627118075842,40.790514983630935,7,0,3,3.289527376931961
4,-73.84878693149977,40.73402518080723,-73.86183689220363,40.7218884406751,4,5,4,1.7408384285816882
1,-73.94050643785937,40.64044662584694,-73.94659531376213,40.64346792261535,10,2,3,0.6138376520090705
1,-73.81536963235477,40.7608742555061,-73.81228590974698,40.69663822230611,14,6,2,7.147445982956129
1,-73.93189893130727,40.87159135848023,-73.94257137462435,40.877240494188335,2,0,6,1.095348403859835
1,-73.82990180829609,40.86471782091306,-73.84689639006257,40.85291374984927,4,6,2,1.9404906926904968
1,-73.8476809865394,40.7406124898749,-73.86227904126223,40.77175672178151,23,6,6,3.6748894576547597
1,-73.84787782772693,40.68507400911672,-73.85107639506982,40.70287744677946,10,3,6,1.9979343027185268
3,-73.8574807877227,40.73769691648268,-73.86777232363927,40.71835111521592,9,6,6,2.3193825761029307
1,-73.9267174500338,40.87378869942049,-73.92450052547562,40.877660333559696,10,0,6,0.4691250852733636
5,-73.9218010522078,40.75196919540471,-73.95845081585479,40.77644493873701,2,5,5,4.1151202548562855
1,-73.82141539031795,40.87910515011241,-73.84661311801986,40.866039700402794,16,2,1,2.5689370735405963
1,-73.82170370304021,40.85646009537104,-73.82640805956164,40.87410669123159,17,5,3,2.001692019108953
1,-73.87741981170583,40.79228896438115,-73.87216785548074,40.80775147087613,22,6,4,1.775276111361492
4,-73.88961619771106,40.862856439672456,-73.90861984140116,40.8801657529349,19,5,6,2.5015489622300136
1,-73.87053943126185,40.67585104936792,-73.88479266826513,40.67568640460596,21,1,5,1.2021341312495846
1,-73.86365914149336,40.66924337829321,-73.86109199469973,40.6778143890328,12,2,4,0.9773337876553334
1,-73.89888225609192,40.64719449046899,-73.86769894320952,40.61832622871744,7,2,2,4.150726743345775
1,-73.80509244723517,40.80847640939196,-73.82347994283406,40.80001905635059,18,2,2,1.8109668603923792
1,-73.98775680170306,40.72637046457018,-73.98387437721718,40.71062646718213,7,0,6,1.7809673192399822
1,-73.96753857157235,40.6924227987969,-73.97354234114646,40.681031857334425,23,2,3,1.3640288805675451
1,-73.82330162442462,40.734418251915514,-73.80688272564045,40.726207108345776,18,0,6,1.6576170949304734
2,-73.82469284225847,40.89355071498932,-73.83444961978977,40.901735730149134,22,4,1,1.2250858448718702
5,-73.97287451025888,40.77711457570051,-73.98507917306789,40.74190142993518,23,5,6,4.048207742456355
1,-73.88705406288807,40.700331230752795,-73.93210224965654,40.70266341600972,12,0,3,3.8063521754659195
1,-73.84594679459796,40.60311719981255,-73.80664800995426,40.61897491213947,9,3,3,3.7568506183953057
1,-74.01607086157112,40.70163643262658,-74.00393107819224,40.701872900066576,20,5,4,1.0237029178112138
1,-73.9536053751921,40.72286416342508,-73.96352780034067,40.74544351638091,5,0,2,2.6462468037753775
2,-73.83676047675978,40.76314094779548,-73.84197032848658,40.780399999992554,20,2,3,1.9686273454198588
1,-73.79763213262771,40.818192813108894,-73.82248748669097,40.827098881231855,12,3,1,2.314070354534701
1,-73.98167187907201,40.6236539554816,-73.96440930359911,40.61737992900122,10,6,3,1.6153941360235406
1,-73.79412008146083,40.74352860303084,-73.82428612878049,40.73650324894694,17,6,2,2.658838334422459
1,-74.00770198049021,40.76552801639455,-73.99350498489984,40.78368893969749,6,4,4,2.3467311664864834
3,-74.01430730217018,40.87900783397389,-73.98934685095793,40.86891432119214,21,0,2,2.3799401114360235
1,-73.83448651456715,40.801939010068814,-73.80199403290854,40.793420900002914,19,5,3,2.894477993333293
1,-73.81358948625937,40.818979981561206,-73.8009746511982,40.82359366974509,13,5,1,1.1789706676533203
1,-74.03081263095426,40.734509965718345,-74.04840035381481,40.73590595741018,0,5,4,1.4899811610369218
1,-73.81995089739777,40.88048428809872,-73.79604957446841,40.91648281253553,9,0,5,4.478665182515483
6,-73.91828408801457,40.699482686466986,-73.88199598884127,40.67452048324863,8,3,6,4.131121254305934
1,-73.93802351229506,40.85835436968911,-73.9326515453966,40.87573073788772,14,5,5,1.9842659386189994
1,-73.93679546300805,40.69100748580668,-73.91819799117627,40.67732675617889,20,5,3,2.1847735488962394
2,-74.03713089670192,40.893839334911654,-74.01813482868666,40.89463239544626,13,3,4,1.5991363112555914
1,-73.8555756775553,40.77343501832998,-73.85027541944208,40.75678347013411,9,6,6,1.9046145412261624
1,-73.7772217875067,40.69609837818176,-73.78548659294648,40.735272092525946,15,1,5,4.411261332014516
1,-73.89139796705987,40.73107509858416,-73.90824543591388,40.72805141850152,23,6,1,1.4588938508567162
3,-73.91490655860306,40.81160888731814,-73.86796205771545,40.81548317225747,1,4,1,3.974119058525519
2,-73.99187844656048,40.61723946340182,-74.03852486034765,40.590870716019595,6,3,3,4.909659001132048
1,-73.95241713722749,40.85948331683885,-73.95437335588936,40.85486087193655,3,0,2,0.5396807604005441
1,-73.90082282881852,40.86605271253039,-73.8601145831088,40.87005515172024,9,4,6,3.451871232401971
1,-73.90816700630594,40.69893040515125,-73.90410896779069,40.71121782785837,6,3,5,1.4084688880327871
4,-73.82228337708682,40.652337022517294,-73.79158694758726,40.664321494647595,3,6,6,2.912143693017195
1,-73.75555340090149,40.78971868470364,-73.7312388883426,40.80268751922922,23,4,2,2.5037606239180588
5,-73.96145318835345,40.66157649953493,-73.92230308203476,40.622881660379754,13,4,6,5.4244236160403565
1,-73.92797783384766,40.879057188226646,-73.91767399832726,40.84531271747889,11,2,5,3.850965509872822
1,-74.0412213672498,40.75500246458306,-74.06534060278516,40.77108988855695,11,0,1,2.706714049440822
1,-73.98495588224868,40.652941188011695,-73.9941683123819,40.629838014206136,18,1,5,2.683975466258446
1,-73.80249090632697,40.719618197415585,-73.83667689441312,40.70701097864068,22,0,6,3.204254862833064
1,-73.84313704490272,40.82359671322772,-73.87078768408526,40.82956705436866,17,2,3,2.4193967484308456
1,-73.75599367157238,40.75366152155106,-73.74410831642297,40.732406102497386,13,6,6,2.5668465707564705
1,-73.91264274287856,40.771681790585674,-73.90439346691372,40.80420909146724,10,1,4,3.6829452684850867
1,-73.8096340925955,40.644827407374834,-73.8054810486102,40.620812546831154,1,2,2,2.693229687238343
5,-73.78042504587768,40.621806769960365,-73.78089719995029,40.59175272329399,2,6,2,3.3420952038853002
1,-73.99344336666746,40.730200117072116,-73.99998838464843,40.7473124827553,18,1,6,1.9810988107408534
1,-73.75161121360253,40.7567197331084,-73.73678527272114,40.770130808572645,22,2,3,1.944974246861262
1,-73.86450607558714,40.72699182956424,-73.89509427299956,40.72100834629007,6,5,5,2.662158186890183
1,-73.86221946573416,40.81063077393576,-73.86269907082625,40.83150021969582,8,2,2,2.3209273950425753
1,-74.03922146048323,40.679113977527685,-74.02154032547692,40.687693709363906,17,2,5,1.7700145713267028
6,-73.87192967297528,40.693572628835895,-73.84579056059327,40.67977977993644,3,2,1,2.6851021899551455
1,-73.93847018475202,40.72260153274812,-73.95978029621516,40.72438728519522,10,0,3,1.8067679084267858
1,-74.04577407635114,40.68295832773455,-74.06900747358473,40.65775548692615,22,2,1,3.4195170843349154
1,-73.86541925189692,40.64422563200658,-73.87220124947619,40.68461831880466,23,0,4,4.527742314211559
1,-73.96977157821723,40.79231992806101,-73.97323234733724,40.775768588321256,10,3,3,1.8633477033572452
2,-73.97226699467625,40.70470220069302,-73.96474326097754,40.732169916671566,5,5,6,3.1193953247819084
1,-73.75234085406147,40.6512607148572,-73.77247137215558,40.62714223781662,20,4,2,3.1745004418559093
1,-73.98338686717986,40.70590928140028,-73.96939683206632,40.69407274895795,3,2,5,1.7672567591182928
1,-73.94505901358593,40.76789981228955,-73.95417935520781,40.7747144871155,3,0,1,1.0789171783951021
2,-73.88799953106539,40.61382193955655,-73.90893027811428,40.627531991722506,11,2,6,2.3334212773251712
2,-74.03672671929465,40.6259397925299,-74.01479341690568,40.65534303796351,15,6,2,3.7569191306818803
1,-73.82153475533617,40.80408917624946,-73.86191090653426,40.79169631935351,3,5,4,3.6674671210481775
2,-74.02727810641106,40.764305617863194,-74.05637604999839,40.73237539333248,18,4,6,4.314424778706002
1,-73.75204867504179,40.75692102030735,-73.77641312440058,40.74861083079589,22,3,4,2.2507454082660376
2,-73.7817253235495,40.67252786437151,-73.76038060697933,40.69181027898367,2,5,5,2.7994061450244723
1,-73.9168867434343,40.83208359015945,-73.92592897900457,40.83561018835249,9,3,6,0.8558553145424662
4,-74.00768919671944,40.815655294170455,-74.02493813513047,40.880950629664135,13,5,1,7.404052014221547
1,-73.93954959992317,40.76503201902075,-73.91411973518174,40.757513469305856,3,0,2,2.299166683086209
1,-73.87997412546616,40.7455385535872,-73.8960073998523,40.71894750149217,11,6,4,3.2508006640538576
1,-73.92503964816382,40.75748210172256,-73.9286742743521,40.74962599225344,4,2,1,0.9256549745368441
5,-73.83585740509696,40.71040372277,-73.86138052741234,40.7084599072352,22,2,1,2.1621428373997555
2,-73.94126102193103,40.625851899894094,-73.9372710171392,40.64077216002144,20,0,6,1.692877888269729
1,-73.91070020421459,40.70093198450878,-73.91831257776406,40.7348963185311,8,4,3,3.8307658247221057
1,-73.90420910576086,40.62405438751437,-73.91106436712866,40.61019667814017,18,2,2,1.6459639515306508
2,-74.01015216866733,40.831896999044766,-74.02636691969454,40.79566970729488,18,4,3,4.253139944123406
2,-73.93635876540412,40.726971488737256,-73.93083851226334,40.737718859151464,4,0,5,1.2823815751308603
2,-73.89050125814066,40.842729768900384,-73.91697529058008,40.87217802986756,10,4,5,3.959749220834283
1,-73.91882324823922,40.68727215621487,-73.94189672797005,40.677115870543666,23,2,2,2.249634883274867
4,-73.89790210888432,40.764506625223376,-73.90884748373203,40.731452424485745,16,0,4,3.7893476382648377
1,-73.88290973987186,40.615745219446765,-73.90424995952324,40.61269382019253,2,4,5,1.8329871811353913
1,-73.97321390042502,40.62709232456969,-73.9482379851875,40.61103886268362,14,2,5,2.7622992160642186
1,-73.9765525544613,40.67704089311358,-73.94835681221292,40.6475527592158,6,0,6,4.050621398455726
1,-73.97081245952589,40.67012375250833,-73.99677061918075,40.6785840536401,16,5,2,2.382708594178994
5,-73.76649342473942,40.78267990629689,-73.77667977419318,40.76422515375155,14,3,4,2.2241354160521998
4,-73.97123929135122,40.76598890275419,-73.96389993809065,40.75113268449984,14,0,6,1.763809775901938
2,-73.84274464736018,40.69251713680042,-73.83089088370839,40.73469575212248,22,0,5,4.795279341208682
1,-73.80531369076735,40.66535215672601,-73.8092455998391,40.66594739874864,22,1,3,0.3381739640291487
1,-73.91585136680834,40.76482663985448,-73.90215724665308,40.79221889772283,20,4,3,3.256829322902169
1,-74.0419558606547,40.84530968168372,-74.03425183316783,40.84795639880808,8,3,6,0.7117213667350499
1,-73.83239982044104,40.63654738177315,-73.7706388772353,40.60897969325039,15,6,6,6.0470641532038805
2,-74.01176708332896,40.78933505362913,-74.01255368467162,40.782077555579384,10,4,1,0.8097097842643134
1,-73.88153527815913,40.64547786137659,-73.89086190482193,40.65694625603352,12,4,2,1.4984275446762967
1,-73.97015565872067,40.62535465274836,-73.97106383499822,40.64386605189977,12,3,1,2.0597997694819594
1,-73.82889440906264,40.80046700817796,-73.82477770814948,40.806152167553506,22,2,3,0.720895953028385
1,-73.9058808735393,40.75553070443914,-73.91621502558878,40.742728396073886,22,0,4,1.6686305170031992
1,-73.76329940134497,40.82997673355827,-73.76631997600992,40.824263721701634,12,5,2,0.6842111156445997
1,-73.99562656853547,40.60774945309581,-74.00835479218695,40.60357285296989,23,5,6,1.1705844774248222
3,-74.0336271724151,40.83176732760195,-74.02877519693132,40.84678128991291,8,0,5,1.718648622553994
1,-73.93526688848375,40.814764796551856,-73.94493939718896,40.79814344545456,15,4,5,2.0195618366797667
1,-73.887469598987,40.80179738597267,-73.88677321666474,40.80549215998736,13,2,3,0.4150002630882408
1,-73.8961991040472,40.635114788225536,-73.92826134327247,40.6027382221554,7,5,4,4.503783983304763
1,-73.9533603571551,40.81485934914021,-73.96390738596016,40.83169807595421,9,1,6,2.0720572311965717
1,-73.94321785738008,40.606192444973765,-73.91624572727025,40.60927265399295,22,6,1,2.302532101033752
1,-73.91529832622588,40.767760782489034,-73.90681052929425,40.778724671698924,4,5,6,1.4131978550600974
1,-73.9140065390718,40.8321607368699,-73.90485100229994,40.83839971721385,3,6,3,1.0366108349354137
1,-73.77931141337787,40.897914194278314,-73.75835806926655,40.85857906467027,23,4,6,4.715305752486528
1,-73.77834727561111,40.777775372786614,-73.77929499071416,40.74014069855206,10,0,5,4.185546052800667
4,-73.93772098550548,40.6438079132947,-73.92468601290142,40.661258778371526,11,0,5,2.2303687827744616
3,-73.9649303552456,40.66720877469755,-73.97569903522829,40.67413764716878,1,1,1,1.1909832395801665
1,-73.98741833438953,40.69923933838011,-74.00445098898341,40.70725841301654,5,2,5,1.6901478900012217
1,-73.96697573068793,40.874448032585704,-73.98631296775783,40.843135681017664,4,6,6,3.8428432530264423
1,-74.03807008893111,40.633975782438455,-74.0547796402915,40.66053585602186,19,1,3,3.272555612561342
1,-74.04507807138191,40.80188271000792,-74.06286451670701,40.82212928996847,0,3,5,2.703533707450724
1,-73.98935721812698,40.64546957695712,-74.0332258445807,40.61717855805058,13,5,3,4.858056989581747
1,-73.88625099710373,40.88603868391936,-73.85934813737371,40.894564667568105,22,1,4,2.452120205992326
1,-73.852985989597,40.61584643286534,-73.85848960490951,40.61928510604132,23,2,5,0.6016574517265638
1,-74.04052068105472,40.71322954486539,-74.01222066041056,40.72309187440231,7,3,3,2.6250973945875793
1,-74.0273650193561,40.742210166773695,-74.01752723545248,40.75945346426933,4,2,1,2.0887888040540754
1,-73.85097869642722,40.64856682460995,-73.85978242431675,40.64367361267854,13,3,3,0.920726929454132
1,-73.81308091249736,40.80767857120359,-73.83942970067365,40.83604317833754,15,2,3,3.855318879010398
1,-73.84832764198103,40.8713252154301,-73.86223560068895,40.857434119146994,16,6,1,1.9374473236610616
1,-73.90463845566231,40.81317975740252,-73.88768817074352,40.840007621346345,2,3,3,3.306519334229842
1,-73.96726937159018,40.81418451715373,-73.92169057418063,40.818915528717646,15,5,5,3.871501033089099
2,-73.8275644695882,40.83964752746569,-73.83258888042882,40.830253008101664,6,6,4,1.1269046106386773
1,-73.8396181045975,40.78543785389788,-73.8250921860584,40.799820871867745,23,5,4,2.013245911263048
1,-73.75550847061382,40.66774632294987,-73.7610446369502,40.691400039532105,7,0,2,2.6712836646723463
1,-74.0394443971775,40.88645802278064,-74.08075830636513,40.86414861483774,9,0,2,4.268465527674038
1,-73.97017117227713,40.86468157828323,-73.9431525910418,40.83989391991195,9,5,6,3.5722679644006945
3,-73.78853739579964,40.63470233871226,-73.7833690137281,40.63843833019612,8,4,1,0.6023046482304617
1,-73.87016986411795,40.890077975749946,-73.8909902335968,40.884223043158435,6,3,4,1.8673938929654637
1,-74.0308513931228,40.74717448648026,-74.0066118917248,40.75997068507767,21,2,4,2.488646136527561
1,-73.9293021229724,40.638211346348264,-73.93068711921022,40.63517661045167,12,4,6,0.35711138247675417
1,-73.99998606651492,40.88842746297942,-74.04290168737305,40.872553946644175,10,3,5,4.016596967005479
1,-73.94668858287864,40.8237663500078,-73.97612801250182,40.81080863146094,16,3,6,2.865912816964637
3,-73.98806833465686,40.85701614095364,-73.98138707536928,40.82347229846719,7,3,4,3.772013944731464
3,-73.94969836587542,40.79605666439219,-73.95463494481194,40.790838391007206,13,0,5,0.7137124811357883
1,-73.75954707879116,40.78303271028792,-73.76003379958338,40.777489887548626,16,0,1,0.6176947387950161
1,-73.86708059404302,40.78326128258998,-73.86635982692712,40.78595186954587,0,1,3,0.305271982628393
1,-73.83906785467023,40.841151920740145,-73.81922629306048,40.83958809813101,13,4,3,1.6781610344378861
1,-73.98391379191338,40.80378615498174,-74.00408224824041,40.76183771988061,2,5,1,4.963936373662141
1,-73.90779052528933,40.69402384329401,-73.94129850659317,40.671231522728824,18,3,1,3.795587707275237
1,-73.92497406631223,40.75322217111247,-73.9069542172802,40.75777040334781,17,0,3,1.5998591064806287
1,-73.80812615512421,40.622125877097346,-73.79012045584953,40.63932338213197,12,1,4,2.442455117805702
1,-73.94087153350547,40.7550366669624,-73.98040413716065,40.738371071853955,12,1,2,3.8111557362173394
1,-73.93588631888845,40.81447693792634,-73.95719156586496,40.806460552784245,5,2,3,2.0024094230594645
1,-73.9611419109354,40.83042280556664,-73.9587935957799,40.86208930947132,5,5,3,3.5266907130511873
1,-73.99200781636482,40.86031075502522,-73.96442312723323,40.85919373824484,8,5,6,2.323145187412142
1,-73.88281673100549,40.82552937439283,-73.87145525040945,40.83002971404825,21,2,2,1.0789987768390432
1,-73.79789900417671,40.789538984711854,-73.79153526689949,40.81098718809181,19,3,5,2.4443462346135765
1,-73.92856252170384,40.78116149926372,-73.90898892633749,40.76366090678741,17,0,5,2.550221434890521
1,-73.94203044706182,40.74729462539533,-73.94429762646976,40.76949891179625,6,6,5,2.476377468850053
1,-74.04400219413483,40.7115405066385,-74.03707891164791,40.708288445512345,17,2,3,0.6865093430997888
2,-73.82410015736991,40.732554570853395,-73.83743787825709,40.743103763820784,2,4,3,1.6244262253664026
2,-73.92700560419311,40.76725149291844,-73.91483159370122,40.776949347034325,18,1,3,1.4878872480429823
5,-73.92990673023067,40.85481446444688,-73.90018218881546,40.85161419297076,11,1,6,2.525226029552068
1,-73.78641428328851,40.890947583924344,-73.77917183701743,40.85545376093201,19,0,4,3.9934352862445817
4,-73.9147971236975,40.70915961649156,-73.88390626633537,40.709050202552056,16,4,3,2.6037930829534663
2,-73.76905502559488,40.65255212233567,-73.72258649997666,40.663786605840265,9,6,6,4.114034549094877
4,-73.9349694088295,40.78107586278582,-73.92349746468416,40.80879131119222,4,1,6,3.2295819506108723
2,-74.01668286018999,40.60312329598376,-74.00734864139984,40.57944017620185,20,4,2,2.7488585259470306
1,-73.77987650857341,40.69303985349711,-73.80329100113683,40.66463714313292,22,6,1,3.72465474100318
1,-74.02404024135282,40.6004817841719,-74.00215445291035,40.60725773448632,13,6,5,1.9953667549499654
1,-73.78518275671766,40.83025093247213,-73.76908856328161,40.863847595698886,4,2,2,3.9734979054914437
1,-74.0322181639696,40.670222506372745,-74.02496264719512,40.703528390867994,8,4,1,3.75363354593732
2,-73.75942839548524,40.8972538822498,-73.77167912765965,40.91780008885129,17,6,5,2.505886196281584
1,-73.83244229720658,40.78434269613333,-73.84057609752297,40.80788504665572,5,6,5,2.7058512402133466
1,-74.00892957829078,40.87753846025904,-74.00948288042939,40.87459446639732,22,6,6,0.33064612147346795
1,-73.87300671859012,40.62108287076631,-73.89264618292941,40.62813343533644,3,2,4,1.8335534015524155
1,-73.81329266741373,40.63103477161324,-73.82464434786654,40.64173904450696,16,2,1,1.5278192176106609
1,-73.80317679068816,40.632935297858666,-73.80851789725504,40.60987405578606,9,2,1,2.6036149202577152
1,-73.81369744578556,40.89968205948672,-73.79624563842587,40.874389507145786,4,6,5,3.1720467464654085
1,-73.94896296524759,40.630953875614715,-73.9385010918635,40.637394091239976,18,2,6,1.1367443037359546
1,-73.90250166233854,40.61278927410055,-73.91599905267383,40.640846791488514,5,1,2,3.321296263358413
1,-73.93344136817889,40.69334111604249,-73.94112389137574,40.69322968515121,1,4,2,0.6478258031817804
1,-73.95127067230777,40.82737831100314,-73.9584577309266,40.84350070046816,13,4,1,1.891946991261912
2,-73.78073247703415,40.858679783321655,-73.78867062098529,40.87075995152732,20,2,2,1.499976896399735
1,-73.90496204709103,40.898895377470915,-73.92379296864706,40.88720607092465,9,6,5,2.0481387826062245
1,-74.00314105637985,40.77153147255029,-74.00040076027273,40.779147704149814,8,6,6,0.8777589554792236
2,-74.0276160278028,40.79150373980727,-74.00035261785467,40.80622178924504,8,4,6,2.8186841600818173
1,-73.97892546430998,40.72887472708965,-73.98084012855985,40.76906245642191,20,0,3,4.471581384654884
1,-73.89084816997314,40.67615154452234,-73.85145752942086,40.65734946083705,3,5,3,3.9254030151681203
1,-73.95064336835432,40.67251228817321,-73.98090984664769,40.64786272969943,21,6,4,3.74572041990701
1,-73.92983362060545,40.69196732551183,-73.96310784717751,40.66660538771415,9,4,1,3.978217431928775
1,-73.77333471930567,40.73847787383765,-73.77411684553296,40.75485522655655,5,6,5,1.8222700676452483
1,-73.8244739926326,40.663554722330154,-73.80682898300788,40.66560605323457,6,6,4,1.5056551533962723
1,-74.03160370514948,40.647162977024934,-74.03854075339515,40.65360704959339,8,1,6,0.9251698924683476
4,-74.01356132137059,40.65453906437863,-74.03835176397341,40.66594569277516,3,0,5,2.445695617088186
1,-73.7765850030016,40.843043350502505,-73.8301054682252,40.82064380116216,1,4,2,5.14582417727598
2,-73.8225473432848,40.88952052642901,-73.83239046620878,40.90064917009376,5,3,6,1.488550496573437
1,-73.95475021372162,40.74265439530339,-73.97337948307107,40.72145206637618,2,0,5,2.8323504261408914
1,-73.9836312814674,40.6180761618142,-73.97551280884325,40.64912883395091,6,1,4,3.520204936962068
1,-74.01470613165573,40.66600004521425,-74.02566050834166,40.65645461463057,15,3,3,1.4072494915402538
1,-74.01492797841546,40.64564146129066,-73.97529371481805,40.65494139850269,13,2,1,3.4999462009577758
2,-73.88608945269216,40.84620818835585,-73.89527471916576,40.87239497288719,13,0,5,3.012558265710613
1,-73.99897554601979,40.80361105445174,-73.98177171405048,40.80930232709153,3,1,3,1.5802271518182593
1,-73.76946497695025,40.84316393671142,-73.76591387368184,40.84887945009278,6,2,3,0.702231985191631
1,-73.76747964103534,40.627429241628214,-73.73923433143604,40.63206079364897,22,2,6,2.4386103408133915
1,-73.86762731571791,40.83140869371655,-73.88167264164836,40.841945531359286,9,0,6,1.664007407202596
1,-73.80375046288758,40.73487159930736,-73.7929117125658,40.75254385962877,20,0,5,2.1668550863831766
1,-73.85825339630492,40.60134066639974,-73.86016365132751,40.58239593919814,11,4,3,2.1127236971201953
1,-73.96568368864786,40.687146031392835,-74.001620012729,40.678931475193416,18,6,1,3.164903396606742
1,-73.99761033895119,40.839789852702374,-73.96592687410852,40.82928813805986,1,1,6,2.9101019042409053
1,-73.87686086484347,40.66868712340935,-73.89213290306397,40.66900469275824,23,1,3,1.288529277344567
1,-73.8183401034372,40.61964079435212,-73.80810390553212,40.64437898699078,16,2,2,2.883199110717982
1,-73.75660716419411,40.82876554283341,-73.72034354515586,40.80551888787809,6,6,5,3.999302898590449
1,-73.86230751153924,40.77095832228472,-73.86037642083232,40.76774940492524,21,1,2,0.39212665468721547
2,-73.83526679450017,40.78842475881484,-73.87834532371458,40.76720017596348,3,4,6,4.327498946414465
1,-73.9700912611948,40.67572123285974,-73.96141534782035,40.69298480669817,19,4,4,2.054294035985929
1,-73.89807660789334,40.749946197872525,-73.86342955568647,40.73617061783729,17,5,1,3.296392475726442
1,-73.9807110987098,40.62305823381352,-73.96177585604458,40.660599552952355,21,3,4,4.469689804476396
5,-73.95382380820247,40.68251478657772,-73.96941577546475,40.71190759777278,17,3,1,3.522757217788936
1,-73.82046959494899,40.79280850616702,-73.79596560683731,40.79317608441675,19,5,2,2.0632215545525017
2,-73.77871574900139,40.69338040811915,-73.78934240901573,40.69922699981909,12,5,1,1.106911821770291
1,-74.00436507909734,40.782049312826274,-73.99333943453259,40.77054734430165,14,1,2,1.580403143719826
1,-73.95958048677484,40.88973512513097,-73.9469687743722,40.887830071455774,22,1,2,1.0811134424359805
1,-73.77229795182124,40.785166710590026,-73.75753404298453,40.80357114148197,11,2,1,2.3943132508507428
1,-73.80291903003538,40.68005432906425,-73.83129320658551,40.68461129718568,15,3,4,2.445664972266684
1,-73.99563651478863,40.736071874283624,-74.00685447425086,40.74412071542103,23,1,5,1.301631608283815
1,-73.82747505851282,40.80549236580557,-73.85880142137458,40.80001578606887,2,5,4,2.706164231414705
1,-73.88455999458628,40.74421324348667,-73.9136292329191,40.75345605070055,23,0,1,2.6556919335444835
1,-73.90068812458718,40.86055854135843,-73.9090043550305,40.82346891815365,11,0,3,4.1830895073901795
1,-73.76308547654983,40.72672895978269,-73.78213558341162,40.71184182825314,1,0,6,2.3060360356608864
1,-74.03004748136003,40.894166177393714,-74.02236839180723,40.88850509000108,12,3,6,0.9016135952454367
1,-73.8248049224492,40.73272584159644,-73.81894551853968,40.764632279282544,5,1,2,3.5820047169272335
1,-73.7920711016232,40.85564769801844,-73.81991704264412,40.85560416457039,17,4,6,2.3419441585816316
2,-74.04971051144693,40.89240970381254,-74.01050018716094,40.88187959694355,4,2,3,3.497945152924018
1,-73.95011789187335,40.83349866839055,-73.96739698710292,40.84890608011689,19,0,2,2.246762956810071
1,-73.87423476098436,40.871243299556426,-73.89870738364742,40.87163451754024,3,1,3,2.058199912942544
1,-73.9171025384031,40.75687271040058,-73.92669077481615,40.75119463305732,14,2,4,1.025140490048916
1,-74.04857016085553,40.68264494961112,-74.07734540311567,40.6730869122254,6,2,2,2.6491204338722927
6,-73.87226816497632,40.82190137828489,-73.87230720830861,40.83901226322231,19,5,2,1.9026464311589615
1,-73.9710549221193,40.77875457834912,-73.98950662739763,40.78642935506351,12,6,3,1.7725229866735188
1,-73.9512273899426,40.77200922302361,-73.96960187104519,40.752053037580474,18,6,6,2.705356367600778
4,-73.8777157107318,40.71888128822264,-73.86849343499956,40.69893069374107,22,6,3,2.350654831036562
2,-73.8112192485837,40.72259479461678,-73.83425051037818,40.70317860867982,5,4,3,2.9033365833878984
1,-74.0430033005312,40.81155262456214,-74.04256044927979,40.79802459070365,7,0,6,1.5047104675566934
5,-73.84929669258113,40.643157642088994,-73.85334465835237,40.6562602542913,22,1,1,1.4964326522890576
4,-73.798002641305,40.814825493972165,-73.79781529657947,40.83316108872209,1,4,1,2.0388860540376816
1,-74.00539333828151,40.869984786781686,-73.98368611711226,40.88214276109489,11,2,2,2.2712540587262033
1,-74.01560275104262,40.82480712325383,-73.998167477916,40.818309067854045,19,1,4,1.635396289942905
1,-74.0300946484036,40.60597043062018,-74.0779660405533,40.58745208557287,10,6,3,4.5361406549418595
4,-73.96507706822489,40.74582212210977,-73.94633657904892,40.750688559863335,0,4,3,1.6688559362062718
1,-73.97821676113507,40.68188916095815,-74.01467697434535,40.68519080732815,17,6,6,3.0962230985520014
1,-73.9998779030944,40.820872416077655,-73.98732797173265,40.85082957180202,17,0,5,3.494402348088442
1,-73.89168841235411,40.84559738518729,-73.91287035390887,40.847942302464226,21,3,5,1.8006900832894719
1,-73.80863745969631,40.6644953160253,-73.8289137039162,40.6534476011237,4,0,3,2.1058012872525578
1,-73.83692392484778,40.89861565065587,-73.83506735629825,40.85295455637283,16,2,5,5.07968097849671
5,-73.93320282348205,40.781450906561695,-73.92399114576043,40.80937362618091,9,5,6,3.2002325475092044
1,-73.87202868353037,40.613316911252554,-73.90440353774063,40.60379637120695,20,2,6,2.9308379559332174
3,-73.90182434974935,40.693047042585334,-73.91413089585431,40.69339780574031,10,1,1,1.0382887298531283
4,-73.8870131034879,40.86125186318229,-73.85874699620727,40.8783383529303,21,2,4,3.0428217059572424
1,-73.85549665719722,40.88752864877149,-73.83751135605962,40.8717864973135,22,2,2,2.3131022131513412
3,-73.98066540854556,40.78709447203136,-73.96519743863566,40.8122650289296,11,4,2,3.0868622292634744
1,-73.7600326919717,40.766190636642115,-73.76163726613918,40.73869069349911,15,2,4,3.0608398090471183
1,-73.87587104091438,40.88165197157169,-73.88652197874154,40.89203595492902,4,2,6,1.46112087889003
1,-73.85645888775421,40.70658779704166,-73.83096679732236,40.70235187491747,20,3,2,2.1998723069115447
2,-73.77625295962538,40.83559925953683,-73.7629540714807,40.85108072690773,19,1,4,2.0530204344592864
2,-73.86440754503612,40.84831430384116,-73.83278349625512,40.859236468482706,22,6,1,2.9239246679885276
1,-73.99238941778954,40.6235790283173,-73.99465682434987,40.60680874186048,21,0,6,1.874566362685593
1,-73.98257236661838,40.75968358450153,-73.97496322667479,40.77204301888034,16,5,6,1.5163672878341372
1,-73.94616879133447,40.674200364081656,-73.95077407923621,40.68118030528747,22,6,4,0.8678748405176915
1,-73.85646829702408,40.818369881759175,-73.82336049344869,40.847406523592035,9,5,3,4.264191493220424
1,-73.82837559128932,40.837273022071145,-73.82613046486014,40.83809989200309,19,6,3,0.21006433156433005
1,-73.78127696646271,40.87246974885035,-73.78421621507964,40.86471234661819,15,0,2,0.8972932214127164
1,-73.78624397660433,40.74109264471973,-73.77628451061902,40.73694124142653,7,0,5,0.9576918543062918
1,-73.88892759762572,40.76510574510144,-73.90739675101263,40.76020581265816,0,1,4,1.6481595298867269
1,-73.97515492404077,40.621383222362944,-73.9690689187809,40.61935609336325,21,2,6,0.5609475414376466
1,-73.85012952879826,40.83637586121285,-73.86539550553253,40.82802394190009,18,1,2,1.584956147831296
2,-74.03065289083149,40.84763090506684,-74.03295173305158,40.85907998127625,4,1,4,1.2876776535446741
1,-73.84018086776027,40.7849144397418,-73.83780675595784,40.790711953742466,7,2,4,0.6749289288143059
2,-73.84369583764602,40.71315227108826,-73.84662371282518,40.72523474114438,13,2,2,1.3659807369840198
2,-73.92286847596614,40.85274980503192,-73.89558383264912,40.869515887094416,12,4,3,2.9564415201620733
1,-73.89757788090454,40.70585298442839,-73.92011884515476,40.72109176904137,17,3,1,2.545705879584844
1,-73.83509206428671,40.691512363774414,-73.8478715256514,40.67303722220618,5,4,5,2.3198171388501323
4,-73.82689077099144,40.63363474306683,-73.84813591014448,40.6141099495529,15,4,4,2.815747124142185
3,-73.8141870370798,40.66074808534046,-73.81316809539825,40.68572990633355,18,2,4,2.7791805746605642
1,-73.99314453862736,40.66640043478525,-74.01950741048596,40.680718150267694,22,0,1,2.734532122877843
1,-74.03075013456667,40.889823016326105,-74.03860025231833,40.89400078892196,22,0,5,0.8069816248756474
1,-73.79055958931168,40.80287176692726,-73.79456991310296,40.77386690349462,14,0,2,3.2428173292686555
2,-73.9490657239021,40.76162487380857,-73.93954652128372,40.7584912947084,18,2,6,0.874193589970252
1,-73.79442077526284,40.83809875290936,-73.81233357576123,40.852796999541326,19,0,5,2.222946388537874
3,-73.91950322832618,40.80752291188862,-73.90921038292294,40.801246877679354,8,6,6,1.1124502544718122
5,-73.95912938643728,40.860087251875065,-73.90750743935253,40.871266960182496,6,6,1,4.515416407181557
1,-74.00505711177266,40.85490132691801,-74.00485267397895,40.84683813964792,19,4,3,0.8967503903835269
1,-73.78330813471597,40.69641084132416,-73.78272990241425,40.69176146392423,0,0,2,0.5192805382853871
1,-73.81319743138246,40.81889952928513,-73.80419412375763,40.79111269597671,3,3,4,3.181324710254327
1,-73.807274105259,40.795752932080205,-73.7929550205323,40.811797385523576,2,5,3,2.153008780308375
1,-73.8808542624797,40.669404144338856,-73.84482674925552,40.64591233700382,3,4,4,4.007418280487059
4,-73.76507206158614,40.724781083318106,-73.77220715708422,40.75768961986057,15,2,1,3.708307840359562
2,-73.78943674975253,40.76104308821692,-73.79281719559125,40.77120034324984,23,5,6,1.1647629885354747
1,-74.02412015768107,40.66707178107306,-74.01961051445161,40.654552880624664,11,3,1,1.4430754128175654
1,-73.77599314073953,40.75334722127148,-73.78826127949431,40.75642164166547,15,6,6,1.088439747316595
2,-73.82023605526487,40.752815441084074,-73.8156836494803,40.753128437212425,23,0,2,0.3850417673526304
1,-73.77127872554749,40.88300324480661,-73.75415768626381,40.848550077409534,17,6,1,4.09261294306974
2,-74.00495984625098,40.67247713225617,-74.02745133059409,40.654844372679754,14,6,3,2.7282153407507153
1,-73.92186009424073,40.72098609524382,-73.90800430784114,40.71769197361447,18,3,1,1.2238146106487198
1,-73.99073683344054,40.71767928799946,-74.0157440980305,40.709624149563346,22,2,6,2.2901202264428484
1,-74.01182035242654,40.644580934343445,-74.01914483458143,40.66935826914308,2,5,4,2.8235440043295075
1,-73.8897154764315,40.65074830048505,-73.88083642431683,40.670748428888295,0,3,2,2.346639289639344
1,-74.03008712407467,40.815396268366335,-74.03406179426591,40.81919967645466,8,2,6,0.5391991635638292
1,-73.75586224874363,40.72764671252791,-73.76966114243397,40.71982978982039,2,3,5,1.4517964910543095
1,-73.96362822868075,40.64428412686802,-73.98559166910906,40.67311568238016,20,5,5,3.7027511258244594
2,-73.77344389786423,40.6978377494355,-73.77090579488278,40.689930719166014,21,0,2,0.9048865348232952
1,-73.94487322845517,40.80961619200867,-73.9201627257304,40.85162175831642,10,1,1,5.112608008203907
1,-73.80529198682666,40.671037599356936,-73.82819819865301,40.65110995269589,6,6,2,2.9399252617455423
1,-73.84825601512524,40.69521269131996,-73.85328653597692,40.75134362912264,10,3,2,6.255855784482734
1,-73.791853017161,40.69934207167757,-73.8197015110894,40.68127922487259,14,4,5,3.0898399497640483
1,-73.91228104937338,40.69200322157882,-73.94103256876312,40.6994882811269,3,6,3,2.562840242232697
6,-73.99573018839268,40.899943716412366,-74.04546885151119,40.893350566065706,21,5,4,4.244395718848191
1,-73.85808938135227,40.693027835100175,-73.89120089116534,40.69186366490713,23,5,2,2.7946394155892356
5,-73.87088756594959,40.63708355738878,-73.9020766760716,40.61251851421533,12,5,1,3.7933848362578253
1,-73.93275983396197,40.63613961085908,-73.95461024106386,40.67161942259995,14,5,3,4.354547517870959
1,-73.88664578661724,40.672483053272614,-73.89072923307427,40.66856397705407,0,5,1,0.5554364487059883
1,-73.75246057898627,40.77594000217201,-73.79223146657961,40.765618666877586,12,3,3,3.5403338853652517
2,-74.00820823999817,40.80445210688304,-74.0076661060117,40.810588776501234,11,3,2,0.6838903650213854
2,-74.00128923264208,40.76166215242039,-74.01085969019267,40.777791238794,9,5,1,1.9662403241654833
1,-73.80288103595974,40.854904836579976,-73.75072017504638,40.87853102972892,17,5,3,5.112751868304115
1,-73.84810887882104,40.89680115287669,-73.85878769644128,40.88608368675711,22,6,5,1.4919691246410536
4,-74.04570024421407,40.8669735037326,-74.04313274269695,40.887168565644885,9,1,6,2.2559400294528418
1,-73.80607800474529,40.76921461313458,-73.83908973007523,40.76193170589811,21,2,2,2.8957135861840833
1,-74.00011768948536,40.82001086545228,-74.03947681989564,40.81872699823412,15,2,4,3.315124134548008
5,-74.03987032683386,40.60054488534669,-74.05941829173108,40.6327970927551,20,1,3,3.9476331135930036
1,-73.82063301024068,40.77377798219039,-73.80760544420662,40.77386738816945,21,6,6,1.0970598571672898
1,-73.84287107288212,40.77982316859051,-73.83735158066905,40.7681070168362,2,0,1,1.3832018570963065
4,-73.8981570251325,40.82671969575452,-73.91398659802022,40.80602760625376,4,0,5,2.6586560785016036
1,-73.94786002219287,40.67835389621757,-73.98214717743222,40.6888875026032,15,6,6,3.119391662159816
1,-73.86272102938717,40.836270817891446,-73.89369568947373,40.83940490261439,16,3,2,2.628974919352533
1,-73.85555796314057,40.63518827043085,-73.89414426757642,40.657200203921505,20,6,3,4.072954516538134
1,-73.78648677409132,40.746283705921925,-73.81436851695285,40.77341566247394,1,0,2,3.8231648073112785
2,-73.92824436839949,40.65550068913242,-73.95671785626894,40.65648341248193,19,6,1,2.4044041934411524
1,-73.92634764986693,40.814897786297706,-73.90491619187226,40.82636724086266,1,2,6,2.208799695331269
1,-73.92215607751585,40.83525903360651,-73.89859809049005,40.84087708486935,16,1,5,2.077957841754593
1,-74.01313956031677,40.71577964636483,-74.04545591581973,40.73826816102756,17,2,5,3.697131800824896
3,-73.90773401585083,40.61460160541459,-73.90050642453414,40.61735500248678,5,5,2,0.6825745602965243
2,-73.85701780185691,40.72397039506545,-73.85595790020973,40.72693276444779,5,5,4,0.34129467370578154
1,-73.95700805728994,40.86853982418822,-73.97513593557005,40.866831334937395,12,5,4,1.5361316836013768
1,-73.95478312791002,40.84481963596965,-73.98592202500141,40.84534447995899,4,3,1,2.6199548981824448
1,-73.88909415682286,40.62517370454819,-73.8754924905154,40.58930813670819,12,3,2,4.150074278634534
1,-73.93322096110546,40.7900062121978,-73.93222632729629,40.789395724790815,3,1,3,0.10779479045606837
1,-73.93989064731352,40.65389649709255,-73.89162216813767,40.661111287485994,9,1,2,4.149942721797347
1,-73.77800332886882,40.755521889558686,-73.73347687588361,40.749227516245455,14,5,1,3.8154027027397035
1,-73.77899564489019,40.85672685787371,-73.75375805127979,40.86434402895958,18,6,3,2.285174243963457
4,-73.8474551741653,40.77392743753716,-73.82628540151549,40.80217352715403,6,3,3,3.611264557898619
4,-73.80950896612805,40.87477960147107,-73.81233679445788,40.8920163549431,19,4,5,1.9313267016083906
1,-73.89039465426642,40.750120177742026,-73.90061913145628,40.757671799472455,4,5,4,1.2028388538735322
1,-73.96376286594877,40.89830573737076,-73.95929103209414,40.88691506126264,23,2,4,1.3211847858223909
1,-73.85696063676205,40.85793917327415,-73.85359432402807,40.857239335789366,18,5,2,0.29361029457232324
1,-74.03155374970953,40.74299651311475,-74.02284383866025,40.75026644186363,11,1,4,1.0917175973164863
1,-73.91592847245894,40.67085830748735,-73.91381728268276,40.7141783124197,1,0,6,4.820252247254255
1,-73.7974002503001,40.76146515118395,-73.8028328141563,40.77748988755034,9,5,3,1.8396620378078838
1,-73.97215359302864,40.69130931840011,-73.93582555060203,40.656317561395035,23,0,5,4.952302395766958
1,-73.893314355909,40.779465427549425,-73.87581908479255,40.79170579025783,8,2,2,2.00552553100463
6,-73.79897872901653,40.6823738222299,-73.80511827799118,40.65534250242546,9,5,2,3.050021975329955
1,-73.93978693400578,40.62618663930217,-73.93341727628872,40.63032417962162,4,6,5,0.7075462339422399
2,-73.9474063031993,40.68487675074987,-73.92608784135443,40.678349696418046,17,1,5,1.9386388740923952
4,-74.00542377171358,40.754465423629895,-74.00400112386394,40.73934551116311,13,5,6,1.685523648194635
1,-73.94526421895672,40.7706314732771,-73.9641319841126,40.73327195201141,12,4,4,4.447835453151706
5,-73.76927410855853,40.82429227467482,-73.78283598866759,40.838795467935974,5,5,5,1.9755144243608063
1,-73.83502826241916,40.77067008177556,-73.86518012196807,40.76617652217814,13,0,2,2.5879041588976395
1,-73.90298793806782,40.83077505404681,-73.91750659428983,40.84239719197417,1,4,6,1.7781912538012767
1,-73.77352855804703,40.76223023147088,-73.79268522335298,40.74887605177267,17,2,2,2.1928508859878524
1,-73.89272900303105,40.68963867254482,-73.89662634418896,40.68496360745506,18,4,2,0.6149980436100826
1,-73.87214103715195,40.71556982641363,-73.86731773039935,40.735286110106045,18,1,2,2.229709752881596
1,-73.84196474767074,40.75636512473477,-73.85921025091459,40.79379208289061,17,0,4,4.407770142953562
1,-73.92688648738331,40.65751756718579,-73.9030332509746,40.65441685211996,22,1,3,2.041498438534364
4,-73.80058274767988,40.72288844987197,-73.80388507108735,40.71723531145781,3,1,1,0.6874530004917182
2,-74.03150013780778,40.76769388553506,-74.02436548820958,40.79503944162357,17,5,2,3.0994585491866746
1,-73.85489307940423,40.63809448699544,-73.89562673259675,40.65780810386248,14,6,1,4.076153073591118
2,-73.94170856320412,40.68239962347398,-73.91570448110244,40.70189306187813,0,6,4,3.0830299528594307
2,-73.8364263232288,40.80796677442909,-73.81542146023364,40.77020702503544,5,0,4,4.555885799997288
5,-73.88296069068628,40.70666496784121,-73.8856666905177,40.7007195347713,0,0,6,0.6993480846587988
1,-74.04619382373014,40.872368088546224,-74.07601155754534,40.85551140146003,20,1,5,3.1305979365667276
1,-74.04475133575414,40.87703084360368,-74.02471273807124,40.844246396369314,4,2,2,4.016125642782559
1,-74.03371948878026,40.74231787622052,-74.07218197676737,40.717899665191254,9,5,1,4.227996486229206
2,-73.97814767678791,40.691888437389565,-73.98521023802624,40.7028913068241,7,0,6,1.3606491235817295
1,-73.84327769975505,40.73745173897954,-73.83105952545193,40.7173815298506,11,0,6,2.457750366244086
1,-74.04898811693484,40.897169747456886,-74.02675863991111,40.93050907778607,18,3,1,4.15117278007959
2,-73.92025578087456,40.831947924936294,-73.91095536686309,40.83060361129224,1,2,1,0.796634160258976
6,-73.85603360892566,40.606945054357986,-73.85414279356412,40.5815990922956,8,2,4,2.82286058584994
3,-73.77931552886781,40.77960289572025,-73.77826186304425,40.7910478591517,11,6,1,1.2757100150440126
1,-73.99656144764101,40.64525260139756,-74.01170201030912,40.602398334177295,5,2,1,4.933531423055938
5,-74.01912647721315,40.833484488703526,-74.01026908079734,40.84904032581963,7,3,6,1.883384939859065
6,-73.8202759719897,40.677307848964055,-73.83473794870173,40.683317266755175,14,0,2,1.3905862872874246
1,-73.9121675464379,40.851757507342654,-73.91996902411424,40.8357921263604,10,4,5,1.892681504118652
1,-73.78560281205901,40.8807554598388,-73.82024528380781,40.87903356073559,19,3,3,2.9187698210938726
2,-73.99543579055452,40.86823335426344,-74.01090320334586,40.82157503778171,8,4,3,5.348820302509351
1,-73.8383653396881,40.86231660377904,-73.85693001227351,40.8408346604015,8,2,6,2.8537566687500635
3,-73.82744517476192,40.70678563305215,-73.86592828938518,40.677477195770784,11,0,4,4.59867018108115
1,-73.75117626132796,40.8656978030903,-73.75143540643036,40.868712007744485,22,1,2,0.33587191075533096
1,-74.04670047967886,40.68799220884704,-74.03036185535844,40.69830443597384,19,1,5,1.792302835609198
1,-73.8567547872898,40.83044574928083,-73.87030784719904,40.83379177410716,9,0,4,1.1994288394970307
1,-73.91866710668249,40.769808139169704,-73.89928314612351,40.77266582139903,18,0,6,1.6629734343093772
6,-74.01570227631964,40.744847758352584,-74.05369525919095,40.747330360786336,16,1,5,3.212500344361018
1,-73.91971120536483,40.76140143546544,-73.94295386573958,40.75346212063338,0,3,2,2.1475276781555626
1,-73.83070584245704,40.68603677788881,-73.77682807136158,40.6749414817971,6,3,1,4.707797566203487
1,-73.80995861728482,40.76542718672542,-73.81066748937155,40.744545085643615,5,2,2,2.3227512704487854
1,-74.03716501570486,40.85887618737047,-74.0327623656224,40.83823549151321,12,2,3,2.324823798748708
1,-73.86208366125624,40.8062247411313,-73.86419129398595,40.81478093627913,5,5,1,0.9677995720168123
1,-73.81298340827874,40.80420596017267,-73.83611246837457,40.822535695853226,12,1,1,2.8183169931077714
2,-73.81406697882346,40.84695272274347,-73.79542602800258,40.80386352106399,4,6,1,5.0414977495652895
1,-74.01497410985259,40.76081273498975,-74.01934316069601,40.749898182554915,8,4,6,1.2682108260812044
1,-73.84785575627089,40.612558960879646,-73.86689379984875,40.650324959496594,23,1,5,4.496212254906824
1,-73.93645748478178,40.76204794074971,-73.91759294897652,40.75459604349021,7,2,6,1.791983175641409
1,-73.98399622040458,40.74155531657345,-73.97889322149004,40.72559140078624,5,0,6,1.826438231208234
1,-73.8651119331444,40.665263089629256,-73.88595699855951,40.66071067515262,14,6,4,1.829648819928896
1,-73.89817496030628,40.84701216004743,-73.90335525293641,40.88166322602513,20,5,1,3.87757033244366
6,-73.93861427306996,40.665483297889566,-73.91216737346642,40.66292065561142,5,2,5,2.248816213151552
1,-73.79373428022221,40.74798826761847,-73.73330322085819,40.74241520272864,4,5,5,5.128499337203649
6,-73.93717398614932,40.613126218288585,-73.91396683121313,40.57706175081584,9,5,1,4.4633016367724165
1,-73.95565066918606,40.651264440771484,-73.94768301725716,40.69290708974829,5,3,1,4.678953873426217
1,-73.89611177552223,40.61607966757866,-73.90146999553428,40.622616165153666,6,4,2,0.8560394088568762
2,-73.87389869182249,40.71438263657963,-73.85141267983683,40.71207337273622,18,0,6,1.9125259902953993
1,-73.83917815348283,40.740760596205824,-73.81349167919312,40.72583444733263,1,0,3,2.7274271902439833
1,-73.83137186073266,40.88894725707518,-73.82927668703991,40.877449768421485,8,2,4,1.2905389180328946
3,-73.98593297755129,40.831152671408475,-74.02599724732235,40.83117846369741,21,0,2,3.3707875352565333
1,-73.90207730323206,40.607725980166144,-73.90617183674225,40.608189593288635,18,2,3,0.3494716572457157
4,-73.96910564150811,40.765986460515485,-73.9694483988234,40.78765261980761,20,2,3,2.409339863384153
1,-73.87784355012933,40.88210701433972,-73.89129793799562,40.86009317605635,9,2,6,2.6966067306225368
2,-74.03601017117985,40.708324243258645,-74.05714532008058,40.68881783442664,21,4,2,2.806998174477152
1,-73.96165974365282,40.82740332684165,-73.9593383313545,40.78529504429316,21,0,2,4.686302186369763
2,-73.93769781539496,40.64834003603443,-73.96458733083465,40.65134721164417,10,6,6,2.2930225690553625
1,-73.84299126597345,40.86277367695045,-73.84768885754129,40.84671568279212,15,4,2,1.828755425982558
1,-73.82652213244135,40.75763848031077,-73.83667178685774,40.77699391360781,16,6,4,2.3157476738879192
1,-73.76287455476674,40.72181347974481,-73.74614032259079,40.72384978343507,2,3,3,1.428285665318252
1,-73.85312551655886,40.747199250345034,-73.83072202593033,40.72179417421649,8,3,5,3.397554330714486
1,-73.7922720597379,40.808079156609345,-73.79661541382129,40.8430039224435,4,0,3,3.900614719858815
1,-73.92707593394279,40.72025214111768,-73.92435721082985,40.73027676381203,23,4,1,1.1379876265864974
1,-73.91133071022766,40.7400018457156,-73.89934375272051,40.72699948386478,9,5,4,1.7636408026344836
4,-74.03947861615644,40.743418727978195,-74.0645773987351,40.752332762677355,15,1,2,2.33512983352959
1,-74.04022648528235,40.768705398657694,-74.04167389665685,40.77897658918712,1,4,2,1.1485893543357886
1,-73.8646080859458,40.67475600600824,-73.86219767394871,40.6748033260053,15,0,1,0.20334440118443406
1,-73.90446910481828,40.62741354310218,-73.89364877582743,40.62440428879557,3,4,5,0.9725507862817478
1,-73.80956409165279,40.842245630587,-73.78958559200095,40.83528982364316,14,0,4,1.850118175056867
1,-74.00418028166388,40.735784475279814,-74.00025621366069,40.73602042792472,17,3,5,0.33166266841073394
3,-74.00056815942644,40.611249598140155,-73.99094017047858,40.6279080500125,16,0,3,2.0227471264020327
1,-73.88202649412658,40.73855344130113,-73.85447894277415,40.74249017838675,9,3,2,2.3617858099115394
1,-74.0103665795909,40.76144056776983,-74.02024081029943,40.77117411326116,0,5,4,1.3648941378709352
2,-73.98751559241248,40.87572076473895,-74.00505958861686,40.887232549719705,15,6,2,1.9529374425819157
1,-73.9506104978618,40.79118297057161,-73.93450152380035,40.756531460557966,16,1,1,4.084878446883537
1,-73.88753423578714,40.87222392932762,-73.87126688599848,40.847738571848,0,3,6,3.047026451634583
1,-73.83556282646866,40.78810453947567,-73.7842162152428,40.78770955532924,17,2,1,4.323060509631817
2,-74.02337765004246,40.89375425188366,-74.0352868593649,40.92407069600449,20,5,4,3.516457679516261
4,-73.89377639158414,40.79005561769098,-73.91634597546879,40.75125924328599,17,3,4,4.71408274833158
1,-73.96992034064627,40.69270508852077,-74.00082549896204,40.706070052619225,18,3,1,2.9993984014759647
1,-73.85650885448179,40.88119857403453,-73.84842334726108,40.87884447368702,19,3,3,0.7284267295263319
2,-73.82169756150029,40.762477983938346,-73.7853500213516,40.75921835369489,23,0,6,3.08270432151725
1,-73.81850433987432,40.754364230536304,-73.80652175723782,40.761052604367435,5,1,5,1.2536841559472636
1,-73.89097626940486,40.70520687476141,-73.8589666369531,40.73042349770852,6,4,1,3.890995523715623
1,-73.78484611007883,40.76817788032117,-73.77042009430407,40.7293579321287,0,4,6,4.484379943606093
1,-74.02949125003812,40.76396865693494,-74.01578661191196,40.76749113985333,16,5,6,1.2188202049475803
5,-74.0149700920539,40.62852062476746,-74.0461420579879,40.608844097472094,23,6,3,3.4218887310184045
2,-73.97580946035168,40.85044812940256,-73.94773427392077,40.86538653357712,13,0,2,2.886891233423658
1,-73.81200454859966,40.607013316507626,-73.82060094269546,40.58881883514264,2,1,3,2.1493823307838458
1,-73.8287734964134,40.65119566004863,-73.81880430393923,40.64901161474605,17,4,6,0.8753999429704092
1,-73.84867294765122,40.81889240966258,-73.85786358724627,40.82142045186932,22,0,2,0.8228814295194667
1,-73.95203036351235,40.805431976802666,-73.95516351734628,40.79668181502977,17,2,3,1.0080818324167706
1,-74.02850437060492,40.88633174096794,-74.05743215489622,40.853915774501246,14,2,3,4.348435638436775
1,-73.84904943113382,40.60755193891168,-73.83956701790231,40.65824079615943,11,1,5,5.692860165269741
1,-73.83972130910517,40.7166332560252,-73.83560969253134,40.69604946827412,23,2,4,2.314904096543921
1,-73.94269687260827,40.789760775596285,-73.96342297917295,40.810724781804105,8,1,4,2.911630278088633
1,-73.77618337501261,40.742627812891655,-73.81718625541215,40.748833238264325,11,4,3,3.5224414310202117
1,-73.81055394544688,40.60551882779846,-73.77652320485814,40.61501201292672,3,6,3,3.060481403639994
1,-73.75921892427144,40.6632515628509,-73.75279302963399,40.69336560091808,19,0,5,3.392090714574779
2,-73.97328030196793,40.88937186052795,-73.94195201153407,40.889355418262376,2,6,5,2.6334750378278855
1,-74.03781996942382,40.73693538825917,-74.0129804112547,40.764429246758446,4,1,6,3.7046542922223287
1,-73.9653702514385,40.81770955261249,-73.95429921788254,40.830771507029326,3,4,5,1.7254922534801456
1,-73.92466489860603,40.78266169118681,-73.94456043769297,40.76695124327666,18,2,1,2.4204220953216358
1,-73.85216843166516,40.613881063831,-73.83248193905291,40.59829180585082,22,4,1,2.401420971974858
2,-73.88969315412992,40.72709540333584,-73.88402518903902,40.708854263848465,18,4,4,2.0838121830106573
1,-74.01938146445865,40.60849344021557,-74.0160202705927,40.613833796092905,15,4,1,0.6581220490113114
5,-73.83124998915683,40.733654484624765,-73.85279771378879,40.75648534395213,22,6,6,3.1209033496951366
1,-73.75335894243021,40.83980203667422,-73.72599747746756,40.85818529690025,3,2,6,3.0781484288024377
2,-74.01710085110996,40.65213988685003,-73.96801399865738,40.64176410297273,18,2,1,4.299055300938411
1,-73.84009407401958,40.791794475663586,-73.80739690266816,40.79906032606175,12,0,4,2.868567344115954
1,-73.83002178222901,40.63961712697411,-73.82675975637292,40.64551511962345,15,0,2,0.7112378793629355
1,-73.91112769347859,40.71689914886214,-73.88609433055075,40.75280356273484,10,2,4,4.515307096452754
1,-74.04770830161226,40.81707812859434,-74.02283700858439,40.844196619924766,15,4,4,3.670372592494553
1,-73.75191333551079,40.63868636680639,-73.74127477742938,40.63951312202422,3,2,6,0.9023523758728056
1,-73.80916017054822,40.76451146909455,-73.79944688566543,40.767482425292506,2,2,1,0.8822126759517991
2,-73.9206398840666,40.63383776992803,-73.95039349852269,40.61229463128775,6,2,1,3.4704768994920427
1,-73.96031918294905,40.87103624492133,-73.92282725420249,40.86586565597944,11,5,4,3.2045871713083387
1,-73.84652498186105,40.78521135651136,-73.79962501168944,40.76608057132476,12,4,3,4.48568932538965
1,-73.95969409719186,40.74409992394304,-73.98235074434493,40.75200290356211,19,2,2,2.1011816956140823
1,-74.02119476791493,40.62148500676341,-73.99449542587644,40.62219330412612,21,6,4,2.254787819770076
1,-73.92130146680795,40.63346461925659,-73.95174222920284,40.63973848796645,5,6,1,2.661667885393111
2,-73.85596861335522,40.87674916292461,-73.83939194499654,40.90235745140133,9,3,5,3.1701733981383136
3,-73.93113317796022,40.65052565382879,-73.93410939211407,40.66243262310542,3,1,2,1.3475878972539352
1,-74.00375150309381,40.793591661568975,-73.98665300474663,40.76309282453598,11,4,2,3.6842656674025624
1,-74.03549126032142,40.66332584089809,-74.02447398408316,40.65189302784531,23,6,3,1.5747475352979015
1,-73.81179887823853,40.67574511726214,-73.82337097526644,40.68081460293247,20,0,3,1.1269647569642065
4,-73.91988411183395,40.86491068519677,-73.92491946343348,40.87935173390354,17,5,4,1.6606493706791678
1,-73.95060743370298,40.71546560528118,-73.93187864924944,40.73903082335888,7,1,3,3.058900049335093
2,-73.9931630640655,40.669561669307555,-74.01422489142504,40.68935899131669,19,5,5,2.8285035452620124
4,-73.8678003727238,40.77473659974682,-73.89566093599137,40.75159397646988,4,5,3,3.482506739503311
3,-73.93109696625069,40.73687849905427,-73.92108797236264,40.69747250242208,19,2,2,4.462205537120046
4,-73.815977819313,40.84405391371745,-73.77789003965528,40.86756586811931,19,5,3,4.134766739845481
1,-73.99566638514497,40.79460381482251,-73.96244194755816,40.81971149636071,1,3,1,3.9514407223922925
1,-73.91000849081408,40.69572079791186,-73.87276955397566,40.73370237403933,3,1,3,5.261882513451055
1,-73.94276618527932,40.68263398447839,-73.95914489865152,40.68520641193363,14,6,3,1.4103808154347708
1,-73.99042311505191,40.87320974087206,-73.98093811325012,40.85034177710216,4,3,1,2.6649729195647147
1,-73.9931989164463,40.64033983005746,-73.97518180181369,40.653211898316435,17,6,3,2.087882112505684
4,-73.84125303069285,40.70544256345234,-73.791727373643,40.69071533390791,13,0,1,4.484833875569362
1,-73.75078709422137,40.75093973279394,-73.77289308221329,40.778225567108954,17,2,4,3.559707962100495
1,-73.78821634753672,40.810046796893715,-73.76688531774965,40.83876797783336,8,3,2,3.6634563673525573
1,-73.94573071565148,40.82459685821055,-73.94939424943755,40.822497134232144,12,6,2,0.3867034210270289
1,-73.78341745286936,40.843933080541234,-73.80399761654826,40.84163443709834,23,0,1,1.7499645891071571
1,-73.99691410921004,40.65029164600821,-73.94405654171223,40.62280408317488,15,2,1,5.406956734466438
1,-73.82713657728449,40.73132181958529,-73.82435616924035,40.75728025856249,3,1,4,2.8959351497910726
1,-73.85680967015729,40.60857120569278,-73.90366467831511,40.61062213966761,22,2,5,3.961834391236359
6,-74.02072073804537,40.75059076618826,-74.05697160455357,40.73072551797467,8,1,3,3.769200758779303
1,-74.00573270800679,40.65085853542281,-74.00436607744469,40.621992897484645,23,4,3,3.211783379793354
1,-73.94651796867348,40.756096218171315,-73.935050550374,40.74163827686843,8,4,3,1.875552456245104
1,-74.00361773897889,40.74845071155216,-74.03433656337403,40.7337583951711,6,1,5,3.060532072111701
1,-74.00449286527922,40.65757758599432,-73.95509338878419,40.642760339495865,5,1,2,4.481389065033102
1,-73.99354852124615,40.78108841270485,-73.96627592859879,40.79252631882938,14,4,4,2.6248130069478015
1,-73.94272686971266,40.611097033555126,-73.9561641140302,40.584849092416235,12,4,4,3.1313802545456797
2,-74.04614931958098,40.79614604983412,-74.06136494693172,40.78433142839327,19,1,5,1.8348584225013531
2,-73.79596822552274,40.87922447961454,-73.75806404298513,40.843428636930135,20,1,5,5.099381583589278
1,-73.95662180135513,40.610051949754215,-73.96293097330137,40.595305257648846,4,4,5,1.7240979173322815
1,-73.85662633123574,40.82102772703794,-73.83257148612965,40.8062593105104,15,0,1,2.6066899224230804
1,-73.8953594292952,40.79955958486416,-73.8777173350244,40.80024935015439,4,6,2,1.486987307414761
1,-73.87721854977646,40.86405032222116,-73.89754118375747,40.87747447079018,4,4,4,2.2689613477529615
1,-74.01916119310559,40.6270412041766,-74.00770546309273,40.64455762828016,1,1,1,2.174420697576585
5,-74.00103401021498,40.805715766475736,-73.97570998434624,40.78083530061149,20,0,4,3.4926663535391183
1,-73.77253774940118,40.84959840061152,-73.7786203702884,40.841105061235275,1,3,5,1.0741072352171863
2,-74.04795401649923,40.83985361397891,-74.03969141112552,40.861120975438816,23,6,2,2.4648257542188343
1,-73.8120656869931,40.7509376186896,-73.81060082096431,40.7643243139867,6,1,3,1.4936373395942117
1,-73.80726183239257,40.67373796819637,-73.83247294589886,40.64747572752291,22,6,2,3.6124830351876263
1,-74.04916168485389,40.60318232427547,-74.0269542620793,40.60352537062264,21,3,4,1.8752026229378658
1,-73.89256059588402,40.68103414209338,-73.87878115320187,40.66702481318745,7,6,3,1.9434610672986776
1,-73.77666015676286,40.688461642512934,-73.81006308565999,40.666102816273536,23,2,2,3.7570966539415545
1,-73.96544208099981,40.67242796624723,-73.95786794164552,40.65318017551762,4,1,3,2.233571751169176
3,-73.80451972955213,40.71975374302709,-73.7987602589546,40.71379944004027,0,0,6,0.8209622165713606
1,-73.97399318126557,40.770203258054195,-73.97892383408545,40.7598078316848,14,2,1,1.2282433891500077
6,-74.01315203722758,40.69788857969631,-74.02380748963853,40.68568176174494,0,1,6,1.6277085945908727
4,-73.8534021785852,40.896626025158575,-73.86515274296455,40.87736832164983,0,3,1,2.3582103981601428
1,-73.99693511795216,40.71349147389505,-73.99568055916194,40.709579838309615,2,5,2,0.44762300008750666
2,-73.88379937549432,40.76096905397204,-73.89763897649932,40.77246335002846,7,3,1,1.7297376212194455
1,-73.77398454793496,40.60239285020245,-73.7623931494967,40.61474545035727,5,3,6,1.6864453162180897
1,-73.95160049548869,40.77576390361783,-73.93100982276806,40.75936281558225,23,5,5,2.5165179446122092
1,-73.91468379827306,40.73972142826797,-73.89990927750945,40.728696777091386,1,2,2,1.7471340140200458
1,-73.7773545211595,40.64774305667256,-73.80148473792752,40.6453215966091,17,2,4,2.0535541577701264
1,-73.80506558737703,40.68710739628713,-73.83280099231214,40.6686728970152,1,4,4,3.1100126013479716
1,-74.03475037043977,40.605415019067344,-74.01652981750014,40.59841891110476,21,4,6,1.7237853269405723
1,-73.9367020267338,40.655409416323415,-73.91642917745153,40.67019867103055,22,3,3,2.372412725146678
1,-73.98807733969242,40.71110022340034,-73.98828174954602,40.73414394047753,14,6,1,2.5624023326619896
2,-73.91785549321047,40.87167160883402,-73.9265743615197,40.90594903515808,1,5,5,3.881303804758476
1,-73.752699807972,40.67343431829195,-73.72192856605905,40.68460666561196,19,2,3,2.876907386424455
1,-73.76558423712373,40.75503112272321,-73.7625972648114,40.7621290133562,8,1,1,0.828376903168661
3,-74.00071222974205,40.65695173314246,-73.98418285388813,40.66728150426549,20,2,4,1.8064331868182495
1,-73.9318883731213,40.65686863714459,-73.93504068654383,40.642509748355984,1,6,3,1.618632376234829
1,-73.81862283402464,40.75194880044176,-73.7912318334592,40.73511767207728,21,0,3,2.9711158057756784
2,-73.9938896242922,40.8255350363313,-74.01972993095514,40.819562225426935,18,3,5,2.2735123639558625
2,-74.02941391331578,40.60513736194701,-74.0102052735891,40.61512923167168,6,1,1,1.9656125081303424
1,-73.75669597353878,40.784443402337814,-73.7862944006039,40.806174124992665,11,3,1,3.470845815983749
1,-73.94151146219792,40.86508244935271,-73.95600368520115,40.84604641647061,8,3,6,2.4425498741349343
1,-73.924797899452,40.80230164636825,-73.94289858479253,40.81346664849837,1,4,4,1.9652300048249647
2,-73.80971250531978,40.645938420822986,-73.79690818478227,40.630623713382754,22,6,5,2.0167350421945645
1,-73.83914598784695,40.89788935797174,-73.83738355816021,40.87281021711092,18,0,5,2.7926062587549882
1,-73.96172692717471,40.69502884589796,-73.96773747161106,40.6815166412976,17,1,5,1.5856545129599129
1,-73.9673222150068,40.73163622995696,-73.9618656722903,40.73411856955398,2,3,3,0.5362566794741171
1,-73.80509968033148,40.847537754199905,-73.79106329843744,40.824272346239475,11,6,5,2.843760410544296
1,-73.88448721475528,40.64757429028924,-73.92138504355245,40.63085704849566,9,0,4,3.6260652491479233
1,-73.9830054858178,40.862088316420085,-73.9777567982058,40.84112435523056,6,6,1,2.372519534047486
1,-73.88573670373171,40.76580773614862,-73.89007746497687,40.76327486682184,1,6,4,0.46148345170204935
1,-73.89057542787758,40.650570953626456,-73.86153563170433,40.67672854271116,6,2,2,3.802566674826647
4,-73.94628529165713,40.7563277217517,-73.95533777959672,40.7846256395911,1,2,2,3.237612217310952
1,-73.93502909667725,40.660152455645274,-73.93549422519129,40.6766822107489,13,5,6,1.8384434962969949
3,-73.96159986349255,40.73956410310971,-73.96360385002905,40.71277379833715,6,4,1,2.983728632296031
1,-73.84895122673821,40.64471507292164,-73.85039390265932,40.662167781392846,9,3,5,1.9444650714773488
1,-73.80421412911477,40.81728860588008,-73.80927564734463,40.81850950266265,8,3,1,0.4470451306819954
1,-73.82079949135579,40.70954288842037,-73.7993602828646,40.728729096247626,23,2,1,2.7957172889779565
3,-73.88865048664827,40.736924624424624,-73.88027381181499,40.72305346112832,20,5,5,1.6962367600823567
2,-73.82647821562256,40.83399622058733,-73.81101535844184,40.84084564829471,8,4,3,1.507396245344183
4,-73.79208191998065,40.86664692001051,-73.74832164979601,40.861116690194,9,0,6,3.730955480329319
1,-73.97504316695175,40.630422520429114,-73.98117366081722,40.647937490876515,3,4,4,2.0150996561097427
1,-73.97468460266822,40.80036776474159,-73.96376074833975,40.7931441869781,21,5,5,1.220959501234255
2,-73.9951933195278,40.6073818087375,-73.99509284299019,40.62589837401147,2,3,1,2.058965583599808
6,-74.03978518553393,40.82991167110397,-74.05010666770299,40.85377338195995,9,3,3,2.791750313303022
1,-73.94411400053356,40.78302545408219,-73.94558894146864,40.80351272414923,23,1,2,2.281461701921876
2,-73.93367754150194,40.77903900790387,-73.9653090798186,40.80572228396971,18,4,3,3.986749708813255
2,-73.96571876849734,40.62271064084746,-73.99266282569619,40.633733775110294,6,3,4,2.5831700908235153
1,-73.80209099714435,40.80216002944496,-73.79396984679283,40.77234858097952,14,0,3,3.384658909187313
1,-73.85511855716958,40.68331850733322,-73.88143905838388,40.67692803191534,21,3,4,2.3304740086871827
4,-73.96127016064086,40.665283475619184,-73.96154422104048,40.65986276854042,4,0,5,0.6031982364839
1,-73.91263778434826,40.765076003214006,-73.88065186636865,40.77557413476401,6,2,4,2.935657865588914
1,-73.87368634106322,40.60585422830133,-73.86111438132684,40.615116263489035,0,0,4,1.4788248907350996
1,-73.9673212195688,40.71987167761427,-73.99154846438498,40.69774287485082,12,3,4,3.1976226787186817
2,-73.82142298548305,40.62544529306045,-73.84819043171652,40.64204281010045,23,6,2,2.916860357463761
2,-73.91464792613799,40.817324597896615,-73.9123044706642,40.831965344236075,2,6,4,1.6398750028111289
1,-73.97578725414017,40.86033152255142,-74.01365211632043,40.8476263425029,3,6,5,3.4839379934188996
2,-73.75830179473085,40.889360877465464,-73.79047537196534,40.89632778269183,21,3,6,2.8131561381770687
1,-73.86870201631093,40.80101426372961,-73.86481680857531,40.7550728023839,1,6,1,5.118921654667796
3,-73.85522358236109,40.604605836058155,-73.8608488799798,40.60671519092435,19,3,6,0.529652320279294
4,-73.93151187171689,40.85466619887577,-73.91200561641885,40.87210739251973,18,6,6,2.5400620721203593
1,-73.79640646560097,40.6654131863274,-73.78497371459602,40.62369753833303,0,2,3,4.737800314237502
1,-73.9624289228031,40.64639501860138,-73.95307763370674,40.64363607929884,11,0,5,0.846515463199351
1,-73.94720120089266,40.73954059055667,-73.94856441250774,40.76398750157501,10,3,6,2.7207967454939554
2,-73.78641072214809,40.885243063834466,-73.82184116437931,40.89409953676545,17,2,1,3.136882394276728
1,-73.95903625893312,40.77690918240313,-73.98133596743479,40.77847934464316,1,2,4,1.8857862258725218
1,-74.00892413413432,40.77669451002802,-74.00070085704729,40.77992189118567,3,4,3,0.7798855095639654
1,-73.79277889599665,40.63434470154037,-73.79842648735722,40.6276303016517,2,4,6,0.885753444192418
3,-73.92076597184295,40.801825509351815,-73.90955221178167,40.80914272945366,9,2,5,1.2461219310667682
1,-74.01895623200386,40.659653921523805,-74.0341736745446,40.658714822283464,3,1,3,1.2878670522719016
2,-73.88413918194227,40.81035894087083,-73.91649036337952,40.755826390056534,23,2,6,6.647419369881759
2,-73.90000594717858,40.87388892457545,-73.89523143767944,40.872411867282295,6,4,3,0.433744623493035
1,-73.87829364639171,40.79473222868101,-73.92819882165212,40.790417101372995,21,4,1,4.228500028355848
3,-73.95531591219363,40.73189013201996,-73.95002422465987,40.720566744170554,20,4,1,1.3357332231218308
1,-74.028150181303,40.78814843476393,-73.99530371440956,40.78705799361313,18,2,5,2.7679920803576765
1,-73.81794794535972,40.87772207848217,-73.8325780840443,40.8588498337996,8,0,4,2.432510862490066
2,-73.80818425594398,40.80027223700503,-73.83148053136897,40.8010134186812,4,3,4,1.9626530772837312
1,-74.02520348146305,40.84914938353082,-74.0350461395389,40.82538196331489,10,5,5,2.7694970828958674
1,-73.83028148624282,40.742426702114024,-73.82394145326029,40.7467448298397,13,5,4,0.718207915918999
5,-73.90160984109403,40.610150432260106,-73.89710825741942,40.59553260630878,10,5,4,1.6692652681208624
1,-73.93762985873708,40.734786511277306,-73.9279435539321,40.76436345169882,15,5,1,3.3885135746753132
4,-73.93738143380465,40.769029601502865,-73.93479603126808,40.75971842070578,14,5,3,1.0580042956124625
5,-73.95077251383987,40.864702415845606,-73.96547266233213,40.892817553026376,9,4,2,3.361689578677648
2,-73.88958809221609,40.723501457361536,-73.8617669658237,40.78192103932682,1,6,2,6.905752927265288
1,-73.89853655139329,40.640396322378585,-73.89517945765124,40.65522841252104,19,2,3,1.6733958073794564
1,-73.79519987361563,40.84624146961184,-73.8143207315494,40.826266405097385,10,4,5,2.742442982457445
1,-73.87692672763049,40.72999154337628,-73.89651750309656,40.74779639351044,20,5,6,2.577588611385551
4,-73.93047244937816,40.72219697396617,-73.92689605599658,40.72057283655073,6,1,3,0.3513604717534657
1,-73.92330240265612,40.88420141361949,-73.91905353496092,40.872455210031625,21,3,2,1.3540872686320409
1,-73.7958825427385,40.79105632803055,-73.78746352830326,40.814363375126746,16,1,6,2.6867607379795175
1,-73.93442251596812,40.85176570313588,-73.95961133003935,40.83797225937261,5,0,5,2.6156790357774167
1,-73.84389284857863,40.8318810199295,-73.84412212576018,40.808959686715475,13,3,4,2.548808986586254
1,-74.01549636717024,40.68248658555956,-74.04932545446091,40.67616356387194,8,3,1,2.938066059495134
1,-74.02194529525919,40.88652376674999,-74.03820884119003,40.88590926826647,12,3,2,1.368894608104735
1,-73.93389572021016,40.827841263911864,-73.95834704504178,40.83321142218521,23,1,3,2.142129870898516
1,-73.92046547924468,40.78111974368914,-73.97261746947039,40.79662103607086,21,5,5,4.716799373841809
1,-73.79951975544208,40.634834210723625,-73.81352255079143,40.61268123034925,4,4,6,2.732120490914093
1,-74.03001191171671,40.75328211308522,-74.04006831335879,40.75790345732463,1,0,5,0.9907383014832978
1,-73.90021497965108,40.70045245862207,-73.8910817786529,40.700635314934665,21,5,5,0.7701973081035458
1,-73.96959011021443,40.788507568792575,-73.95327608596904,40.79246772353732,4,4,4,1.4422802330892963
1,-73.83099670336763,40.85528165236993,-73.8687551063497,40.87751079378494,20,4,1,4.023787118777382
1,-73.84247628621672,40.80313598174632,-73.85035506850332,40.813019052007675,5,5,4,1.2835097608141617
1,-73.91780389392177,40.715008564521334,-73.88449616288692,40.713653566345414,7,5,1,2.8113009607904953
4,-73.87185103776545,40.60628360581955,-73.87806105653185,40.602379857080074,21,5,6,0.6806404663093409
4,-73.80770137670034,40.82145687296155,-73.80274629352014,40.83236059768683,7,2,3,1.2821194859451752
4,-73.83539180798506,40.71703417705191,-73.84946902465722,40.73524235233439,11,4,2,2.3465787256424377
1,-73.92020565261157,40.80303979433384,-73.92210452008992,40.80956756757428,2,6,6,0.7432417745236192
1,-73.8274967621055,40.73482028414262,-73.8054512431677,40.72016166360389,21,5,3,2.4713919182257436
5,-73.97480766454747,40.79335225132292,-73.98267109892502,40.82328863445321,0,2,3,3.393925950742242
2,-73.9408394618133,40.74345597260271,-73.95089355068201,40.741382344696255,6,6,2,0.8778495918230833
4,-73.95717189064021,40.84548618327094,-73.94113141801841,40.850879672428555,3,4,4,1.476496847366525
1,-73.99286495331773,40.87946843271055,-74.01784106938757,40.84309943595904,19,3,5,4.556971945730711
2,-74.04509600042914,40.88264921839495,-74.05773673192665,40.867802986909105,7,5,6,1.963364307824991
4,-73.79736741336121,40.67088808185731,-73.80499423985502,40.647977423799574,5,3,2,2.6275253690005465
1,-73.79149660414164,40.60128613042508,-73.78708430793705,40.62340170609248,8,4,1,2.487184476189701
6,-73.95124365800564,40.814336264649015,-73.90362142828147,40.82456713677547,21,1,2,4.165725445437573
2,-73.89791851637277,40.62271506913249,-73.8680403079014,40.62400639960043,9,6,2,2.525734138853311
1,-74.02742844767442,40.69494110485745,-74.03250952630196,40.68270037582528,6,5,4,1.426936430466642
2,-73.97178740830188,40.848100149109705,-73.98188802765657,40.856322935100714,12,1,3,1.2480874372658572
1,-73.92139716525638,40.80986236147063,-73.88745954393931,40.81882237211709,19,5,1,3.0248373510334545
1,-73.97023645438446,40.85227532422051,-73.98935246519733,40.85242495461296,22,3,2,1.6078876659232195
1,-73.87845700161769,40.893588235348226,-73.86834385054168,40.9335846923733,2,1,6,4.52786535887395
1,-73.80967722392515,40.79980624854175,-73.78773212350855,40.81151008854376,6,3,3,2.259480933188448
1,-73.95440357377979,40.64968467073635,-73.96332735660066,40.6209721569688,9,0,5,3.280284814528259
1,-74.03839292364992,40.82772235401928,-74.04091702450057,40.82497686438935,6,0,1,0.3718919402563413
1,-73.92272144091143,40.61251323717666,-73.92251557242292,40.61807336065353,10,3,1,0.6185016738486898
1,-73.79014956646238,40.739341957849646,-73.80910302380684,40.74812522912176,19,2,1,1.8717463211821397
1,-73.99071802558274,40.61752303957515,-73.96788594260141,40.64028616979918,7,6,1,3.1810850206749244
1,-73.75394148924093,40.69258208028134,-73.73799107311123,40.667750473810976,8,1,6,3.0713272836172463
1,-73.75188984298354,40.64231732679452,-73.742581191553,40.65359741801448,15,4,5,1.479863934928048
1,-73.75658967637165,40.68104669176938,-73.75573182768314,40.67854424619051,11,5,1,0.2875085510357798
1,-73.82571859963468,40.672042077586454,-73.82575964198233,40.65798236810721,6,5,6,1.5633721967636647
2,-73.75907200862234,40.69805458555106,-73.76003587316697,40.69000517396491,5,6,6,0.8987350276014027
2,-73.93858172727593,40.75102052996505,-73.91056563215369,40.73566144356218,11,4,4,2.9133292643324498
4,-73.76501721793373,40.8399330691465,-73.7644473094115,40.8657032342476,5,6,3,2.8659124957972804
1,-73.99393578638482,40.61197098118339,-73.99100369485416,40.61711885229526,9,5,4,0.6236303042211514
1,-73.92560494666144,40.69221551424601,-73.91141003179689,40.64988481362186,3,6,2,4.856815707883198
1,-73.86492966128807,40.82012567482498,-73.86199130469913,40.81739919924816,5,2,3,0.3912177864688741
2,-73.932582992059,40.72145786002334,-73.94125814183724,40.70504221327391,20,0,5,1.966334569719833
1,-73.78878409700322,40.87935161840144,-73.80385056342115,40.84222167829478,19,1,5,4.318707982196697
1,-73.7784701136197,40.77840197391697,-73.785382864649,40.78111037351775,0,0,2,0.6553482656666836
4,-73.86196916147266,40.66484055360259,-73.88749405250334,40.69768914844416,3,0,4,4.239595057584729
1,-73.9336298905184,40.62616952735167,-73.94173035507829,40.61267973112375,6,0,6,1.6484649022559226
1,-73.78624557823252,40.70112324699545,-73.77386067150488,40.700031665229936,7,0,2,1.0510790482629166
6,-73.85740483360576,40.73877790817334,-73.8558154132455,40.75851154525425,6,5,6,2.1983614458723255
1,-74.0183654083746,40.857892043376424,-73.99422389474331,40.83350385061816,17,0,4,3.3878885900377336
1,-73.87919591665208,40.60899985382952,-73.84687502603865,40.6196658461744,23,2,2,2.974817947526815
1,-73.99944361717526,40.84071096488771,-74.0151419556816,40.834665933118984,2,2,1,1.4818622777720234
1,-74.04551260162197,40.674728995564166,-74.0386693644226,40.68966064271682,1,0,3,1.7577409846294187
2,-73.93758868900984,40.88548248542007,-73.94154417765756,40.908386170978495,12,3,3,2.5683822447623825
6,-73.80690024772724,40.628244569845144,-73.8060990073433,40.6054097420451,2,3,3,2.5400174968291505
2,-73.81996744014221,40.63642367589194,-73.82473377605636,40.63825100901089,4,1,6,0.4505968666311415
1,-73.82863003841457,40.87288245403761,-73.81933428192274,40.89701637708352,4,5,4,2.795035741617037
2,-73.88125739936504,40.6440528618445,-73.92124055157255,40.61785219294764,23,0,4,4.457839516305658
1,-74.02592256400426,40.6931230794965,-74.02008283548116,40.7086822839489,18,4,4,1.7987795574516163
1,-73.75052682584102,40.825828852340784,-73.73620414958181,40.857580082838666,23,2,5,3.7304963115917946
2,-73.99536722129707,40.84660520501539,-74.00116337033026,40.86259035993204,8,0,1,1.843104225437864
3,-73.77641194940664,40.86140921044588,-73.76051332650202,40.84526408208564,12,3,5,2.238522317734753
4,-74.02952520829442,40.81985578998116,-74.04951214998616,40.781060038444906,17,3,3,4.63033690615314
2,-74.0268932540279,40.83657376507579,-74.06244623400362,40.85382488193645,9,1,4,3.552929614414848
1,-73.84880977154954,40.75952475431075,-73.85714111401215,40.7825576569026,8,4,6,2.655498844218876
2,-73.9696377051776,40.64432377263226,-74.00572059241999,40.64308720901037,5,0,2,3.047485024550857
1,-73.7572052717211,40.70347512139419,-73.77316822996778,40.723430018374565,0,3,2,2.594915981211884
1,-73.99568129412312,40.763662182568325,-73.99628146059476,40.73327863072706,19,1,6,3.378875082457469
1,-73.80470909924995,40.71369043810554,-73.81887295961852,40.71859530441919,5,3,1,1.31242428410005
1,-74.034750200736,40.79084087611331,-74.01772141785355,40.819925939803845,19,2,3,3.5374743581855435
6,-73.88449268616746,40.63053815837018,-73.88409175546934,40.63149941666917,3,2,2,0.11211405191211343
1,-74.00617888481248,40.6153113922252,-73.99110398428704,40.61007132987965,11,3,3,1.399546343753297
4,-73.9550612577017,40.8713407817068,-73.9683099257703,40.86361391355462,0,2,4,1.406887541965259
3,-73.85469001059904,40.793782051228405,-73.83724858420754,40.796143487075696,18,2,5,1.4915214568775028
1,-73.9782399876492,40.72940074279225,-74.02547939020408,40.76575376832552,14,0,1,5.67240084996636
1,-73.88177821385123,40.753573034773126,-73.87931074764292,40.760231376199755,22,2,3,0.7689910277394861
1,-73.77297801810448,40.732586560487526,-73.7486137700143,40.74969211525862,7,1,1,2.7984255915664664
1,-74.04621404137325,40.62921017102258,-74.05142050021036,40.63844562416079,15,4,1,1.1169689167832082
1,-73.84454409900154,40.68727642159827,-73.8439267170079,40.74092861452245,20,4,6,5.966078577923712
4,-73.81662955165389,40.668083163029,-73.83091758938342,40.67097877971857,19,5,3,1.2473157389602845
4,-73.84175338806233,40.78231755346181,-73.81747641310065,40.79519343805789,18,5,6,2.495421183858188
1,-73.83527678829986,40.85704764125185,-73.8016586681746,40.88656100172651,19,3,3,4.331289866311285
1,-73.9713048356506,40.847826032168626,-73.98610429247387,40.87390672682957,18,5,3,3.155825275205598
1,-73.9600072354695,40.694924497903656,-73.94535476330702,40.69398960565041,20,5,1,1.2396826634415083
1,-73.9047647406995,40.685434460439325,-73.94370696126133,40.70896588544592,5,2,1,4.19815612442665
1,-73.96126405829581,40.85168344383115,-73.96060116987749,40.8311426153669,15,1,6,2.284716522137076
1,-73.84592914111506,40.80492978709036,-73.85477750321164,40.79579174465669,20,2,1,1.2598378517050448
1,-73.79165866549634,40.708005716049456,-73.81322180843895,40.713948218882976,6,5,5,1.9338792065318802
1,-73.91578945660244,40.74455819571589,-73.92282550900619,40.75313784592563,10,3,1,1.1231410197100937
1,-73.86198402311514,40.680330088389475,-73.85178339890518,40.72284269447818,4,4,3,4.804759629090459
1,-73.7764047411677,40.73127234053285,-73.76423928225937,40.70763589263823,14,6,4,2.8211462624961654
1,-74.04636606517003,40.648533769142794,-74.04976772180166,40.649726967929205,13,0,4,0.3161667082366865
1,-73.93612272587357,40.71271607039191,-73.94500356979063,40.74165969823906,18,6,1,3.3042450566372135
1,-73.89855939003778,40.613990463593375,-73.92954220502372,40.62576921266942,4,5,1,2.924670474535829
2,-74.03315486379265,40.73096329238846,-74.02461956810595,40.756093176024905,20,6,1,2.885350603321697
1,-73.85390906652698,40.64700800015576,-73.8415517365502,40.64816432539483,16,6,5,1.0504495055228802
5,-73.84790264374529,40.716062736916314,-73.82765645352926,40.732037814789955,11,6,5,2.462998903929687
1,-73.75392311304893,40.63009912828516,-73.74771125146619,40.63032690722939,10,0,6,0.5248239749324255
2,-73.88545797364738,40.877767166117785,-73.87109908013743,40.894587303905,9,1,5,2.226006445232976
1,-73.86804234826106,40.860048661630394,-73.88306448275755,40.89244803624321,21,1,2,3.8176271885997104
1,-73.9831266463511,40.845028805623414,-73.99859523129219,40.82802613740772,13,0,6,2.295186985049369
1,-73.91694394468277,40.80968722210144,-73.92315879704093,40.818439818018646,16,6,1,1.1048766527581932
1,-73.79107960112395,40.649860432800715,-73.78957383945897,40.62060403582117,6,2,5,3.2556432887640305
5,-74.01439581542279,40.72210890896361,-74.03383871202007,40.71240978689325,0,6,5,1.9616928874839885
1,-73.881066473679,40.869464678108486,-73.87184750352175,40.83610192066434,15,2,3,3.789934469596286
1,-74.01959935476022,40.74809554837341,-74.02586476555595,40.735522658071886,10,3,4,1.494370306574502
1,-73.91237334040316,40.771170126777236,-73.89680376064308,40.727763491881085,21,3,6,5.001620779879385
1,-74.01218421731427,40.6510401394436,-74.05631485173406,40.66669412046283,18,2,3,4.109396205988722
1,-73.94682169103437,40.68455788233356,-73.97667686022189,40.68687876226101,18,0,2,2.5305445805438813
1,-73.79943273869821,40.82414776654655,-73.83961388064554,40.859507340998114,4,4,5,5.184978578874792
1,-73.8002045493242,40.70323254019689,-73.8005018861505,40.731817184131565,11,3,1,3.178566167192062
1,-73.78937218398167,40.85392672550797,-73.78934967007851,40.819095846930495,6,4,1,3.8730174515148788
5,-74.02614484464262,40.64293085957949,-74.05284694064615,40.60093448296476,7,0,2,5.1851500003494495
1,-73.91662572909547,40.852799273888785,-73.95874659919771,40.86192532838856,16,4,5,3.68489846546094
4,-73.97750861557678,40.7734932191613,-73.99445929729725,40.7991187524569,19,5,6,3.1868267790682774
1,-73.7915504131438,40.83168402871713,-73.77248681690769,40.82984207143946,3,3,6,1.616939817527486
1,-73.95577678707404,40.81934186759432,-73.94827976496573,40.80809515525196,7,4,6,1.4007172346447405
1,-73.98718559996627,40.688471534804336,-73.95740138912262,40.67781337439787,16,2,3,2.7770482253436133
2,-73.83277082716829,40.8448642463593,-73.78958794864673,40.81283446379854,9,5,6,5.087776563154593
1,-73.88698903382681,40.60137535940358,-73.88300374572194,40.63047901755736,14,2,2,3.2536150750555093
1,-73.93955094584462,40.80822128915277,-73.95024269121198,40.83533824910808,21,6,6,3.1466255752373
1,-73.88686682740908,40.7565115628779,-73.85984055997864,40.80296519195646,12,4,3,5.644449411883088
1,-73.81733546476171,40.63782153246408,-73.79918396745317,40.6126652899862,5,6,6,3.1892483262852886
4,-74.04153485777866,40.72105171533304,-74.02663175404473,40.691035281502465,5,4,4,3.566256306353741
2,-73.84554108066263,40.67593549922733,-73.83178641213424,40.66591580716257,2,4,6,1.6084105397651134
1,-74.0083631098792,40.75837063752106,-74.01077413304706,40.75274179415903,9,4,6,0.6580207878463799
1,-73.80644001397297,40.81776834166984,-73.79958074340566,40.824532858687334,19,2,6,0.9481144646211486
1,-73.81734427584286,40.60606943851153,-73.83252317490894,40.63506336974217,11,1,2,3.4691920489976944
1,-74.04065129403985,40.75835720144139,-74.05908446761266,40.78263843315197,23,6,1,3.1143719889406922
5,-73.77401958046558,40.708934520366505,-73.76435683255852,40.6719059662228,8,6,5,4.197213845081578
1,-73.91757868003705,40.75578497937536,-73.92765947336731,40.775032966768975,23,5,2,2.3025125596883846
2,-73.86422193586368,40.63927796784846,-73.89232209083058,40.62507797433713,5,1,5,2.8488720078321483
1,-73.81080266097993,40.65682230520904,-73.84649223016997,40.669589870711135,22,0,1,3.3282910491390902
1,-73.99896962614355,40.813791385429475,-73.99670318354316,40.784859353867965,4,0,6,3.2227468267499897
1,-73.97868119131653,40.87700833772034,-73.98650751272244,40.87699849879209,15,4,3,0.6580089405422503
1,-74.02709930735006,40.68232873683189,-74.0331859901412,40.67568327127471,6,1,6,0.8997137270258693
1,-73.87854214028879,40.8200231330278,-73.88711924434433,40.823856119087786,20,1,1,0.8381818237305153
1,-73.93002741101186,40.758550686228354,-73.88399029413334,40.76505175167765,22,5,4,3.9441687764862783
1,-73.9935371870637,40.67011259152888,-74.01436637040956,40.70099559586464,16,3,3,3.8570919561656365
1,-73.9632397337527,40.82979926321164,-74.00005700675774,40.836495962033744,6,4,5,3.1857575696710283
2,-73.96515345654149,40.88175286748129,-73.99701004177994,40.85477371056443,22,4,5,4.0218532253930155
2,-73.76967987029545,40.82573722430352,-73.77149260199597,40.830319948728025,12,4,6,0.5319115407063352
4,-73.96695796086516,40.78884144849486,-73.94113507790972,40.757731070186594,6,3,4,4.085985284372785
4,-73.93546616844704,40.86872661362634,-73.92613989377783,40.88129788509946,4,2,4,1.6027775661022823
1,-73.99738342443402,40.70461670464009,-74.00862358648874,40.71053939960874,20,0,5,1.1538511401815574
1,-73.90591335406283,40.80901698196618,-73.94110203821283,40.81343216747567,19,0,6,3.0018898642448177
1,-73.99129567436499,40.85304259949234,-73.97991621148442,40.86864386065509,11,4,3,1.9812292684281372
1,-73.85347260674578,40.888230998167,-73.83890359583584,40.88288897952675,13,6,5,1.361196119182787
2,-73.83564967222965,40.79802329348854,-73.84375755300238,40.8231684489344,5,5,2,2.8780745536266803
1,-73.83239473842987,40.624330732304195,-73.85134541457977,40.59033797448243,10,1,3,4.104428955564244
1,-73.77598861085254,40.688087584695374,-73.77845781962247,40.73704687227408,20,3,1,5.44800093007005
1,-73.96960149263091,40.88430858456762,-73.96725020845088,40.86879094114395,21,4,5,1.7367708915069242
2,-73.99656022090099,40.671949576652224,-74.03713947766256,40.678041814733184,11,0,4,3.488548359915941
1,-73.93387696941953,40.773722466499706,-73.94453284653679,40.79437699396785,23,0,1,2.4656915941330104
2,-73.9371672612467,40.6587179353913,-73.95080778854287,40.67341641547288,8,1,3,1.9987201418247127
2,-73.85235457053759,40.69334235851576,-73.8660453755312,40.67203350435853,9,3,6,2.6357106529492627
3,-73.9885921511251,40.81706275721501,-73.98087780461753,40.81810314901769,20,6,6,0.6594028126998803
6,-74.04117218004978,40.71313344431674,-74.03681373686565,40.68100175289074,0,2,3,3.591724977505827
6,-73.91934026753583,40.69668427891247,-73.93540561671479,40.68554761525838,13,5,3,1.8352545334505859
2,-73.76199447459224,40.82719808651048,-73.76133150106676,40.84800180099404,18,2,4,2.313939765657067
2,-73.98011274195316,40.861091788970334,-73.972073025911,40.867842236008485,10,4,5,1.0102001260633737
1,-73.91240780104049,40.69911722517593,-73.91265066207393,40.68645775142448,10,2,3,1.4078181632763875
3,-73.80753656570492,40.71683464288786,-73.80616504730894,40.7296800542246,22,5,4,1.4330132070969475
2,-73.91081584307071,40.74801874840782,-73.92912595344882,40.78512190982025,0,1,5,4.404436573074015
3,-73.97349947259193,40.724560064420885,-74.00766403239149,40.77480218421287,1,0,4,6.284381045888247
2,-73.82034060053572,40.73220483015598,-73.8054090865636,40.74333354723745,21,3,2,1.764630651338979
1,-73.98761429785066,40.7641750453144,-74.00535658160558,40.76469809143698,10,2,3,1.495370468883022
1,-73.78323231937453,40.6171893325848,-73.75933361607194,40.57593287980285,20,4,4,5.011662187430195
1,-73.84774958783301,40.82751651894907,-73.83215377146134,40.812259524838865,10,4,4,2.144860307401654
1,-73.83525240436178,40.70184993868241,-73.84171584349977,40.69150711549792,16,1,4,1.2726253580420726
1,-74.03894445378226,40.81456105326543,-74.05621005070557,40.83816054711448,16,6,4,2.9994294398019594
2,-73.96550496661145,40.768480491617915,-73.91079588113803,40.74679102681351,6,0,5,5.201003190597704
1,-73.88806764392713,40.67618901305714,-73.90279575422109,40.695737541056296,6,1,6,2.503428507621275
2,-73.94767835212897,40.88758144338986,-73.93968012563394,40.87988556917011,3,3,1,1.0883045239929408
1,-73.99225739037891,40.735563717011104,-73.99005063164643,40.762334144277304,6,0,2,2.982534521926564
1,-73.99996330877389,40.82034317690652,-73.97644321414572,40.815994898721655,21,3,4,2.0374405936131663
2,-73.94657194381921,40.65553475066947,-73.89686674023908,40.66394781594854,8,1,5,4.295811417693642
1,-73.84827953536107,40.77146463245477,-73.83336304361862,40.76733380297113,12,0,4,1.3375045514584645
3,-73.9523269500552,40.86994081537349,-73.95931944011679,40.84802453800985,15,4,3,2.506927111902323
1,-73.85024631892418,40.868195098401465,-73.84508789186722,40.88101427861197,23,0,4,1.4899513221031304
2,-73.8151173877364,40.70698221340106,-73.8270519811058,40.69074652053446,15,2,4,2.0667522836116974
2,-73.85494623333452,40.78434232812476,-73.85538122703221,40.77471145930307,18,5,2,1.0715299079101035
2,-73.86510770504599,40.8639317881368,-73.84481420269489,40.838410302524515,19,4,3,3.311622828907171
1,-73.78675139813565,40.708033133743584,-73.76793843444254,40.68222360477336,10,0,2,3.2790018362537423
1,-73.76879119831749,40.79001480118171,-73.7609523871709,40.76830996251504,5,4,2,2.5020928752491303
2,-74.00940967832979,40.67404975504676,-73.9795717170908,40.65028447061593,23,4,6,3.6493081257671154
2,-73.95420450205064,40.8273984993327,-73.91615193308887,40.846302509425385,12,0,6,3.8296978091689815
1,-73.94038269629993,40.75633466328033,-73.89655880594886,40.779751088851725,6,2,4,4.5166687640514995
2,-73.97834438938953,40.70822665119165,-73.94860958302233,40.70095220938253,6,4,2,2.633778799849975
1,-73.91115913655227,40.81178432095661,-73.92176581615723,40.83291225068983,9,5,6,2.513138468432236
2,-73.99079757454261,40.65275161594301,-73.96282274926342,40.62491942746672,0,3,4,3.8922425819377167
1,-73.95815221226016,40.72320577487272,-73.95605382064709,40.712445315420034,1,5,3,1.2095073326379353
4,-74.02674057651724,40.61201238421444,-74.01102840888973,40.6296312734564,17,2,3,2.3657531953245807
1,-73.86900582866622,40.85725167200812,-73.88159950517962,40.84462613297255,13,4,3,1.7586717809854762
3,-73.79883702691322,40.86374559798393,-73.81139656724024,40.872099942545894,7,4,1,1.4065292010650545
1,-73.90053287791953,40.8668709553437,-73.92999802348912,40.87100782130019,8,1,3,2.519961914422885
6,-73.81872530618938,40.60966444670945,-73.8247764229285,40.62019048283847,14,2,5,1.2770333408348082
1,-74.02789262428887,40.64704520032633,-74.03420295795057,40.64980759956854,2,4,3,0.6146345462622929
1,-73.83691409838583,40.804341325748325,-73.83292610072432,40.80845223982283,12,4,2,0.5671113716425209
5,-73.88423921848317,40.83655560044531,-73.90009866293768,40.850069505360054,15,2,2,2.00943120709549
2,-73.92746644826559,40.8247131746837,-73.9746795479807,40.851208952691856,6,4,1,4.945260470195377
1,-73.77924323829511,40.724320194320896,-73.80417173332701,40.74597276286777,7,1,1,3.195059158963296
6,-73.75806058349153,40.868948210245065,-73.75539962483411,40.89633096588186,15,3,4,3.053030274906028
1,-73.9168721866659,40.7255438733572,-73.91500398678127,40.71523549697393,11,5,2,1.1570014209155077
1,-73.7520943962363,40.675151460738086,-73.76473903034999,40.696263078315994,8,6,5,2.578278218383629
2,-74.04536176758862,40.65399223416971,-74.02775940916209,40.67796433738138,1,2,6,3.051143751363075
1,-74.02179077555972,40.863709629590495,-74.0261585588732,40.870737478171314,4,3,6,0.863467992320996
1,-73.99199329424698,40.62622584826556,-73.97800175529228,40.64237330292961,1,3,1,2.148913645363678
1,-73.79196386758078,40.69828913850795,-73.7962838736408,40.70921897001044,9,4,2,1.2687267153521342
5,-73.88710347887607,40.755313924145625,-73.8998868687645,40.75722211783915,19,2,1,1.0974448731332838
1,-73.94380847560635,40.651155583613544,-73.94390577999005,40.6475782510854,10,6,6,0.39786592469672033
1,-73.92703579479915,40.6254033212561,-73.94303605660633,40.63247838555253,21,1,6,1.562736797100902
1,-73.96044898283589,40.77271030811384,-73.95845131533854,40.81920258151117,0,3,1,5.172439220639416
1,-73.84115405723799,40.67164747163826,-73.8704221964122,40.66890185944753,11,5,3,2.487233253119488
1,-73.94051076999892,40.68103785645648,-73.93218189555017,40.68207527409053,20,3,6,0.7117346801814568
1,-73.97705149366136,40.89401287984464,-73.98039080850702,40.85745887683698,15,0,6,4.074304943886174
1,-74.01093576150139,40.69639208480825,-73.99644580709013,40.68997275287637,19,2,3,1.4148873542611364
1,-73.76564437807845,40.858580267278505,-73.7360060404271,40.833365774538045,12,0,3,3.7518208340607404
2,-73.76064584997117,40.858702939869914,-73.73424983127757,40.876153391988936,18,2,5,2.9481831205542024
1,-73.8784163912779,40.75702050060602,-73.87770315057716,40.77337081902582,11,5,5,1.8190644849123678
1,-74.04155701568622,40.609865295035995,-74.01510997670528,40.60722795449424,3,1,3,2.2517399431949316
2,-73.805088943266,40.68580531084909,-73.76549879258381,40.708125623291274,7,2,5,4.15928148789681
1,-73.83524612669443,40.83972094875355,-73.84216484376311,40.869473160963615,20,0,1,3.3590802486169555
1,-73.8405494766712,40.83332300634781,-73.83470992287594,40.82341956002594,21,2,1,1.205849799755045
1,-74.04136875486417,40.744478852031484,-74.01688050651369,40.72832065592295,11,6,3,2.735901343753965
1,-73.98002022942488,40.86122570589957,-73.9750012524383,40.85040663871228,19,4,1,1.274930815317879
1,-73.89802920638283,40.84015351209024,-73.90687964427826,40.82415163400247,6,5,5,1.9288493213454627
5,-73.93123493032334,40.717028918959606,-73.92985864815343,40.70202591280697,1,5,4,1.6722865973548326
1,-73.8409653179306,40.73120151209885,-73.83041832454124,40.7120575133298,22,1,1,2.3068265477003482
1,-73.7892477573858,40.64733279933773,-73.79978738384706,40.640585270921875,4,2,4,1.1634830937959293
1,-74.0344891000478,40.66076457329745,-74.02178796368466,40.649942040801385,8,6,5,1.611261503222392
1,-73.90700080011413,40.66518950825469,-73.88700041525871,40.636392468055966,17,2,3,3.619433420476454
1,-73.7553240146101,40.878299222328465,-73.75984673192303,40.88548850395371,9,3,6,0.8852288744665784
1,-74.0423561699271,40.644434886408895,-74.02053519048879,40.65045558629232,13,3,1,1.9589226112400926
1,-73.94382675259507,40.785846939706225,-73.96374404561314,40.81449653274216,3,0,5,3.599905023667221
1,-73.9964039047522,40.745569315974706,-73.98942923478164,40.768712850589715,1,2,2,2.6396452534142525
1,-73.75122477553678,40.829742485382624,-73.75972957225721,40.83370764551274,10,5,3,0.8404737620374696
1,-74.00033094547439,40.70163595161507,-73.99837332649338,40.66721489492323,23,2,3,3.831004666497062
1,-73.89221287021958,40.85653175132199,-73.88978623963447,40.87372056612013,23,1,1,1.922171179256921
2,-73.9829718049751,40.84760443790854,-73.95516424877573,40.85280496705065,12,6,1,2.4093282630290944
1,-73.96126842958522,40.634205296432626,-73.94391019746824,40.6252128387143,11,3,1,1.7735919937780869
1,-74.00125415233337,40.80019674843301,-74.02052453205766,40.81385413449366,9,0,1,2.2218869342138774
1,-74.02984087056919,40.88595245535821,-74.01871714081453,40.88008095317241,0,2,3,1.1405140883297928
2,-73.8527149152021,40.78978099990062,-73.82996843933634,40.79453672242493,20,3,6,1.986564698425285
1,-73.98106129491842,40.7460184144509,-73.97518798239864,40.74477581518529,13,2,4,0.5137168979848565
2,-73.81922728624737,40.65823814190034,-73.80575986184589,40.664935662169654,9,0,4,1.3583245724577198
1,-73.8989176438315,40.86704499898784,-73.92270906801808,40.89080138757874,20,1,2,3.3134488377111584
1,-73.92853084106825,40.80831857900269,-73.91344604936802,40.812261731892534,7,3,5,1.3431323502435548
5,-73.93980715431739,40.611767059337225,-73.9501332618128,40.60303163003138,9,0,4,1.3051304755008524
5,-73.9642742916701,40.84358682692239,-74.00237184591514,40.863168235876046,16,4,3,3.8740218191387124
1,-73.84799313088483,40.60463353226665,-73.86634099697555,40.592162229481225,19,5,2,2.0791241656675092
1,-73.91895465381077,40.64264569160488,-73.88394458535299,40.671024194683014,17,4,1,4.3219622152180905
4,-73.82453408309529,40.775332874418915,-73.85398267377688,40.771660731617544,21,5,4,2.513187913118318
1,-73.86359345350223,40.75565734052551,-73.88603117830323,40.74814247830963,16,2,4,2.066520606853699
2,-73.89957905015093,40.727068947174864,-73.89074815926132,40.75095027130261,16,6,3,2.7577421957662507
1,-73.83788983358984,40.8576537159008,-73.87489302728271,40.87260094284048,11,2,1,3.527717329409171
1,-73.9613370366532,40.846938703370625,-73.95203728019199,40.89359174309227,7,2,4,5.246186688350217
1,-74.04623554024333,40.788953169002376,-74.03098088408784,40.79285597774758,14,4,4,1.3555652057556107
1,-73.97670523240939,40.61889036453987,-73.9631631204504,40.62154591484106,1,5,6,1.1805023135945527
3,-73.7833305111245,40.77523165088314,-73.78406214582793,40.7800347894238,7,5,6,0.5376259129411259
1,-73.88772390789178,40.85757056078228,-73.90130990940727,40.83746152558699,5,2,3,2.5111190505976597
1,-73.8932365506066,40.875590074749354,-73.89698039709174,40.87125872796872,18,2,5,0.5753707706891567
1,-73.81754202890474,40.6914646804238,-73.79569935486802,40.71930643580576,16,1,6,3.6019983151022705
2,-73.8216076003732,40.82679494329019,-73.8220302742522,40.84661975885233,22,4,2,2.2047056822406716
1,-73.75558367896454,40.63680353690619,-73.72088523007898,40.61123325050457,17,1,2,4.081668754215919
5,-73.9705904866867,40.827053438838995,-73.93310616807265,40.85634111718592,10,2,6,4.533047939588843
2,-73.79329378962375,40.64060067328569,-73.78350539129497,40.662738459702474,4,6,2,2.5964230932565524
4,-73.78774006881969,40.82295908597135,-73.82590216662777,40.806575025398864,1,6,2,3.6922955143726526
3,-73.79921884364244,40.864872439547355,-73.81504004923433,40.84785020550254,15,1,3,2.3136860432341573
1,-73.98314010703227,40.72448763762633,-73.9835281653218,40.74493732536405,6,0,2,2.274136588147357
3,-74.0092857768997,40.758671370843835,-74.01611492131066,40.7962108472887,11,4,1,4.213620955671251
1,-73.86417353381964,40.690069284268866,-73.85457876281826,40.68160133060666,10,6,3,1.2414137495515631
1,-73.93839133318893,40.67356033445942,-73.9443887837588,40.649695002282904,6,5,4,2.701492016016996
2,-73.7583104161896,40.68212277132625,-73.75006803306354,40.693050613117,12,2,5,1.3998209175397214
1,-74.03113052271794,40.706376007732125,-74.0180325928603,40.701977686241506,7,6,4,1.2075665323979892
1,-73.85376475474659,40.60034570223838,-73.86097200371515,40.57739967707034,11,4,6,2.623058951393449
1,-73.79154156091059,40.6715924149305,-73.81947131211437,40.66154813855796,9,3,3,2.6070338987802866
1,-73.90347044186402,40.876602886146934,-73.90099844146985,40.86078896632789,17,2,5,1.7706706956628637
1,-74.01651195744593,40.747411790154175,-74.015028715158,40.7572815639633,18,6,3,1.1045577054481472
1,-73.7972643771704,40.638467352771904,-73.82302678437098,40.669248184807074,20,1,3,4.054366252204141
6,-73.89015254160621,40.65935041516656,-73.8652425125966,40.64353408313286,21,5,4,2.740284021691231
4,-73.953575769694,40.75892050624647,-73.95738459118276,40.75233790419456,2,2,5,0.7991732249196806
2,-73.94518459249905,40.73642887484242,-73.8993924295363,40.75225797901622,18,2,6,4.240302646401178
6,-73.9291742324528,40.73058353278799,-73.94889189317206,40.71968768728354,6,6,6,2.056392266231961
1,-73.9022896817244,40.71017266172357,-73.92310334243447,40.72842053295367,6,1,3,2.682160746541952
1,-74.00360244994435,40.816068117311886,-74.02632562053157,40.79078473860455,23,6,6,3.4002825891594104
1,-73.76147455244863,40.85299038200506,-73.8184461156977,40.842606575834125,7,0,6,4.92920849729168
1,-73.99641357789112,40.6146997011366,-73.96157498513301,40.59358191639076,5,4,1,3.7635490397371725
1,-73.81221252956475,40.86243707661401,-73.83393603388032,40.859432712576336,17,3,4,1.8571683705092439
1,-74.03529062609029,40.75527091574427,-74.02748382118772,40.72292739557917,14,6,1,3.6560852547911713
1,-73.76998837807233,40.73858205865029,-73.78039551176131,40.74432557432084,22,3,3,1.0847215724982988
1,-73.9936020041111,40.63904869005827,-73.97919322402196,40.65049807453245,0,5,5,1.760308926481447
4,-73.84805776085811,40.823416131929534,-73.87229809715195,40.83805924268905,15,6,2,2.609706109855543
1,-73.98350074351809,40.82433648002252,-73.98166717242518,40.80662808404926,3,5,3,1.975120350838246
1,-73.96494698930451,40.63506406490446,-73.94831772090909,40.6603124366115,1,0,6,3.138518611713541
1,-73.92226543718074,40.85764965137553,-73.9376738545472,40.87211081445171,18,0,1,2.0650857535021587
1,-73.89903458477643,40.764190452248485,-73.9054872385219,40.776672962025536,14,1,6,1.4905674145741994
1,-73.92016603832232,40.68911654416302,-73.93631028064308,40.70862890042121,0,4,3,2.561209449605375
1,-73.97344736691801,40.65519917838582,-73.97518831161464,40.61935626309271,18,4,6,3.988256683376462
3,-73.79645994234384,40.61441885319182,-73.7962126810574,40.62533759338288,2,4,6,1.2142878632875538
1,-73.8124979918267,40.62316727529764,-73.78934086318264,40.645695872693864,21,6,5,3.1770728047785943
1,-73.88584507537962,40.769711542573205,-73.87627700574049,40.76813098485379,21,6,1,0.8247040960909054
1,-73.97259422118256,40.88896758589851,-73.97246023676107,40.8693470206957,2,4,1,2.1817363886918604
1,-73.9692231452203,40.7626850951694,-73.96433584680548,40.78361613540682,4,0,5,2.3635318200620405
1,-74.03686482379904,40.67741485516544,-74.06670990856212,40.71875656254815,3,6,1,5.24048889792924
1,-73.8503005495172,40.81944977320186,-73.84761256535373,40.78782537429865,19,0,6,3.5237434093094935
1,-74.00338902576371,40.73855029350136,-73.965263900027,40.732341663963176,23,6,5,3.285611906159248
1,-73.80653412079666,40.70739029217548,-73.76891154160245,40.685503047329206,18,0,3,3.997914590592226
5,-73.85291029090321,40.70466112049215,-73.80908785879967,40.678983446183445,11,4,2,4.6693938115643165
4,-73.94928808273902,40.8832550608557,-73.99717740756122,40.91780816652469,1,2,5,5.564349349008903
1,-73.92816285771063,40.78376512275964,-73.93513101023989,40.746199758985895,3,2,3,4.218100103514682
1,-73.9976333513929,40.734415264460125,-74.01137911451903,40.748266486388786,23,2,1,1.92698462339767
1,-74.01805110489866,40.83647398854844,-74.01458830227986,40.830503298082306,10,1,4,0.7250178037491348
1,-73.75348657484923,40.69954283727086,-73.76528602933978,40.70448288674032,14,4,6,1.1362712627227711
5,-73.81556964558261,40.709855995361025,-73.78652486946683,40.71577649776031,13,3,3,2.534998520085932
4,-73.7995402734,40.69492842617417,-73.78899022812097,40.70985125514865,2,3,3,1.8826449148531705
1,-73.92237535171824,40.87841617594233,-73.93224334096648,40.90761084119577,0,5,2,3.350591609467822
1,-73.82138903460765,40.67363664478317,-73.82222999843984,40.6442250266021,0,1,6,3.271191975343023
1,-73.81022837291886,40.89681418793814,-73.82285151561729,40.89512103832328,13,6,3,1.0775771434752939
1,-73.9353674589084,40.76682467912049,-73.93487280530981,40.78360386183511,8,1,4,1.8662248730597666
2,-73.92756980545774,40.843880237470046,-73.90964159730032,40.831322172530825,20,3,3,2.0554034716602727
1,-73.75165513526436,40.73814424705263,-73.77300987272838,40.72922864919084,18,1,1,2.0543426792109516
1,-73.92695070548746,40.82237336710759,-73.93508425643878,40.81606312779527,17,6,3,0.9801978080976557
2,-73.84900123794121,40.63186744481927,-73.86557322979289,40.61650953224845,19,2,4,2.2073626067624277
2,-73.90866163450092,40.69028469659653,-73.93303292873318,40.68709645422512,16,1,4,2.085223020069052
1,-73.90913358580194,40.61028596548184,-73.91953168876077,40.63149165858656,12,4,6,2.5159880971538198
1,-73.99665902856697,40.78654200934745,-74.03579367905473,40.76549417173752,20,1,3,4.041856173462134
1,-74.01896616499212,40.75942473532972,-73.98986122060847,40.773489632347335,7,5,1,2.907559316502133
1,-73.86769673155338,40.82720673121152,-73.90179091567248,40.8082544256298,22,1,6,3.5598793349553244
2,-73.94743296488139,40.87657319558556,-73.97396348828352,40.87944903470445,14,1,2,2.253359510512209
2,-73.79229455368876,40.62637815136061,-73.76721962203679,40.572770147461235,0,3,4,6.325705127451142
3,-74.0376702053941,40.77796260858193,-74.05977541605695,40.76561830713006,23,0,5,2.3128303009004902
1,-73.87788053685334,40.613384164031174,-73.90319339645472,40.61882323284267,10,3,1,2.220526934487715
1,-73.86665099116252,40.65042104950537,-73.89219293555914,40.6599767054731,7,1,5,2.402397448865781
1,-73.7893083504808,40.65036662710923,-73.79246302078359,40.65454885335807,10,0,2,0.535807686417144
1,-73.9895668106111,40.67375179575815,-73.96574350331305,40.68126495357518,22,6,1,2.1757786863237554
2,-73.82860408531745,40.86136664327152,-73.82302855126424,40.855656955099214,9,5,5,0.7892727536860231
1,-73.85620579654127,40.6243020677558,-73.88629615529636,40.629503778238416,18,6,6,2.604458227628939
1,-73.86077394910556,40.68258337828065,-73.8395175362952,40.68286502997457,12,2,6,1.7926685428927325
1,-73.82381275179637,40.817050941592655,-73.8252956770097,40.831913965759696,22,1,6,1.657396524333224
1,-73.77280317628039,40.81752943740499,-73.75946714284599,40.797537355220896,23,4,1,2.4903084410150487
1,-73.77669227885302,40.61715014419307,-73.78522272726447,40.63126364432336,14,2,6,1.726607147117261
2,-73.88137542956918,40.85577303182201,-73.8773662849428,40.846115429060994,6,4,4,1.1255749233104864
1,-73.77270190078966,40.624591875686,-73.8144588220397,40.62474810749438,14,5,4,3.52415790904997
1,-73.90564610226635,40.696127530790235,-73.90341761129962,40.708854980539456,2,4,4,1.427641353140483
3,-73.75343301854693,40.85998621169195,-73.75435399695414,40.845498203389624,0,1,5,1.6128542059195285
4,-74.03717393867521,40.69317505856663,-74.05619435968056,40.684284428512726,17,0,6,1.883929044362915
1,-73.9275296137534,40.78533391152618,-73.91611997040688,40.78143338189469,8,6,6,1.05400825914976
1,-73.79533033077652,40.86739808798473,-73.78093821738294,40.86270793492219,18,4,5,1.3178386697716287
2,-74.01199281732843,40.85169981532819,-74.01282353790533,40.83920874710591,19,6,6,1.3907000499522892
1,-73.8068762160577,40.76039399852848,-73.7929558318287,40.749738343569,3,1,3,1.6669436994542821
1,-73.85813789483491,40.8693053347244,-73.86577094404542,40.85268936464362,20,2,5,1.955945180966499
1,-73.83947919686183,40.68520317154443,-73.84182526115548,40.6753786501422,18,2,1,1.1102056088812187
1,-73.77833750165475,40.69959932584336,-73.79824034189923,40.69340416957275,7,2,3,1.813815911114579
1,-73.83462360298218,40.8758863902508,-73.8197200610058,40.89414713050454,14,6,1,2.3859279514430805
1,-73.85312997031191,40.7240445875539,-73.85463324157409,40.72849238864364,19,0,6,0.5105383293968524
2,-73.9186828123638,40.83511189753497,-73.90223936927819,40.82832019292306,16,2,6,1.5761544308401993
1,-73.8497018430618,40.78257039714705,-73.8183819239169,40.77592429148881,9,5,5,2.7387380311828937
1,-73.90221709634415,40.81777809398267,-73.90735740082496,40.859777297687394,2,1,3,4.690075912271874
2,-74.02383275834748,40.684751770382334,-74.02316825429033,40.66525833743266,0,2,5,2.168295128511548
1,-73.88997778745635,40.744211195400986,-73.91646432791073,40.733591376670674,0,3,6,2.524713133700914
2,-73.98132211262674,40.732462859634914,-74.02577020841888,40.74024371149209,2,0,1,3.843602183070482
1,-73.81200706803526,40.630447380462634,-73.81575201270273,40.624762209030344,17,4,4,0.7067623794528795
1,-73.7593927667708,40.78571086886759,-73.75078296765156,40.79722301004563,3,0,2,1.471050902060139
1,-73.87959022336759,40.68632726884343,-73.87730717597913,40.652731177567176,22,2,3,3.7406739416503396
6,-73.77617253041598,40.83278449080268,-73.76409732753469,40.78683395487926,11,2,3,5.209553544961889
2,-73.86742552063731,40.84480325254734,-73.86987981519218,40.8537953369697,19,5,3,1.0209620327840458
2,-73.77580054718808,40.71127586317921,-73.76071312770456,40.73160146419435,13,4,2,2.593203789066664
2,-73.86492111847913,40.74723983882613,-73.85136989629045,40.75389326714194,13,5,6,1.36029012661584
3,-73.98018753988333,40.73330634703785,-73.95560575116592,40.72971149601368,6,6,5,2.1094998177007263
1,-73.79433262597655,40.85010752847257,-73.76593536674969,40.862016510257654,21,3,5,2.7308403426924746
1,-73.79950149333855,40.80392623541831,-73.80852610492249,40.78950171625248,14,1,4,1.7747419012270342
1,-73.93786922355619,40.63852906049815,-73.94566302445435,40.624391392121765,4,0,5,1.7040737842472087
2,-73.82695004071478,40.795730410084694,-73.81514660247075,40.82027342776896,21,5,1,2.904247302955893
1,-73.96118097108754,40.82784604079094,-73.98328593295284,40.821223089379615,11,2,2,2.000462480064722
2,-74.04736221608943,40.83105946175336,-74.04415538342452,40.846977200706576,23,2,3,1.790412751429332
1,-73.98358943215241,40.87868147637214,-73.95838694877597,40.82750128198101,9,3,3,6.07291873691009
4,-74.01822809914756,40.764527494456736,-74.0186319443618,40.745477771518914,6,4,4,2.118505657824197
1,-73.83705972037926,40.805160699351426,-73.81937730988864,40.800485407874426,20,0,6,1.5765176047354317
2,-73.9003848591376,40.61610382907985,-73.94198906073684,40.599502173880865,1,3,4,3.967710274325544
4,-74.02974963133828,40.76810980329883,-74.03582926428795,40.754090395090614,10,3,4,1.6408293266786333
4,-73.89310231692858,40.83514556824978,-73.8926195373176,40.84160561717778,17,1,6,0.7194719057191558
1,-73.78069949616983,40.80239331102574,-73.75585255515999,40.81948073866047,12,3,3,2.8254070691025435
1,-73.83950308937655,40.832905542180306,-73.84228936461965,40.82564704053748,8,6,4,0.8404647162494765
1,-73.85287777291923,40.77278592119465,-73.81859728199306,40.76848170615117,11,3,3,2.9262080523431093
2,-74.02862537862688,40.83123938158221,-74.02438915872803,40.837851584398614,9,2,2,0.8170676416240444
1,-73.75400838405591,40.86293357366014,-73.75545609694622,40.87934988120336,20,0,1,1.829464417276644
1,-73.77448134206229,40.65853391058795,-73.78949822641364,40.60458484932478,17,3,5,6.131249840432485
1,-73.92847476027875,40.84170504419556,-73.9250391048589,40.8364893856925,1,0,6,0.6479826596476426
1,-73.87650687096222,40.80569292189282,-73.86216416341799,40.81605064039507,19,0,4,1.6683906789097165
1,-73.75532807324394,40.73524038406928,-73.7649501366812,40.702213286532974,9,0,3,3.760910278441653
1,-73.85004589644606,40.79600390791908,-73.88253541953051,40.76457277864012,12,6,1,4.438279703115306
2,-73.84172591130113,40.706407783921776,-73.81617689727054,40.724627487115455,3,6,5,2.9565381902714436
1,-73.75581663962383,40.7725077363815,-73.74292949946137,40.75088767823009,18,2,6,2.637703368018445
3,-73.86937259005904,40.65537862783865,-73.8908764682228,40.668588408091466,15,4,3,2.3339914222154055
1,-74.03509237494916,40.63295862863334,-74.04250088167267,40.62157746634438,15,6,2,1.4115468408662097
2,-73.94603767907094,40.71494500090338,-73.95329052768922,40.737176635178955,3,6,4,2.5464776180964734
6,-73.7744759472709,40.61448430605661,-73.78602083511528,40.625238469548485,1,1,5,1.5425421905562073
4,-73.94910201630086,40.80859495054033,-73.94053244342254,40.81193735234466,6,6,5,0.8113528433008237
1,-74.01538293129703,40.69326541015445,-74.03121622141663,40.69036300849848,22,1,5,1.373379442808002
1,-73.8707130254329,40.85309163688128,-73.86761703778006,40.83696961976009,18,0,2,1.8115037990242189
1,-73.98667225850136,40.84567068295424,-73.98393424706603,40.845608025854254,14,2,6,0.23041622203759105
1,-73.81317761429818,40.78850716894857,-73.84032911169332,40.77979919393592,10,1,3,2.482609238567405
5,-73.77976158992114,40.753361448855394,-73.79630052116477,40.75764028075815,11,0,5,1.4720888302437112
1,-73.98273335803317,40.65941018505595,-73.9889240418617,40.63725635241117,12,1,6,2.5181519096974796
1,-73.96141556901591,40.711171853529656,-73.95782723590027,40.65208008784065,3,2,5,6.577667852165365
1,-73.98720151302615,40.82148177239995,-73.98563019352042,40.830241968254285,4,5,4,0.9830209743079751
2,-73.92070734256994,40.606540503145354,-73.93820074946109,40.60031483451191,21,6,1,1.6310397174880558
2,-74.01881940310831,40.62215510205336,-74.00479893132149,40.63453186394204,23,0,2,1.8149363635081472
1,-73.93987517587382,40.757917995873704,-73.93738483277772,40.77940759851813,16,2,1,2.3987203770837193
1,-73.91204282567637,40.71945242562699,-73.91850325960192,40.695532104045064,1,5,4,2.714991180793357
4,-73.7560327086804,40.70989769267784,-73.75981438304848,40.71412795841895,15,6,1,0.5682046714718336
3,-74.00013540943893,40.657376173433605,-73.98092278737701,40.640148207131936,12,2,2,2.509386900513031
1,-73.82878790993813,40.85195045742676,-73.85518975978364,40.85261991440003,2,4,1,2.221845471044245
6,-73.97834203611004,40.81523272238428,-74.00782401391241,40.83486398542542,6,3,1,3.3043622108596025
1,-73.97037823372153,40.68529734751316,-73.9781602495148,40.701813600391056,17,0,5,1.9501990647747747
1,-73.77990635767281,40.6789188026025,-73.76521359902713,40.668004907119965,1,5,5,1.7343955756768923
2,-73.80386381862289,40.70987126757736,-73.80590973484036,40.66670718146873,3,4,1,4.802726326421652
1,-74.0494510158551,40.84519021506144,-74.03318945790782,40.847871731945865,18,5,6,1.3999620568038826
1,-73.94290164176222,40.83133312335253,-73.99308217905534,40.79997062509428,17,3,1,5.476723908775443
6,-73.97539975414814,40.884122292898894,-73.98969006460291,40.88003229280134,17,0,5,1.2845836916667184
2,-73.9493456961762,40.726565229992424,-73.93207961734937,40.723931452441406,18,0,6,1.484171842674112
1,-73.8327523152381,40.8279765133051,-73.84628906255888,40.84056855775125,1,5,3,1.8048457027811349
1,-73.78269129441662,40.76948826521589,-73.73615826450705,40.76122241558094,9,1,6,4.02525521070751
1,-74.02238340367076,40.88890140313917,-74.03123274012351,40.873872369721525,14,2,3,1.829273449642423
5,-73.93436832484562,40.63827422330865,-73.96321486173889,40.62589610679177,9,1,1,2.796436477335685
1,-73.86321768344426,40.75416768938635,-73.86956273433069,40.75731182448107,0,0,3,0.6386385632718834
1,-73.96149782162684,40.60147218775285,-73.98802826708548,40.58967049578142,21,1,6,2.596125583083578
1,-73.75403597040797,40.60388853014735,-73.7185945021675,40.57433390244507,7,3,5,4.444798333487342
1,-73.81775691407753,40.88784531726675,-73.82726778091397,40.88646602999076,7,5,6,0.8140931416643745
1,-73.77153067956829,40.87909594503516,-73.77624782469039,40.898064180993664,21,3,2,2.1461224181941003
1,-73.86205206044944,40.71961123852838,-73.88765371097382,40.715261798937696,0,2,1,2.211210305909267
2,-73.83162928506623,40.79489259168315,-73.83352671365903,40.777195916015025,0,3,2,1.974254199950699
1,-73.94783478656827,40.604237063407226,-73.98810435700602,40.62881586300265,18,5,3,4.361503973000844
2,-73.9479085541206,40.87048992118994,-73.95167241651319,40.87286909845347,20,2,1,0.4124872078421589
1,-73.97219013937675,40.84517207275329,-73.97102618701732,40.82884762355082,23,2,3,1.8178351340588224
1,-74.04610699880493,40.60963366128965,-74.05479499102347,40.58152789465469,1,4,5,3.2101539145767504
1,-74.04425198814819,40.8905697100103,-74.06071540397943,40.879975650870385,20,2,1,1.8174654619188246
1,-73.78302135484344,40.68153504612896,-73.79447599314399,40.72583095157336,13,6,6,5.0192328532666535
4,-73.9581139019421,40.62122604380135,-73.9425622586452,40.61675201601281,22,0,5,1.403721341328745
2,-73.96424855660082,40.894500487791326,-73.97488569748151,40.89615758866665,3,1,1,0.9128733729468665
1,-73.99185872725963,40.64432884610528,-74.01982675211636,40.62991004625154,14,0,2,2.8530540180763007
1,-73.97511389864692,40.793953890311535,-73.95803368109796,40.78088987786611,18,2,5,2.044013711303781
1,-74.00999726090677,40.62595923318195,-73.95199002425426,40.63421314217819,3,6,5,4.980473826397953
1,-73.76236052134277,40.78015321672724,-73.78439426140288,40.80092734149871,20,3,4,2.962561327314568
1,-73.84620479030299,40.68430620119156,-73.86795617902901,40.70944360107358,13,5,2,3.3429754277603205
1,-74.0302177335822,40.86504567292239,-74.04503722596482,40.875895107487075,2,3,4,1.7344014259032756
1,-73.92730084437714,40.830698871274365,-73.9416045330834,40.88942794180023,23,2,2,6.640239643171189
1,-73.8726928035414,40.83587019498124,-73.8569137321058,40.83954519689457,2,2,3,1.3889082255189775
1,-73.87436551255462,40.845232966563145,-73.888336206988,40.84991465364983,16,5,1,1.2852722672841583
1,-73.926895772045,40.80411106571508,-73.90209585823858,40.84410550698836,8,4,2,4.91242556674115
1,-73.96331697461054,40.82392150262543,-73.95223832660218,40.79742112466652,4,4,1,3.090699919262848
1,-73.84608954388864,40.82848394339995,-73.84322400142233,40.79434898579309,21,3,4,3.8032877516466006
1,-73.81897430511385,40.76239722964078,-73.81733882263292,40.75802044860575,17,6,4,0.5057942104688193
1,-73.78998804094316,40.662770358301415,-73.76421515488757,40.69245855674664,10,5,2,3.9523975284609714
1,-73.8023983073427,40.67285478809124,-73.8465491978338,40.654382456358555,20,3,6,4.252891214411695
2,-73.77205233508981,40.86791264636775,-73.77954761561529,40.84550901667526,1,5,3,2.569687174809957
1,-73.87738331258362,40.8210939893607,-73.87385892173167,40.829915425766366,12,5,1,1.0247456111926572
1,-74.00334503562843,40.695441165772245,-74.01979071372128,40.69034355394072,20,4,4,1.4979185400175277
1,-73.92696583503844,40.71399437553194,-73.91919246086644,40.72299326575169,21,5,2,1.1960112806324952
1,-73.96001702295587,40.74631294025716,-73.91853788326928,40.75658889974904,12,5,4,3.6761086347633976
1,-73.7956186726724,40.85850895965986,-73.83144899448193,40.861118408469395,3,6,2,3.027200357771791
1,-73.95516730554935,40.72582102490559,-73.97005593041035,40.732246608771646,16,0,4,1.4437643821979342
1,-74.03029574930271,40.86204257605818,-74.05006965108004,40.87451369109857,23,1,2,2.1651083449958253
1,-73.92184131916076,40.79882637745414,-73.91173769276129,40.81900195402306,14,0,1,2.3991735587001584
2,-74.00407455434758,40.73262885922773,-74.00698780743689,40.76782942028253,13,3,4,3.921809309253399
4,-73.91609510068521,40.60999907632711,-73.9372951002475,40.6195108151213,7,3,3,2.0786545204480964
1,-74.0225724777511,40.6957501492992,-74.00908477184412,40.68127807383705,4,1,2,1.970497496116677
1,-73.76633956420778,40.70007015450411,-73.76913023036968,40.71097943213577,11,0,1,1.2356542499413306
1,-73.80362366503334,40.63958350873487,-73.80953133488,40.61854361378907,19,1,3,2.3920600632894633
1,-73.96874825054861,40.6404548444495,-73.9783395137435,40.67658113692739,20,5,2,4.0977239986409755
3,-74.0493978862483,40.851041347510915,-73.99563461950034,40.885022585409175,1,2,4,5.891965711993552
2,-73.86776925373145,40.67971582870875,-73.8860305620534,40.71378444773935,16,3,2,4.089132545010684
1,-73.77952957434167,40.60649538565766,-73.79222092190497,40.57482692003486,23,3,3,3.68082675663919
4,-73.92291342468361,40.75784552789698,-73.92260394589022,40.78428933977913,18,2,2,2.940533213571434
1,-73.75537734700976,40.85582096023721,-73.7891746248363,40.8324814148802,12,1,4,3.849374328857446
4,-73.97197445915907,40.74840720387787,-73.9550742556805,40.77253185367035,12,4,2,3.036790185808811
1,-73.81088113503932,40.62002986324803,-73.81207612679275,40.580000534715296,9,6,5,4.452201508330319
1,-73.77903750250498,40.834647855766136,-73.76845332591337,40.85951899325225,7,1,3,2.905311404342453
1,-73.79016538653241,40.81097832697625,-73.79468011031463,40.81495872742187,7,5,2,0.5833143673853344
5,-73.98328256934639,40.79457711389888,-73.96495163557381,40.82269754312727,17,1,2,3.486743161607232
1,-73.87796500413204,40.691253227659466,-73.89165855632166,40.714350734145626,5,4,3,2.815806755024935
1,-73.82644022979174,40.87803074834452,-73.85618398384912,40.867946556315054,6,2,3,2.7407697983177455
1,-73.93586073305372,40.730579150661725,-73.9646275252279,40.717627888598734,6,4,2,2.819679436782162
2,-73.99270906309984,40.83353107625046,-74.00914537808028,40.852068090600454,15,4,6,2.4819888448586016
3,-73.79884762889667,40.67995760599034,-73.82035637910406,40.6836855120817,4,1,1,1.8604644729691644
1,-73.90364750695666,40.67875458314319,-73.86674985137152,40.67233307822689,4,4,4,3.192515028343541
1,-73.77481132101553,40.60558848783331,-73.75684529967266,40.61854461026666,19,5,6,2.091745077978486
2,-73.8221221351786,40.88061479953744,-73.81907026478524,40.88023253565601,23,4,2,0.26007370110826433
1,-73.80760664526576,40.892246490709766,-73.8261333618451,40.899538809838525,2,3,4,1.7556823515045483
4,-73.9549584600503,40.77815793191986,-73.97899735176983,40.79417222303474,8,3,4,2.6957330738236434
1,-73.87757990453834,40.700966376240785,-73.87780882682742,40.7149819593447,0,0,3,1.5585811866332016
2,-73.8183936961505,40.80319873998987,-73.7968461232705,40.78196905837294,13,0,4,2.9770783836489447
1,-73.82416550711174,40.61316279276415,-73.82900703974032,40.58911290011564,0,2,1,2.705283951448424
1,-73.8132458042682,40.82957113866033,-73.81684690246493,40.848597380408066,19,6,4,2.137200833440996
1,-74.02593143118469,40.75854322030102,-74.02754935543958,40.748720962719624,14,5,5,1.100654982258968
3,-73.82395133155583,40.7128720145173,-73.7723197334332,40.72848355211776,13,5,1,4.684721537816531
1,-74.02452389829304,40.720724717006874,-74.03833339861377,40.71122692685245,21,1,1,1.5716094220550425
1,-74.02301683862355,40.73351367329348,-74.0584710119815,40.750991951109974,18,1,3,3.563542495841196
1,-73.78091961384733,40.67978644283313,-73.76953459416342,40.66732712366561,21,6,1,1.685600665836471
1,-73.84153506835682,40.72619153013271,-73.81132885998682,40.731542724768886,9,5,5,2.613926127795129
6,-74.04120471736636,40.7809390536786,-74.0373018925241,40.78760954840248,15,2,1,0.8112523649948181
1,-73.88814546592769,40.76260600214321,-73.8808960241851,40.76321820653627,5,5,2,0.6143386459396138
2,-74.02943055792217,40.604033486338466,-74.02625981376947,40.61743687951453,19,2,3,1.5142321092533746
1,-73.78476641382987,40.70035190889955,-73.76410305905638,40.69065932915669,3,1,1,2.0484936447820963
1,-73.85921493086384,40.753928573700605,-73.86500325402224,40.7447094807277,22,1,1,1.135172038168252
4,-73.94943499455219,40.72063550140822,-73.93483220237323,40.724106641239814,10,4,4,1.2897213130677234
1,-73.77517748539215,40.655487876220704,-73.74623317230494,40.668333766951086,17,5,3,2.8285779835733877
1,-74.03753941871315,40.83380611075795,-74.02908234885113,40.864448567601904,14,3,6,3.480746807302768
2,-73.76416215187513,40.7092053747779,-73.76423781779117,40.735724455076934,19,6,3,2.948794082922166
2,-73.95384898189788,40.84314829346113,-73.94610456186165,40.84253736968963,17,1,2,0.6549902095932748
1,-73.85088575036455,40.77054977148748,-73.86149978161829,40.772587326612154,3,1,2,0.9220764857106751
2,-74.00908298810714,40.70477786237284,-74.00375256509257,40.72378502647378,19,2,4,2.160721986773717
1,-73.99721701680251,40.7452561248811,-73.97823230312477,40.72591252579254,9,6,3,2.680491719824025
2,-73.88086650970476,40.782516273343006,-73.89102376284875,40.77565392313996,21,4,3,1.1461693320477646
1,-73.76365746007174,40.726736371086766,-73.7739877503583,40.73696784981281,11,6,5,1.4324771009416468
1,-73.94240632047953,40.81079595847155,-73.93377884242439,40.78762535006336,23,3,5,2.6768467240238416
1,-73.82213331894795,40.64933125160727,-73.84400757298907,40.66288410616092,18,5,1,2.3824244181393017
1,-73.82865029184822,40.69609557207093,-73.83927441622303,40.689580836586174,5,4,3,1.1519864986347583
1,-73.83669318471932,40.896188627279585,-73.84463186992804,40.88239748044103,4,5,1,1.6724145042401704
1,-73.86920965397425,40.74404247348183,-73.90015934775643,40.76816845391461,6,0,3,3.740673721836982
2,-73.94085181193098,40.828258202726374,-73.91620310338118,40.88011704472745,5,3,4,6.127766003253203
3,-73.98054487952618,40.761685153252394,-73.93110503881466,40.75335596896959,3,3,6,4.26596258209546
1,-73.9311634104845,40.72589440321672,-73.93639531025418,40.751815079224,11,0,3,2.915759282523842
1,-73.86989840248927,40.88185566956772,-73.88336664648898,40.861523681986654,6,1,4,2.528581449539602
2,-73.99488718436518,40.88102962561576,-74.00774973584919,40.868350371760535,10,5,4,1.7768833180261883
4,-73.93288588295684,40.77964867477395,-73.9453951472816,40.76142846355745,1,0,3,2.2834960315305075
1,-73.99057608083197,40.77158707124624,-73.94745217468007,40.771550742218366,4,5,4,3.6314686296897554
1,-73.84987953452446,40.793775130658,-73.81612698503129,40.80308444943288,3,6,6,3.0238539962357063
1,-73.88682113124129,40.77113099653715,-73.87343905300615,40.77750423580471,14,4,3,1.331174965866756
2,-73.96631036884051,40.70828608999335,-73.96472770988409,40.72910381965204,6,3,1,2.318665511190866
1,-74.0114377967495,40.699243968507126,-73.99845287724153,40.70083597421972,0,5,6,1.1088585928682504
2,-73.87977761940894,40.60383656132066,-73.83529727375964,40.58614104217203,8,4,5,4.23985868867154
1,-73.97466993288803,40.69459459805629,-73.98618283368265,40.683518108439856,3,6,5,1.5681927264198634
2,-74.00986861979295,40.71515043121687,-74.02472553507941,40.73448970657293,10,6,6,2.488333519148868
1,-74.02468277602894,40.87781186772475,-74.05882484313885,40.87902034895126,23,5,5,2.8736205016825074
1,-73.7988642624605,40.84523516831323,-73.76334653551815,40.80927333343228,20,0,2,4.992090990716004
1,-73.97097910335808,40.80307362006486,-73.9669576971134,40.78662972835348,21,0,3,1.859550469151813
5,-73.90375905750534,40.7258563567456,-73.8865069834546,40.720928052904554,21,5,4,1.5537017521059615
1,-73.94396903365286,40.80247653313135,-73.95330064912666,40.769796923698415,20,1,6,3.7177664467182283
1,-74.03260040366288,40.62377985330495,-74.02873500089794,40.6393546399688,22,5,2,1.7622884664105765
2,-73.93384428621665,40.69525355915129,-73.9109570760503,40.70108783392542,16,2,6,2.035604132219935
1,-73.91347310016808,40.8729434069067,-73.92361635645295,40.85685345098808,10,0,5,1.9820448764198808
2,-73.77555373192413,40.608507837635365,-73.7729120548012,40.6018786557281,9,3,2,0.770127900394927
1,-74.0094071791937,40.68488305243007,-73.99118887087789,40.68330403867705,14,2,5,1.546183996423758
2,-74.02217686146275,40.85978093520293,-74.00594806274407,40.830274329498025,6,2,5,3.5536464548886375
1,-73.99634999162524,40.706186766143446,-74.01070449939638,40.71775466322994,19,1,1,1.7658848097454924
1,-74.00121816031378,40.69027915698604,-74.00793784080471,40.71769092135363,12,4,6,3.100235078500765
3,-73.82733344934273,40.85838502959687,-73.83475165500396,40.865856081624656,20,4,6,1.0388958770366687
1,-73.83471148093918,40.67190295258338,-73.83749318564597,40.657997528625586,20,1,5,1.5639121888921559
2,-73.98937884971015,40.65505265006182,-74.0116400919292,40.63628103611009,3,6,1,2.8079121250420216
1,-73.87767172082282,40.63179716453499,-73.89817386180948,40.64800099541085,12,4,3,2.4977969320764806
1,-73.91104123661036,40.71083666864638,-73.8988334166063,40.718900007738384,21,1,3,1.3647442270755445
1,-73.93047897552185,40.71430444087831,-73.94267715881746,40.70896761079866,3,2,6,1.18710580607927
1,-73.77196225167721,40.78516453077357,-73.76573120707747,40.77000377041871,21,3,4,1.7655588519399563
1,-73.75805006270211,40.81840325350829,-73.7411435488737,40.835372447609416,4,6,2,2.3630253996685857
2,-74.02925414779666,40.60593465281857,-74.03957487184847,40.60779705409513,8,3,1,0.8955328976396253
1,-74.0365834212544,40.7134848277109,-74.03957520001889,40.71908560141793,21,2,3,0.671885594420392
1,-73.78974602718952,40.811945196442714,-73.81183911679234,40.8109101853747,17,0,3,1.862902134851837
2,-73.95778645869872,40.62429077115305,-73.9637502982576,40.63519866545287,21,3,5,1.3131751429964396
1,-73.76914253766543,40.84753484859381,-73.78199133809812,40.827625001594136,7,0,4,2.4636621945024735
3,-73.87368729101443,40.67819029450852,-73.86031582393908,40.69069685253497,14,2,1,1.7903012563090688
1,-73.96154310618992,40.79072231640413,-74.00973610676118,40.7749203874247,3,6,1,4.421751366031715
2,-73.81674113050683,40.751963493035376,-73.79914032042986,40.74915776252398,5,1,5,1.5151026374570888
1,-73.81054721846147,40.89094372770736,-73.78450835302219,40.92171405473531,20,2,6,4.061436263322069
1,-73.81454394008883,40.814697456155685,-73.84478176979958,40.828325988109775,9,0,4,2.961511918071555
1,-73.81835514519378,40.64951848465306,-73.78397533684966,40.660043685204066,14,5,3,3.1274468382266893
3,-74.00243587397519,40.656164040405834,-73.99688629167257,40.666287481978245,12,3,2,1.2191259384668964
2,-73.97723815802026,40.87475981392338,-73.9740620717045,40.85392768480673,15,2,4,2.331773691206303
1,-73.95770580261434,40.837390251084784,-73.94044914008414,40.85019960176914,18,5,1,2.0336870102988853
2,-73.93386359830284,40.70712483031417,-73.89795007377462,40.74448977127247,4,1,4,5.140151705057485
1,-73.79932759312688,40.75044764391852,-73.7844952799107,40.7903201820375,15,6,5,4.606208030844067
1,-73.97081264991296,40.846202603192566,-73.9751237638833,40.88921559313921,8,3,4,4.79654489695721
1,-73.81180140673922,40.77942986232265,-73.78949018016709,40.802370761584214,18,2,3,3.167822009202169
1,-73.96565409576581,40.81760954585311,-73.97346851121452,40.793858609775704,11,5,4,2.7216505736566083
1,-74.02271208437614,40.676447975981674,-74.0198763217878,40.693275392111055,14,0,4,1.8863394480253604
3,-73.81694129414916,40.81895597408624,-73.84969953382254,40.82465949568997,16,2,4,2.8285030451851063
1,-73.78097198568831,40.78371975572755,-73.80296853812158,40.78190021892954,9,3,3,1.8630360298989417
3,-73.76564461343976,40.7971797556394,-73.76773382702657,40.78228639585293,18,4,4,1.66537989042546
1,-73.80459180302417,40.69844451286435,-73.82444350042985,40.71779472431182,7,4,4,2.7257176380522794
1,-73.91824571605017,40.609927939523466,-73.9080321507954,40.61640074014216,20,1,2,1.1230765965281932
1,-73.99299447852536,40.63467373721617,-74.01091723625612,40.642053284503405,19,3,4,1.7205747706943384
1,-73.98541443247684,40.663526828050074,-73.98200138520914,40.715326500488246,7,3,6,5.767044869137922
2,-73.84301622681593,40.80884277814988,-73.82081041281528,40.773437395568834,0,5,2,4.35819183476063
1,-74.00506956179763,40.771068276215686,-74.02109717228781,40.77983816555214,20,5,1,1.665049599658324
1,-73.79428777075523,40.68636019852676,-73.80797632878301,40.67076312086947,10,1,1,2.083343622143711
2,-73.76551940506354,40.759585141644024,-73.72510365617839,40.7904993750383,21,4,2,4.837194477875001
1,-73.89820950595637,40.837485808576965,-73.92648081764112,40.85286669016427,13,3,2,2.929223891505621
1,-73.76736300587275,40.8003603276226,-73.7848123474124,40.769154799470336,7,2,3,3.768088299752988
1,-73.95724222020716,40.73360154195087,-73.97439719225586,40.71749715330345,0,5,1,2.30141723615093
1,-73.99022897095433,40.76134370938882,-73.98730963472485,40.7543689790578,10,5,6,0.8136006269905347
3,-73.75295489788449,40.8884595461833,-73.73628225201716,40.90668073388675,16,2,3,2.463502695471716
1,-73.78983209236019,40.68862240401968,-73.77485857600695,40.70665010971875,15,2,4,2.36893160783304
1,-73.75624705083999,40.71373958528546,-73.74828181606408,40.70607919127319,18,5,4,1.0845747103566343
1,-73.97579855288458,40.654409405685136,-73.99722148817479,40.66517136485934,4,4,2,2.1673694038075744
2,-73.93175314595982,40.795697850849834,-73.91600863171234,40.78475394252511,7,3,4,1.7993732828750155
4,-73.95948463844343,40.73159809166707,-73.92897190870097,40.75691638315924,1,1,1,3.8122653676872504
1,-73.77973034350144,40.888974303314825,-73.77215557052521,40.87392175039877,4,0,6,1.7908188986025946
1,-73.9474493623717,40.65192071252903,-73.96688667952941,40.656890481663105,17,4,4,1.730317428748501
1,-73.8110113863798,40.72109128670483,-73.79994305654171,40.724115820498334,22,1,1,0.9915296561236643
1,-73.88716078616307,40.87475592998253,-73.89008471645332,40.88586267041948,9,5,6,1.2592400482056738
1,-73.8554308894193,40.681833110177614,-73.84356554576595,40.70353298444999,7,4,4,2.6120674677202187
5,-73.84148563729022,40.690481172452344,-73.81777339835193,40.68802208344925,0,3,2,2.0178928585638207
1,-74.04419344725075,40.661734875814815,-74.06098272931109,40.66788264580806,5,1,6,1.572461987256034
1,-74.04906269510579,40.69802683811632,-74.0151305596914,40.683736832550245,22,0,2,3.2725463217164164
1,-74.03035558545093,40.77812132385593,-74.03297996417373,40.755120632085976,7,6,3,2.5670921706274332
1,-73.78286012271268,40.84573109663657,-73.80253226346046,40.82219673473123,14,4,1,3.0963391708474055
1,-73.76454104907451,40.81684357521188,-73.77512754533589,40.83274124021717,7,1,6,1.9794907353470939
2,-74.00502501155697,40.6208189986356,-74.03764429635696,40.60405200854509,23,5,5,3.325271971809648
1,-74.01491191568789,40.78325339117795,-74.05103223880603,40.75195475162779,16,1,1,4.622244820053907
1,-73.87129195125593,40.838328985486505,-73.86806067927765,40.87162301584817,2,6,4,3.712088602429396
1,-73.79962724050151,40.64270469119655,-73.8179786120746,40.627320437762634,12,0,1,2.307446142153019
3,-73.83090841690569,40.793639363863605,-73.83596809576163,40.7807306180577,3,2,6,1.4972612437565083
1,-73.80102330610495,40.85329793929814,-73.8187314362328,40.84184649778691,17,3,2,1.9595910964814627
1,-73.87603132053167,40.680253828455506,-73.87775777457256,40.68528472435979,14,6,5,0.5780422825334414
2,-73.94877558739407,40.649086747856735,-73.9728362513681,40.632413660425826,15,6,1,2.7492945342059247
3,-73.87239409988736,40.86115763210598,-73.85395597304114,40.859269849880654,14,3,2,1.5647461538166345
2,-74.02891467380783,40.60673357529269,-74.05909197236387,40.585365950444746,6,6,2,3.4838487471205535
1,-73.8779271736744,40.6089426827424,-73.86029429038992,40.58226749514318,5,2,6,3.3188128778569217
1,-73.92949858335744,40.87797414912524,-73.92302252358259,40.87554579709727,3,4,4,0.6077622901191709
2,-73.9807607035316,40.85770389797936,-73.96452769743848,40.84178270525356,15,1,2,2.2357107352547447
1,-73.97954239210041,40.75446397599168,-73.96725269604202,40.799373938183344,16,2,1,5.099854588780244
1,-73.89107020438425,40.83810694882548,-73.86209365361722,40.855898026073085,12,2,5,3.1391448041606953
2,-73.99120820163002,40.87588782136673,-73.96999543065006,40.8970627190149,5,2,2,2.9536069304593693
1,-74.04561493470472,40.88908171983539,-74.03135929150982,40.869541898113965,22,1,1,2.481370787311272
1,-73.91609987786775,40.67548049408116,-73.91595957736747,40.69257010568285,17,1,4,1.9003149329946714
2,-73.94747708953611,40.81650085771017,-73.93460075077701,40.82323031772863,22,3,1,1.3167991267349592
1,-73.94391804937666,40.613812118846695,-73.94857740266997,40.645276157017456,8,6,1,3.520667472148107
2,-73.835637489565,40.70779036037954,-73.85353354411306,40.657004299423264,4,0,6,5.845302034333996
2,-73.91206179601754,40.60359737320848,-73.94044801342608,40.631867626388726,9,1,6,3.952484087503671
1,-74.00720696879304,40.83609883562999,-74.0128213668945,40.83917297351528,11,2,5,0.583036333538694
1,-73.8670387245231,40.70874699711925,-73.87527470102145,40.733060082556825,19,1,1,2.7911674080575803
3,-73.78654497703579,40.87448748306437,-73.8151795404698,40.90525216561588,18,5,1,4.182838791276128
1,-74.00389715544952,40.65900592079544,-74.0010979802104,40.655712160181885,4,2,5,0.435767063045365
1,-73.97841272687607,40.795091710290265,-74.00530350857423,40.792015271146184,13,1,5,2.2894259926199734
1,-73.83827717614075,40.79052014771108,-73.85300243464377,40.76144938145536,17,6,5,3.462171122909295
1,-74.00045797057508,40.756027966460714,-74.0066032348137,40.74226862188634,0,0,1,1.6151736248614632
1,-73.84557788198846,40.80287048685721,-73.81165743205243,40.78351057942023,5,2,4,3.5760555804663863
5,-73.80004190368204,40.81256288555815,-73.80394072016203,40.81300337453443,0,0,2,0.33175146828120017
1,-73.76917397922618,40.75159088572328,-73.76799312687237,40.75743468172161,13,1,2,0.6573689721536676
1,-73.82737874269013,40.81662347276486,-73.83194666818818,40.759558231869335,10,3,6,6.357008274423819
1,-73.99163315164321,40.6422344221722,-73.9615407984333,40.63072098808482,13,1,6,2.8437053286873573
5,-73.96787924234505,40.83014761904236,-73.9636012759935,40.80144647628599,19,4,6,3.2116625935280934
1,-73.84044703527961,40.74571421398228,-73.8400799181471,40.761743552549824,15,1,4,1.7826493560045606
6,-73.77811107942784,40.77775871333606,-73.77804979448013,40.778205033835555,15,1,4,0.04989613493617772
2,-73.88408894396242,40.83493138422231,-73.87872228782271,40.859424425975185,2,6,3,2.760658543426883
2,-73.85125378118936,40.60376933845732,-73.88419891510034,40.59006717510404,18,3,1,3.17153565421328
1,-73.94386120435932,40.65835870347371,-73.94850190817553,40.64565236762039,18,4,6,1.4661171377730864
1,-74.03504518160949,40.709495220454194,-74.06408785405473,40.6905924776107,0,4,6,3.22679216645343
1,-73.78275545579153,40.767690511314285,-73.78432683194605,40.73647075356249,11,6,3,3.4740012276715655
1,-73.93999780856373,40.77407339891213,-73.9558701822453,40.769709019035766,7,1,1,1.421981433461649
1,-73.79150901299371,40.670960035415185,-73.77720970711722,40.66074055401295,1,3,2,1.6570697544015796
2,-73.78349458688574,40.603063824883854,-73.7856851528489,40.62560329750617,10,2,5,2.5130864899332424
1,-73.87334875919746,40.66313002038382,-73.87114465915266,40.64965600249956,3,4,4,1.509735035055705
1,-74.02420648093748,40.86639443482855,-73.98950854176518,40.85906403577145,12,1,3,3.029612146782911
1,-74.00875013375277,40.79434376753014,-74.02268392724226,40.792485622549194,11,4,1,1.191037983332193
1,-73.79009863091244,40.76700806966502,-73.76094605751727,40.7572415882638,12,3,4,2.684734943386695
1,-73.86697616796063,40.80714107264006,-73.88416077184276,40.8042206073753,21,4,1,1.4823805587559795
1,-73.96690312738383,40.624973434410585,-73.96387360704914,40.64375901369535,9,5,6,2.1044461590680297
1,-74.03924675430262,40.73568900517262,-74.02025585306443,40.70133772657946,18,0,2,4.141451333313851
1,-73.90333727177395,40.60000615538827,-73.901654560276,40.618273707884235,21,1,5,2.036219816080569
1,-73.80099499888756,40.68586056058635,-73.82653922062744,40.67754727836855,7,5,4,2.3439635966500196
2,-73.76436953928688,40.81598884920715,-73.77691962298644,40.8100442446344,19,6,5,1.245976731617503
1,-73.75324434144173,40.67469625025965,-73.73078949962687,40.654113876560515,20,4,5,2.970701233273902
1,-73.87087059531689,40.67930928540575,-73.84947488682762,40.67280980715578,21,0,5,1.9436776866497991
2,-73.77772943133292,40.75589953168793,-73.78729722357946,40.74223759167676,17,5,1,1.7197036241920922
1,-73.83598557703428,40.876057486746944,-73.86951017926559,40.86199816504664,11,0,6,3.223436255412264
4,-73.99614558931492,40.75729829005568,-74.04294121847332,40.77368333432069,5,3,1,4.341785721788736
1,-74.00997383403536,40.71704605880873,-73.98336961345443,40.72333016095953,20,0,1,2.3484384791461546
5,-73.98724532412595,40.69649225039452,-74.00167252388415,40.68159639037295,13,0,1,2.0550329360897845
1,-73.8501216092016,40.86605944881748,-73.8473256354233,40.868300909817535,3,5,4,0.34263219665501876
1,-73.94500719070655,40.71648077151802,-73.9679635270473,40.722419042485846,20,2,3,2.044248258621627
1,-73.97829470598805,40.73141512551246,-73.98769128785244,40.703086474154055,5,6,2,3.2480259640052416
2,-73.9665478240374,40.60317753971246,-73.94752241279248,40.61266578902887,5,4,6,1.921609225889625
1,-73.90249366418986,40.700020759660426,-73.88177073969374,40.66497816521283,9,0,5,4.270436904027849
1,-73.78141034868732,40.707867957377246,-73.76714389604264,40.67991346103936,11,6,1,3.3329902374606357
1,-73.84856475425337,40.777739150370294,-73.82299849474592,40.77888444973614,8,5,1,2.156481229301511
1,-73.821389455327,40.662057650987315,-73.7827407876643,40.65815437612168,11,2,5,3.288824645595603
1,-73.83303065471358,40.64302573230434,-73.81838405282825,40.63986780320796,11,6,5,1.2847230215737773
1,-73.87926084918627,40.619787847473376,-73.88587258720672,40.648648400335176,17,1,5,3.257284785546285
1,-73.96642508581026,40.60748654086735,-73.93025637685783,40.5593275219698,2,3,1,6.164873007557953
1,-73.8932290231525,40.873525706999345,-73.86845932951431,40.89541143202454,14,4,6,3.2028627445157745
1,-73.87067677324873,40.70672004341965,-73.85975296708185,40.71368711307857,6,3,6,1.2033007641417885
1,-73.92862245008624,40.848418389533634,-73.90429515526026,40.83277918550128,2,2,6,2.6855489304413234
1,-73.88306670417242,40.672519917969616,-73.89451119966607,40.67876882619519,12,6,1,1.189239722314181
1,-73.87441130788532,40.66490691750208,-73.90505989772099,40.68532978300873,21,2,3,3.440574295636719
2,-73.94680720071683,40.71854176884384,-73.94394966966455,40.70607517329857,9,5,5,1.4069894665907652
1,-73.78512216433154,40.88517693272572,-73.77935542054966,40.85263217977259,16,5,2,3.651154557022769
2,-73.78983666924539,40.74449612434888,-73.80372892205156,40.724275790343995,15,4,2,2.534840670807031
2,-73.81202710539964,40.8649840394536,-73.82569756119479,40.90457984778111,12,0,6,4.550366464439783
1,-74.02539213254332,40.65307347927797,-74.02167587116116,40.64522551715665,19,6,2,0.9272651049071072
2,-74.03000446086159,40.75435777456576,-74.00539191338625,40.770395487047054,12,0,4,2.734439799303982
2,-73.83621191106661,40.81458861878441,-73.83464127151962,40.831723767592855,12,1,5,1.9099196766510884
1,-73.7584039008413,40.7995269351931,-73.74706082855218,40.800523952554926,3,5,3,0.9612062696209007
1,-73.9740400627051,40.76566814403555,-73.93458592835988,40.76687882358037,12,1,1,3.3254255080260777
1,-73.91803143939232,40.787750041288135,-73.95548464262765,40.77689119493288,23,4,1,3.3766886610195983
1,-74.03969698469403,40.86049137236035,-74.02951977862244,40.84504729564229,17,3,1,1.9188075586318312
4,-73.96491909182211,40.86580532693679,-74.00102305802471,40.85869858613513,15,1,4,3.1373171326209626
1,-73.76417713806205,40.71961153797187,-73.76283183908978,40.710339905713624,16,3,6,1.0371746844882364
1,-73.92989664453509,40.843438380099265,-73.90787424495913,40.862050255456786,6,5,1,2.7773753271150983
1,-73.80699843898302,40.66336398923613,-73.80625018191209,40.67998885227204,21,1,4,1.8496772220512188
1,-73.79870890339514,40.883278559040136,-73.82829764058903,40.87102485939588,14,1,4,2.8364095463552323
6,-74.00569682864842,40.61154389763304,-74.01431331325846,40.59995582393606,12,1,3,1.4796745171065533
1,-73.96863391707194,40.63965517910143,-73.96144913533244,40.61138068621013,1,1,1,3.201918523578594
1,-73.87949582476053,40.74476271129936,-73.86071564783988,40.75144524730768,14,6,2,1.7478525873181507
1,-73.75768576522269,40.7419963871648,-73.78834345632497,40.74772367527833,11,2,4,2.6600811051244055
1,-73.78376082292867,40.72264069434876,-73.76060784587777,40.72318001206028,7,1,5,1.9520619060241413
1,-73.9687377834037,40.60280579053128,-73.93303793149701,40.598137559065535,15,0,2,3.058386831722242
1,-73.95266035261783,40.63897050830106,-73.93730462773803,40.615624114950634,17,6,1,2.9014826087233945
1,-73.96335260482606,40.672641499858955,-73.91916668214706,40.67006137763439,5,3,4,3.7375328365667913
2,-73.94954313562714,40.649307512710735,-73.9945702005244,40.661238331366235,6,2,6,4.023373116641037
1,-73.81013278684024,40.84079392249214,-73.8003872750752,40.81119381892852,12,5,3,3.3919886448285768
1,-74.02118418412313,40.65174870529793,-74.03200071790855,40.65027879804162,1,0,6,0.9270339382469936
1,-73.76273241144828,40.71247918561708,-73.77660504198965,40.6585302883773,5,4,4,6.111823447089694
1,-73.8916167988757,40.78722281405677,-73.9039948812394,40.76947467875863,21,0,4,2.2318160727009544
1,-73.87271348021785,40.880180035256494,-73.84384893606673,40.863251632856326,0,4,4,3.0714271052144544
3,-73.78806923031732,40.78220845547697,-73.80034954936588,40.801259285684985,17,4,5,2.357159052640776
1,-73.8026749501257,40.75419961528719,-73.8245808443688,40.72626134683332,20,6,3,3.6134525275424894
1,-73.86385937618455,40.72557074667663,-73.8900124607916,40.701851525359714,12,1,3,3.437292905292851
1,-74.01405026598809,40.79637626706182,-74.0079507900041,40.77976617947886,12,0,5,1.9170143469616903
1,-73.99529595823668,40.601293726733154,-73.97455235684748,40.58671814036745,5,1,1,2.386304707765194
1,-73.89812822002085,40.77342497510943,-73.91024061687352,40.7960220907492,7,4,1,2.711741610026256
1,-73.94555276795677,40.773259649975586,-73.89634688518424,40.77317928470663,6,5,4,4.143536639915017
1,-74.0010614881021,40.79922773590103,-73.98555444250154,40.77707259528722,0,1,2,2.78808470420133
1,-74.03781780566428,40.68563370471615,-74.02954051769314,40.69330347415321,18,5,4,1.1019925340330488
1,-74.01297784958035,40.653050203627366,-74.01911606526897,40.64428115555632,3,0,3,1.1040569771330349
1,-73.85831631344338,40.62837879459431,-73.84136666704713,40.616358420955144,9,3,4,1.9577870668973487
1,-73.92259445245833,40.872103950559406,-73.91510183185228,40.85739479614932,15,5,5,1.752746114686399
2,-73.97105462897973,40.818969285045,-73.96650168895468,40.78398571836479,10,4,2,3.9088269163747063
3,-73.97229937846166,40.76431230291916,-73.94485083957132,40.74280526231499,20,6,5,3.3263811082148527
1,-74.04459500571396,40.78901782200808,-74.05524870929702,40.769945286773606,11,1,5,2.302682416347363
2,-73.96466165240325,40.870996344764066,-73.93415918943374,40.89432919917823,9,6,6,3.647891593938159
2,-73.82931370667204,40.70226381409217,-73.82211689008003,40.70451893584308,10,1,5,0.6564472026845195
2,-73.88865151626197,40.757497827022426,-73.87778367864853,40.77410943959193,11,6,3,2.061450999658682
5,-73.89751689881705,40.708552540834,-73.9118552746079,40.712721842326026,22,6,5,1.294412383416267
1,-73.94867951935554,40.62719446871456,-73.97224019982367,40.630104894939016,20,0,4,2.014472606717233
1,-74.04687183179996,40.80134347352295,-74.08135965660566,40.81611776824745,7,0,3,3.3352580538488636
3,-73.87066470711473,40.80910195389845,-73.88119191386264,40.81142962956714,11,2,2,0.9230122267952919
1,-73.81942108165292,40.872858222227634,-73.80632703889206,40.846486682595334,7,0,5,3.1323270456085446
1,-73.90227676398538,40.69775036877693,-73.88069576726319,40.722664564794776,2,4,4,3.314144348729937
1,-74.0115153679152,40.65807034145476,-74.05462221589515,40.69026368723409,15,1,3,5.101985328134084
1,-74.03744116128372,40.697487547727384,-74.0399967741543,40.70419076144146,11,3,6,0.7758735267550263
1,-73.84609900802454,40.89592663347427,-73.8633384505008,40.85930811183581,19,4,5,4.322072201508917
1,-73.76314003899567,40.88735302237254,-73.78890536110214,40.892734845637925,0,6,1,2.2469805181899574
1,-73.79887014946333,40.75263003978691,-73.81351687802902,40.76033402002235,16,0,2,1.5019350489600496
1,-73.83739304195704,40.69624285210089,-73.82295742828325,40.669358582928226,20,3,1,3.227718569204444
1,-73.99995780392213,40.77803474558532,-74.03459350654713,40.77644037790649,22,4,4,2.9218089920101584
1,-73.80120176198137,40.878394571630075,-73.79288959148806,40.86312302999898,13,3,1,1.8363270413171424
2,-73.76057565551727,40.78616662825349,-73.74677171132564,40.81290894943637,7,5,3,3.192564306395587
2,-73.7650108261489,40.864246200788905,-73.7748814306697,40.8573891596604,17,2,3,1.1271209163743119
1,-73.94156955546205,40.78518779635482,-73.9439942793642,40.75008597104424,20,0,6,3.9084826904254273
1,-73.93383300847894,40.7275698902496,-73.92149394925758,40.705350789567184,19,1,3,2.680593346645274
2,-73.98262941421697,40.83134088136014,-73.9731871590408,40.82452167845004,2,2,6,1.0982362264558518
2,-73.82289038366169,40.73911041923747,-73.83853937920813,40.729264713774725,11,1,6,1.713805264264405
1,-74.02283535691252,40.70384810389456,-74.05188028926423,40.71028177343087,12,6,5,2.5506281530438866
1,-73.89277300973366,40.75275070287322,-73.90203295865155,40.77736061427452,7,0,1,2.84545157932076
1,-73.75787778987028,40.71132838339223,-73.75895370028107,40.666304405370525,13,3,2,5.007259732638214
2,-73.82484552170837,40.689086070430925,-73.80293990879247,40.67748801402839,21,1,3,2.252785463671933
2,-73.85233382026992,40.86403862861443,-73.84661887790183,40.84694507591768,22,5,2,1.9605469526319674
2,-73.96331393034158,40.84038470754602,-73.95173515612734,40.83512796980379,0,4,4,1.1359987408736414
1,-73.94185398349717,40.60645834001854,-73.98764188454167,40.62681262950606,14,0,1,4.478728517170867
1,-73.97895946898186,40.72703748202072,-73.9894404565944,40.73292107620169,17,4,3,1.0990801834469002
2,-73.89478541234558,40.86308148553112,-73.91523552989229,40.87406976038685,11,1,1,2.109473770047253
2,-73.95833466573303,40.609730802236825,-73.9672843487585,40.60881803090355,6,2,2,0.7622782591777183
1,-74.01189376906412,40.6084556486078,-74.0376616425107,40.61718389415634,16,0,5,2.3817971870088304
1,-73.7956620729961,40.85255003372671,-73.79224813336329,40.82137018577954,21,1,1,3.478916397058794
1,-73.80900617308474,40.76716637011289,-73.83405167637392,40.79568257497589,4,4,3,3.8080504037904945
1,-73.9807911629654,40.74911512232379,-73.96973935200052,40.75013783795289,8,6,5,0.9379007306292032
1,-73.99941077063644,40.75488628239968,-73.97855336066723,40.74882539230368,17,4,2,1.8817490352952304
1,-73.77836171818944,40.61489643068451,-73.76387430560301,40.61645163869736,9,5,2,1.235010847474517
1,-73.85247233674086,40.77430285586505,-73.86817503903667,40.77434602057032,1,4,4,1.322279260829636
3,-74.03471467426189,40.63780546193014,-74.04620076443756,40.592553404190056,23,0,2,5.124350411088895
1,-73.81984860094846,40.67570336025752,-73.82057771278848,40.673702404166505,11,3,4,0.23083611952100416
1,-73.89862659913084,40.80314871742085,-73.90324599304029,40.80329960944743,20,2,5,0.3891758702541002
4,-74.02147099919526,40.89640019058013,-74.02578752421239,40.91738705451788,1,3,6,2.3616587609546276
1,-73.99276552897253,40.7713590871317,-74.01567795460379,40.75342297070289,14,2,3,2.775154569968142
1,-73.85557386636746,40.837225049819615,-73.87667538324243,40.82353529649948,18,4,1,2.3386285069916903
4,-73.9439804939777,40.62605966448159,-73.94634929147631,40.63509352122361,0,0,2,1.0242158965805328
1,-73.91729056025105,40.71413125428205,-73.89309052667689,40.72421611410389,10,1,3,2.32745213317677
1,-73.95243240984055,40.67466507295066,-73.97123321206494,40.68603545147894,1,5,6,2.0278021650965523
1,-73.9117561606074,40.708419594612,-73.94536081276154,40.74055430273283,5,6,3,4.559306015797254
1,-73.98012563173329,40.81803270287556,-73.96502689410946,40.795442071979714,15,3,2,2.8151152369606547
1,-73.94316823014431,40.681571213320446,-73.92682055955615,40.67696692152376,8,0,4,1.470548842323809
1,-73.9323213562697,40.79593528360172,-73.94883165649824,40.763263735738064,22,3,2,3.8898067897958617
1,-74.0103763652958,40.83687248446971,-74.01863584984108,40.85455687697222,19,3,4,2.085538596481306
1,-73.96780919608732,40.73164881384012,-73.95939275587254,40.70707838416639,2,4,4,2.822680203697626
1,-73.84041609962239,40.732378660451914,-73.82869794794253,40.709397973966354,7,2,5,2.739520569520091
1,-73.99829921635956,40.771628775483144,-74.00219842662796,40.78159279922765,22,6,6,1.1555733968893218
1,-73.98216561092931,40.62709842408757,-73.98958441859186,40.61887009178638,9,3,2,1.1086812090724243
2,-73.76440971330898,40.7320521147772,-73.74202665421863,40.75773466971215,9,2,2,3.422139795227519
1,-73.9393597345293,40.71746703832903,-73.94374220401605,40.71175354954136,16,3,3,0.7348808824987281
1,-73.90030859293887,40.60538688573494,-73.87111388790841,40.58824404543206,17,5,2,3.1160112918791403
3,-73.93271751313321,40.88079201823253,-73.94620286270984,40.88972688881476,3,6,1,1.5073964671514832
1,-73.8458735120723,40.720357584677735,-73.87103633002761,40.71401966354787,16,5,6,2.234729163826737
1,-73.77795635497107,40.73131000178073,-73.75874663667577,40.77359975645736,6,3,1,4.973019695111889
1,-73.91446926478129,40.65682870737864,-73.910710265655,40.61437352832746,22,5,3,4.7314446573019655
1,-73.82495010508707,40.63354023421025,-73.82745068753638,40.61260208269756,16,5,1,2.337761831284091
1,-73.84378708278163,40.69168439421925,-73.85479846300619,40.72405080629791,9,3,3,3.7167376643555095
1,-74.04097833175541,40.697420092060845,-74.025157201857,40.68992470889478,11,3,3,1.5728369404256202
1,-73.90602496051072,40.70451117951829,-73.89327133646509,40.6805337585037,6,3,3,2.874827568877632
1,-73.95012915860664,40.89305789434388,-73.95256421076527,40.87701705846125,6,1,4,1.7953678493196101
2,-73.83964638449372,40.631185807686265,-73.85232172373138,40.667405741206416,10,5,2,4.167019661144169
1,-73.84806365857067,40.67844004192022,-73.86289538813338,40.66716602760706,6,1,6,1.7709136778109151
2,-73.98157366949583,40.61728496965612,-73.97938817039062,40.61220879740854,18,2,1,0.5938254072133067
2,-73.8833591136969,40.67514706569667,-73.87912473959491,40.67474705691486,4,4,6,0.35985432299529196
1,-74.01710073355216,40.82165553569483,-73.96632786608833,40.806971784960346,7,0,3,4.574167808085818
1,-73.87109777046697,40.88514215774529,-73.89061304212613,40.87863612008362,6,5,4,1.7930691427172054
1,-73.90701784555375,40.74105010936549,-73.91798783894161,40.735408195751766,9,3,3,1.1170512217716329
4,-73.99811654743874,40.69324002640402,-73.99112706737147,40.71603759589391,16,2,1,2.602541644147539
5,-73.87867221730413,40.60783370450848,-73.8539001344616,40.62336180186739,23,1,3,2.7117091283063224
1,-73.99530600292191,40.85054126862964,-73.99283045294531,40.874975380759125,10,2,4,2.7249132774046414
5,-73.86424486644465,40.60433825372615,-73.8830473614284,40.58530843233713,13,2,5,2.6453537193325967
1,-73.92918961413041,40.629671057899714,-73.96428977348472,40.62241643304747,23,1,3,3.070123131774558
1,-73.84405139535552,40.88623533723147,-73.84437564125186,40.89407938486596,1,0,5,0.8726440587047957
1,-74.02466075054413,40.84664378551517,-74.04886795407803,40.828016667506745,13,5,1,2.90469506489286
1,-73.92718806192156,40.88937748293028,-73.88601284619438,40.914869204228864,5,1,1,4.473259022097177
1,-73.83229120406023,40.73835868118568,-73.88461779056757,40.72358520363295,20,1,5,4.705197335608231
1,-73.77708710038324,40.84953285897451,-73.78323903876537,40.857451925250395,18,6,6,1.0213251174070592
1,-73.99640566373249,40.82318564461586,-73.95780950787086,40.84500595174168,5,6,5,4.053489913731792
1,-73.93535674362403,40.86136518606279,-73.94560810084772,40.83383911225517,11,4,3,3.179901704426454
1,-74.00541193466907,40.86871668811663,-74.02747409065472,40.847478428717096,23,6,2,3.0032858784475818
1,-73.82680182979621,40.648705182731746,-73.8216130583392,40.65497992410376,11,6,3,0.8236641525544727
1,-73.82760987151701,40.81002592376928,-73.82831032512794,40.81522930691268,10,1,5,0.5815850086598967
1,-73.88575347005516,40.68841800901831,-73.90523920480157,40.657300358525745,19,1,1,3.8305348753016686
1,-73.78229193241745,40.83944572219313,-73.80667279717552,40.86065545621644,10,2,4,3.1252899286369096
2,-73.84414126609433,40.68342501363689,-73.81268492929243,40.67215254377212,20,6,6,2.9339052193945805
1,-73.76114901002715,40.65851851651084,-73.7566422604837,40.64357548242674,2,5,6,1.7045330310177311
4,-73.78401605713852,40.888316258027906,-73.7979041392776,40.89075328287877,22,2,4,1.1984751060699952
1,-73.76335605791637,40.66597685432457,-73.77795974792106,40.63942248547727,7,3,4,3.199416347749677
1,-74.03429366494426,40.80452349576304,-74.0301471211963,40.78613483078548,22,5,1,2.0743059996023736
1,-73.98877933885638,40.67675178494552,-74.02101654523074,40.68268474581613,17,1,5,2.797351074680646
1,-73.9707220366451,40.674558887235094,-73.99510988419962,40.694367778604594,0,2,4,3.013371291828039
1,-73.88280027257477,40.72277075862775,-73.86343608076697,40.70971654576056,0,6,3,2.184149991294997
1,-73.793156920579,40.72596589583207,-73.79411101322812,40.727585545424645,17,2,2,0.1972276741220522
6,-73.82350949348019,40.76247226187388,-73.82560670715782,40.76176820968532,22,5,4,0.19320345923814758
1,-73.99892517221147,40.81035566963257,-73.99560958024405,40.83717523840467,17,6,5,2.9952212475448823
3,-73.93045225171807,40.692827675757144,-73.91684237843398,40.70753396356894,7,6,1,1.9976061383575983
1,-74.04245376105307,40.64199400936333,-74.00478304389989,40.64170631017686,3,3,1,3.1785990689771735
1,-73.88399716755575,40.820935616111655,-73.86510332875362,40.83994407800368,22,2,1,2.644702330538003
6,-73.80919863390524,40.83475970463112,-73.8134328226838,40.82954833096761,12,2,6,0.6802199361086735
2,-73.97173230844074,40.86302275315341,-73.9581261171994,40.846204125172385,10,4,5,2.192480684554086
1,-74.03871415673453,40.89847037540401,-74.0495155909888,40.90089262500667,18,2,2,0.9469457802895677
1,-73.80179705249853,40.655582598219816,-73.8044750046153,40.68523672032498,13,3,4,3.3051137592152613
1,-74.00482585176897,40.84358933883213,-74.01281780609867,40.83054262539631,13,4,6,1.598953569746685
1,-74.00647734880604,40.782245550907014,-73.9988510981478,40.755095656162794,5,1,3,3.0864878814016494
2,-73.81629654339015,40.83654453500378,-73.79634833588989,40.83193632720465,3,0,5,1.754736532542752
4,-73.84060718579802,40.62919055463937,-73.85269795983774,40.63634610229041,18,5,6,1.2938565252494236
1,-73.98471579266536,40.77394571980905,-74.00542251470554,40.75940298573293,23,0,4,2.3782197152630307
1,-73.80582253713446,40.88288447940856,-73.7693611455376,40.889086598336654,14,4,6,3.141748567390149
4,-73.76956158398184,40.733277242330125,-73.80856490646943,40.76450504801963,13,2,5,4.780428415779194
1,-73.83781173827754,40.61341813697962,-73.83896162373682,40.63993868959291,18,0,5,2.9505471901847087
1,-73.90394705024963,40.80318529733959,-73.88303744835689,40.820183686489365,16,4,5,2.582494285299448
2,-73.88178163054219,40.66885496851928,-73.91743698398191,40.673508938815026,18,4,5,3.0512750791718877
1,-73.75015518879285,40.84001209701337,-73.75570547810442,40.85003455640454,5,0,5,1.2082887775334925
3,-73.97040199979719,40.80266167834514,-74.00428844342983,40.793520621021635,21,1,4,3.0281284050459787
2,-74.04482170435082,40.6418700451925,-74.02774056429521,40.60730928556618,22,5,1,4.104468175379943
1,-73.78086001022618,40.73419654390025,-73.82914576045127,40.726880554415885,8,1,5,4.149185503461861
5,-73.86175333700795,40.84412244486157,-73.85597794944111,40.81844234970416,14,3,6,2.8965438052820374
6,-73.75006765671834,40.67109015178748,-73.77759285378963,40.70102465824441,19,0,5,4.057810301131063
2,-73.76117892658083,40.68142004786139,-73.78212316501391,40.71053517638,2,5,5,3.6876659920044172
1,-73.79240635985126,40.89150972335102,-73.78815276997152,40.856236301025454,9,1,4,3.938497452666091
2,-73.92889106994024,40.80458013495867,-73.92606835844106,40.777034020840546,23,1,1,3.0721922513953435
2,-73.82136370738768,40.77615590076661,-73.82321880939342,40.75808447452221,7,3,6,2.0155149186667067
1,-73.78257599962072,40.60014464214354,-73.75830365070303,40.591654518205665,19,2,4,2.2563609596307623
1,-73.8860599446998,40.813728919805484,-73.88650013894924,40.77233477275575,11,4,4,4.602968312455726
2,-73.86241487473612,40.827349765586405,-73.88237371742933,40.813057918660654,16,3,5,2.312191744366855
1,-73.95096169362137,40.60667261471469,-73.9322128714854,40.613761879166766,9,1,4,1.768116641795567
1,-73.98504919729584,40.64705469491831,-73.96785696950693,40.63533416246937,11,4,1,1.9500572694161895
6,-73.97117078862573,40.630818406043346,-73.95428513096562,40.6179251499448,7,4,5,2.0214521446593596
2,-73.90360595347502,40.68388188115728,-73.85156855070211,40.704940280092515,11,1,3,4.972944440126868
2,-74.00166313098525,40.691396544068645,-74.00545464971188,40.68703921698208,22,4,1,0.5804717310953352
1,-74.03815561156799,40.79138608951763,-73.99773077138101,40.82294220297943,1,5,4,4.887560313631715
1,-74.04001066493045,40.84733524342885,-74.01454089838525,40.86961489452589,21,3,5,3.274997296771206
1,-73.8286124284272,40.60460460437468,-73.85980087177371,40.62790995884504,18,6,6,3.6940025142860957
1,-73.90050258710552,40.80153936897282,-73.87956122085049,40.796772318591344,9,3,3,1.840715238559363
2,-74.00134549542126,40.807926981448915,-73.97660236147287,40.79601913867845,8,4,3,2.467938435453701
1,-73.78714843039556,40.65660012490534,-73.77951456307773,40.67061762040511,23,3,6,1.6864348196027257
1,-73.87541189379424,40.603588678887625,-73.88509564572924,40.59278440801687,1,1,2,1.4531941324017297
1,-73.78312280758993,40.876129907231665,-73.76312843442817,40.88304277191617,11,4,1,1.8483991350992757
1,-73.95934434700017,40.68937934722399,-73.98084441498635,40.63462169453686,14,4,4,6.353105950377216
2,-73.85810666741924,40.64204292156227,-73.89668843415285,40.65595037100549,1,6,3,3.603640593499884
3,-73.80093029057974,40.77800168215144,-73.78570746912769,40.82064302827329,12,4,6,4.9115951570510825
4,-73.98337215066623,40.82069832594707,-73.98105124193047,40.817044973215935,12,0,5,0.4507440520974182
1,-73.76655674366016,40.68661880822572,-73.76429511452207,40.65017690340994,13,5,4,4.056641977866485
1,-74.02098011489423,40.63315757656174,-74.00548279815955,40.64317323031793,1,3,1,1.71762757468169
1,-73.83525412808838,40.80341842109612,-73.84570679479336,40.813863041816184,1,5,3,1.4569646335192066
2,-73.85923086484881,40.63459515225039,-73.85771579964926,40.646433818598624,2,4,4,1.3225920751426667
1,-73.97884466153582,40.72037701195971,-73.96398249632618,40.68924903970312,0,3,2,3.6810211036853944
1,-73.83541130144276,40.80474867801269,-73.81210350874886,40.79690189899485,3,4,4,2.1471588685945155
1,-73.9985162356153,40.87247480842243,-73.99681529913725,40.885841530426546,15,1,5,1.4931752961839533
2,-73.8980612245889,40.653498474836624,-73.8954838313383,40.66029450878485,6,6,4,0.7863389991921257
5,-73.89482445236841,40.83702304506049,-73.88514805572268,40.81876600701867,4,4,4,2.187263093426279
1,-73.79937161161963,40.79851221725499,-73.84389483988517,40.83807224359225,3,2,2,5.77820006849159
2,-73.93458650504043,40.79266650274313,-73.88677729589739,40.799838390981435,8,5,3,4.102771196064125
1,-74.01288157354385,40.6665607632114,-74.02216918955729,40.684220683779266,4,2,6,2.1141333664770823
1,-73.87016149726401,40.69497469272972,-73.86069465123276,40.697471323027806,15,6,5,0.8450109009133833
4,-73.92522020889027,40.83406826921997,-73.89511347375976,40.82101901199171,5,4,5,2.9192972080771646
1,-73.75019412103899,40.69868119039901,-73.73783732196972,40.706426880995984,7,0,5,1.351604159876096
1,-74.02210800596626,40.614156895319766,-73.99669960831783,40.62242516926173,15,3,1,2.3333370125180175
1,-73.9167653891449,40.795371830327646,-73.92252122263794,40.79514014435054,2,5,4,0.4852106177323215
1,-73.935920536416,40.818677470055825,-73.90334684747111,40.83602577783297,4,1,2,3.351536826677876
1,-74.00759278753348,40.6701112344561,-73.99193866575838,40.64414435481255,18,5,4,3.1750149397843335
1,-73.90454614390225,40.71414446460921,-73.87991450145796,40.70801531501007,0,6,5,2.1851210450669587
5,-73.82517414837965,40.76245122474482,-73.82177878785612,40.74749839526701,7,5,3,1.6870962592511256
1,-73.91906966755157,40.81668460180134,-73.95273815975172,40.75055368283998,5,5,3,7.880888914121911
2,-73.82518505369204,40.73860000322119,-73.8243777718133,40.76245629043809,7,5,5,2.653569600415181
1,-73.78288235950995,40.70137013252757,-73.78801675640734,40.682733830249376,9,0,3,2.1169931938889155
1,-73.83132587336857,40.7680447959847,-73.80368217605512,40.78151414916223,16,1,5,2.767971260907662
1,-73.88470141499643,40.86327448838158,-73.87668906681915,40.853171633078205,2,2,5,1.309983362892746
4,-73.92855034124504,40.68317233592875,-73.9368975212147,40.67606620806205,20,0,5,1.058215498093181
1,-73.98013052956023,40.78277780446819,-74.00752699571082,40.74888232319334,4,6,4,4.419144455094156
2,-74.00490653461966,40.809182267102365,-74.00417497278136,40.80737031291704,22,3,3,0.210677955770379
1,-73.79275373283288,40.62583856765713,-73.77202092260312,40.627903176286544,6,0,5,1.7647041927491995
1,-74.00575881853402,40.813364245506406,-73.97919489701187,40.83350107173271,6,0,5,3.163819771701604
1,-73.93925153673094,40.87314056162408,-73.93176105025314,40.88819615929549,17,6,6,1.78863086211167
1,-74.04645014923607,40.75382616775933,-74.08803533209337,40.72800943683005,4,4,1,4.529393701510304
1,-73.76142257265518,40.82932763758341,-73.77789560055862,40.800668019635665,4,6,1,3.475271682979606
1,-73.9091113358073,40.7662704773348,-73.87802964067174,40.76559071439341,5,5,1,2.6187043572518744
1,-73.97730393058877,40.70331473874401,-73.96120930287292,40.72395222305877,13,4,6,2.6657367254123323
6,-73.84716860702375,40.78371214472177,-73.84742426121953,40.77533762928603,11,4,1,0.9314523990110326
1,-73.98265159347928,40.72470444112715,-73.95607343642776,40.68787729475774,10,2,5,4.667773040526378
1,-73.90615094905652,40.601756889369526,-73.88524428565874,40.59885472660171,18,4,1,1.7943385455220504
1,-73.75848497828018,40.805220513218934,-73.76605595428701,40.79696682654848,13,6,4,1.117322654254009
1,-73.97870265654186,40.62363586276104,-73.94285330960093,40.61505122613772,8,3,4,3.1727828238688094
1,-73.9040217473539,40.75656421810555,-73.90261350015214,40.72044233854383,14,2,1,4.018321762266856
3,-73.94670586640454,40.639210930595794,-73.97941501056303,40.62140404884255,11,6,4,3.3970161406138604
2,-73.98334324713751,40.769753515858774,-73.94973719302838,40.78063356387192,23,3,1,3.0775759180502567
1,-73.89587581282878,40.797296682705614,-73.93043329800129,40.79099787761134,4,5,4,2.992224535955965
1,-73.789890520367,40.61580683090002,-73.75862411640173,40.58961852202799,7,1,6,3.9303188379180565
2,-73.78504495289418,40.73323121150113,-73.79072630082528,40.69689009022992,7,3,1,4.069219156218572
5,-74.0412825364345,40.84706913145449,-74.06352659050638,40.829643781755216,8,4,2,2.693706784531948
2,-73.99777978490098,40.60865690995404,-73.98352374742618,40.62702701423462,16,1,3,2.3707256243232093
2,-73.81529607757558,40.71464283881071,-73.82273429481666,40.69927488740384,4,4,3,1.8202290236096275
1,-73.78410050252579,40.74177941165265,-73.78831398170439,40.7381404717573,5,5,3,0.5382767574320829
4,-73.89299545167425,40.83183680148182,-73.86415096011504,40.80719402099965,3,2,3,3.660592834750655
1,-73.93379054890913,40.62799909231419,-73.92294803820604,40.64615188223894,1,1,4,2.2161601517803526
1,-73.87786920832619,40.61065327827117,-73.89110399598447,40.618806453065346,10,3,3,1.4387095029870443
1,-73.93738745054789,40.71211841414479,-73.92822761419264,40.70225985256587,14,2,1,1.3408343752955632
1,-73.86068220054455,40.61975979735014,-73.8312763320836,40.63473967721325,2,0,3,2.988820992601222
1,-74.01997650588655,40.71448356226544,-74.02497853431142,40.726119918050074,4,3,5,1.3608408480591323
1,-73.77733756712892,40.79307387190387,-73.73623162205709,40.806083381083006,13,6,3,3.7502986148897777
1,-73.95404485214627,40.89995178714292,-73.96847922111908,40.92077813263707,13,1,1,2.6142239413459327
1,-73.82093807947258,40.786166123688744,-73.8188797753682,40.775853821895474,2,3,5,1.1596981253396055
1,-73.85240539085505,40.66232447190877,-73.8493284864399,40.65863624408409,4,5,5,0.4853375378452018
1,-73.93859109430598,40.74227058934558,-73.96024172238458,40.70300765378513,4,4,1,4.731755180374425
4,-73.88707513326827,40.86670222013053,-73.8934992699054,40.87055612090692,2,3,2,0.6895232712698557
1,-74.04974281279354,40.7431613444161,-74.04017476377165,40.76191514399351,19,0,1,2.2356556806087946
1,-73.87709709610552,40.73522011724982,-73.85650706884643,40.7195405195396,6,3,5,2.45970052902247
1,-73.96394366983185,40.65564659127208,-73.99098296090318,40.66684068226357,12,0,6,2.598305963820642
1,-73.8093742766884,40.60567303682341,-73.83698378376445,40.59855601273145,15,2,4,2.461595656320111
1,-74.00420754072215,40.72127840417021,-73.94538657909884,40.740145807038466,18,3,1,5.382094858431387
2,-73.90739695787903,40.83858326229565,-73.91676276652703,40.82050574386017,3,1,5,2.159067025415795
2,-73.80266153227211,40.65585646569345,-73.7920182858571,40.623461380485466,6,2,1,3.712426118271655
1,-74.009817201159,40.732963240161965,-73.99095959890634,40.71675889443232,7,4,3,2.402481839394982
4,-74.03216737351272,40.804211286238534,-74.01051826812315,40.759699965719285,8,0,4,5.274413728902233
1,-73.82551738768082,40.672214490784974,-73.84474285806652,40.667886312863686,19,3,2,1.6913659534881034
2,-73.8040248941864,40.874542523088635,-73.77809432475138,40.88786856355059,0,5,1,2.6359303454023193
1,-74.04307009797272,40.68119440396541,-74.05871519167579,40.685783662403175,1,6,4,1.4144777690668315
3,-73.91464962511348,40.83636482651063,-73.91393784877313,40.86431609816427,13,4,6,3.1086161378552606
1,-73.91786430540363,40.84546408585596,-73.94078113036453,40.84501319763317,5,5,4,1.9283376428181915
1,-74.01542223129219,40.64163484320408,-74.03029140788675,40.608594874296266,7,4,4,3.88228286909178
1,-73.75425882318292,40.601610117393555,-73.74083690222217,40.58652713420229,14,1,3,2.0241411887316505
1,-73.9101063352162,40.79222619912284,-73.92094995559079,40.806923132281206,11,4,4,1.871847874366334
1,-73.98940148652468,40.695650476900965,-73.97341194026464,40.702709428351405,1,4,3,1.5598263569285038
1,-73.85745158020919,40.67650413203289,-73.83594137936326,40.65016564416862,15,5,2,3.445154022086485
1,-73.96272888394932,40.87306038506861,-73.96858519664902,40.884581927302115,1,5,4,1.3724918704148628
1,-73.86389865836686,40.8838867304168,-73.87080260272653,40.88579956446334,21,1,2,0.618135809902351
1,-73.88727628215119,40.66968789730129,-73.87831016535533,40.6522916434276,9,5,1,2.0769654242076534
1,-74.02370925466518,40.70811924571174,-74.0250270135993,40.67879516697423,7,3,2,3.2625809280091835
1,-73.9842894900448,40.68696342780956,-74.00283097069548,40.66262970302322,4,5,3,3.1251057402890554
1,-73.78723778241987,40.81051723705227,-73.79866127154746,40.81678299017053,20,4,3,1.1872816611510433
2,-73.92113001015785,40.86484979030181,-73.92296384041433,40.86439129723578,8,6,2,0.16241934882006984
1,-74.00529930855068,40.60936074639656,-74.00852783879783,40.58785621526983,15,0,1,2.406680884627775
4,-73.96713711020044,40.73295229824561,-73.97565614823793,40.70776792308051,2,4,4,2.890940737210035
1,-73.99323729840826,40.628635375055566,-73.96449365426089,40.599257210176766,13,5,1,4.069148760666456
1,-73.95392448088894,40.61712583037139,-74.00965897740089,40.603270537093735,10,0,2,4.950612759437909
4,-73.86768357872141,40.60252823726864,-73.88217833781626,40.61032598307017,18,1,4,1.4996959187248582
1,-73.76496770719416,40.87018617549427,-73.75911024894944,40.89907271192994,8,0,1,3.249561705286958
1,-73.90514198910014,40.7580963711407,-73.8992571869724,40.77113381454715,13,5,5,1.5320749458669098
3,-73.90744332632589,40.81066572459001,-73.90878559903425,40.78499063582854,3,3,2,2.8571745678799507
1,-73.84198263073557,40.74535266715413,-73.837937645297,40.765386946713576,21,1,4,2.253614261911701
1,-73.9433100034578,40.79312430750001,-73.96105639076171,40.81452617703116,9,3,1,2.809712558496702
6,-74.02495716859086,40.83565353546971,-73.9884960700756,40.81751953348439,1,5,1,3.6711839730821016
1,-74.0089675635636,40.60756354967183,-74.0075656018535,40.5895885289029,12,1,5,2.002232905618012
1,-73.82795703797171,40.71235972852605,-73.83618348111109,40.7197845069688,15,4,1,1.0781069369193212
2,-73.98319179648117,40.81379921423422,-73.98144611481753,40.81873199520387,0,2,5,0.5678323447532565
5,-73.86955997149249,40.62531116886048,-73.87382899285522,40.66772224303319,12,0,3,4.729630041170006
2,-73.81077738218339,40.78191026745981,-73.86009914524477,40.81556840993272,16,1,6,5.589605313133546
1,-73.86128284764345,40.777225435468175,-73.86168162000044,40.80857877349301,14,2,3,3.4864937398849674
1,-74.00499419146304,40.75292790860364,-73.99685511420185,40.75315585118141,1,6,2,0.6860515648909442
2,-73.81957557788694,40.87552252674197,-73.82810758425387,40.893342954202424,2,3,3,2.107359847491421
2,-73.89065423020944,40.69058048130562,-73.88203347502981,40.69612648887805,18,3,2,0.9531810083580398
1,-73.97688440632558,40.75609509217321,-73.97904831496294,40.7517782877061,16,3,1,0.5134484192218385
1,-73.80796548629422,40.881536181125654,-73.79444786211143,40.90966524343815,19,3,3,3.3277803533756827
1,-73.8654317503103,40.799254246540706,-73.87710751373645,40.78980127909749,23,3,1,1.4390637168925513
1,-73.9315590399986,40.6827446573905,-73.93173305216385,40.68950432839272,21,1,2,0.7517843138052566
4,-73.7631185197577,40.71902276752933,-73.7811562375727,40.72730319410866,4,0,1,1.7771766751525333
1,-73.88934465448392,40.77777590722933,-73.86586434392721,40.76952170700583,20,5,5,2.1798594734600836
1,-73.79798229451713,40.70269791296474,-73.8005569954082,40.67478101808839,16,6,6,3.1117984973677864
1,-73.893193580306,40.72126024719809,-73.89643367576286,40.71591826678096,19,3,2,0.6537601996803689
1,-73.98942846384544,40.862397830240006,-74.00543502898763,40.87463780886983,2,0,1,1.9141455111516852
1,-73.99865750507618,40.72578285421643,-73.99061169748245,40.7193122423437,13,4,3,0.9886424928173351
1,-73.77656850761747,40.8519449751412,-73.78290805961336,40.847260103535966,20,5,6,0.7454547157518829
1,-73.78345193834069,40.61867621681974,-73.76557350685825,40.6219485364236,4,6,6,1.5522162916210827
1,-73.8425208657694,40.79748880456405,-73.84837102455066,40.8089663146338,20,6,3,1.3679385338174728
1,-73.84495822166993,40.7510209257998,-73.78772389441706,40.78311512218142,19,1,3,5.997367053206519
1,-73.7739014270119,40.601851143150206,-73.79915919590853,40.57059316900027,15,3,6,4.077972916423457
2,-73.9058265241934,40.84463988922207,-73.89801764176106,40.8491973298845,19,5,2,0.8296077209059373
3,-73.76480686451661,40.632420451447125,-73.783147979848,40.58759363126729,1,3,2,5.2194333802009485
1,-73.80914547310908,40.85785449403482,-73.85029311504783,40.86034187550413,18,1,3,3.4715120454174886
1,-73.99834810935131,40.795156534736456,-74.00213493749267,40.787294377201846,2,5,4,0.9305437472328737
1,-73.79852369025498,40.70604015792912,-73.80420659687857,40.68621586442406,11,4,1,2.2558245466967057
1,-73.8629009056644,40.78315411671287,-73.83862029470097,40.78684613026214,14,2,1,2.0850728758997525
1,-73.78306087582229,40.846421743425154,-73.79467484794047,40.88442850580336,3,1,2,4.337537092029545
1,-73.84391171350394,40.61846007609681,-73.8631588044812,40.66535023519637,22,6,3,5.4609970316503915
1,-73.98864810598026,40.63331948164471,-73.98983720905296,40.6161836101303,22,3,1,1.9080629196852874
2,-73.97649740142776,40.86369584340293,-73.97951135358073,40.88249659987827,13,3,6,2.105852350925976
1,-73.7753218740947,40.79138270772695,-73.80251079790231,40.78154673547005,16,5,3,2.536933437450223
2,-73.87465977458248,40.64832391044872,-73.87119471389535,40.64720553156435,15,0,2,0.3176873237846395
1,-73.79201837597995,40.74073786602701,-73.76886827239734,40.73640095330401,15,3,5,2.0091718567053376
4,-73.79496885165312,40.69336731987555,-73.78697304230376,40.70776888761421,4,3,3,1.7374581026251132
1,-74.00810893551164,40.83968115557289,-73.99591665020272,40.84071807454839,12,2,3,1.032112226834378
2,-74.04729899502297,40.76971351153127,-74.03376199884345,40.78440667834269,10,3,1,1.9921331779471965
1,-73.91170606399199,40.619996677524,-73.88537818724797,40.65587175501081,18,4,4,4.565994238835367
1,-73.82344232211227,40.69269571056498,-73.82476505438638,40.675022156499885,17,6,4,1.9683720323958955
1,-73.85292876821207,40.72314099351603,-73.84594771158726,40.72167761891525,16,3,6,0.6103984392270936
1,-73.8461077135001,40.80114786858371,-73.89791721277757,40.76831095465642,9,4,5,5.6885115601082505
1,-74.04712419467755,40.82485105575452,-74.048511637251,40.84334836700318,14,1,4,2.060116700560103
5,-73.84915873035652,40.6357729544627,-73.8198285601329,40.637734279221654,7,2,4,2.4844902216710403
2,-73.96966120805057,40.8855383824535,-73.9647901162102,40.91161344815243,12,1,4,2.9281775616937704
1,-73.86268186106803,40.76340888893428,-73.88171463056644,40.78399924705692,19,5,6,2.7947545255100583
2,-73.81078801936765,40.86592984287409,-73.81664111227613,40.89823994794943,21,0,4,3.6262607076808697
1,-74.02313360897686,40.70266751271699,-73.99908369253959,40.7023519397895,14,0,5,2.0276518549206486
2,-74.01197314131237,40.647698870634834,-74.02119191353376,40.64577096017362,10,5,1,0.8067727544444839
1,-73.7619799050461,40.665382121226514,-73.75545080902542,40.636832886819526,3,5,5,3.2219611625782014
1,-73.928397302868,40.796601641541166,-73.93839082002809,40.81505950172341,15,2,2,2.218087743328183
1,-73.77873690591797,40.70009846760242,-73.78063195162818,40.70897310001838,0,4,2,0.9996598553852898
1,-73.77165375947487,40.8125794254044,-73.81359794543148,40.830825899066674,23,1,5,4.071063042013676
1,-74.04962296138186,40.63786269517336,-74.04129873555301,40.60612188423163,4,0,4,3.5986628998825125
1,-73.97895462564364,40.77974976259689,-73.96671694976894,40.77876500584076,22,6,3,1.0362178976242573
1,-73.82330172855592,40.69627669448961,-73.85096746964301,40.71845518165955,5,2,6,3.3941079049113063
1,-73.84353158734669,40.620305306580775,-73.85022337119246,40.61115362619304,10,2,3,1.1638685414636745
1,-73.9736725584275,40.7337021487149,-73.97895910408876,40.72982385408097,17,6,6,0.619997283175384
2,-73.97656616060176,40.83807214967429,-73.96749809293838,40.8673781679186,17,0,3,3.3467436974721863
2,-73.9091493303177,40.88464296685135,-73.91839901501643,40.87911224150594,22,5,1,0.9914165324584407
6,-73.8458753076179,40.71797837171992,-73.87582862210525,40.71556203863817,8,2,2,2.5387074224375454
1,-73.83510760537563,40.61964695784303,-73.86129495704921,40.63312453212315,14,2,5,2.6702500025448948
2,-73.82786060471658,40.88453819329088,-73.82488563675257,40.858355048593815,21,6,2,2.9221591170680585
1,-73.93692221082246,40.85088933202184,-73.90893707927665,40.84760394686715,21,2,1,2.3820519762756023
2,-74.04570781448601,40.840622133002434,-74.03900214788251,40.8706355978199,6,3,2,3.3846614886272786
4,-73.85393735598804,40.89276739545976,-73.86799244042547,40.92781150811999,7,4,2,4.071792496125299
1,-73.82270077660448,40.68494054947205,-73.81148924928215,40.676576726827854,16,3,6,1.326171921191037
1,-73.75714558008153,40.63119728516436,-73.74441512756641,40.64745950279265,18,0,2,2.103256568070149
1,-73.94485365321403,40.699168063130585,-73.91497912373094,40.71910752680258,16,6,5,3.3550927933783448
4,-73.76209323426579,40.687178693208935,-73.76230340394036,40.706470755924,1,5,1,2.145252670054026
1,-73.9662939467744,40.835899611877146,-73.95704084811344,40.806489144411024,21,2,4,3.361707833928179
1,-73.95890390627872,40.63214573876175,-73.97892746004648,40.63098355817214,9,3,5,1.694666834589053
1,-73.94692287348,40.61591313016362,-73.96455357997066,40.62252661511964,0,6,1,1.6598733623217528
1,-73.83621817792387,40.89920240065849,-73.87507689902473,40.91722150674136,13,1,1,3.8312403522405885
2,-73.76368425042062,40.735820508582734,-73.75678636175083,40.72202800514243,7,1,6,1.640105732560509
1,-73.84041859650657,40.623079105066296,-73.86761709804699,40.64156756459339,10,0,1,3.081275805781229
1,-73.94986394357622,40.6296902790097,-73.96732822443603,40.636287448419466,9,4,6,1.6462109913182086
1,-73.8854927726693,40.77529839248416,-73.88224597406247,40.74192939457271,10,0,2,3.7205270555899266
1,-73.80309964753259,40.868694591552234,-73.79569659954733,40.824331098670584,15,2,6,4.972143139543686
1,-73.78226336255577,40.82189778834,-73.81330797578514,40.80160720575991,0,5,3,3.4520450634109627
1,-73.9527755622493,40.726688746090936,-73.94272587939233,40.726857220115946,5,1,5,0.8470617975249032
5,-73.7949548506868,40.66087370324606,-73.83805090144646,40.64067648869512,4,6,5,4.273421453492398
1,-73.86311888259009,40.76060315477205,-73.86251783496421,40.748434412468534,23,6,5,1.354049202648401
1,-73.84645941504861,40.685002057262,-73.85715349794091,40.73929412165899,17,4,1,6.103919535248074
6,-73.99928400094977,40.61918291911095,-74.00614848150016,40.6043611347209,19,6,6,1.7470018220627723
1,-73.78541209705436,40.88100426107739,-73.78576286744004,40.894980498394574,20,6,5,1.5543663908938095
1,-73.80757030585194,40.885515190191505,-73.8217404344984,40.864853539763935,2,3,4,2.5880139685476444
1,-73.75664210985641,40.76027341679617,-73.78952043213249,40.79324213250411,21,1,2,4.593869630787529
1,-74.02323363664354,40.857718363125514,-74.03413078658089,40.86468273520984,2,4,6,1.1997950187475026
1,-73.76852362668545,40.87385234768676,-73.75203331298636,40.87831002970223,20,5,1,1.4724033955080738
1,-73.92195147771571,40.669036786590446,-73.94824111805698,40.68389600614057,14,4,3,2.7649887454987923
1,-73.99806549222134,40.60963213676269,-73.96143093231763,40.57883194982632,16,3,4,4.614912184538844
1,-73.77757767924112,40.84325087614788,-73.85319820473755,40.843851571366,0,3,3,6.361455149642653
1,-73.79270586357335,40.689033217326504,-73.77862099578438,40.68427547169012,2,2,1,1.3001071988859476
1,-73.98094760983126,40.68225222656184,-73.95604497894261,40.66873427862296,17,1,1,2.5825824756574267
1,-73.7718761784869,40.73367609019195,-73.77983485863503,40.744025348164975,13,4,6,1.3318849801945998
1,-73.86006773758035,40.650616544962176,-73.8431143066611,40.676587117099466,0,4,3,3.2224477196829433
4,-73.86897683904219,40.6598904322282,-73.87995892059779,40.62678106639289,21,4,2,3.79640472766992
1,-74.03547420825683,40.66982204421725,-74.04089891060848,40.66143960923424,18,4,3,1.0383283409801147
2,-74.04415696888623,40.88562944843284,-74.0663761380869,40.9187748773594,2,0,6,4.131686477365931
1,-73.84017743940794,40.83697998903372,-73.84654529285372,40.83228353288663,14,1,2,0.7481446468356925
1,-73.79247692383511,40.611726846672504,-73.7663667272005,40.614823026527674,9,4,2,2.2306984753391514
4,-73.94127124882651,40.642298439496095,-73.94978098586759,40.66158909365214,15,4,6,2.2619670456302012
1,-73.91301796756994,40.87809625993135,-73.91951540112522,40.85219234871686,18,0,4,2.9317465740990785
1,-73.83062450276898,40.76067322120498,-73.83668080719278,40.74231834855353,10,5,1,2.1037614404850173
1,-73.96921270972462,40.79239024337705,-73.96661238309296,40.80412441800627,17,4,3,1.3230130670105944
1,-73.78789319098297,40.7876410676258,-73.792856632068,40.81268971999336,19,6,1,2.8164430815392505
1,-73.99991379828866,40.86674755627995,-73.98418588781117,40.85958820148746,17,5,5,1.5437211302302343
2,-73.91539205891095,40.789512458017825,-73.92471329736442,40.78697125868745,13,4,4,0.834068121491468
2,-73.81238476286491,40.89404763271058,-73.80877682528302,40.86818107737381,18,5,4,2.892179515431741
2,-73.93909396517887,40.643010145664014,-73.94365709597767,40.64205022948515,16,2,5,0.3995286861870371
1,-73.89675723528654,40.677691955497274,-73.91238306598666,40.66128027549607,18,5,6,2.251006265788022
2,-73.99741881932717,40.61074103551418,-74.01956689023856,40.635723770727175,13,5,1,3.348299889364044
2,-73.8887121033459,40.80971247841093,-73.85789300760686,40.80514273995071,19,2,5,2.643178648626624
1,-73.8510412523955,40.73170537972873,-73.81501743585886,40.71055197361857,4,5,4,3.8404580154349377
1,-73.87183713239044,40.882496282587866,-73.83271137107735,40.85618562960814,6,6,1,4.402594143933377
4,-73.76520166643637,40.73926338543817,-73.75152555776589,40.74168208128303,1,5,2,1.1831770277351352
1,-73.93857959062,40.77465396695313,-73.92425998453032,40.76673847909856,20,2,3,1.4929197094583369
4,-73.99954276467152,40.60790573350625,-73.97794078349988,40.60717624193543,14,2,1,1.8253904212657668
1,-74.0290561927455,40.84701185966759,-74.0242813108335,40.84560946686566,16,5,4,0.43085029987180756
1,-73.95834065009653,40.88836611799058,-73.93947658509641,40.8862198757771,10,1,5,1.6036313336675323
4,-73.90533631547314,40.88701064692026,-73.92128395261207,40.87562685386455,2,5,2,1.8438706814466923
4,-73.8613351124297,40.86552683638848,-73.86627243167722,40.85337599506934,6,6,1,1.413475252238263
1,-73.78388183148184,40.88379568391,-73.76168893069085,40.887586811307386,16,1,6,1.912685111680352
1,-73.82505292469168,40.76811569625583,-73.84824911564553,40.76629011129984,9,0,2,1.9639996336932366
6,-73.88926232145532,40.84220513629938,-73.91457092302555,40.866410179235885,11,0,5,3.4314599206000147
1,-73.91959164570748,40.67545027598032,-73.92423773191267,40.65846920264283,15,6,6,1.9284424293693283
1,-73.84221015517029,40.8814959094908,-73.88803420693557,40.89037230356433,12,5,6,3.9766322579556244
2,-73.94421502008215,40.720916490778905,-73.95369520818758,40.757029588111735,2,5,6,4.094256981850096
1,-73.80687178928055,40.69920108060866,-73.8222366091782,40.68889337902342,22,0,2,1.7296541015598448
1,-73.93390306394909,40.641770350390274,-73.89238824680552,40.65147963659343,14,0,1,3.6651475373684366
1,-73.81501520210307,40.67027657704275,-73.7928338968379,40.66849602962234,4,0,4,1.881206117796916
1,-73.7807077920021,40.66263189049931,-73.78142834835083,40.66340152190215,23,1,2,0.10496495046030317
2,-73.99669953104825,40.89812148649732,-73.99823569350107,40.93305942992105,1,6,5,3.887065847452184
1,-73.93391813768987,40.745534120201,-73.95563522716722,40.73016099251333,8,1,2,2.503994673297172
2,-73.77136263481307,40.64446069725892,-73.7606503100966,40.66042996599788,13,6,4,1.992433553202756
4,-73.75550030502103,40.88820369835194,-73.74506199856823,40.89172360767135,1,2,2,0.9607786778688804
1,-73.88711998378211,40.809764451144225,-73.8895006865685,40.8181147858974,6,3,6,0.9498844419144115
4,-73.82338357680834,40.67220637951914,-73.8517599197435,40.63117231691916,0,4,2,5.15263187296771
1,-74.02465834103131,40.76540933040919,-74.04450588075593,40.76973461490411,12,6,2,1.7392817018605284
2,-74.04031190497975,40.794590961211725,-74.05853551955606,40.842222354247525,19,1,3,5.5139132051565545
1,-73.85611535637717,40.71661604235886,-73.90596524438139,40.72656249338336,10,1,5,4.344165537987713
1,-73.85425018581725,40.73541965172042,-73.83269371474933,40.73905907605597,3,1,1,1.8607487638267106
1,-73.82051820447951,40.864236248997294,-73.82846862631526,40.84294157059948,18,2,2,2.460465932205528
1,-73.83055386043196,40.75106162419824,-73.82527407401585,40.76530012244387,12,1,6,1.644516750039438
2,-73.9722420552437,40.717166494909165,-73.98893485284731,40.72130021994161,8,5,5,1.479995325889649
1,-73.9572376790412,40.78857483896325,-73.94030812022179,40.80957576025596,1,4,4,2.7356724256106744
1,-73.96851021353199,40.74881444551483,-73.9597156410719,40.77778071941409,18,3,2,3.304969949114084
1,-73.87513852839143,40.80372396414104,-73.88978163863838,40.748899792250945,23,1,5,6.219613883214537
1,-73.87711582201489,40.68442415843707,-73.89624939715063,40.711754301057425,2,6,5,3.4405219267705864
1,-73.77192694340398,40.62142186337748,-73.76944933910947,40.59090681102517,9,2,2,3.39955931569909
1,-73.75489244247484,40.66855214365434,-73.76164532382535,40.70518727483365,7,3,4,4.113240538353495
1,-73.85578672133215,40.72350999855643,-73.84233671373192,40.74321002113108,17,5,4,2.466331943728438
2,-73.88389808749612,40.60035044392722,-73.89998058865493,40.61490106689149,21,2,4,2.112102715016325
1,-73.86072687074147,40.80217377897979,-73.87312974010258,40.77004592995723,4,1,5,3.721937228648151
2,-73.8640863829758,40.83980485487603,-73.87305286173485,40.81866015526708,19,0,2,2.469250986757051
1,-73.92578332262835,40.64815084282168,-73.96180138694528,40.6646830839755,19,5,5,3.55117189260627
1,-73.7741736052016,40.897596832140025,-73.7822317250659,40.878715588492376,0,1,6,2.206069167965295
4,-73.80604238800616,40.78870408991396,-73.78587786287864,40.805048007453536,7,0,3,2.486764274748626
1,-73.88131553076238,40.749194639156705,-73.88881255717818,40.74717290254446,4,2,5,0.6703654998836737
1,-74.01708664934198,40.69799848478939,-74.00612415231073,40.65751445256683,15,6,1,4.595561964638424
1,-74.0316365479033,40.8667849315635,-73.99539040078955,40.86620945874505,23,1,6,3.0485966321873
1,-73.8808674404711,40.7304514741908,-73.84202312816272,40.73982287415426,14,0,3,3.434760509552662
1,-73.9018927435092,40.721411729154525,-73.90969056349128,40.74208941714605,13,0,6,2.3912928014999406
1,-73.85957292413205,40.82497186668344,-73.83949796539349,40.812578174106186,7,1,1,2.1801323423215164
2,-73.91479986381798,40.799943607327926,-73.8949462525106,40.8149486707391,2,5,3,2.361353693391869
1,-74.01279910161276,40.848850982212085,-74.00254681342177,40.841491543768825,11,3,1,1.1888573620221263
1,-73.91670662035997,40.60251594455213,-73.91873264358685,40.60488889270027,6,5,4,0.3144476076734664
4,-73.9702785765503,40.67071392521813,-73.9853358822353,40.66418980541034,15,1,3,1.462558715827416
1,-73.888118579496,40.67860902799934,-73.86462420090737,40.69721944816543,19,5,1,2.8647025674608524
1,-73.9207729454917,40.85338980152628,-73.91448439461223,40.85254633905131,14,3,2,0.537161086650585
1,-73.80956701938156,40.83855639252888,-73.81434864342303,40.83823666827592,23,0,1,0.4038235472955306
6,-73.80653239278128,40.82711745785123,-73.85030109032412,40.81813453647421,21,1,3,3.8159782228218084
1,-73.90593783768357,40.71620410737642,-73.88972751751712,40.69688622063166,18,4,6,2.5458183197593116
1,-73.89450076389704,40.68843526275358,-73.88608148504726,40.65520429273205,7,6,4,3.7627183730052143
1,-73.86255305737197,40.67342175331213,-73.83906053163251,40.707980615311186,4,6,5,4.323205322961862
1,-73.86094406826363,40.81721007899674,-73.8924805958895,40.822379227463536,17,1,3,2.7152973958991278
1,-73.81704837475999,40.6816979290719,-73.80757916519443,40.665967081329605,17,5,2,1.9228594212919303
1,-73.92103244193078,40.77309597981351,-73.90854167230921,40.7689166762129,17,0,2,1.1499417156606468
1,-73.82141866745188,40.7560161916183,-73.87304526933521,40.72114207894356,7,3,1,5.827251407071123
2,-73.78842950544505,40.84998518991969,-73.7732538049322,40.86184143174353,11,1,1,1.8349543119795262
1,-73.96785381421414,40.62763071314255,-73.90801567655957,40.647070485,17,4,1,5.492387580578807
5,-73.92981144014786,40.65858243055168,-73.9025294654514,40.64899702672138,1,6,1,2.53630861418532
1,-73.77422372604211,40.810173899757345,-73.77754808969684,40.80007159494307,2,6,2,1.1576480923918204
1,-73.84598158127561,40.78300849404259,-73.79917100430409,40.76069641676763,3,0,2,4.657673153812582
1,-73.9839970065814,40.66560226537478,-73.98184473579855,40.6628183777928,18,0,5,0.3588577377204105
3,-73.84748355077996,40.841832059423574,-73.85296041529375,40.879812997647434,14,4,4,4.248328943245353
2,-73.81821058343675,40.794822255849915,-73.77669802730314,40.78004527293794,8,2,1,3.861925012449074
2,-73.87328196575021,40.884624726011225,-73.85247244976841,40.89577345168031,9,1,5,2.143978621041642
1,-73.94314864826744,40.84482743567667,-73.95541639870369,40.827192113290906,16,6,1,2.2159685486304217
1,-73.86449398630643,40.89564609056169,-73.8553514586248,40.88915820296985,15,6,2,1.0540518930049183
1,-74.03396393565853,40.62624406001283,-74.03685036589036,40.61722097202529,15,6,3,1.032473680658752
1,-74.03779839448896,40.852725014736464,-74.04578551482653,40.84960271495457,3,4,4,0.756199536632335
3,-73.86808253326711,40.65181270772374,-73.89511609679705,40.67774043196269,14,5,4,3.6757266267229602
5,-73.79536342367825,40.80715221974384,-73.81501486211832,40.87036626201257,3,2,1,7.220869789307049
1,-74.00061523178816,40.76628058805143,-74.03947835883008,40.790276278392895,12,1,2,4.222258273729301
3,-73.99787329113106,40.85011874870052,-73.98819401345412,40.88239012354711,22,0,1,3.679563931143959
1,-73.81283389613303,40.71736108934244,-73.8053026753844,40.741108723794206,23,0,3,2.7158024865513553
1,-73.94944196944839,40.78380022219829,-73.9431315393042,40.80421439416992,9,3,1,2.3312830517574494
3,-73.75208088498479,40.70551212726002,-73.81848565616541,40.7131325784933,20,3,5,5.660961557478792
1,-73.9440437197711,40.84204374367187,-73.96200365307476,40.84881506371326,17,6,6,1.687957840883796
1,-74.01525774690532,40.663378405908055,-74.03291289014312,40.665169408584006,2,0,3,1.5023964396462282
1,-73.99133548049316,40.76228262547362,-73.96051356589048,40.7573842253064,13,3,4,2.6524990593900415
1,-73.9966330099441,40.72842774635865,-74.00853609234268,40.74249729469508,17,1,1,1.8583213870419515
1,-73.91485887650263,40.784432425545944,-73.91624492464796,40.8236691453835,8,0,2,4.3644836444235935
1,-74.00158798854555,40.834308412582885,-74.01003248747634,40.80299207458199,4,5,2,3.553984333551518
1,-73.99069477429173,40.769536685302185,-73.98871639943512,40.73681984838873,1,6,5,3.641761077534589
1,-73.89192536623146,40.6731260863336,-73.93628391116594,40.61975887227408,1,2,5,7.015718531343924
1,-73.7679972021438,40.73972232592772,-73.80012192548865,40.74283320206876,21,4,4,2.7284736831088514
1,-73.7554302836566,40.61010695115322,-73.76845974016805,40.65070277155345,22,2,3,4.646033425476359
1,-73.75583983861341,40.81644457578714,-73.7538067909075,40.8195043129576,8,1,5,0.38082032682200784
1,-74.0303888761068,40.881048783173455,-74.02336315449297,40.90050578533407,19,6,1,2.242676014122092
1,-73.8546311441003,40.78694796222408,-73.87878310279322,40.79322718078309,16,0,1,2.1498133143551215
5,-73.8130055352062,40.71456924629276,-73.80748490348624,40.72348796464739,12,6,2,1.095430531547607
1,-73.93705294139662,40.87472170606569,-73.93119257851167,40.93291991751821,23,5,2,6.490060935775524
4,-74.02637998952095,40.84079190882326,-74.02914840987209,40.876226480549015,22,6,1,3.9470173906034742
1,-73.80730437979864,40.781774598599526,-73.78093022276379,40.781390275533305,10,5,1,2.2210455700471474
3,-73.97301195882542,40.72297886813758,-73.98555404419565,40.69135636302244,22,0,2,3.671751042955754
5,-73.8351585466857,40.60927084524028,-73.83724707979613,40.59708032035561,15,5,1,1.3669439004681567
3,-73.81363656948902,40.79668820279067,-73.81279266262094,40.7964983145828,8,6,5,0.07411018330178827
1,-73.77220253982404,40.798048725040914,-73.75500063305975,40.77754382144874,12,4,2,2.7010975847528687
1,-73.96778918623686,40.67771667862673,-73.98634709003274,40.66912114487344,14,3,2,1.833835731135363
1,-73.79842737355824,40.79579015008068,-73.81755369235,40.79122256871141,14,6,3,1.6883023007232358
1,-73.86000186029048,40.8026707057671,-73.871691966318,40.81170083319935,6,3,5,1.405801552841868
1,-73.99938969131793,40.80024794433204,-74.02524288472304,40.79213746347993,1,1,2,2.3557523176602104
1,-73.86385960803572,40.767649348423554,-73.86676975836959,40.78726964985767,6,5,6,2.1953961997727833
2,-73.90018583630376,40.66983095687158,-73.89936018776993,40.69313593554365,18,6,5,2.5923304809092595
2,-73.85403061935794,40.8295119794075,-73.859285486238,40.79968459721896,7,4,4,3.3460057807748202
2,-73.9680106399813,40.73520064375936,-73.95331080805268,40.74318561638744,11,5,5,1.5238668431351141
3,-73.93478578517274,40.77878419129882,-73.93029498271014,40.7753406288404,10,6,2,0.5381514297267845
1,-73.75529188740299,40.800611850776306,-73.7590568925343,40.80694850158457,22,5,2,0.7725865814834918
1,-73.8050132901543,40.69429756736575,-73.81282020702118,40.67111781994113,20,3,3,2.6602088612475927
1,-73.98799811866327,40.73513053401702,-73.99774992846956,40.71708312301036,15,5,6,2.168515845886945
1,-73.76262623473295,40.678409208454795,-73.78034359718548,40.657472274946976,18,0,1,2.7663886265247224
1,-73.86055718444878,40.62460537133471,-73.87348741348318,40.62734039366075,3,2,2,1.132823491483331
1,-73.99747661644585,40.783988431445174,-73.97277890218972,40.76914126211334,7,4,4,2.6552720450608107
1,-73.99363074401668,40.60102500060517,-73.98424322481726,40.579312482807104,9,5,2,2.5411194057468998
1,-73.90575924764882,40.853006732685145,-73.91834384207638,40.84184690554432,5,5,4,1.6310661408012928
2,-73.88895643491917,40.77476074335955,-73.9114224840769,40.796361617616185,18,2,1,3.0572559690375036
1,-73.84475836348808,40.834458465617395,-73.83946561930313,40.81081325734359,8,5,1,2.6666797289034454
1,-73.77996847244788,40.82101919568969,-73.77484017332262,40.79199575659195,1,3,1,3.2559950601895706
1,-73.79651515793017,40.619639345459234,-73.78933234690504,40.60907190673867,22,3,4,1.3222421277278689
1,-73.7895629166336,40.693952355082565,-73.8044022491403,40.684426814629326,18,2,2,1.6393019983278097
1,-73.89957438734562,40.800967101828405,-73.91526810623105,40.79026182024314,10,6,1,1.778276699476618
2,-73.90771104925297,40.742287106654146,-73.89605864696176,40.76296937331122,7,6,1,2.500461900509201
1,-73.80492798697162,40.724019772680705,-73.80037832346768,40.68638705464261,11,6,1,4.202104643433724
1,-74.0259956176519,40.7311712329299,-73.99159057638843,40.73583488145808,8,5,6,2.9449270643355723
1,-73.85177658440183,40.75231356541349,-73.8158677501572,40.751188713258635,14,1,6,3.027371477035142
1,-73.8732231781292,40.76610630768224,-73.82872650348428,40.779032064279825,3,5,5,4.013210680375724
1,-73.8342826836959,40.84376762915085,-73.82102375784093,40.84310702021926,0,0,3,1.1177426216021864
1,-74.03537654339387,40.68620795091449,-73.99850901601519,40.69252415936508,17,4,6,3.186809535798621
1,-73.81071354559464,40.80504370209773,-73.80406725821973,40.78590920334893,11,1,3,2.1999896771608705
1,-74.04628256080565,40.72998161556949,-74.08578223525207,40.75008296221527,6,2,2,4.008808575335511
4,-73.96655382494916,40.88690387997703,-73.97549650673807,40.901739797579864,13,0,4,1.812856563073543
2,-73.83341511895765,40.6372965403538,-73.81418314892345,40.6248886660755,18,1,4,2.1301408693080566
1,-73.93754989042685,40.634134899214146,-73.92689099837966,40.617979860515504,22,6,4,2.0090025043716904
2,-74.0316659271615,40.76869563477958,-74.01254260425105,40.743682462782495,15,1,2,3.214086405886586
1,-73.81602360503926,40.62189549178838,-73.82931843198607,40.63580161939097,0,4,4,1.910447115230672
1,-73.92591147456704,40.810195670194176,-73.92844089219048,40.77166699151929,5,6,2,4.289482295473591
1,-74.01134465004664,40.73648369524351,-74.00060816313355,40.74125199160205,5,6,5,1.0485040680971023
1,-73.91556074203757,40.69258839695535,-73.9282506013539,40.681521488658305,14,1,6,1.630698232545858
3,-73.79582250650674,40.74943156507547,-73.81769405491661,40.76945451819157,6,4,5,2.889734251800431
3,-73.9842151756785,40.78903689661379,-73.9873665910417,40.76462428079884,13,0,2,2.727498219807712
3,-74.04382563211492,40.70840561348121,-74.04912989944116,40.70505302079814,17,3,4,0.5821332500378862
1,-73.82975579810186,40.75101521506571,-73.82345615145783,40.77116738351292,19,5,4,2.30277690768602
1,-74.002701821484,40.61910617206011,-74.03472143596427,40.60273405451479,18,5,1,3.2588001690379276
1,-73.99279044106376,40.890933762493525,-73.99146668460853,40.85327403114427,9,2,5,4.189050032134598
1,-73.8178522609323,40.715639974983375,-73.8202065883458,40.72492830591959,2,0,5,1.0517006768706794
1,-73.86209015384455,40.690649242494565,-73.851091470073,40.69762606153406,14,0,5,1.2090038161025856
3,-73.91686334845272,40.89677820991537,-73.90662279558741,40.90034290734158,5,1,3,0.9475922313150609
1,-73.8732886325154,40.80347706473069,-73.86713911544544,40.7725149991213,21,3,2,3.4815339319419194
1,-73.80769281399604,40.61514370390814,-73.79005951481172,40.61942704159945,23,2,6,1.5626946165535542
5,-73.81612267119773,40.62205981950188,-73.82945705579749,40.58119235575647,11,5,1,4.681621211961561
1,-73.92531182843872,40.876073483349856,-73.9666243295975,40.876285388521055,18,5,3,3.4735247555246804
2,-73.86212317566032,40.62739675054673,-73.87309834942543,40.62304872457762,10,2,3,1.0448421977089402
1,-73.85208480320802,40.62677664016448,-73.83797635901288,40.623574112506574,6,5,1,1.242797309605525
1,-73.91918295084464,40.82890053329761,-73.90087318598786,40.84037635169624,19,6,1,2.000287061697146
2,-74.04224540084797,40.642683672605735,-74.02186004241912,40.61540695183788,18,5,2,3.4869500604028776
2,-73.94572243533106,40.72443905331645,-73.96465193819904,40.71600760645127,8,3,3,1.850380069121426
4,-73.87540905774645,40.860561648571085,-73.8490102730299,40.86463348409595,8,6,2,2.265695203098331
3,-73.86928050454163,40.857339755282226,-73.88400205148761,40.836602754295015,2,1,6,2.617310417140502
1,-73.93133833709166,40.78070024738235,-73.94793594150147,40.78347246848522,18,6,5,1.4310582198395008
1,-73.81944996779117,40.68122410155459,-73.8130952480792,40.67840486393608,14,5,5,0.6208292769236738
1,-73.7966180552148,40.828302499013105,-73.78578532076367,40.83288491098134,5,4,4,1.0441781514489759
1,-73.86834905622875,40.64562832111619,-73.84968279613926,40.66191660403722,20,0,6,2.399987256858401
4,-74.03803791331062,40.89870552675791,-74.0589392926745,40.89920780368617,6,2,2,1.7576150115838736
1,-74.0139790267336,40.87805942377815,-73.9965033670942,40.91738247702873,20,5,2,4.612637373089527
5,-73.94502648753401,40.86060305173202,-73.93809788246139,40.84796072300462,17,0,5,1.5217571522306073
2,-73.84500412734619,40.60130165722189,-73.85008857933522,40.58079439474571,8,0,2,2.320366907817213
1,-73.92044414027859,40.729679762439375,-73.93501631556877,40.73455579071705,15,3,2,1.3422332147147003
1,-74.01618084036114,40.732677029942465,-74.03003361338247,40.71677818220858,11,0,6,2.1185157548164977
1,-73.80253392229544,40.62718353388896,-73.80648115737488,40.62185385821655,6,0,3,0.6798457836743041
1,-73.75460035166329,40.83159212071478,-73.7260586536365,40.823123544054944,0,5,3,2.57950162772827
1,-74.02295830446322,40.82103012822028,-74.04290568262361,40.81645394886223,20,1,1,1.754008462281481
4,-73.88204988253011,40.60090033147999,-73.9156414454679,40.61308187730281,13,2,3,3.1426381596900272
5,-73.93376751479343,40.80266163146284,-73.9407186630837,40.79939967630839,7,3,1,0.6884032602001675
1,-73.86831255920616,40.77627436616845,-73.87950821500326,40.77034070417458,13,3,1,1.1507073113305135
3,-73.98529258960814,40.65444016566345,-73.98206907960149,40.683924235735184,8,0,6,3.289732177073668
5,-73.80847134921277,40.77533085688644,-73.77503045378593,40.78942375679907,8,1,4,3.2223105167386077
1,-73.96933506631619,40.70275536650245,-73.97149035042028,40.7345084741324,15,6,6,3.535453646979105
2,-73.95737410410614,40.896519433067056,-73.97811183080735,40.89087768422152,17,3,6,1.8525616008238044
1,-73.91890102727855,40.61465372998703,-73.93764140722838,40.64625011924037,6,6,5,3.85288847366921
1,-73.77005094653504,40.82154906913444,-73.84105433751229,40.80816051232216,15,0,2,6.157968969980383
1,-73.91359175052233,40.62315438016622,-73.90586808362714,40.635184375440545,8,1,6,1.4880252533293352
1,-73.87528101872914,40.87034977458136,-73.86261477059357,40.84687222897278,22,4,4,2.8195490693685223
1,-73.88883895402267,40.83765947025289,-73.85043751848127,40.83703035117026,22,6,6,3.2313408180418874
3,-73.97716606535738,40.65855809371568,-73.97053555946584,40.621719837728826,3,0,3,4.13425574022258
2,-73.94638442953848,40.75871356163232,-73.98436205733769,40.75314030501322,9,6,1,3.25832725809089
3,-74.04468552714731,40.82442557496143,-74.00732118903247,40.85047109985874,9,4,4,4.274119803898044
5,-73.99028670825389,40.76713100976336,-73.9719184208569,40.76182809429507,13,5,5,1.6555299278885638
1,-73.86560729362216,40.75160182356878,-73.8964759941327,40.76782059322585,2,6,2,3.1641730033911943
1,-73.99986905082741,40.83813423084183,-74.02112213028312,40.81538176308051,15,2,3,3.0981411740634446
2,-73.86072170605046,40.81638174178093,-73.85086170910903,40.83561460544528,2,1,5,2.2938794652760732
1,-73.816186276509,40.82275345994184,-73.82145388348242,40.83429384812434,6,5,4,1.3576143155784608
1,-73.80298488474878,40.79423091078666,-73.797737374408,40.81440810261023,12,2,2,2.286662217279364
4,-73.86849070969444,40.75025529197125,-73.86654371377232,40.75049720300949,14,3,4,0.1662001648227794
1,-73.7675374106206,40.63590491007318,-73.76160535938298,40.616521779475825,13,6,2,2.2126845591163735
1,-73.7603954659971,40.80804940184855,-73.75761309129841,40.76551423958296,13,5,4,4.735491617386221
1,-73.96539749896809,40.6189597891388,-73.95321325265718,40.60823738480977,18,4,3,1.5745723164411147
2,-73.91247848409084,40.74389233869246,-73.90224858287121,40.76515898372939,20,6,4,2.516844158621842
1,-73.90213723085941,40.70446761053846,-73.89475762327447,40.734183703275434,4,4,2,3.362298228272857
1,-73.86713321742407,40.63270915437714,-73.8779757747584,40.59497189503874,20,5,5,4.294839493158847
1,-73.97566845132934,40.60770111096894,-73.98740510663508,40.61008800933841,15,0,6,1.0256942054111942
1,-73.91032134854862,40.80999171096206,-73.88463653338118,40.81316433624467,7,5,1,2.190214705194585
1,-73.83047318880958,40.817254425650034,-73.82624183825307,40.81187705945443,2,3,4,0.6959371217189526
1,-73.96622356572566,40.80311437752808,-73.97110161546682,40.845523478133785,18,2,1,4.7335061924692505
1,-73.98506194783081,40.77649266544925,-74.00671594915424,40.76378514971789,4,4,5,2.306911358461829
1,-74.01068883239033,40.80233004172464,-74.0146965845545,40.8114075092463,19,1,3,1.0642391363384698
5,-73.90764443994576,40.86610773202776,-73.92529779663724,40.87834595542135,13,0,3,2.0137294686345806
2,-73.91701564707198,40.804719482662904,-73.96750099259386,40.784424275007495,21,6,1,4.811908671058753
1,-74.01182455606481,40.73998177358318,-74.03639663449837,40.75933448178811,16,0,5,2.9858417490485705
2,-73.85833647831804,40.80611744595439,-73.8804477782628,40.80062007618929,0,0,5,1.9589192378661304
1,-73.75260878217667,40.69158158313454,-73.73675660958116,40.728748396588315,16,2,6,4.343385544282123
1,-73.88910743957372,40.74276295244958,-73.90078379805337,40.742298159611714,8,4,4,0.9850531030751946
1,-74.01153505353628,40.88029584837658,-74.02562697368282,40.88728275321453,12,1,6,1.4167007724875036
1,-73.76838675507489,40.80559895753719,-73.78522603541379,40.76295003559412,5,2,3,4.949735640046953
2,-73.82450299683688,40.621355327276554,-73.8449732796119,40.617810390727584,22,0,4,1.772135591773863
3,-73.90415059346391,40.86242765421658,-73.93060185589891,40.85942466553494,22,6,2,2.249386652386551
4,-73.7740924798574,40.72834337034764,-73.80775312598914,40.71907970078793,4,1,4,3.0178437206032136
1,-73.89885637276709,40.86765816604206,-73.8989382096899,40.852398765037016,8,4,1,1.696781933101344
1,-73.81633081072538,40.76155602293901,-73.80249698870242,40.77107703510715,3,6,6,1.5742098315587625
4,-73.82664788900568,40.66072590077819,-73.85750256645817,40.64585354829761,15,6,4,3.0838091614620597
1,-73.77413234115602,40.74203750572593,-73.73705816381666,40.75248761993486,19,6,5,3.332322446032112
1,-73.8852910212366,40.70042731473008,-73.90307486399263,40.68602240560072,2,0,1,2.1940010541395467
1,-73.92220809033402,40.614264940655566,-73.90695439607013,40.61123206548339,19,2,3,1.3310119415025197
1,-74.00189380459366,40.84578249282416,-74.00690931632504,40.841601615546494,1,6,2,0.6277918253413443
1,-73.85530534052864,40.74649287718953,-73.82954410246376,40.74047363258293,0,5,6,2.2711352609535584
1,-74.03611704684542,40.82904898756344,-74.01910236305142,40.838934197314245,12,2,5,1.8047955997011935
1,-74.04879261652093,40.71374937093488,-74.04915755048958,40.70307439430024,4,4,4,1.1874017420138208
1,-73.9685827948701,40.884800432413726,-73.97253518210137,40.897001055562704,19,0,2,1.3967356347257454
1,-74.00188796046844,40.897863359614824,-73.98105814659293,40.881702099430456,10,6,6,2.5090303716246494
4,-73.82534941423098,40.71739399746162,-73.83599182272192,40.712756146658094,5,1,2,1.0346439879371074
3,-73.9466248616021,40.77264430955425,-73.94794197293847,40.797908848666815,8,2,1,2.8114763257725297
1,-73.98003019476431,40.65663630525722,-73.9592436761273,40.70649597311029,18,4,4,5.8146219588744055
2,-73.85495747960591,40.72063909843021,-73.86172724902005,40.7407959924234,20,2,6,2.3127944742603983
1,-73.90070853644869,40.76255059160939,-73.86799522727233,40.790477463609896,23,3,5,4.150998380337428
1,-74.02296576377515,40.84795993518966,-74.05219712624579,40.846192401725,16,4,1,2.466617783325326
2,-73.75426790044074,40.66975988421559,-73.77376058360126,40.68100712675903,15,0,1,2.065513592901297
1,-73.79508822303261,40.69253674309816,-73.80825986883906,40.66628847003754,6,3,2,3.1228778030409066
5,-74.04869404255172,40.6989920012373,-74.05695092398025,40.69989289433765,15,2,1,0.7032380469437339
2,-73.96403289275646,40.63801971467947,-73.9968534101107,40.6354803098042,19,5,1,2.783775650968654
1,-73.88289795379319,40.85675294305142,-73.85018494369162,40.84364580340424,21,3,1,3.113665776178718
1,-73.8381133557883,40.79296390090673,-73.79682532533819,40.78896591151884,10,4,5,3.5041657567927147
1,-74.03965185133941,40.67680252544507,-74.04698276519436,40.643120006767,5,1,4,3.796030192351477
1,-73.95040253097288,40.67486135589131,-73.98002222342775,40.69880863352619,23,1,5,3.650734715239714
1,-73.79246468234305,40.7039147451358,-73.77846807490153,40.73161543652265,4,1,1,3.2983273835665936
2,-73.91046731312922,40.72633455126029,-73.92559344766656,40.73728388762231,15,2,5,1.7626032887157883
1,-73.89284707637894,40.83798948275634,-73.87512367407987,40.84912982888269,4,4,4,1.9383487813908553
1,-73.90713325733823,40.85541221046884,-73.89394367430637,40.87278529398055,21,6,3,2.22756685301196
1,-73.79573215250035,40.81231750244334,-73.79657110283004,40.81296725068254,1,2,3,0.10101906574489165
1,-74.02836627079375,40.81567127900426,-73.9814754006248,40.81738911517431,10,5,4,3.9506299432768937
1,-73.79435832992213,40.67572131070844,-73.80417683314639,40.67826928581068,14,3,6,0.8751243977994639
4,-74.02771043852921,40.63868088546803,-74.03023262836773,40.62351935999101,2,1,6,1.6992672046410398
4,-73.81913673476092,40.87630656020752,-73.81147607995409,40.88208673225464,20,0,5,0.9098940844732538
1,-73.82556411791943,40.83094973189253,-73.82941634806735,40.831942229101784,5,2,4,0.342378260337524
1,-74.04091686960066,40.84254800214675,-74.03116723038306,40.839891058755015,3,4,2,0.8717456565784628
1,-73.76146277571213,40.81941794415674,-73.73878180829396,40.82728616285194,7,5,3,2.099462250472643
3,-73.84338191533548,40.84863842391134,-73.86426319784165,40.851597982059324,10,4,1,1.7868984660696146
1,-73.7639794161244,40.835835752324755,-73.75372644238661,40.815589269159176,15,3,6,2.4109396670206635
1,-74.01301408020218,40.614455912342464,-74.01653606458254,40.61431658903894,20,5,2,0.2976903692771447
1,-73.94895129900543,40.62235207022082,-73.94672456773489,40.626134236690326,1,5,1,0.46063634990143887
1,-73.95142977444486,40.888895696903155,-73.93817914843179,40.91472660565183,21,1,5,3.080603661011359
1,-73.86450540933053,40.63541142259179,-73.86482304715321,40.62820420058786,22,0,4,0.8018546587648154
4,-73.94700071825427,40.62779212688624,-73.91646081473434,40.63959398290875,20,2,4,2.8919840996257404
1,-73.99028667258419,40.88911833184997,-73.98788278936034,40.879964596024,6,0,5,1.0377164975077533
1,-74.03880440092748,40.80269814905138,-74.04410565729025,40.80342886467262,21,3,3,0.4535448360638856
4,-74.00158122467656,40.62403546826122,-74.00362942327153,40.65005112848469,10,3,5,2.8979675277207217
1,-73.98122825116839,40.82782982370275,-74.01756842946669,40.83631252013853,23,3,2,3.1996102276144542
4,-73.92025599987342,40.87943445284787,-73.92610915169993,40.870843544205165,23,3,2,1.0745786275302178
1,-73.93195219866442,40.73962500712782,-73.9115349957066,40.73565507524106,8,6,6,1.775948538552318
1,-73.95586990711347,40.86595859483019,-73.98630662005803,40.85594585292018,19,0,1,2.791284649054638
1,-73.78692955965079,40.77502909659265,-73.77996658887324,40.75293483591675,18,1,5,2.525787929383964
1,-74.01756321781117,40.61669151542686,-74.02955291876464,40.609864937631194,22,2,5,1.2650923243604333
1,-73.93942573298037,40.78333122193294,-73.91778904777576,40.77590816540342,0,5,5,2.0000677807586147
3,-73.75484764849924,40.82385817227589,-73.80181975079321,40.81346212871139,13,5,2,4.118287207432762
5,-73.77119484265367,40.67219524800257,-73.79134429576601,40.684731327706274,21,3,6,2.1977814816238372
1,-73.87465253732434,40.85116890070862,-73.88839353613534,40.85148398559106,21,2,6,1.1562710645507568
1,-73.82369222369316,40.68230679577233,-73.81348813216638,40.62974878026227,3,1,3,5.907235889759713
1,-73.90235882090315,40.79077023600346,-73.90660121083869,40.80813385493264,20,1,2,1.963492597510964
1,-73.7640033518601,40.761313755782886,-73.74954573538308,40.75818163273483,7,2,3,1.2665200722791354
2,-73.77705870131494,40.82600206622433,-73.75203016922364,40.82799100136497,23,5,2,2.117475981279451
1,-73.8138723107649,40.66562761298748,-73.81221311768847,40.63736666799945,9,1,1,3.145589515894765
2,-73.81000883203497,40.860070262075794,-73.83107796552176,40.84123623069475,15,3,3,2.7434075270716067
1,-73.84579042117582,40.77280980203173,-73.86188855434266,40.79988019370314,5,1,6,3.3011428005682295
1,-73.88193713678866,40.78067331334819,-73.90906854136847,40.79276772847725,18,6,6,2.6507037786124132
1,-73.81087481336527,40.866258716803216,-73.78031509407127,40.878774420778456,20,6,5,2.92219492856948
1,-73.85534550139164,40.698309131276694,-73.85120012699436,40.71158628567233,4,4,4,1.5171415710707872
1,-73.86867915048674,40.62238304763392,-73.83960953264668,40.60948204429145,4,0,1,2.842253622544134
3,-73.84181826160516,40.62526984084682,-73.82748207595769,40.63148068985834,0,1,1,1.393084104746277
2,-73.89081139327084,40.854963929382194,-73.88659085222218,40.83527506585962,5,3,6,2.217899919951583
5,-73.78264687625149,40.66476179418419,-73.75113829215888,40.65765226176555,8,6,4,2.7728235837071797
1,-73.82964395264577,40.754652965335175,-73.83813162688223,40.777803574141295,8,5,4,2.671630111660195
2,-73.949245039573,40.724805147670175,-73.94184103397323,40.70347900171521,18,3,1,2.452092652662586
3,-73.99319066569738,40.85305586731246,-73.98233088632972,40.857363004642565,23,2,5,1.0313024359614948
1,-73.83774060960971,40.87667219611755,-73.87360866890167,40.86563846620066,2,5,6,3.2559240659023363
3,-73.96167306991087,40.77692647653408,-73.95044461709674,40.78092366917925,1,3,4,1.0447083757685647
1,-74.03535011991107,40.7315869143546,-74.03661479240266,40.75885894765767,21,5,2,3.0343826909640748
1,-74.04407310124425,40.79239531976309,-74.06370438215345,40.79296563980508,7,2,2,1.653842134478621
1,-73.93024577050333,40.63188106424074,-73.94777356649404,40.638941207246745,4,5,4,1.6744723118142006
1,-73.83264339929971,40.71100820921907,-73.77689646802463,40.70701093356972,0,4,4,4.719844334932009
1,-73.90246778084541,40.7518191847305,-73.89550217513408,40.75691220763885,1,4,3,0.8154530471659374
1,-73.90142666969372,40.65574523718964,-73.89705164592239,40.66019310581517,2,2,2,0.6170962710002333
4,-73.81776088568144,40.70654075652064,-73.83097412122437,40.700156751050635,0,0,3,1.320806131004444
1,-73.87096702122072,40.81910607135421,-73.84924789067884,40.83369984552078,22,3,3,2.443958964097302
1,-73.85177768837984,40.89771369742937,-73.85033533718585,40.86322366390805,2,5,1,3.8370333252187447
1,-73.96434686537813,40.624728872904214,-73.98852220468562,40.61415828485523,19,4,1,2.354789562335241
1,-73.8271889685542,40.658450727460185,-73.84109150203378,40.61686486198072,23,4,1,4.770616716827302
1,-73.78466275733184,40.744861844236226,-73.79671235318717,40.73357376941619,20,0,6,1.6143361351353755
1,-73.83726351764834,40.79713209204511,-73.83804899016116,40.78701546849581,14,0,2,1.1268589776664073
4,-74.0409825063394,40.75299965936778,-74.05309507228554,40.710517975457265,15,3,5,4.832746489874579
1,-73.7850657138777,40.625740888667806,-73.78627680622097,40.66213982898507,18,4,1,4.04866715521039
1,-73.95280174121386,40.803299014660176,-73.95915931960947,40.79553014148525,7,0,6,1.0161868906813603
1,-73.97316788186185,40.832507376477366,-73.97932970612375,40.8953684784378,9,3,5,7.009015440359348
1,-74.0111610710214,40.83692598064953,-74.0151985410546,40.84814758777297,23,0,5,1.2931818741511019
1,-73.82104406861116,40.727717858446375,-73.82160362302734,40.74079603920786,16,5,5,1.4549914035974636
1,-73.91057790714632,40.75050659869405,-73.93611772399295,40.748483803581635,12,0,2,2.1631492773736887
1,-73.88968605539702,40.61528751303054,-73.8949894626703,40.62230888405847,10,6,5,0.8999582206095632
1,-73.8808278337582,40.70874590236023,-73.87261521924695,40.69648948660445,7,6,4,1.5286089808568333
1,-73.96517066943487,40.6758413976192,-73.96946634099199,40.653062371039766,17,3,6,2.558695146818943
1,-73.96846939069786,40.7019353832641,-73.97581988805388,40.67125501538487,18,5,5,3.467342489026003
1,-73.88255755197912,40.63293621691248,-73.90302239405878,40.666394542375734,5,3,1,4.101482670342386
1,-74.00414490881485,40.82868979614457,-74.01735010901486,40.81397356659206,8,6,4,1.9779843515797018
1,-73.95640041567724,40.6221902599446,-73.9628782833128,40.62546701157267,15,5,2,0.6570020053952608
1,-73.84321768526152,40.67567561527216,-73.85277943976392,40.68986678584321,18,0,3,1.7720364594108469
1,-73.79076526114109,40.664437479466805,-73.79048488187966,40.6665353590077,21,1,1,0.23446919150766984
1,-73.83701346843105,40.743914768474895,-73.84051607661776,40.7057610639882,9,5,6,4.2527535935786025
1,-73.82183710460326,40.70543806382593,-73.83000220203719,40.699754964961514,21,5,2,0.9343927789409561
1,-73.82625692677715,40.850202522547455,-73.83112478494063,40.87747790115999,0,2,6,3.060384516791606
6,-74.02059296782512,40.68361965773585,-73.99568336066413,40.68415249076044,23,4,4,2.101240478882315
1,-73.90272048075506,40.854357020739926,-73.89503621837437,40.87435363085271,13,3,3,2.3155143620457515
2,-73.80302511919614,40.88489086108659,-73.79195896669279,40.84923430083181,15,1,6,4.072563288850441
1,-74.02232239758276,40.86396165117853,-74.04159167195557,40.88169697660107,13,5,3,2.552275804092898
1,-73.99031781548608,40.79645170296013,-74.00017034908801,40.80562528105373,4,3,3,1.3146387636372028
2,-74.03301926031835,40.76917121518176,-74.02289942301218,40.76031167374111,8,4,4,1.3026409948930198
1,-73.92496390252961,40.67906334143479,-73.89562810963658,40.63365195413987,7,0,1,5.623298688102014
1,-73.98847552475617,40.7974186175457,-73.99128385915112,40.83608330760017,1,3,2,4.305807859489225
1,-74.00557045005964,40.77486936052986,-74.00383330126535,40.802022754975056,7,1,4,3.022859575780824
1,-73.7683420670693,40.878542839480446,-73.75504356861113,40.883170066304466,16,1,5,1.2307360092741177
1,-73.83153333717775,40.75359868771279,-73.80694269288097,40.76885033874676,14,4,5,2.676856460508329
1,-73.87916739429363,40.76070635832392,-73.89156826033975,40.75145388101282,18,3,3,1.4661214891396146
2,-73.94073281988204,40.60694085842633,-73.92066952424548,40.61476750509412,3,4,3,1.9041302185426332
6,-74.00613032436154,40.633832508541026,-74.01337457298575,40.65535492298271,13,0,5,2.469999025431716
1,-73.89627815696196,40.861295913025174,-73.90069071012788,40.82723379247491,9,5,2,3.8056788931464895
1,-73.79301546150576,40.87474137880956,-73.78489708931133,40.88760556106956,12,3,2,1.5849189598884814
1,-73.92004688530723,40.79258776359149,-73.89366655078737,40.792587684201735,2,2,6,2.220786469487704
1,-74.02474886903194,40.872224450133295,-74.02110246199959,40.855873156284,3,0,1,1.8438567473486358
1,-73.9057246972274,40.70652501105069,-73.94205424763766,40.71834359425616,5,5,1,3.332129721106334
1,-74.0388674465385,40.7055952729742,-74.03152252387206,40.71816445256043,2,6,5,1.5285995212329813
1,-73.82520152328765,40.61343228978903,-73.8181920040807,40.590051962116746,15,0,3,2.6662755286558464
3,-73.76929844107548,40.83851578206351,-73.73408087037394,40.852656844712136,4,1,3,3.3538197743779024
1,-74.00355662782096,40.62285119856758,-74.00450265426237,40.6069872259314,8,5,3,1.7657997292973329
1,-73.81998722134172,40.70900092935626,-73.80245377528585,40.71419039111635,23,2,1,1.5864872910899253
1,-73.81103391306961,40.89906237999266,-73.7823305502424,40.89669522439254,14,4,4,2.4268274507452197
5,-73.86861984770884,40.65647954430683,-73.85746207944166,40.68227418517158,13,1,3,3.0186615685103138
1,-73.81740003202323,40.64844424182748,-73.83587407911203,40.66748099403456,9,4,1,2.628550661245881
1,-73.8564196158258,40.71529004803304,-73.82789506512783,40.71461004254375,13,6,6,2.405288376458099
4,-73.93354872714468,40.89210978923518,-73.92312516403378,40.8789993765309,12,2,3,1.7008961702441587
1,-73.77713120196172,40.85385550685142,-73.78508583547874,40.89643018880278,19,2,3,4.781099082129985
2,-74.00499274616604,40.64877271519307,-74.02707043956978,40.64313087160355,12,3,2,1.9654810652552186
2,-73.861523021857,40.70327204161568,-73.86683431553483,40.73437168808297,11,6,5,3.4869724648803735
1,-74.00775423455985,40.67935132131126,-74.02510860022747,40.70683088193518,14,5,3,3.3878290101806057
1,-73.853883972172,40.81903403137051,-73.83501529213507,40.80787972580454,20,5,6,2.014912532685157
2,-74.04703501366735,40.690345424037275,-74.02764543873128,40.67354387296881,13,0,2,2.4826527456741228
4,-73.9042853861812,40.741470239009416,-73.90961048434889,40.769725308413854,13,5,3,3.173675862773397
2,-74.0037331782641,40.69409232975606,-73.97358346072784,40.666020436568246,20,3,4,4.025826007290919
3,-73.83268538454502,40.64090551296997,-73.82630386892869,40.62016897744338,14,6,1,2.367849952978543
1,-74.00229246077006,40.77951683925034,-73.98934042305709,40.76873914450497,6,5,6,1.6204133230510056
1,-73.77476180282207,40.65533987211714,-73.77380801443239,40.653496634062286,18,3,2,0.22018603750467383
6,-73.94467712837702,40.83602346761835,-73.96201495574991,40.85612490855026,11,2,5,2.6688755721043247
2,-73.92745644065349,40.76958136214417,-73.94569767203168,40.77994141089449,0,6,1,1.920007910707022
2,-73.75179623917204,40.61913461524782,-73.73266130050693,40.638181452334344,5,6,5,2.6633018900386634
1,-73.8616650478851,40.802166553635736,-73.87623901749373,40.7784146086775,7,2,6,2.912171237867054
1,-73.91313005542975,40.60861539806276,-73.90924737476355,40.601264839340246,4,4,5,0.8806201563151121
1,-73.7729219108616,40.615479434064454,-73.78846169083627,40.64580750656943,22,5,5,3.6183290149748397
1,-73.9627797314624,40.836982241621534,-73.97787848276872,40.81764790818595,16,0,1,2.4971778923352055
1,-73.75781493770268,40.617237867167475,-73.72152426136589,40.61147226206462,9,0,4,3.1296283112584833
5,-73.94857314351088,40.61153047330905,-73.913251069952,40.569529944437754,19,6,5,5.541378651884575
1,-74.01726620674432,40.707041067215165,-74.01310133942914,40.704361997240014,21,5,4,0.4604288817919878
1,-73.85455636993443,40.752332239869034,-73.86385363607842,40.75895089179724,11,1,1,1.074663011022065
1,-73.76161164365773,40.6248818716845,-73.7423724351121,40.63796584629469,6,4,2,2.18003590923661
1,-73.92466973654703,40.76671582971332,-73.92925594955224,40.77009077119351,12,2,2,0.538517458831039
1,-73.92851425425705,40.79692025596406,-73.9434773202681,40.81936441858937,16,6,3,2.7954173112055423
1,-73.84803837701094,40.885201407418855,-73.84590178708234,40.906807008726766,14,3,3,2.4091360057737794
2,-73.81910890996258,40.623416187401624,-73.81666450442913,40.61205864168431,3,3,3,1.2796436129480424
2,-73.94959009164425,40.62928255564708,-73.96735484048224,40.63553883392358,18,1,5,1.6526493563261067
1,-73.8478795217528,40.80949070671544,-73.86320175199029,40.77457852292825,11,1,6,4.090743672406113
2,-73.95542312278755,40.62937249608985,-73.9931918737501,40.66121795436067,16,3,5,4.763730490947739
2,-73.87763997983356,40.85153795155932,-73.9130654121173,40.84586772141136,6,1,3,3.0456876180120926
1,-73.93573385551159,40.63345594733861,-73.93015620648264,40.612697026159566,21,0,4,2.3557983384071672
1,-73.88086767313996,40.63481506892427,-73.88012472868296,40.60701958944665,19,0,4,3.0913523217183787
1,-73.96192430847272,40.62383783595171,-73.9532824460144,40.61587273223424,23,6,4,1.1473615042638474
2,-73.97997021129547,40.68263253683249,-73.97716248901331,40.672866798723426,10,3,2,1.1114139348155931
1,-73.7658316595617,40.823814426067166,-73.74410438324529,40.81662946135659,17,1,1,1.995250939002971
1,-74.00389015487349,40.80843659086932,-73.99495543421763,40.787777898730255,0,0,1,2.417127152733806
1,-73.91925152973394,40.66188913322704,-73.93020571587591,40.69626632770212,15,1,3,3.9325978168077005
1,-73.92405236648209,40.7646004419983,-73.89007823711795,40.7588925177755,9,2,2,2.9309323829059744
1,-73.97657681782034,40.80444636181147,-73.99997591624354,40.815061045002274,19,5,4,2.2959254207327717
5,-73.93178642344336,40.87269126346644,-73.92059210734595,40.846274406831455,0,0,3,3.0845941176182525
1,-74.01990565282911,40.85513687349572,-74.0349814813247,40.85143346350442,6,4,5,1.333167976382206
1,-73.94860284997667,40.758529353517815,-74.00938884999884,40.795910362688915,13,4,2,6.593536142345521
3,-73.82771322548129,40.70089137185289,-73.82246658070521,40.69184400068512,7,0,2,1.0989661972084952
1,-73.91768955824631,40.653750062451614,-73.934942130003,40.660070587692175,5,1,5,1.6161586912910324
1,-73.96749797013346,40.692843103982526,-73.97305814573286,40.735132766048714,10,3,3,4.725689293179875
2,-73.94893541065703,40.76599291368948,-73.94969350705962,40.74939473038633,13,2,5,1.8467379873236172
3,-73.91099220808071,40.63910924043219,-73.93204547549733,40.62947442097334,11,2,6,2.074589587534814
1,-73.90533511823189,40.610548163424056,-73.9057091023166,40.64073789118779,15,1,4,3.3570929364742623
1,-73.87814019880994,40.70998672892571,-73.89578660730277,40.726820171276486,2,1,1,2.3906807759954574
1,-74.01152346636387,40.8960770728157,-74.01726226607052,40.927080409973925,23,0,5,3.480980035201454
1,-73.87673952251684,40.63182470863279,-73.86299055549605,40.600147243889324,4,1,2,3.7086241240148077
1,-73.86357118641415,40.715909387450594,-73.84773750850167,40.74730535448671,19,2,5,3.737319727205694
1,-73.92256444999043,40.89052012049048,-73.94983910620044,40.88102169848742,4,0,6,2.5244128998906445
1,-73.95849440534215,40.7263084356384,-73.98483418114428,40.72883573684897,19,1,6,2.2372618367272876
1,-73.88973427060995,40.66041779218914,-73.8650618125952,40.65608221836156,4,4,2,2.1363151732431778
2,-74.00239670644181,40.88572871343171,-73.99574526981853,40.898291373583696,4,2,6,1.5046379101639977
5,-73.98030873458251,40.693529509390416,-73.94734800903299,40.70090129756576,0,5,5,2.8971100873459505
1,-73.84234607993687,40.8822493704034,-73.86895917476613,40.91348298067102,13,3,1,4.131010271807153
1,-74.0495734983907,40.71635806894814,-74.05816301172533,40.73244805215618,13,0,6,1.9300015208858345
5,-73.89287470692445,40.67290502889122,-73.89305160633019,40.69496908088856,23,1,1,2.4534559873593698
1,-73.80283679091225,40.78034648592707,-73.81765786857922,40.774838329920826,9,1,1,1.3901658527258338
1,-73.83726689111266,40.72531603661607,-73.7969658978471,40.73794001912236,17,4,1,3.6744813856489267
1,-73.95433681473814,40.7068038181447,-73.97601246213478,40.7028159346905,16,2,6,1.8801790647673327
4,-73.91881696926568,40.859185516016275,-73.923743395766,40.84372844896559,20,4,3,1.7679884558536085
2,-73.75118586336205,40.769477135511394,-73.74188372178973,40.81502750719283,12,6,3,5.125149096203051
2,-73.98286526916507,40.61759693346513,-73.95098250960699,40.60839320552385,3,4,1,2.879265409098115
1,-73.85781353528269,40.65586316874152,-73.8705250139361,40.66500545520047,12,5,1,1.4775276530179569
2,-74.04641851001374,40.88926044573291,-74.0260285524004,40.93850855958016,14,6,3,5.737918039144558
1,-73.80407843772213,40.77765354183443,-73.80788217500792,40.744956458448485,7,1,5,3.649836787995812
1,-73.79070061157013,40.61936757705199,-73.80918880914443,40.5766395118624,9,3,1,5.000993931037781
1,-74.02830489554219,40.82841690847642,-74.02124720523878,40.82150586302986,2,5,2,0.9711897959667678
1,-73.97013304180608,40.85580122786249,-73.9797567257789,40.86168523943013,6,3,3,1.0407277814125162
5,-73.93404725550553,40.866075786324195,-73.96154431074395,40.90578077043485,9,3,1,4.983509917413392
1,-73.92823609934884,40.792085610272366,-73.94733476312653,40.77011229356443,0,0,5,2.9250135529322696
1,-73.91157830984844,40.808177932881286,-73.9061078306312,40.81663547961807,1,4,4,1.0470796372389197
2,-73.76543229986027,40.67903933482002,-73.78343419968884,40.658596881345474,19,3,3,2.7335239145587593
2,-73.80526117729866,40.89345486742128,-73.81356107928765,40.89696959248882,11,5,6,0.7996447209873756
1,-74.00671077931742,40.71350489464801,-74.01258836102134,40.7232606919003,12,3,5,1.1925391503196892
1,-73.95678873438462,40.7445985665838,-73.93441305156816,40.7607594227551,23,2,2,2.604164430087032
1,-73.88774212635248,40.68181588295747,-73.90874397868008,40.66576495209739,12,6,4,2.514454201572319
1,-73.77347629661955,40.707776424916105,-73.7819994309539,40.733803038898856,14,0,3,2.9818322449949823
1,-73.96601866851091,40.66251530976419,-73.94350222886555,40.706405504564415,6,2,5,5.23666317782295
1,-73.80259543474999,40.852088137712954,-73.7985215415382,40.85793235830554,0,4,4,0.734641685329588
1,-73.96009247023763,40.6595526858516,-73.9957199686878,40.66768452247642,15,3,6,3.138154327688536
1,-73.87538969583251,40.652912492380025,-73.88699884090455,40.67546046361774,15,6,6,2.691645457037197
2,-73.7701803188739,40.88710492994045,-73.75834894086408,40.84890932019463,10,1,2,4.362123841869901
1,-74.02788705439832,40.81394042601166,-74.06422624983725,40.83991029121133,6,5,5,4.205671553457016
5,-73.97943850207068,40.75004129115392,-73.96298611948019,40.72463435770883,5,5,5,3.1468684005773184
1,-73.99456734460674,40.65965462968239,-74.02076514919695,40.63945145095668,4,6,2,3.151436125562814
1,-73.89091205396059,40.67241227871553,-73.91153895769718,40.66948610314614,7,5,6,1.7697877024454511
1,-73.89272978863501,40.77067144615138,-73.89862444039572,40.761334761534904,15,6,2,1.1507761738878695
2,-73.86091478815109,40.82670882998996,-73.89155903217102,40.857257474898546,21,3,3,4.264241767869089
2,-73.94962669326614,40.65618166508135,-73.95692984847115,40.670561306498456,13,1,1,1.7134977623487837
1,-73.78713768208371,40.72655619009685,-73.78495232286598,40.717443641533166,11,1,6,1.029869741785203
2,-73.7574462591236,40.83978011320771,-73.74800134389925,40.84119643477126,3,0,6,0.8099890802517868
1,-73.90254645387854,40.74787289073455,-73.95034619743926,40.72973157222517,1,0,1,4.504170560600222
1,-73.78397090648741,40.658622898196086,-73.76254693127677,40.659116210032714,18,1,5,1.8080029357250087
5,-73.84229771682621,40.87884689119818,-73.85374635489039,40.946206552759385,9,1,4,7.551583494219786
2,-74.04808684928955,40.72026484709772,-74.04693171344151,40.68862739891458,1,1,2,3.5192710501253144
1,-73.89851346232231,40.66297333229897,-73.92279261409112,40.65333128867833,0,3,2,2.311697058788741
3,-74.02321412454066,40.67028622284691,-74.01412630721293,40.66671739685197,14,1,5,0.863108769129967
1,-73.90027500968064,40.631468419912984,-73.88396020989558,40.64038362745739,1,6,3,1.6964521581183716
1,-74.04732616474847,40.695639522413224,-74.07571463786665,40.685161228780096,16,4,6,2.6620365185026755
1,-73.8941656786563,40.79281247058993,-73.8922590022298,40.83945157004219,3,3,3,5.188512830883549
1,-73.88239091080592,40.71479974886866,-73.89256468136082,40.6831598897432,6,2,2,3.6212248965069223
1,-73.97282056416368,40.8022323897875,-73.99771208614482,40.780547721206496,18,0,1,3.1945404694606716
1,-74.03602977654576,40.86253500787332,-74.02289555726583,40.847327339609315,4,1,1,2.0198448016065638
1,-73.86245145658957,40.64217392783118,-73.8636289462434,40.62707382559736,7,1,5,1.6819920945874725
1,-73.92043888311626,40.88196890742686,-73.9009872237775,40.91569793980659,2,3,1,4.091341433576977
1,-74.01434878332985,40.70791858608259,-74.01605936238323,40.75115026154368,13,1,3,4.809303453314441
5,-73.92741755802409,40.867194124614414,-73.9206866003653,40.88363285415274,16,5,2,1.9135058148102786
1,-73.91279899599526,40.80082387436275,-73.91449214111566,40.81429457970568,4,6,1,1.5046374255916082
1,-74.03792593774354,40.76923375463957,-74.06341253509392,40.75716395084665,17,2,2,2.5315388101984637
2,-73.92685092006313,40.68083128917846,-73.95504425113927,40.63380484051586,10,0,2,5.7445221982087205
6,-73.89516614497545,40.735490425703894,-73.86157895669128,40.74550499004355,0,2,2,3.0409280787750994
1,-73.80808260986169,40.694994141407726,-73.82573406819397,40.7015671879149,0,6,5,1.6578743518411194
1,-73.86371617378727,40.66476874008851,-73.84169487771588,40.63309626701594,3,3,4,3.981802009247822
1,-73.91437702879627,40.86762725001721,-73.91383099154926,40.81050501888922,21,6,4,6.351868397547205
1,-73.8734344556288,40.8716251200248,-73.89005476560594,40.87959483027793,9,1,3,1.6547118099031772
1,-73.79290934940131,40.61016199680035,-73.80413054902353,40.5969615124508,13,1,4,1.746979318113355
1,-73.95691197421397,40.83258271603627,-73.9572448490611,40.850285792619665,16,0,1,1.9686914563839064
5,-73.88139560363709,40.89383889269271,-73.86663358247979,40.90172218544357,5,0,5,1.519160156713437
1,-73.8707793713382,40.75202633757903,-73.86282027553159,40.769633625202935,4,5,5,2.0694209152508116
2,-73.76996745107203,40.85376083119591,-73.83007099322734,40.868891664442096,5,4,5,5.327144562636124
1,-74.01084358017324,40.62930630203695,-74.01090491351606,40.632113955193574,4,2,1,0.3122396880184729
1,-73.93313574583031,40.60004373028218,-73.92994866730994,40.585484530795355,11,1,2,1.6411228540485436
1,-73.86544739510181,40.866520574451336,-73.86010291490157,40.87628439795501,10,3,2,1.1750156938129346
1,-73.83822023825017,40.77331649230574,-73.86841188116395,40.79136275918109,0,5,2,3.238604945428517
1,-73.94722959261655,40.78435679583401,-73.93257786352439,40.81219003233442,23,2,3,3.331605018866796
6,-73.79115998976138,40.6583800509784,-73.74458505903524,40.682292766967166,22,2,3,4.743383435655965
1,-74.04840924672014,40.70111102558921,-74.04449151371817,40.686429791646184,15,6,5,1.6655581338171703
1,-73.98841589301409,40.859061815445,-74.00377156964113,40.866497485960096,16,0,2,1.533341019798736
1,-74.03116865305024,40.84615386995831,-74.03019163305066,40.8080057306936,20,1,2,4.242676035216012
3,-73.83962851662874,40.88424278099779,-73.84471068720842,40.8934991059695,19,6,3,1.1143966916695793
3,-73.99482686046296,40.74064615733447,-74.01883602395229,40.72813562973348,3,1,2,2.455092807133562
1,-73.96951859681337,40.67541133877215,-73.98387580395453,40.71421284485349,4,3,1,4.481102880348463
1,-73.77061671815852,40.67806181517593,-73.744878853173,40.63350401508951,8,6,5,5.409436813420128
1,-74.04169303397236,40.86990970210925,-74.0161598925173,40.86604137398506,19,2,2,2.1896878629931744
1,-73.96115705067957,40.851414458078374,-73.95234809642679,40.86934478668845,1,0,2,2.1269425983403507
5,-73.94030314761645,40.67395870426117,-73.93696240295478,40.6675949860514,15,5,5,0.7616428379164107
4,-73.8460375557491,40.7834701148844,-73.8267208424233,40.748361744880334,19,5,6,4.229266948481128
1,-73.94351019070415,40.82150126074233,-73.95686770773008,40.810009779801746,19,5,1,1.7018619793265601
1,-73.92321763621777,40.60552141868306,-73.88820832701441,40.58961037310244,7,3,5,3.4448761595194926
1,-73.90418136270311,40.68096937083597,-73.89302714966134,40.695878432803674,17,2,4,1.9059976354038097
2,-73.8529750267455,40.782753492381914,-73.8880584293365,40.796944357403945,2,6,3,3.348650887631429
2,-73.92517585684935,40.60331082376249,-73.93891296348292,40.61154772658944,22,2,5,1.477726894730118
1,-73.7866147958248,40.89957705726884,-73.80640709749744,40.92697193175595,20,0,4,3.4706237913262576
5,-73.95426032700487,40.823997645141816,-73.96748784781487,40.80629104233324,17,0,6,2.261775760271326
4,-73.8632715543791,40.69774787251093,-73.89908041672497,40.68238899945883,0,5,6,3.4687198445389233
1,-73.9184933039439,40.82194256686673,-73.90657599020365,40.822640301622585,14,6,3,1.005787955668288
1,-73.91000625977459,40.850281592097495,-73.89993774369033,40.86872841468529,9,0,1,2.219093012387197
1,-73.93852537019885,40.695122560118264,-73.94824980910444,40.70026667443656,7,0,2,0.9996319602780679
3,-73.83758729889834,40.85450954407466,-73.86745599760164,40.84143792646026,15,4,3,2.902508980658555
1,-73.88711727826067,40.76715511429915,-73.88358718677543,40.783452929809386,4,3,3,1.8364510762892412
1,-73.92795360037219,40.61913096341962,-73.97816357891085,40.64151290197538,12,4,3,4.914004773377767
1,-73.96005938988127,40.75829869756303,-73.93242290958102,40.74953763483746,13,0,1,2.5235091405306664
1,-73.98274403477733,40.613029007307915,-73.97713289640892,40.611050981123235,9,1,5,0.5222239378158834
5,-73.88931091440855,40.61604658716891,-73.88570873621912,40.6582057075432,3,6,4,4.69772379183688
1,-73.8006001049175,40.84923888549528,-73.77583588364458,40.806428079604615,21,3,5,5.196382409113386
1,-73.92308232173644,40.86377726174852,-73.91171752391685,40.84009723616476,18,3,5,2.801231777559492
1,-73.9589795315071,40.867145187204656,-73.98930123434359,40.82542621279665,19,1,1,5.293854303403662
1,-73.84179145354759,40.793330758848384,-73.81640889603227,40.770038040447886,5,5,1,3.3579216894087054
1,-74.04869184899754,40.670240549353686,-74.05900902090997,40.68201410904818,20,5,5,1.5719091057752295
1,-73.8940664540986,40.84684335056087,-73.88362635306055,40.88097654854824,9,5,3,3.895655136966811
1,-73.92740206076344,40.653127973956614,-73.89390360204236,40.660290289746705,21,5,2,2.9358633170010777
1,-73.7600999698583,40.71855565229136,-73.76769929378518,40.676987662113454,5,2,4,4.666336793481634
1,-73.97825709324955,40.82773428053932,-73.9710185352712,40.80539079280585,20,2,1,2.5580681192481136
2,-73.91680029377598,40.60281185007967,-73.9032469327995,40.6043316246672,0,4,4,1.1566221003283284
1,-73.96313520307531,40.7327050681097,-73.98011532529131,40.76699156535461,14,0,5,4.071974987112231
1,-73.89934565753826,40.887037411876925,-73.92458229812834,40.88500780245256,12,0,1,2.133483910841027
1,-73.98604644123301,40.75419602241636,-73.99091993777643,40.76513330317042,4,2,1,1.2835716429108939
1,-73.92392936104241,40.871947037338074,-73.96009442600973,40.86392701475785,15,5,1,3.169102468004082
3,-73.98937526117794,40.749114968271435,-74.00803931681749,40.76071993315002,2,3,3,2.0338752901065194
1,-73.77916044432006,40.83687215040226,-73.7574428352315,40.83501447945877,9,2,4,1.838707682850464
1,-74.04655225910993,40.62309548145126,-74.04021059639857,40.66864640553736,6,1,5,5.093212569697776
1,-73.81336772908737,40.82307043533721,-73.80754840166307,40.79545851892579,5,2,6,3.1091229226512462
2,-73.78554482280592,40.6390203059514,-73.79676692228423,40.640279342774406,23,6,4,0.9571808478917607
1,-73.8818625386325,40.703743383110144,-73.84351262916239,40.72603194393016,17,1,4,4.07301686434787
1,-74.02311788188227,40.79366842153157,-74.07470275247927,40.77456610190972,17,5,4,4.834730670046266
2,-73.81966852894196,40.61278783196026,-73.79205335796838,40.64432078226527,7,2,2,4.210139284282986
3,-73.92764820799746,40.8262426085092,-73.93884638313902,40.8065087005354,15,5,3,2.3881050689018255
2,-73.88023307318727,40.85590102882348,-73.8696596489089,40.86738360689852,18,2,5,1.5559149968741424
1,-73.96546366722279,40.62601609917257,-74.00800656594764,40.64719207387862,4,3,1,4.293150414214673
1,-73.87215646121821,40.851518386888536,-73.88509608537602,40.843543238449314,21,5,5,1.4039306378707277
6,-73.80225244278859,40.81251327374793,-73.81225059318396,40.8076925309603,8,5,3,0.9976922797046792
2,-73.7855331216796,40.62910588944772,-73.7846306138422,40.625874207026506,2,2,4,0.36732971427681943
1,-74.00871532568557,40.86892668964255,-74.02264163158885,40.90913207353768,20,4,3,4.621365363731747
4,-73.76497971306404,40.692378861207466,-73.78263158997018,40.70336533965657,18,5,4,1.925327530557927
1,-73.98062071010527,40.60610771142547,-73.99673283886821,40.59600077039554,16,4,3,1.7644763857635646
1,-73.97411414459992,40.70455490473444,-73.98944211948493,40.70862105936556,14,4,6,1.3688575780819023
1,-74.01818867319142,40.75219605771944,-74.01674678585834,40.75899155486893,19,1,2,0.765322870748504
2,-73.87669924893005,40.88571741951284,-73.90246496362496,40.88870496805929,16,4,5,2.191278820022002
1,-73.92354684054425,40.72138414990853,-73.93501847552245,40.7416479004748,23,1,4,2.4518078314306204
5,-73.97868615392417,40.81011669225452,-73.99017379751922,40.79696299163811,12,0,6,1.7533354247311876
3,-73.961066046613,40.80259198707191,-73.9527415805896,40.767384760023035,19,4,2,3.977106469049783
1,-73.82286004248449,40.65498839346966,-73.84719721469594,40.69301031046432,11,6,3,4.699700090779645
1,-74.0381287114566,40.711167747465126,-74.03484060600321,40.70403320698236,18,2,3,0.8403455296318523
1,-74.00279254742364,40.60740481999515,-74.00900007980279,40.62052669889785,16,5,1,1.5503168533496536
2,-73.75466171260784,40.79762505131987,-73.75046135106632,40.81627189019898,15,6,5,2.1033562367356216
1,-73.83250592620035,40.69515878687071,-73.82465480888784,40.68419656976279,10,3,5,1.3870865701867239
1,-73.97066501477227,40.88717174954701,-73.96410419565711,40.875551188536726,1,6,6,1.4049475901670139
2,-74.01736953053387,40.751273776827965,-74.01963345220962,40.7648944602992,1,2,5,1.5265073471071144
1,-73.83666189776604,40.82592239758053,-73.85552747224763,40.85388026101328,10,4,4,3.4904369744914185
2,-74.0159857871179,40.67293049068953,-74.01791392004728,40.65405305931994,2,3,3,2.105365366183667
2,-73.78038216591685,40.641517263462205,-73.77758375096074,40.66541752749944,0,3,2,2.6680526640897226
1,-73.89149898630639,40.62260401895754,-73.85260227157126,40.6252841903888,13,4,6,3.2962609214907546
1,-74.01676482652134,40.6867876643893,-74.0061280615741,40.71940456881747,13,4,3,3.7360271852622424
1,-73.81868302872806,40.66636913144019,-73.78654983569261,40.65265751886502,17,6,6,3.1098846705928525
1,-73.7865649833683,40.68845521507221,-73.7690894029565,40.67760145819079,4,5,4,1.9047310328229385
1,-73.88369149409732,40.86478144468567,-73.93535481132028,40.89397658712579,4,4,1,5.422621496526368
1,-74.04769876021307,40.890101588571405,-74.0247796933885,40.8813882324535,23,3,6,2.156591285385886
1,-73.91301488998008,40.78438492004285,-73.87171488151596,40.79333572863406,20,1,4,3.61661664087306
3,-73.77558027278351,40.81384680982405,-73.77491213040841,40.83209392519565,2,0,2,2.0297654101845923
1,-73.98240138210137,40.8708025881819,-73.96072293519282,40.87943651152066,21,6,3,2.060075401493829
1,-73.85061181302503,40.712846571563894,-73.88169627588955,40.7220446068607,6,6,3,2.8123275474391627
1,-73.99293378877141,40.873320416941525,-73.99010081444253,40.86985238420012,8,1,3,0.4532664965205344
1,-74.03704974571563,40.66672740459165,-74.02055139940884,40.64910992910912,12,3,3,2.402999850748879
1,-73.82451076192982,40.70032237863927,-73.84530987242056,40.71808299604209,10,2,2,2.6407730781659238
1,-73.75746947937434,40.74951935038409,-73.77347923575617,40.733273060131864,21,3,4,2.2544859633453695
1,-74.02164534959498,40.60311105018769,-74.03299565818371,40.60300100249783,16,2,6,0.9583081538058557
2,-73.80524824864669,40.78987977065503,-73.83231078037515,40.81642957745128,6,4,5,3.7288233809153932
1,-73.98200581035007,40.67435503416278,-73.98087093294025,40.67427965286366,9,1,2,0.0960741717110544
1,-73.96583256484814,40.82990998224501,-73.93615048707714,40.80671312741842,9,3,3,3.5905456595284693
1,-73.99685648982124,40.70624913652378,-74.01331413408437,40.724492179795675,22,0,4,2.4574202812067303
1,-73.93763471097901,40.79591469145348,-73.95977655357791,40.769506058275766,17,3,2,3.4782907977882904
1,-73.9003017536644,40.787521087413175,-73.89581718011101,40.76205857964607,21,3,3,2.8563739289598016
1,-73.92427957004708,40.72037745485635,-73.93799170833017,40.73191269846135,9,1,1,1.7263756142687297
1,-74.01939103160755,40.719057242246215,-74.05846195611669,40.71255282388885,8,0,4,3.371417086585254
3,-73.77542700699169,40.77423716822334,-73.77874108271858,40.776017865308006,9,6,5,0.34217281731332005
1,-73.88992331818591,40.82289436544456,-73.90446873170347,40.88425119887274,11,2,6,6.93138112435217
1,-73.91595535947422,40.664641781755186,-73.92640787083486,40.63511393589458,2,2,3,3.3997008324949767
1,-73.95777792232104,40.6721511594944,-73.97476860866198,40.672053656282344,7,1,2,1.432967322277008
2,-73.9470470838903,40.61958618736418,-73.9383071185741,40.63761693102988,2,4,4,2.1362932727257262
1,-73.95882755908545,40.731912411840135,-73.95327104460263,40.71880554391648,11,3,4,1.5307884595525896
1,-73.86957202443256,40.88359694563009,-73.8967273216649,40.8479041680203,2,3,5,4.57888729171985
1,-73.96678374935128,40.71810150380906,-73.96536042822748,40.73682891728516,16,0,3,2.0858444654622335
1,-74.00489083289925,40.62470458640317,-74.00915166265162,40.6225432713694,3,4,5,0.4325171583050194
2,-73.85271051936569,40.823597146268554,-73.86249780952312,40.84297099688743,9,3,2,2.3062784215414256
1,-73.86437855763471,40.820203220541735,-73.81010977334475,40.84090439976832,6,4,5,5.113334728552117
1,-73.80761148077087,40.63096669765968,-73.79458507946973,40.67697705796608,19,3,2,5.23280381084347
1,-73.82690870033208,40.85008831674254,-73.823046012487,40.85966978934283,18,2,4,1.1138405382645646
1,-73.93817418397984,40.766701872682034,-73.90983501874076,40.77359502910594,8,4,6,2.506561288175284
1,-73.93414391676416,40.78689561467292,-73.94745702827717,40.78879256286094,22,5,6,1.1404983455444102
2,-73.81178226052818,40.87028052680411,-73.80668961520091,40.87138232532279,8,3,1,0.44539209052957385
1,-74.04335801408983,40.810904836761225,-74.06891485705437,40.82097639532358,17,5,3,2.4248139981608077
1,-73.92066805379633,40.6243685884664,-73.89742046933506,40.62570779455228,14,4,4,1.9676342480903757
5,-73.84789040770282,40.78294431621528,-73.85048954463205,40.74974500510292,15,1,4,3.6980787574411367
1,-73.98057487201226,40.81783372521833,-73.98165233742223,40.82585170849939,23,3,5,0.8961571603962556
1,-73.76876784130377,40.8679312144168,-73.73550301136521,40.877988932866465,16,2,4,3.0122579086981465
1,-73.99675811760775,40.85568480977882,-73.97497367293997,40.84557714625887,18,4,6,2.1495267466057175
1,-73.87396681353306,40.64193940275331,-73.85211842560537,40.619887707236366,16,0,2,3.0678774983200414
1,-73.83184788212735,40.72778973983844,-73.81925987190907,40.73997301069529,7,6,1,1.7205271395440724
1,-74.00449514549,40.79217153120102,-74.04367976357473,40.78460750834888,1,6,5,3.4044353159328558
1,-73.81208065190232,40.756174320862655,-73.82313476988502,40.75629090017847,17,4,6,0.9311729183515897
1,-73.7958133563639,40.649618547392286,-73.81802912512157,40.61707649726348,15,0,3,4.075295789121785
2,-73.87481698180187,40.69717343486546,-73.86895807051637,40.69320066572451,18,0,1,0.6626667639271874
1,-73.99446185482803,40.6764265551678,-73.9937918681426,40.682829180134696,18,6,5,0.714177644965671
1,-73.98558438173713,40.64340194863075,-73.9784197627535,40.6153646454606,14,0,3,3.175694301773786
1,-73.80659815623955,40.71856736917408,-73.8338022795106,40.68610052236644,19,5,5,4.2769323426655195
1,-73.86551669150263,40.83945001986375,-73.87315013420387,40.814119885895295,13,5,2,2.8888851702764202
1,-73.87854522369292,40.65102471040542,-73.87261032074282,40.648501936262335,1,0,3,0.573921011764574
1,-73.99677627482463,40.803329458678824,-74.01638228070092,40.78472653677073,14,6,3,2.646305844994028
1,-73.99545335160553,40.77684211397873,-73.99540856547445,40.770353697697715,12,4,6,0.7214888291136038
5,-73.94957009743626,40.74442035006795,-73.9509028422799,40.759450908000424,9,4,2,1.6750879517407002
4,-73.78558064424325,40.72700502005764,-73.73271811793528,40.72012020902025,1,5,5,4.520072855304285
1,-73.88223913460493,40.642511356235126,-73.87410269091737,40.65120984480251,8,0,1,1.186064788840351
1,-73.95036789653867,40.861004482177215,-73.96714527674827,40.85188440761763,8,2,5,1.7376369660631963
2,-73.76422097528355,40.81817091720079,-73.77190887257797,40.838358961238,10,2,5,2.336144771106551
1,-73.99253677688866,40.88205079571748,-74.00003295827624,40.900238079313056,12,3,1,2.118225710704031
1,-74.01177345161273,40.84578536474264,-74.01529498645819,40.85658781110417,1,2,5,1.2371568357968
1,-73.98612283528848,40.62058602902939,-73.9621023732338,40.615276242562935,22,1,3,2.111655061051752
2,-73.82682887112523,40.60524196450661,-73.82560535005132,40.59292186515928,22,3,5,1.3738216829110552
1,-74.02453697655515,40.733502475065,-74.03417047874328,40.73681462627646,1,1,3,0.8913296909944707
1,-73.989053053543,40.64186255543302,-73.98358759423846,40.58931045130396,12,4,5,5.861709059377334
3,-73.86993933757896,40.836217077735625,-73.86329313747353,40.81072027605709,9,2,5,2.889744934549775
2,-73.85405620357166,40.85152856707755,-73.85432352498779,40.890042848616005,12,4,4,4.282651697434391
1,-73.75379664995467,40.8929428717296,-73.74160856124536,40.90377609587135,5,3,1,1.5812819214927247
2,-73.97346658385007,40.87779974870532,-73.93744522457787,40.863206586330264,17,2,6,3.436128157494491
4,-74.0046484905153,40.86471024274066,-74.01096029280525,40.86060038753412,7,0,4,0.7004143507239396
1,-74.01228552766459,40.87414690863858,-74.02773079780815,40.869642860218015,9,2,6,1.3919054317025659
1,-73.88628060178281,40.71402584344392,-73.9077776421289,40.71563090095082,13,1,2,1.8205810651418302
2,-73.9095083537864,40.629763887910215,-73.89325597198089,40.63096825624984,13,2,3,1.3780409209859013
1,-74.00877535005206,40.85152351679204,-74.00475406703679,40.84142698599613,6,0,3,1.1725316450511805
1,-73.977926332744,40.7782602731703,-73.96751727442208,40.775710871693136,12,1,5,0.9211792361990654
1,-73.91246468171525,40.81041581462234,-73.95507157736678,40.798634962011434,16,6,1,3.8179165049444723
1,-73.80304120091793,40.7378614630578,-73.78464324925945,40.750366702273425,18,2,3,2.0822665909924023
1,-73.90525839310298,40.78997872333555,-73.89104167147094,40.770504093401335,0,5,2,2.474307102217045
1,-73.77678575720259,40.81116674542819,-73.79328281690128,40.8083494738434,22,0,2,1.4233216392142458
1,-73.83210598842425,40.86716784157658,-73.81258907760689,40.847289436573874,21,2,6,2.7531730756113677
1,-73.86564126002078,40.833934864590205,-73.87548418129587,40.83048496694376,18,2,3,0.912651939966444
1,-73.82352967621566,40.78546624744896,-73.81265150617158,40.7678020074059,22,3,3,2.167256557964867
1,-73.77155806566343,40.61275252819933,-73.78088349389563,40.64317116659698,12,6,2,3.4727468396520877
1,-73.90410393182529,40.86612260353663,-73.9111068222878,40.87939474536144,15,6,2,1.5889220327290112
1,-73.86879684122323,40.76805779907296,-73.87135068425734,40.75534284534608,19,2,3,1.4301059726434397
1,-73.90874229488186,40.63164516007849,-73.93234348994937,40.5808613745896,8,6,5,5.988080372679042
1,-73.76652739397503,40.69560875135826,-73.78243071504453,40.68248115210485,20,0,4,1.9821081120192963
1,-73.7654250581101,40.65128133736248,-73.74186187405896,40.63972290463021,19,4,4,2.367287653286916
1,-73.82410369206134,40.85184321840989,-73.81792906501073,40.852774126324995,9,3,3,0.5295487514893435
1,-74.03664434457652,40.81552486156789,-74.03380785020494,40.832781346612755,2,0,3,1.933620118172708
1,-73.98453607685758,40.86715175513055,-73.9677639805517,40.91949171979737,6,5,5,5.988253997684035
1,-73.973652727691,40.65247458152635,-73.98770278382744,40.66390946842416,19,4,4,1.7382030152452677
1,-73.93644962173806,40.606690115806195,-73.9468366155725,40.62729629779834,10,6,1,2.4533056501588906
2,-73.86909751827324,40.89599570643242,-73.85123258137335,40.92665249911152,7,1,3,3.7248058368436308
1,-73.76747405862652,40.84033898187445,-73.79533193367591,40.84232593257414,22,1,5,2.3538402305718162
1,-73.8962683976536,40.84421229589307,-73.89542165718557,40.8673871335588,1,4,1,2.577908184151194
1,-73.77218717612587,40.82785450100684,-73.77537673100201,40.83376317627604,12,3,1,0.7097053266249082
1,-73.77523762980371,40.803969827957395,-73.80598387969073,40.77381729415137,9,3,2,4.235740005349104
1,-73.98281538298983,40.728855115098895,-73.98139808523655,40.70712061249865,10,1,4,2.4197164098351998
2,-74.04496668572034,40.725436267562465,-74.0618965083537,40.74487606943062,19,6,6,2.5898424191182103
1,-73.86470858483693,40.8044424719135,-73.90142677039853,40.80971686270291,0,6,5,3.1455457948176386
1,-73.94994510268346,40.84283909568491,-73.95649154110502,40.8802648525065,8,6,6,4.197810840073049
1,-73.85506011193638,40.86818866764862,-73.85671543325735,40.87742302899498,8,5,3,1.0362040906029266
1,-73.93382228792366,40.85452459852587,-73.93529886496202,40.8721687187358,14,1,4,1.9658620998431562
3,-73.94889021203447,40.81433792496281,-73.92919578605688,40.778943988928326,13,4,4,4.270549737182714
1,-74.01415557148808,40.82184115886396,-74.02074453254913,40.78886668616233,20,1,5,3.708296776819257
1,-73.97609105441276,40.64846186798419,-73.96697237704466,40.64592506913868,14,6,1,0.819403271591463
1,-73.99303540413224,40.88675111109251,-73.99951458950856,40.90614596859195,20,3,4,2.2243064803660006
1,-73.7855394105965,40.85729360451111,-73.80573885020502,40.863078982330464,10,2,2,1.816454850526657
4,-73.97605132376927,40.64949237418152,-73.9856158872052,40.6964357786036,16,4,2,5.281824721243629
1,-74.02501873560757,40.68161159697447,-74.00972389991307,40.672715336956216,20,4,1,1.6254712178566229
1,-73.81680471315568,40.63503620868365,-73.8296876165404,40.66305091564812,19,4,4,3.2992557044026
1,-73.8926220736124,40.879212949025714,-73.93823155073913,40.89767067140219,3,6,5,4.348795183370511
1,-73.80560366482179,40.74568983850654,-73.8127643277311,40.72603948493617,2,3,5,2.2667841194614877
1,-73.9495613377079,40.69045975767944,-73.92786314010696,40.67920219135001,2,5,5,2.2168359652836895
1,-74.02558177359762,40.871442001213666,-74.03603985584587,40.8745814506017,3,2,6,0.9460894146267889
1,-73.91883141050165,40.707913597644016,-73.91026912346302,40.6951069804173,13,6,4,1.5965103224383628
1,-73.79322977105484,40.616242798434726,-73.80516506347611,40.62224250687668,1,4,1,1.2082511073143518
1,-73.77252258558579,40.8526960799224,-73.75371839564401,40.81296635753144,21,3,2,4.692473907425034
1,-73.89752440910412,40.71810395647939,-73.88271929444134,40.71483464838147,4,1,5,1.2996504591473386
1,-73.88790193982739,40.73128273066639,-73.89409244125423,40.72231662577494,11,2,5,1.1252120921670934
2,-73.99103008698694,40.71238161545932,-74.0111532057911,40.689688692420766,20,0,4,3.040541614478931
1,-73.9538694350106,40.630682139629265,-73.88238341778562,40.63421718530991,1,0,5,6.045220674989013
1,-73.76923720917817,40.74905279241145,-73.75037941450154,40.73414082127606,15,5,3,2.296406491195407
1,-74.00088710424728,40.7818580874203,-73.99243376794715,40.77587762202849,2,6,6,0.9740888252794359
1,-73.80841636440148,40.60520922276549,-73.8092894102235,40.60728603034954,15,6,4,0.2424063606312113
1,-73.8144705973147,40.823006982158695,-73.81416055244553,40.811778882431035,5,0,6,1.248780314885571
1,-73.8529724812726,40.731061874794094,-73.82394004940375,40.72421949284623,10,2,4,2.5620177029598485
3,-73.79935940766744,40.88552099052696,-73.81540262386467,40.91719386214489,19,5,6,3.771151634475033
1,-73.88380838362416,40.86365645574988,-73.88296695542526,40.83929627671823,20,0,6,2.70965269163141
1,-73.84987418459933,40.68970359798763,-73.88763648497344,40.688926526643186,22,0,5,3.1850708551446822
1,-73.87505148656987,40.711290464902085,-73.8695042788055,40.69376308017007,12,0,3,2.0042691814701743
2,-73.82384852224439,40.76910131966753,-73.80246237293704,40.77661053916632,13,1,2,1.9850496756599274
2,-73.98732777039312,40.75660209760435,-73.96320382587705,40.75828761303839,2,1,4,2.0405358223786987
1,-73.91491615514063,40.71675144151091,-73.88783701912972,40.720225339955434,1,1,3,2.3146163792741508
1,-73.89204434457687,40.66304747020215,-73.89183268409755,40.66865372470946,16,5,3,0.6236426287983723
1,-73.75058559348173,40.84894094341887,-73.74682403759044,40.837343377537714,23,6,4,1.3278421731628365
1,-73.87669132369295,40.858081923558466,-73.89924523470111,40.83056586750792,16,3,4,3.600103162339613
1,-73.84194207183221,40.72617674820712,-73.8404234111114,40.76512382589824,19,4,1,4.332606757845256
1,-73.77988668133573,40.63021108819371,-73.78199350686093,40.60511959435448,17,5,1,2.7957080307751743
1,-74.02387172473136,40.70377938127005,-74.0231664170044,40.734236776226254,4,4,5,3.387229389343786
1,-73.99912419975378,40.66124303595249,-73.9924576902713,40.651235459700395,11,4,2,1.2468177875616597
1,-73.84970306868105,40.8753458991294,-73.83783172154328,40.88461597178177,11,5,5,1.4347924388488615
1,-73.99881891768615,40.88481280170832,-74.00574735457877,40.91382858248976,22,3,1,3.2785368080135346
2,-73.99826377406546,40.80915483409272,-73.97024110533985,40.83870819780025,5,4,1,4.044606075907639
1,-73.81232914982672,40.85751938767844,-73.82733252231917,40.83990450734787,11,3,4,2.330023243184903
2,-73.77430115107629,40.65482162543729,-73.75580142953146,40.6542915929669,2,3,2,1.5617152528161307
2,-73.85269832503735,40.64104936244922,-73.84215083103214,40.67966675473654,22,6,4,4.385257478517175
2,-73.91979657660681,40.676442278951974,-73.91636950484734,40.66477714413836,10,1,5,1.3289160098954873
1,-74.0121980840099,40.781072639062465,-74.02363611105503,40.76595474771131,5,1,3,1.9374119875960936
1,-73.75278722813142,40.66278215135662,-73.74621030286897,40.69098390077776,17,1,2,3.1845614387660572
1,-74.00381310936291,40.777585654834795,-74.01528188754602,40.80795131261254,23,4,2,3.5118297546903556
1,-73.98315983877745,40.76585939435146,-73.98355499809061,40.77137820277724,4,4,4,0.6145651349525222
1,-73.75740495485351,40.81741148404659,-73.75347868171319,40.82109393875341,5,4,2,0.5261428409239208
1,-73.97749605528784,40.81908705915728,-73.97169565994129,40.8154529098494,18,3,3,0.6336818585496334
3,-73.98786595793513,40.858621680625035,-73.96781537751234,40.844163659935525,12,2,6,2.3299384704574275
1,-74.02081558949594,40.6926937160815,-74.06861013678265,40.70289239607358,3,0,6,4.1857950303425495
6,-73.78501949583614,40.729159212921125,-73.8066604711753,40.75998675167509,1,4,3,3.8825326482396263
1,-73.99002875628254,40.73904885348969,-73.9906193810577,40.72806836244617,10,4,1,1.221988645865894
3,-73.95920628634245,40.64412191705703,-73.9607810234598,40.641182001222894,1,2,1,0.35287296128933754
1,-73.76054202436943,40.70095099360548,-73.73217021620592,40.73555865585131,5,3,2,4.530564030332476
1,-73.99465803692004,40.62887442083303,-74.0080660665983,40.62989825575256,3,1,2,1.1372163177525019
1,-73.99091764802652,40.72050582116973,-74.00026034843219,40.73121351957537,12,6,5,1.4273940314102866
1,-73.8171166735123,40.66065906552782,-73.80776834719313,40.667532781023226,8,0,3,1.098140661216771
2,-73.80499681519406,40.87801915753552,-73.77594585673303,40.91047488766628,2,4,6,4.357399559904117
4,-73.87821538235646,40.822368586018314,-73.87983215128416,40.81407496675904,2,0,4,0.9321902187724893
2,-74.0029064814608,40.69956314468128,-74.00820807457177,40.662020320510166,4,0,4,4.1984410975444915
3,-73.93479630234421,40.600049648950346,-73.89681151970235,40.58738787473452,5,5,6,3.502668423063511
1,-73.92166753125873,40.65964419282402,-73.92360937605275,40.666209059385146,12,6,1,0.7481294885346387
2,-73.80915008672494,40.85389125282384,-73.79329639954193,40.88215524950531,13,2,3,3.413858387513362
1,-73.8978027552457,40.723893793031955,-73.89341886754342,40.71467046590132,21,4,5,1.0901046340960756
3,-73.8974761901418,40.733378628766765,-73.88100473452037,40.74456805856472,7,6,1,1.8638352894012744
1,-73.76878553603036,40.89606126434648,-73.80141766493497,40.90400492931428,0,5,3,2.8813623150906955
3,-73.93189181398074,40.85052564814504,-73.92220501819612,40.84975472684239,14,5,1,0.8192573220035313
3,-73.93268731234316,40.64726201127747,-73.93107048269864,40.65072317631814,13,3,5,0.40832143142399374
4,-74.03650196091401,40.831429902376904,-74.00487372107507,40.83850753340179,1,4,5,2.774816646582391
1,-73.91208670946548,40.69015069016016,-73.93592819790882,40.67831452340249,20,6,1,2.4028319714542303
3,-73.90365254492363,40.866772676075136,-73.90208169852421,40.8917232329034,23,4,5,2.7775168862227275
1,-73.9587176049482,40.61656833958366,-73.95198541989502,40.63392752017766,18,5,5,2.0121348187269406
2,-73.94816155339511,40.75352506833612,-73.94665033000602,40.75084577040142,20,4,6,0.32398073745048794
1,-73.89764497818473,40.66235887214663,-73.89524338712472,40.632011246197685,8,3,6,3.380579441001165
2,-73.91305379300191,40.79229765908146,-73.9095330858364,40.79184784570504,20,3,6,0.30057811718030686
3,-74.00419095686603,40.83807781632329,-73.99308993341513,40.85795617621135,20,3,2,2.399504264392825
1,-74.00726105557386,40.71475992083187,-74.0263860263569,40.72290703701158,18,1,4,1.8489353550797158
1,-73.79254467691494,40.676225389681875,-73.77977458928989,40.73284647630793,12,0,6,6.387337969277582
1,-73.97330689853231,40.7091116843438,-73.99519224116476,40.70486414142337,11,3,1,1.9042575432466178
1,-73.83097163936075,40.70498625211467,-73.79377739201341,40.73659719372409,8,4,4,4.70959501439106
4,-74.0239680153823,40.61592640520589,-74.02773046799508,40.6460909064115,6,4,2,3.3691336567415395
6,-73.85810651687258,40.88124533361194,-73.87162220872361,40.899361281720374,20,4,1,2.312700582699838
1,-73.92064467784235,40.77044806325378,-73.89766170596596,40.79969873397635,17,2,6,3.7845959174221
1,-73.75079279540059,40.77943100829869,-73.78583601981941,40.76161037165527,21,3,3,3.5546060727610467
1,-73.88566349952387,40.797456821398455,-73.88880107005704,40.758472058379894,12,0,5,4.342950874516811
4,-73.80737470904678,40.69168841322016,-73.82489425935995,40.67430927665736,3,5,5,2.4324523445264363
4,-73.89773192526684,40.88963862251326,-73.90046649222116,40.87903136716645,13,2,4,1.2016673565212146
1,-73.80155499874935,40.87544682502694,-73.83129892908279,40.88884924961241,15,3,1,2.9109729534049826
4,-73.81817306840318,40.769060960869474,-73.8237515333388,40.78126837797294,12,6,3,1.4363828604449655
1,-74.04965090070161,40.68600938304163,-74.05043961684748,40.68749281409812,13,3,3,0.17785132197312534
1,-73.76050058249713,40.8038148006805,-73.74332118524265,40.77185900038802,15,0,2,3.8363987621396127
1,-74.01403477852453,40.79546452820438,-74.00486099964016,40.778775645803314,23,4,6,2.010026811622924
1,-73.82477237191529,40.67586069303184,-73.82495658151178,40.64110820584889,6,5,2,3.8643315040345816
1,-73.82021254860834,40.88214546360974,-73.84963783761039,40.89610775073339,17,0,3,2.9203847403049252
1,-74.01061288176861,40.73262008744975,-74.04471655059754,40.742577591428365,21,0,1,3.07928962570553
1,-73.85607338376533,40.72373170411481,-73.87082041415486,40.72172647737507,8,6,2,1.2626044232217002
1,-73.8763033252004,40.87438883127024,-73.86326011975119,40.89294197723414,9,4,5,2.3363168617837102
1,-73.7806399204174,40.606553366374705,-73.78908612655594,40.58242329334151,5,4,4,2.776297696857939
3,-74.02737548432003,40.63237346121239,-74.01622597832305,40.62531392123845,4,5,6,1.2253657996999545
1,-73.81900956343621,40.72480782171573,-73.79882954031537,40.74308626911863,23,1,4,2.649912044971448
2,-73.75144560225151,40.60798827413507,-73.75670010249299,40.58819412187399,1,3,6,2.2452736942116065
1,-73.96417931731045,40.86945697631073,-73.97278435204372,40.86034530490546,14,5,4,1.2450423730524938
1,-73.97656088135341,40.67857254540233,-74.02008040174113,40.67419406353926,20,3,2,3.7021788959806265
1,-73.95091978350312,40.887106482939835,-73.96768743759857,40.90442997276404,3,1,4,2.3868123070164895
2,-73.86924659873405,40.734998736150985,-73.8762280712062,40.7504198415329,22,2,3,1.8128159383640763
1,-74.02456059512609,40.61570209008718,-74.01444473449772,40.64352434872644,6,2,2,3.209314992579996
2,-73.84384789221714,40.79375841656975,-73.86574407099737,40.80701851442731,2,4,1,2.360287521323332
1,-74.0251804578037,40.88544543025302,-74.01518793969616,40.86565619946528,4,0,1,2.355395733819048
5,-73.9607762089971,40.76939110686811,-73.95813041629985,40.759219035721365,13,3,5,1.1528225460335126
1,-73.95547796151585,40.85547293290785,-73.95486669690325,40.85410876186406,21,3,5,0.16016404213419713
1,-73.86929123709778,40.72234926530002,-73.87819077396581,40.71098308713431,8,1,5,1.4696664817797989
1,-73.76583905523682,40.75731999173226,-73.74376020159299,40.75285234748604,15,3,3,1.9249305956955998
1,-73.83019840899979,40.63872062166962,-73.81458056424052,40.63559786072374,13,0,4,1.3628150897751208
1,-73.79153352859893,40.73369536382943,-73.78441180266184,40.745986262763786,20,1,6,1.4925944460459306
1,-73.86309772431264,40.6121536107544,-73.8675423463163,40.62600172946893,16,5,4,1.5848780879953608
1,-73.88402876413436,40.69178881095672,-73.89711731512925,40.67906390352027,18,4,2,1.7944459913603446
4,-73.9857746036492,40.79483152677356,-73.97824611874233,40.808292888955414,2,1,3,1.6254463504808168
1,-73.81285561872657,40.715163889825,-73.82537629881188,40.72304915400641,20,1,5,1.371942403571752
2,-73.8733352484391,40.6916402357584,-73.87143276079772,40.66407317460508,16,3,6,3.069512922797994
1,-73.79258374629809,40.82272331306818,-73.76513191600085,40.78826607630291,16,6,3,4.474232132531872
1,-74.04441169344268,40.8783050795039,-74.05211671400446,40.88671555308621,12,4,6,1.1376247623350626
1,-73.7827620844929,40.827322387506136,-73.7703359708073,40.80919835307843,4,3,2,2.2704313254746817
1,-74.03554913705906,40.8327998564091,-74.03762757816042,40.83479244418035,6,0,4,0.28225506575833054
1,-73.90259931424772,40.87800331014866,-73.9556556536104,40.856601243736826,13,4,1,5.056465365323438
2,-73.97035103084843,40.61632083840328,-73.96822472906997,40.64518023091465,15,6,4,3.2140307447387833
1,-73.8496750046437,40.76884468594534,-73.81143679356732,40.773959757535295,2,0,2,3.2698960558703285
3,-74.01631611824827,40.74778908518265,-74.01396853056369,40.71312969172983,2,6,6,3.8590219689480096
2,-74.0133662135902,40.820756241880275,-74.03206656732604,40.85995799082965,11,3,3,4.634211637501645
1,-73.76379386429927,40.88837332589773,-73.73347191818225,40.88828203908669,21,5,6,2.5489406296100583
1,-73.80784402956483,40.806782436579304,-73.82572879135977,40.8064964569671,16,4,2,1.5056173676690958
3,-73.82162024917046,40.611789385836374,-73.8316594656887,40.62395108207226,4,5,1,1.5958627067819358
2,-73.80843363708595,40.87830284775584,-73.82166436895517,40.85828947297707,14,3,6,2.487987224805181
1,-73.8786179142385,40.6263871259509,-73.87860566111736,40.58973296383848,6,3,6,4.075756998562728
3,-73.8448524686926,40.713188844448695,-73.80981630390085,40.75049248563455,16,2,6,5.091262465415297
1,-74.03681877803344,40.68224319822256,-74.01820988879021,40.66553485926498,8,2,4,2.431996873374889
1,-73.82892338131511,40.83924519022152,-73.8502388274842,40.86556499428549,23,3,4,3.432091012940822
1,-73.97284002089803,40.705905504856815,-73.9592658668084,40.67879792794068,5,5,3,3.224174286026494
1,-74.00431481447103,40.87939728163441,-74.0074136474268,40.897839264540536,21,2,2,2.0671337848535387
1,-74.03005395909554,40.6415584509536,-74.01717556476011,40.65895318936012,2,3,3,2.2184606894193215
2,-73.77177889728127,40.74707503110119,-73.75744390582834,40.75363868871128,0,3,3,1.4109630624259355
1,-73.96465465623781,40.65826755064979,-73.96823367580186,40.665106669891244,16,0,5,0.8182045670330671
6,-73.8799557022394,40.806812308552026,-73.89443977713316,40.79723923108745,7,5,6,1.6184647902930398
2,-73.99104691335762,40.87712773356068,-74.00324768091441,40.84204256643272,18,1,1,4.03396743563257
1,-73.81315324695291,40.8549055408369,-73.79934751922112,40.87144154245793,8,3,2,2.174570388428863
1,-73.82429680809734,40.71086502552651,-73.7945193784538,40.73654676618565,23,1,6,3.8015540492049826
1,-73.98909110043006,40.82768433087738,-74.0173244367638,40.828348505326474,12,0,3,2.376657501943432
2,-74.0099592986591,40.69634167508377,-74.02645843061522,40.727965164622766,13,0,5,3.781366579928433
5,-73.79224994130212,40.62505320325191,-73.78084192894403,40.66461719306297,1,6,2,4.503373935519098
1,-73.97228375525107,40.89624042178908,-74.00175825507212,40.896812157276,10,2,5,2.478191043616226
2,-73.79259083638382,40.8407796607821,-73.81979692333043,40.85915532227333,9,4,6,3.0678014615366136
2,-74.03485945867551,40.895685480456144,-74.04592060911845,40.92590425737686,8,2,3,3.486366936668672
1,-73.9843988810786,40.79573919490239,-73.98490042301172,40.79411355447602,11,6,6,0.1856280713228953
4,-73.86341459505685,40.75384448623198,-73.87330014924812,40.75189097714601,9,6,2,0.8605634486825728
5,-73.75514820642452,40.87309131528106,-73.73339349219792,40.891178233365565,6,3,6,2.7184084395271317
1,-73.9810127847079,40.602942098060254,-73.95932092515598,40.62893869032313,1,0,6,3.4217599349296473
1,-73.89359977428498,40.74736855063435,-73.89045922961496,40.75814687453185,5,6,5,1.227343340267195
1,-73.89129359783215,40.60149411507738,-73.92591641082458,40.59518724504297,4,6,6,3.006122613350265
1,-73.97430834066982,40.797595901038385,-73.96114739734301,40.81464242952611,21,0,5,2.195424355545801
1,-73.98619238176896,40.72353127859205,-73.96464434945786,40.70430275823725,19,2,1,2.8053298146048737
1,-73.8782148264057,40.83392288931675,-73.87857814143588,40.85657275212275,6,5,2,2.5187352434331585
1,-73.89339956495438,40.73024383859747,-73.89682256084556,40.73096177269356,18,4,3,0.2992721507463048
1,-73.91376232724438,40.755795806668274,-73.92547219044441,40.7884434657516,8,4,3,3.7617945517815983
1,-73.96225496706852,40.86335205427703,-73.93199046523128,40.82842595840212,5,3,1,4.643607170531441
2,-73.87890027213962,40.73516642839233,-73.87919197924431,40.72180445686019,8,1,3,1.485986759352037
5,-74.00004438683985,40.73874674939521,-74.02026479541689,40.74867993123193,1,0,5,2.030219522825722
4,-73.91721849106573,40.82765437705616,-73.93854430643043,40.82746738209558,3,4,3,1.7944543087098692
1,-73.85014075206152,40.718134756680904,-73.85183320835816,40.687905666121246,2,4,1,3.3643478790529464
4,-73.9499740913454,40.82796889864627,-73.95860797268152,40.82589273688237,8,0,2,0.7622534804257621
2,-73.96340198182456,40.867744613068744,-73.96831601343874,40.88234058240516,10,2,6,1.674761955154173
2,-73.75175031031193,40.78992767903236,-73.7669143232212,40.79387933807037,6,2,1,1.35007811498122
1,-74.03266624238107,40.76845250593853,-74.08776132656976,40.81361098625468,0,6,4,6.835736824096745
1,-73.76854032537231,40.739319941746295,-73.79323881820183,40.74222618684788,17,0,5,2.105769486289933
6,-73.83803009792538,40.63992223898765,-73.84538228623913,40.6231152467915,14,2,3,1.969147982443821
1,-73.90763607206554,40.69721910722348,-73.90068964092221,40.68434663205517,14,2,4,1.5465391652724507
2,-73.77495082728596,40.75577650647112,-73.75372768645344,40.77291364089992,4,4,6,2.6126524488713363
1,-73.78122631721041,40.64831115721114,-73.7871119158038,40.65467512773665,10,5,5,0.8644590082105473
1,-73.82524344428936,40.82257104415816,-73.79850594062746,40.812465789260095,11,0,3,2.514982264984389
1,-73.86387568758595,40.87631576213095,-73.85886697867417,40.92065125048504,13,5,1,4.947822950636128
3,-74.0157263107624,40.84374726702436,-74.00167070562492,40.80205371258218,5,0,1,4.784593069327584
1,-73.85187267155669,40.80073876796686,-73.81478577092182,40.80532156688148,21,3,6,3.162930372533322
1,-73.82822045478224,40.801493112904815,-73.85731559918867,40.77572284893486,2,3,6,3.769767682957555
1,-73.88179447543315,40.68004190827816,-73.88858352975295,40.6912972252492,9,0,3,1.3762380191949761
4,-73.76550202508915,40.71076117847258,-73.77977594894564,40.71075266547627,14,1,5,1.2031076918525965
1,-73.96272795780104,40.88490564777086,-73.95834257383603,40.88396947359009,0,1,6,0.38308030631102363
6,-74.03457681790404,40.89951554488772,-74.04810674675409,40.896534719871696,19,6,6,1.1845042008294846
3,-73.88036522942966,40.810141730766155,-73.88229032933542,40.82181667305174,4,3,5,1.3082637296604553
4,-74.03579684063517,40.737825150505785,-74.02766825044607,40.726481985756145,17,0,4,1.4352672554848052
1,-73.76470646960688,40.68055784070582,-73.7615778522508,40.69813440809659,19,5,2,1.972146298576629
1,-73.87446874425305,40.75519869605912,-73.86300363312704,40.74318779739749,0,6,2,1.6481720943462657
1,-73.79781981324875,40.84214860841916,-73.81141059983734,40.86590041383624,19,3,4,2.877827251072194
1,-73.88592330075795,40.80038435828582,-73.88902888119284,40.76444965662592,21,1,6,4.0043028193715395
3,-73.75340924845321,40.84969837599382,-73.74682672675718,40.832500956272774,0,5,6,1.990824440141744
1,-73.82574150404136,40.68661173467124,-73.84392752053856,40.685327022113704,2,2,3,1.5400564025461698
1,-73.76445771946325,40.73384017392379,-73.80068427150405,40.77413145552402,13,1,6,5.420645254612345
2,-74.00108499399738,40.86877734287175,-74.0118228389784,40.87141034537189,17,5,1,0.9491747326250621
1,-73.79925002172705,40.71436939350516,-73.83751216993277,40.74300328882663,12,5,3,4.531285851054728
1,-73.94234726765626,40.600074407112544,-73.96246874554669,40.61285686940533,0,4,4,2.2148541903245524
6,-73.84673043226753,40.73487116548518,-73.85207940473389,40.72148313353925,12,1,2,1.5554197160525614
1,-73.9667383041568,40.86946630913814,-73.97983131159923,40.88203376655939,10,5,2,1.7789500428524752
1,-73.96839908322065,40.875923170295735,-73.98653051163981,40.84634560069255,22,6,1,3.6251459461634017
1,-73.83125968482584,40.61674163988906,-73.84678168027152,40.609056443564576,2,4,2,1.5642736378298179
5,-73.83755496861512,40.89643750410944,-73.84727934748169,40.90351456726227,15,3,6,1.1345718238888758
1,-73.75790549015692,40.867755557267174,-73.76948711023623,40.866275478077576,4,4,3,0.9876945851701084
1,-74.03382861508045,40.756343345620806,-74.06396498857679,40.77579226299011,12,5,1,3.3344191798800433
1,-73.79443525304204,40.8428389800718,-73.76636370686886,40.828770556721345,19,3,5,2.832736849804741
1,-73.86540219531454,40.704841990341755,-73.83049612484612,40.69581331215952,3,6,4,3.1091391166612534
1,-73.838961050713,40.662833746548806,-73.82306896888099,40.67188261128928,5,5,1,1.6760086803152543
6,-73.8104944853608,40.85686250033727,-73.81607942341695,40.88639960213064,14,3,5,3.3177775687993685
1,-73.872685733543,40.603729093689175,-73.8617295874376,40.6608783749525,6,3,5,6.421614359962402
2,-73.85265320203818,40.85179743781697,-73.80410927883538,40.82336765599404,12,3,1,5.16440590897647
3,-73.75534302897533,40.66473883973184,-73.71938072080373,40.67586858168339,16,0,2,3.2757688813082484
1,-73.92160414833621,40.62844469389919,-73.95053455852688,40.62469403911366,17,4,1,2.4769036596372374
1,-73.79822915556588,40.75122365150122,-73.8292143695745,40.746551245208,6,1,4,2.661362340406304
3,-73.93148296791902,40.68098489052425,-73.93229893643571,40.67643351942905,17,6,3,0.510745623152317
1,-73.97934483166253,40.76810008742093,-73.974692875817,40.754547769839824,6,5,6,1.5570497257229339
1,-73.93351066661543,40.7760835432943,-73.93981901115166,40.74476133048454,3,2,4,3.5231643782099575
1,-73.97541576429347,40.75154901657101,-73.98776977597221,40.73570765153289,1,6,4,2.0459742228808464
1,-73.8435733230854,40.67653628996126,-73.85327607800045,40.69251202378063,10,2,6,1.9557661681279677
4,-73.83217577299655,40.80999403605307,-73.8414773026414,40.7862404769793,10,1,2,2.7548821781520405
1,-73.94129002543856,40.729357076639815,-73.9673644087167,40.74512071920017,10,4,5,2.8104498486987235
2,-73.75817589087353,40.89565375445856,-73.74346870512016,40.908223485794906,11,5,5,1.8658461288148214
1,-73.76496887333454,40.72524447996612,-73.7735279293635,40.7310674274086,19,0,3,0.9692290166161482
1,-74.02675733282261,40.64269027734977,-74.0544618901887,40.62587017089942,15,0,3,2.993901301626655
1,-73.9235603654652,40.77945054156572,-73.93537569680522,40.82649734253404,14,4,3,5.325055346563809
1,-73.88034294088553,40.81555735381386,-73.89335471127038,40.84083315365453,18,2,5,3.0162391707673435
1,-73.78487244149845,40.60068208588154,-73.77697236808096,40.57628120786769,18,0,3,2.794058440891038
1,-73.94482159831716,40.666096560449866,-73.91232984266838,40.6717795675449,7,0,1,2.812270723366725
1,-73.85198019950995,40.63991746987483,-73.84590205161395,40.65201913559214,4,2,1,1.4400447263504212
2,-74.00765745955728,40.81184536076088,-74.01142359888725,40.83375501172803,18,6,5,2.456766614230605
1,-74.02276725432112,40.6825159190022,-74.01805072560742,40.686881563807226,13,6,3,0.6275454402610965
1,-73.99796140056556,40.822606930946144,-73.98163092867463,40.83840280519395,7,4,4,2.229979110946584
5,-73.9415639024848,40.815490054125945,-73.94504886220781,40.82956745292671,13,0,4,1.5925659814490385
1,-73.90227531576143,40.770898690816125,-73.91918513096167,40.783092410509454,8,1,5,1.9661606176409283
5,-73.8701873169799,40.759872861973776,-73.87029644690762,40.78451242658078,13,0,5,2.7398099910022364
6,-74.01701321147134,40.62046950100122,-74.04079031072929,40.61913623072762,3,3,5,2.0123057065305616
1,-73.77430258477102,40.647231911360024,-73.78855027411306,40.64099494529043,9,0,2,1.3878062638708533
1,-73.94697058546308,40.824783432412666,-73.94602098722116,40.83551152153055,12,2,1,1.1955815816570963
1,-73.84913105570375,40.649251697389225,-73.82908322838232,40.65228579507701,12,5,1,1.7246155047851148
1,-73.9411172223473,40.65095093140363,-73.93133232650844,40.65186803020879,4,6,5,0.8317499981398825
1,-73.8288746925523,40.64508745146376,-73.84542302845323,40.641774195317346,17,5,1,1.444009036750246
1,-74.02253328181871,40.709148821725776,-74.04129137115576,40.700218348666745,17,6,4,1.8671679784596844
1,-73.9482503226873,40.83971564139637,-73.94426227571671,40.847662698643866,2,6,6,0.9452070406315536
1,-73.81490873398988,40.81473602357133,-73.81078873534679,40.792678735410206,15,0,2,2.4770523801649316
1,-74.01536296236463,40.69773564000073,-74.01113767185426,40.67586990197665,11,4,6,2.457322186599872
1,-73.79933891158598,40.776583824074706,-73.82293054725844,40.74543741669575,7,6,1,3.9928243481932486
1,-73.88513398801408,40.64688548040903,-73.90986638021202,40.67156447717089,9,1,2,3.447156745691153
3,-73.91493801516546,40.646032373513094,-73.93686708229114,40.63613113216315,11,4,4,2.1530508287495578
1,-73.97708276781859,40.784506266709144,-73.99632643347134,40.73335094981146,22,4,1,5.914626277113572
1,-73.95910969894125,40.83918569196229,-73.95526536446249,40.850508252007955,4,2,3,1.2998770078223125
1,-74.03840145570348,40.68524430357687,-74.04669530474409,40.67554754571492,0,0,1,1.2851914360127834
1,-74.02356443664165,40.88481795077846,-74.0342248760302,40.90075460438297,4,4,2,1.9857499419308382
1,-73.96500330539068,40.65191220257077,-73.97222887802306,40.63835384898579,4,0,1,1.626209610196819
1,-74.01987113301072,40.81184331015695,-73.99376353872898,40.81031480153171,18,6,3,2.2037778456678048
1,-73.78243396804679,40.7505584709301,-73.77663759628126,40.72763425590472,2,4,3,2.595414321245926
1,-73.77271854295243,40.785812448572045,-73.7935638316627,40.81412052494866,16,6,1,3.60372600710502
6,-73.94167706483687,40.76039440943145,-73.94690126871619,40.77462067195418,6,6,4,1.6419296030021628
1,-74.02324885684408,40.63999514688432,-74.02890653719274,40.65151514452344,6,1,3,1.367011466166818
1,-73.85064597010532,40.748174704844914,-73.8884013509672,40.773690451125326,18,3,3,4.2616352973176275
1,-74.00225229044503,40.82045624879752,-73.99337846905469,40.82944452130706,14,4,5,1.2475610074331263
2,-73.83203236383272,40.80374123914714,-73.85680628705207,40.80972218088752,7,3,6,2.1886003108183782
1,-73.80712560931862,40.82497858575776,-73.79009955881152,40.82632182814106,10,2,1,1.4403621250748957
1,-74.01876257126878,40.841526749018755,-74.0464403350689,40.84124136928107,5,5,4,2.3285114664546556
6,-74.02027106489126,40.6464285630571,-74.01033875655081,40.65539545671894,13,1,3,1.3024054393397708
2,-73.81458027614079,40.63845249960953,-73.82544820972186,40.62685821463918,16,1,3,1.5821425643833729
1,-73.75795933105158,40.86334451019363,-73.74438432492856,40.87810957690042,10,0,6,1.999600950714142
1,-73.76502255282578,40.6013613140233,-73.75666205011396,40.59392678447665,8,1,5,1.0870450087710382
1,-74.0014074145272,40.88360889353006,-74.03986285669994,40.879663154130505,13,2,2,3.262599761776298
1,-73.90835729885788,40.86651207571395,-73.92946713731521,40.88290389412437,0,6,6,2.544101434076053
1,-74.0091330177502,40.64207709141613,-74.02441961969751,40.60119533446415,13,1,6,4.725386422976693
1,-73.86490651573982,40.85583997682931,-73.86919236969383,40.83505055364429,5,1,2,2.339620633763937
1,-73.94636525980805,40.81532103811198,-73.94637128714608,40.81864092166633,11,1,4,0.3691545567488847
1,-73.98355308249396,40.80110580934053,-73.96481540650792,40.82170594640676,13,0,4,2.7809663452841686
1,-73.77102080113728,40.65562570842995,-73.78704843483465,40.5986079254772,0,5,3,6.482768918494811
1,-73.77392636628316,40.6894556122266,-73.7754706661968,40.68451917983678,21,0,4,0.5641391287962799
1,-73.98988987157705,40.695385597494145,-73.98108148172524,40.731810973790985,11,5,1,4.117794126771964
1,-73.77637757169246,40.80416856216732,-73.74131362221331,40.836694821297,1,1,5,4.667627553275337
1,-73.93856772123029,40.876643663307405,-73.93173530490614,40.8605840159182,15,2,4,1.8758937887196945
1,-73.75856657648607,40.86706555317048,-73.78599730662141,40.85624069702183,0,6,2,2.601957934824816
1,-73.91177555950169,40.65838126900645,-73.92447049325217,40.63286730743595,17,0,2,3.032470899678476
2,-73.87985093221502,40.87597662004918,-73.879023207705,40.86805724275516,8,3,1,0.8833405831689644
4,-73.91459131743972,40.62498150050254,-73.91513662772262,40.61748105787309,15,6,1,0.8352801141489884
1,-73.75605748022855,40.72354926015628,-73.76871185960557,40.7218759100829,0,3,3,1.0825200802662354
1,-73.89122849902687,40.8857592915724,-73.87046771894461,40.8837024690872,20,5,5,1.7602070623424357
1,-73.75349335308502,40.70256234229584,-73.74236393520947,40.69817594806578,12,2,2,1.0574202251247973
1,-73.87967166331067,40.887726786512864,-73.88241221647168,40.883989890932554,6,5,6,0.4751180543370144
1,-73.7503662136437,40.84344733711233,-73.74583975298296,40.84982788390418,7,1,3,0.8051912959159642
1,-73.89963677458759,40.60490851564535,-73.90588816348694,40.62285351420613,19,3,4,2.063985361055579
1,-73.99490684503948,40.713477551942304,-73.96279819662566,40.70239135925168,18,6,5,2.973976890661781
1,-73.8068140401162,40.708434851862386,-73.80472088471355,40.68177603390729,1,5,2,2.9695732473970726
4,-73.77330232653372,40.66310011068678,-73.75548923865202,40.682727613497576,14,1,4,2.6495314121009463
2,-73.84137455020422,40.74227074360899,-73.8336948762699,40.748580399867706,5,3,4,0.9543597074187192
1,-73.82882536337299,40.609686209783945,-73.85411941558657,40.597472397873446,10,6,5,2.5306840839299944
1,-73.76302373395613,40.890095287666746,-73.77932649005946,40.876169886589096,13,5,1,2.067861259446192
4,-74.03316655644407,40.771232394984224,-74.02586123897188,40.774262997378315,18,1,6,0.7014236197933099
1,-73.93419068529214,40.85336177285781,-73.93150475944148,40.81900111408921,12,1,5,3.8274069041322245
1,-73.83444001210898,40.67506508766764,-73.82685604700164,40.706118506439005,6,2,6,3.511687877333022
2,-74.04360337795579,40.80280088072186,-74.05000069765156,40.8260315323204,23,4,2,2.638637358106223
1,-73.99372067446859,40.603505981060984,-73.99502357751793,40.56807725027202,21,0,5,3.9410312138832784
1,-73.8815392290696,40.8462313694403,-73.88173873821121,40.86956406860944,17,4,3,2.5945320274025
1,-73.92308235724099,40.897726979952125,-73.91043198250398,40.90868791136316,16,5,1,1.6173482119667524
1,-73.83354578069637,40.63057000746749,-73.8767622411403,40.62945382389291,10,6,3,3.6491138545835478
1,-74.00902992198901,40.72374284445687,-74.00675668908714,40.70308447440043,0,6,6,2.3050824140525985
1,-73.95029783199544,40.85486548689859,-73.95504685261001,40.858696806150725,9,0,6,0.5839672477817693
1,-74.03537413681417,40.865776709317025,-74.0325591656053,40.87833270904548,3,2,1,1.4160842466596544
1,-73.96298478631127,40.67134007841671,-73.96619105648139,40.65143512208832,3,3,1,2.229791961181723
6,-73.95272503130842,40.6378804683769,-73.93685262799437,40.62798869422816,23,6,2,1.7331496643480864
1,-73.78431288233278,40.707186520977714,-73.76494662639014,40.721765025412545,7,3,1,2.3004367547140805
1,-74.03107931342076,40.773815875283525,-74.05783881031,40.76616522418424,10,6,2,2.408703053301137
3,-73.77477806248925,40.65576995572505,-73.76461192950384,40.65398856421024,8,2,4,0.8801709419906809
1,-73.75160131033833,40.60955804769353,-73.71338781092662,40.608201626977376,16,6,1,3.22935108984267
1,-73.7897953934388,40.70908541165981,-73.7887187218886,40.709103573244754,11,4,1,0.09077423027263876
1,-73.76748157901486,40.67411426566293,-73.77609218063424,40.652551344257645,22,4,5,2.5052717358437486
4,-73.84472823201922,40.75796549886927,-73.85674650257725,40.73799205024501,8,2,1,2.4408180730899027
1,-74.00527227376891,40.66475133343293,-73.98638410227913,40.65543421744368,3,6,1,1.9004581534536156
1,-74.00719576555564,40.87853689648556,-74.02149477719723,40.89174419049965,20,5,3,1.8978112205439708
1,-74.03170848413214,40.78725885173923,-74.03122009190918,40.76937469756657,13,4,1,1.9890523663693873
1,-73.95047605249567,40.73965944441998,-73.96389390538417,40.7635696907444,14,1,1,2.888971644773627
1,-74.003282196423,40.7027054504906,-74.01448998687788,40.73566831615382,5,1,4,3.7850532601428433
1,-74.03025158603496,40.82504441055105,-74.03215283271325,40.807598859376895,16,6,3,1.9464437114455821
3,-73.96048272343903,40.88592756189359,-73.95296258343046,40.88573512823395,5,2,5,0.6325431350694767
1,-73.88018572812274,40.68414024128087,-73.89039422152,40.69213804926285,9,3,5,1.2376385936941257
1,-74.0086080600578,40.60216421679837,-73.96482013845636,40.62580992623337,14,4,2,4.535900039186846
3,-73.88625805431433,40.89098936124781,-73.8804605033868,40.86247416485308,10,6,3,3.2079933388159323
1,-73.83908093870875,40.81044251851088,-73.81598523346426,40.78536535366625,7,1,1,3.3992754202660604
1,-73.98851169433674,40.87650977002919,-73.97938987473553,40.89968881298666,8,1,1,2.6890392070805045
1,-73.7905823291446,40.706318600369,-73.776046760059,40.72737829108869,16,6,3,2.642810408503628
6,-74.0427664975213,40.84008041582349,-74.02907901664365,40.869638385005096,9,2,5,3.4824677106026685
1,-74.04987306143195,40.82339014218056,-73.99731471356078,40.8053482405132,15,4,2,4.856791673153609
1,-73.92875916666588,40.659202864248286,-73.93008239508835,40.64870377406178,12,4,2,1.1727700281921098
3,-73.79626345998439,40.889989200368326,-73.77001298733688,40.86008728564591,11,0,6,3.9908092262416535
2,-73.8226011767844,40.79314564575536,-73.82518700795576,40.778348749752105,23,6,6,1.6596804111305197
3,-73.8279061047007,40.78921349119257,-73.81983722612925,40.76462761290778,2,5,2,2.816987464329492
1,-73.85122502068782,40.64533560276824,-73.8333950799974,40.62842407106593,11,6,4,2.4082589665993956
1,-73.97000840408728,40.84062611385302,-73.96122301281261,40.85464146386201,3,6,2,1.7247608078374994
2,-73.78406069554484,40.75282282807337,-73.75815047644213,40.758681231702,23,4,2,2.2775671771125046
1,-73.83119633970107,40.615583125796874,-73.79629169658304,40.61267185926292,21,1,1,2.9640061932935744
1,-74.0126164970609,40.63014785327329,-74.0269039860151,40.62785149438175,21,3,3,1.232469244594381
1,-73.84708090405188,40.70106082505376,-73.78310129985832,40.70272457166091,13,0,6,5.396543478693494
1,-73.9982821231759,40.83696633855004,-74.00855594379658,40.82284913339081,15,6,6,1.7920203465266098
1,-73.82849361918751,40.80735001893422,-73.82263708899778,40.79472359114992,23,6,6,1.4880223914172233
1,-73.75172400427404,40.810947066769664,-73.72840865184787,40.79679459473813,20,1,4,2.5154758429566875
1,-73.96113686805998,40.874387166922055,-73.98257849407639,40.83220646483431,4,0,5,5.025027146447173
1,-74.0122543450185,40.78842425199316,-74.03124297772771,40.79556882880938,2,4,6,1.7850693846293473
2,-74.01895858818796,40.8970510623203,-74.03963540178316,40.8955744362199,15,2,3,1.7456614882409602
1,-73.88444974169882,40.62600866839491,-73.88750803108474,40.63289532512124,20,4,3,0.8080842543677192
1,-73.95190698353743,40.881342909171806,-73.96254402341933,40.8705073942859,1,6,2,1.5005043018642
1,-73.95467694857138,40.66813706663167,-73.94834958457554,40.692793049365186,6,6,1,2.793056556472056
1,-73.80433744886832,40.83639023350433,-73.78848106283141,40.8283175968286,6,6,2,1.6079261158803215
1,-73.9800998530573,40.88603934270174,-73.98346516392067,40.89910243868359,11,4,1,1.4798379957331775
1,-73.91234445470616,40.883121556312155,-73.93960102459401,40.86563901903095,23,2,2,3.005163315021548
1,-74.0291075527566,40.641732483994886,-74.04600410980521,40.59612363804797,14,6,2,5.268174187195983
3,-73.91371990049034,40.82563925675847,-73.90438855442089,40.8277960442832,7,0,6,0.8209513947526526
1,-73.97564116103341,40.73312792630584,-73.96521255050453,40.750002313644536,6,1,3,2.0718581425674523
1,-73.88001959591494,40.84076767009287,-73.86500807154414,40.856053144682726,19,5,1,2.1173507897456014
4,-74.04685942800505,40.66119781222337,-74.05945941116481,40.68904781220449,19,6,3,3.2740071448650876
1,-73.867438563726,40.60771917393324,-73.90817193084499,40.62473692006706,16,4,3,3.9245042519578908
3,-73.8961859555221,40.60237763740223,-73.88376682451957,40.590705912660624,4,1,3,1.6684932515478421
1,-73.77376978304244,40.871410752012096,-73.76441827040827,40.847326222243176,22,3,2,2.7911650899916474
1,-73.76042143925041,40.73266008435317,-73.71684353206237,40.7132170928847,6,0,5,4.2615104586314585
1,-73.97816355577434,40.66506716409924,-73.9477697869093,40.68536278368751,0,4,5,3.415090742960473
1,-74.02718518894254,40.687372043087976,-74.03362821855835,40.67090398525274,16,5,4,1.9100686038423957
1,-73.91655899999648,40.84492638606731,-73.87627513702333,40.83999321033292,0,2,4,3.4327950457129277
1,-73.79588008655041,40.671925508811405,-73.77861117629493,40.603461748604026,12,6,6,7.751021389361609
2,-73.91678840108789,40.661602524253496,-73.94480588829707,40.65447212891429,11,0,3,2.492830065289465
1,-73.80539375975489,40.80297156850017,-73.78162820548009,40.81595826801974,21,1,2,2.466966146115798
1,-73.84081769608721,40.70354317581687,-73.81886209819187,40.69646828215679,5,5,5,2.011121983332905
1,-73.90912688547229,40.70311086318414,-73.92823083669842,40.70257231832675,4,2,1,1.611520607558951
1,-73.82053518784407,40.70798149516382,-73.84847996734453,40.71041490861552,7,3,4,2.3709297210254605
1,-73.8441880903756,40.89525613398698,-73.86243441237659,40.93429536837062,7,3,1,4.603770164839131
1,-74.02024475593774,40.60873106299972,-74.04122592850204,40.588638184686566,13,5,3,2.8512587710994284
1,-73.75095550717872,40.76408292509127,-73.75535841091846,40.75820653236774,12,5,3,0.7513167838682481
1,-73.99583049499743,40.823690581651704,-73.94004694603169,40.79958730825531,21,2,4,5.405875303001024
1,-73.81685692944323,40.77228700966115,-73.83257255599162,40.78165799622775,11,0,1,1.6843146651407697
1,-73.89028458607767,40.6185882828983,-73.90015149073466,40.59255257585748,23,0,1,3.0124871114524696
6,-73.78863968911249,40.83103878076171,-73.78887255624332,40.84069629279398,20,1,2,1.0740450263041452
1,-74.03998414521061,40.61717261989198,-74.04076859455058,40.62852047465192,12,3,5,1.2635595566417577
2,-73.84942347443251,40.74023133983116,-73.84207662355895,40.7446184239267,19,0,4,0.7880792448287129
1,-73.88541006679412,40.75562986866534,-73.89955256551431,40.74015225224769,18,3,4,2.093156182111139
1,-73.83186108444602,40.81984112953472,-73.85667728892072,40.85037495388422,1,4,2,3.985753003436812
1,-73.9715139168128,40.87526896458723,-73.98626768541229,40.85381880253136,19,4,1,2.6885334896086373
2,-73.80389159548125,40.83734369525293,-73.8391225137526,40.84744115918877,0,1,6,3.169190729503264
1,-73.96233194352891,40.75807879320125,-73.95841225808597,40.76472638556567,21,1,4,0.8095486599064067
4,-73.93195877675097,40.84380745401332,-73.93872421094997,40.83202053676481,8,4,1,1.428888089623775
1,-74.00295086329102,40.60416192044358,-74.02107995023425,40.587273651106536,12,3,4,2.422698005685916
1,-73.79551172020743,40.762510331949585,-73.75552811557537,40.75808006152924,4,6,6,3.4034333070716856
1,-73.87613877159046,40.854802949440106,-73.88931529220162,40.87800839786346,2,2,3,2.808163087494501
1,-73.92440061596143,40.762165935484546,-73.95314853316096,40.74958018157709,5,4,6,2.7967608284881447
3,-73.91851762523596,40.83194330384718,-73.91184476491235,40.83190500859458,22,3,1,0.561427332483798
1,-73.9466751819233,40.71945770580014,-73.95336457212964,40.723005756206774,10,4,3,0.6880795184390084
6,-73.96941604217422,40.80413135356203,-73.95328469351917,40.753913931875466,14,6,5,5.746745678127508
1,-73.8448458375605,40.84837341413005,-73.82940549687173,40.849492036987456,5,4,1,1.3046597358807286
1,-73.94651423589907,40.60816428331477,-73.96317139950622,40.631759352069395,23,0,5,2.9765909590973116
2,-73.80693524913929,40.72316734099215,-73.86943194213083,40.74617569268702,9,2,5,5.854384375076491
1,-73.93023553768407,40.7640072114552,-73.91989803947693,40.75720381425885,22,5,5,1.153409953598205
4,-73.84429648595014,40.76918963759696,-73.86379344313922,40.748265641992994,6,1,4,2.8477962417857947
1,-73.75931778684772,40.77093945820398,-73.77447028617627,40.77495643581377,6,5,4,1.3518882507532775
1,-73.93129855235895,40.664767546970104,-73.93595960612151,40.6734099709519,19,0,6,1.038290037354589
4,-73.97929340082261,40.6644623663552,-73.9636967339069,40.69258909959623,15,6,6,3.392846667817057
6,-73.90575616321097,40.71232444168108,-73.88721958436389,40.71868635323441,21,3,4,1.7149807979778124
1,-73.75533348285876,40.781997960256064,-73.74661251230219,40.81204175303695,6,0,2,3.420425809918564
1,-73.8324979526658,40.842342419667986,-73.85014123694073,40.843335315904454,20,1,5,1.4882479310918952
1,-73.80044716822457,40.651281678440675,-73.81956763161892,40.64502215349516,16,0,3,1.7568772009611828
1,-73.90588956797284,40.75275676671194,-73.9143048442793,40.78973285179017,15,5,5,4.172176832083444
1,-73.879110968719,40.81954594746557,-73.86321771630269,40.84515789860676,16,5,6,3.14620462734961
1,-73.96635911128419,40.88979374418519,-73.9776489338103,40.91758879700801,19,1,5,3.2330326461256655
1,-73.96130980447094,40.83389143228657,-73.94268256859914,40.850251404323615,0,1,5,2.400953306374638
2,-74.0463652883201,40.818076101574306,-74.08043383084471,40.827838166521694,0,1,2,3.0653264466839474
1,-73.78075003677964,40.857656445744816,-73.78529593647282,40.82441667075496,11,4,1,3.7158243681112775
1,-73.78901471682508,40.86606390354134,-73.79392348001552,40.875714429787,6,6,1,1.1497315688213585
1,-74.03130234928477,40.71347448785796,-74.04162446845193,40.683291643107175,15,4,3,3.467154036771843
1,-73.97854428832012,40.85204988864802,-73.9701891799967,40.85529129062672,15,4,4,0.7897562489842547
2,-73.90063098922514,40.70342714188191,-73.91220281935573,40.712168347712726,15,6,1,1.3770054801748526
1,-73.91381798256076,40.80757747072366,-73.91705468040153,40.85928966246715,5,2,2,5.756577601415777
1,-74.01006953842041,40.88087017035905,-74.0265840998449,40.87885490395715,12,3,1,1.4063902735351388
1,-73.86991286718145,40.70454662287541,-73.85943110562344,40.73712208115304,14,3,1,3.728379585651691
2,-73.94929436755602,40.67734787426346,-73.92325385519487,40.6799182218361,16,5,6,2.214458698755693
1,-73.90531706215403,40.84430001616209,-73.9171477013362,40.856107123275784,20,5,5,1.6473806437019398
3,-73.94089956596885,40.819883179399135,-73.93179271555876,40.80520588872373,18,3,3,1.8030384628729357
5,-73.9123046479196,40.63672174357164,-73.89695417392527,40.647385451521664,20,4,3,1.7559887269977978
1,-73.80968416756815,40.64743143644813,-73.79749474134131,40.672757632707466,15,1,3,2.997974250698422
2,-73.89958841962884,40.612878054131514,-73.91497458879826,40.58498800972827,3,5,4,3.3623082777013407
1,-73.78719469910477,40.89070097865228,-73.8246717960517,40.921026785007506,19,0,1,4.614176924435998
1,-73.93217225963359,40.6018481524908,-73.93574208633673,40.5928810945972,16,3,4,1.041649821416686
1,-74.00488051821601,40.86676754255161,-73.982720818428,40.87089096497195,17,3,3,1.9189173885935062
1,-73.99296223069328,40.871855731309914,-74.01904539935656,40.84532111824709,10,2,3,3.6765953771636317
1,-73.76547994739637,40.67741524142437,-73.74158240586121,40.696856293236706,9,0,5,2.9552062977856988
1,-73.90449154151811,40.767103755931885,-73.92948481657884,40.759312895037574,12,6,2,2.2762461812346877
1,-73.85169293697254,40.77553793372819,-73.8695315981932,40.77752903433699,15,1,4,1.5183113950470266
1,-73.95949474189766,40.748118794052736,-73.94473698305029,40.72929348020278,20,4,4,2.434702821867076
1,-74.03058874094805,40.67321032410574,-74.04168496199127,40.68309440661724,3,1,3,1.4434387257251893
1,-73.86116067694702,40.82314633355181,-73.87251549380554,40.814640485772166,0,5,2,1.3444505700758098
1,-73.79749297121147,40.67478150500746,-73.79749669348467,40.71331102346879,13,5,6,4.284286990451102
4,-73.95261903896622,40.66761973333739,-73.9428449872966,40.65107906555765,9,2,1,2.0155731545429196
2,-73.77702109030683,40.76956299048556,-73.77577888885818,40.76970507759959,3,5,6,0.10579527899025128
1,-73.90293097556142,40.74364676635924,-73.88523175963302,40.76306242059316,0,5,4,2.6236634617597714
1,-73.77394222006988,40.67176936583798,-73.74066763855976,40.70662831801657,2,6,3,4.784915936836869
1,-73.98329306404243,40.66761760978711,-73.96456600788854,40.68449092049774,7,4,6,2.4524117501863536
4,-73.79394056707005,40.74566491030333,-73.8134134361522,40.73522162776047,0,0,2,2.0099698222900324
2,-73.9767521031308,40.6426780636552,-73.96945548129464,40.642065696605535,11,4,5,0.6193962680684391
1,-73.90866639391832,40.6185541321603,-73.93312555276925,40.61708368805041,17,6,3,2.07093044268311
1,-73.92307378904383,40.65706179447187,-73.94694996093406,40.6794091218572,5,6,4,3.1984234580185373
1,-74.00475116870169,40.72911843756327,-73.9508680948601,40.73273567256896,19,1,3,4.558051961312057
2,-73.96818272901207,40.82013322687715,-73.94979867858757,40.82624955039053,20,3,4,1.6898219822315912
3,-73.8815734966005,40.64793081324429,-73.85397042913152,40.67309407310913,11,3,4,3.640069353633344
1,-73.85205696555958,40.843805802209125,-73.85156494128101,40.83987471580195,16,4,1,0.4390720298238066
1,-74.02659439029978,40.62808232117072,-74.02036757550471,40.58219829953531,4,2,6,5.129079171687342
1,-74.01530118364484,40.74166907488059,-74.01671664552316,40.73712676550011,3,6,2,0.5189692231253716
1,-73.75430171276295,40.846515943536,-73.73662506475864,40.876269842956354,5,4,4,3.627099467664299
1,-73.96553621982211,40.64451348736044,-73.99795697480675,40.65511853702603,2,3,1,2.978527107890881
2,-73.87546748206667,40.7299261846979,-73.88042432668925,40.73268306057219,4,5,3,0.5180932966901238
4,-74.02060157739109,40.688932297682626,-74.00277819472784,40.7118935234988,2,0,3,2.9624711121630294
1,-73.81296292158349,40.63950175890182,-73.79858939033328,40.649748905541045,10,0,6,1.664018207957638
1,-73.86135705946177,40.80188191205563,-73.82687855139811,40.822192993904615,4,6,5,3.6770164452145675
1,-73.76933346424025,40.87016217392376,-73.78911319215402,40.9036469246461,21,3,5,4.077742094258362
1,-73.90013229695356,40.66081161737657,-73.88102716493512,40.665533280236275,14,2,1,1.6948373585836407
1,-74.04607791411836,40.84991697902068,-74.02158873732823,40.88361066306509,19,4,3,4.275205899684445
1,-73.94931161294218,40.61478720119573,-73.9321729085474,40.601918874181635,23,6,5,2.034860392564515
1,-73.91301885412147,40.71375145058497,-73.91329515543295,40.70021837911025,11,6,3,1.5049891085549856
2,-73.89391620619078,40.60604339942642,-73.91306718237121,40.59307522703163,22,0,2,2.166477726019591
1,-73.95272976208777,40.83138178486244,-73.93397651146454,40.79458801598133,3,1,3,4.385131379137924
1,-73.99402598815206,40.79552840172043,-74.00858427469751,40.77236573919419,7,3,6,2.8523616614104355
1,-73.80306613274432,40.69298288446024,-73.76440454225495,40.71208012346911,2,4,5,3.889844434177916
1,-74.0257176597073,40.72171208794566,-74.06536802254219,40.72444008806822,21,3,2,3.3551354845901242
1,-73.96216317095397,40.880145588716346,-73.95716998795041,40.862652845424385,5,2,2,1.9898993924171569
1,-73.90931932811745,40.74886732435674,-73.94276811417386,40.780987155412085,17,6,5,4.548799471629094
1,-73.77775869194845,40.69148558237726,-73.79891745211411,40.659447481933555,10,0,5,3.9843625267605574
1,-73.91760274870447,40.76980455494033,-73.9361351371001,40.798182402154126,6,4,1,3.5201719763389945
4,-73.98769537511066,40.744553117467674,-73.94184236528926,40.742588420454105,21,0,1,3.869083554338379
1,-73.78840228780086,40.810202324378366,-73.81073378723951,40.7739668947545,10,0,2,4.446195454752264
1,-74.03502882372673,40.70120215300603,-74.03670645470199,40.70924722850681,18,5,5,0.9056800388642533
1,-73.75864012962518,40.79560382377931,-73.74796568708783,40.75266274345553,14,4,2,4.858698855226092
1,-73.95283119166868,40.78133928823489,-73.9619904947852,40.76309689454927,22,1,5,2.1701513665263477
1,-73.92870495591559,40.75766004321674,-73.9308944030178,40.78835290314865,11,6,4,3.4178666382181193
3,-73.77632545899807,40.60205092307793,-73.79126433660075,40.62318171388251,0,5,3,2.6666335824652467
1,-73.96624099265303,40.81201822592218,-73.94302501301263,40.808881395552795,17,6,2,1.9847635599816231
1,-73.84340811434389,40.61019652502782,-73.81487994137613,40.60184003034187,22,6,6,2.5813731868288676
2,-73.98655277691749,40.60280679037223,-73.9599581411075,40.632282097973295,6,6,5,3.9725055116986936
1,-73.86145964506396,40.85156984243137,-73.89590726306321,40.81741262027444,18,6,5,4.777504057441059
1,-73.95205091574508,40.697116435731765,-73.95099552274779,40.69438320592429,12,3,2,0.31667788730564916
1,-73.9692300464277,40.75957216016528,-73.98663708063056,40.77439282974045,0,3,4,2.205641325008511
1,-73.8286922179505,40.80677822401523,-73.79682166775599,40.812438863846346,2,6,1,2.755146654106549
2,-73.76268897602701,40.65283185092734,-73.74657541988418,40.62690739605835,18,6,1,3.187210620879673
1,-73.87413378654182,40.70707004022391,-73.91959315276331,40.685595149638814,10,0,6,4.5155136526845085
3,-73.83430811820807,40.726570001038056,-73.80914309021982,40.720736591297324,21,0,5,2.217657967914094
1,-73.93596494233763,40.69037150879403,-73.92225732997976,40.6935133407695,14,3,2,1.2073500713310559
2,-74.03187079685421,40.85821746954487,-74.0070915468331,40.86444302583041,5,6,1,2.1958145474857647
1,-73.95708082003434,40.60100875214827,-73.97123664133389,40.62334290970536,23,1,5,2.7559620523884276
3,-73.98606747274671,40.71530976930331,-73.98091970532326,40.68900759468216,9,1,5,2.956686404165354
1,-73.9416980965547,40.83167182918353,-73.93715447039541,40.847216714413946,10,0,6,1.7702692355672458
1,-74.01566063020763,40.81417442251075,-73.97200801148615,40.83655228453541,1,1,2,4.436515930829913
1,-73.83816281562525,40.73668401477117,-73.84055108460076,40.72160802202969,5,4,6,1.6884101598250663
2,-73.7751853971377,40.76196187463495,-73.77480188506361,40.73943111441014,7,3,4,2.5055145115292983
1,-73.95857913983768,40.89602284381786,-73.9795567606315,40.906774084010486,15,5,6,2.1301636889517046
1,-74.04340882875924,40.87790694087102,-74.04057333054321,40.89444346619737,7,6,6,1.8541632713052256
1,-73.91021252973535,40.708649003137424,-73.93382311702156,40.711157909658034,12,0,1,2.009551756431456
1,-73.9748067234652,40.66849739887614,-73.94866791386205,40.65135924796554,21,5,5,2.914264760602644
1,-74.04387005017854,40.80006908600508,-74.05412836771922,40.82175077638503,19,3,6,2.5608140780765543
5,-73.91838732955225,40.8494471013013,-73.90864744403018,40.83797798396539,3,6,5,1.5158068583747075
1,-73.9148959152009,40.754940122975064,-73.92571470931904,40.7523191360189,4,5,4,0.956765404754197
1,-73.87756712629832,40.85322545271145,-73.9056705763479,40.86044399944937,23,0,3,2.4961284205910768
1,-73.76263943203672,40.79972982541909,-73.70850100753282,40.77579223846664,8,3,6,5.278181077780216
2,-74.03493521052376,40.67017851779617,-74.06630539021063,40.675906602331494,14,4,5,2.721189507977669
1,-73.9200716486439,40.80599042673579,-73.89995146566241,40.78404330736201,16,1,2,2.9705710498400815
1,-73.87380405694837,40.73872730143027,-73.88123584434037,40.73176248008255,20,2,6,0.995926719646891
1,-73.97244089161968,40.75127915581298,-73.9757025527293,40.76526771603066,6,6,1,1.579530662592631
1,-73.81085834797888,40.79192731373183,-73.80834443340147,40.76535689603203,0,1,1,2.9620686273249057
1,-73.9856194014354,40.71746848102237,-73.95570297086077,40.709960153903474,6,5,5,2.6560836850148797
2,-73.9835505563971,40.66921629833626,-73.97280348680472,40.64685632337425,10,1,3,2.6464333928622437
5,-74.02890082237377,40.71153693740962,-74.01012050644367,40.73234813927568,13,1,1,2.803553042948285
1,-74.04137809090837,40.72584067095076,-74.01784749152046,40.722245443798734,13,6,5,2.0228264565324308
3,-73.914030459625,40.817118120865175,-73.92600158159254,40.83439986508973,5,2,4,2.169629973487583
1,-73.99676615575937,40.86187164026168,-73.96549836761064,40.85275217898988,5,2,3,2.8184022526320174
1,-74.02348652621173,40.67079879875135,-74.01150323939437,40.66936651740439,20,3,2,1.023124566109186
1,-73.78445034032322,40.70319154820606,-73.78532629195585,40.67151225069322,9,6,2,3.5233513559300964
4,-73.86453989714063,40.862239159891814,-73.84670376365376,40.88924313715472,0,5,3,3.356354013895905
4,-74.03189634837943,40.82400284958631,-74.04320536221756,40.815572110089754,17,5,1,1.335830725500985
1,-73.80629348676987,40.825970249680424,-73.80239249639651,40.828058199034935,21,2,1,0.40204036476670985
1,-73.88971885401942,40.71911418995812,-73.90569071924072,40.70327056641381,14,6,6,2.217201849799732
1,-73.94383877696552,40.74785448429532,-73.91417076253842,40.75752370755418,11,0,6,2.7205261151159914
3,-73.81167175834487,40.86642070613879,-73.79322093678213,40.866861221199024,21,1,1,1.5522923723640738
3,-73.93993848805528,40.653855880162894,-73.95005660667552,40.60836857712661,19,1,6,5.129520929202292
4,-73.9542804534341,40.89588093274788,-73.95686982585443,40.86655383850897,10,0,2,3.268282038181968
5,-74.0138424993321,40.80031999018015,-74.02213540105137,40.820238501040194,23,0,2,2.322202163457842
1,-73.90613682176284,40.62222867803633,-73.8821211515435,40.631544720273105,8,6,1,2.2761436914252506
1,-73.9330315707361,40.62029732094742,-73.89984080581236,40.601343361436854,16,3,4,3.5059516110674513
1,-73.98375252523665,40.79194958914154,-74.00115056726072,40.79221004093058,16,4,2,1.4649239812441266
1,-74.03048821019479,40.80732026895467,-74.02633401249997,40.783100635499125,7,3,3,2.715709880836106
1,-73.89831680715177,40.68162710546164,-73.88927672137788,40.69624318646668,8,1,4,1.7950913479411579
1,-73.76472655355565,40.62435721473971,-73.76833931649485,40.63176681885027,8,0,2,0.8785126384773964
2,-74.03026292739507,40.820442049302365,-74.04868734204467,40.85726771423024,3,3,2,4.378350115399763
2,-74.04765747994588,40.61747547878742,-74.04035232144079,40.57645200278632,10,0,5,4.603111539793101
1,-73.76391898967476,40.77740361471272,-73.77571886811711,40.761377664441206,23,5,6,2.0403384861929936
1,-73.75111852965904,40.68702777075632,-73.76271027228547,40.67658621739917,11,2,3,1.5177145720018093
1,-74.01612689834234,40.686978092763894,-74.0466360198465,40.66791730201137,7,6,1,3.3333884476782907
1,-73.75647598170312,40.842922387106555,-73.78465985120647,40.81352062474148,17,4,4,4.038781068996231
5,-74.02607845979263,40.70876115070059,-74.01916357270392,40.67762752698891,20,6,1,3.5106459641442767
6,-73.9488491191497,40.749502608708895,-73.9776768188059,40.78590334534894,7,6,3,4.719822189287418
1,-74.04770173993286,40.60967654103958,-74.01500292057617,40.63259631995737,4,1,5,3.756545819032051
4,-73.8383189375907,40.73347668080464,-73.84144776266639,40.72140958936906,5,5,5,1.3674569881174203
1,-73.96829397605995,40.69562181667611,-73.97493683052377,40.68603086437901,22,5,2,1.2045876337270331
1,-74.01621018387655,40.7132954648964,-73.95615859986648,40.69458480629313,16,2,2,5.47296685341138
1,-73.96093245118017,40.80886551925751,-73.96442418640027,40.786118327124896,6,6,2,2.5463927667410293
1,-73.78569709923627,40.70086818659247,-73.77270288482056,40.68934098888077,14,6,2,1.686134020611875
2,-73.93159685197813,40.788177838298125,-73.92880820229918,40.79398542736382,2,4,3,0.6871233242325124
1,-73.99081057763847,40.79006622392397,-74.00225037092274,40.8096424819973,7,0,2,2.3802559143503803
1,-73.83471478899422,40.625636161044845,-73.8189566682893,40.64485170706002,16,4,4,2.5166436586745657
1,-73.79802750039518,40.77363466164198,-73.75767908984388,40.79774911149404,15,3,4,4.327778947282127
2,-73.79021021394975,40.63406519284232,-73.77642933107936,40.61744574201713,2,5,1,2.183515944978881
1,-73.88264655248827,40.75774996159343,-73.89528533900543,40.76698807981863,8,2,6,1.4792839174742023
2,-73.78783018974957,40.6624920446805,-73.7769989651027,40.65901825325719,2,5,3,0.9919172423002132
1,-73.8109949061781,40.690781417010385,-73.81451395176349,40.70119082862825,7,4,6,1.1948899818799892
1,-73.95329896463282,40.714382439785865,-73.95250298776737,40.708422353872734,21,5,2,0.6661184980960906
1,-73.97561645687378,40.804495894088426,-74.00133216969662,40.82246248293915,7,4,4,2.9452921534645164
1,-73.82961374190666,40.614141872088624,-73.83588520543918,40.62253266511902,18,4,2,1.0727121428777806
2,-73.98310421057784,40.76304633470359,-73.98312383599638,40.76471524857116,6,5,1,0.18558211560395532
1,-73.8210946037132,40.71525255381995,-73.82525917248348,40.72166976768014,17,2,4,0.7952083048056441
1,-73.85415459290381,40.83182463654995,-73.86185987927892,40.86028092095306,10,1,1,3.2298924225653676
1,-73.88351713322466,40.889188662961665,-73.89108401196756,40.90600172854824,19,1,2,1.9747470091085233
1,-73.85267276049214,40.74735964591376,-73.87461626925588,40.749894319298335,22,3,4,1.8698648859012534
1,-73.81008552264163,40.87828977379429,-73.78800042196481,40.879598223418625,17,5,4,1.862470311629763
5,-73.80171178619136,40.75571127306229,-73.8167212413251,40.75700025427489,21,5,5,1.2723350721130202
1,-73.99612563144726,40.887060644859176,-73.98588702277523,40.909906412006066,23,3,5,2.682131822357947
1,-73.82715859382205,40.61804526512211,-73.8131311135884,40.63998552131039,1,3,6,2.7116815259572826
1,-73.80852199650309,40.72385781198907,-73.83610455775937,40.69969620201737,2,4,4,3.552866114233006
2,-73.88868022876504,40.61396787964726,-73.90405361250917,40.58567630264866,11,6,6,3.4031150824383203
1,-73.90302516651865,40.87237883406563,-73.8940071460642,40.82671429318983,11,3,4,5.134007316641979
1,-73.89840721619389,40.778399657683934,-73.91803949126864,40.76152652912974,6,0,1,2.5006934627750743
1,-74.00420926260074,40.873370035777704,-74.01808973427906,40.84108985807817,2,6,3,3.7744510204538
1,-73.9460651866934,40.69861515084711,-73.9396943594001,40.700800831669554,11,5,6,0.5894983466583109
3,-73.95260578299883,40.789125126356005,-74.0001320808434,40.83421615555948,6,1,1,6.41383907515732
1,-73.79780711656804,40.78085878902893,-73.78887746944781,40.7925700997417,15,6,6,1.5036687913449258
2,-73.8310223176428,40.622676769810795,-73.83622519224281,40.632981124791534,19,1,5,1.2270416594128841
2,-74.01867563545795,40.713399469749945,-74.0187316920583,40.71289930269196,13,5,2,0.05581636323631862
1,-74.0469479688862,40.6414782283354,-74.09583386916128,40.60735766973632,5,2,3,5.605069874096983
1,-73.98068361413634,40.86796063331443,-73.98991159152605,40.86381684634049,0,3,6,0.9024737571348236
1,-73.958616455603,40.65385463410019,-73.94034853814482,40.6214155308531,0,4,4,3.922619336555525
1,-73.93827665679567,40.81252572420461,-73.93925920093238,40.829747268875586,10,6,2,1.9167323935194185
1,-73.8944357706868,40.69236447191814,-73.89813911410664,40.68843175955578,23,3,5,0.5373292236167867
1,-73.9304677915413,40.70104555765806,-73.90936190731288,40.690553145394325,14,1,1,2.12774350002102
1,-74.01266775677172,40.765528467750066,-74.02902226926987,40.76941737213023,1,4,1,1.4435878438141774
1,-74.02702409684152,40.81350883332354,-73.99199575416036,40.80904625195546,22,5,3,2.9894460218767485
1,-73.96714411302233,40.84401798998018,-73.9815320548206,40.841766496147706,19,6,6,1.2359298124973515
1,-73.89733126988011,40.782031074519104,-73.89563542050044,40.78275626962755,7,2,4,0.1639812353034053
2,-74.03741495455299,40.660484003274405,-74.04994150847484,40.628606725316,13,1,1,3.6987992405599153
1,-73.84114740980927,40.83341908751777,-73.81967492357228,40.85466121776586,21,1,5,2.9734786754119953
2,-73.90143909734469,40.883013757212936,-73.9039547138534,40.902428340324,4,1,3,2.169134293852718
1,-73.8533531129401,40.867107661233504,-73.86498549480892,40.84341311264897,10,5,4,2.8104879559241778
1,-73.82419847541556,40.74369243409199,-73.86660181854924,40.74398215627617,13,6,5,3.572422901228651
1,-73.75889817618254,40.8890349757795,-73.76598659675541,40.916615324045736,21,1,5,3.124120863750178
1,-73.9592968714483,40.7949597887227,-73.98618755748215,40.79859490333045,14,2,4,2.299412584927611
1,-73.91478261726864,40.81345636555245,-73.93290955187592,40.846689372996224,1,5,5,3.9976940975940707
1,-73.93422357086403,40.88208643005711,-73.96696059880459,40.91728154202773,9,3,5,4.783950053280719
2,-73.7590571532471,40.74931771366453,-73.75399731973067,40.756836877046865,14,5,4,0.9384582878704143
1,-73.9200945645042,40.71260375601477,-73.93176015331471,40.69276288429665,16,1,3,2.4154438021067257
1,-73.85044048899124,40.71454818083016,-73.84249318197044,40.72533027294064,19,5,5,1.373308768855798
6,-73.79861393365027,40.623776659340486,-73.77329713102272,40.62803382940075,7,6,6,2.1884075512991905
1,-74.01042560247679,40.82757664578256,-74.0204251448074,40.822912050831206,16,3,3,0.9884082334310275
1,-73.81045604966357,40.85926443732916,-73.83573334449777,40.87252543491169,3,5,4,2.586966289312285
1,-73.84702498887404,40.877494831921354,-73.8443038601562,40.901115059267184,3,0,5,2.6363912125572186
1,-73.93962600607074,40.61310557259718,-73.95066116270658,40.60538043978491,19,6,3,1.26713683310247
1,-73.77353771704097,40.722652949659974,-73.79811531250907,40.747290356547,22,3,1,3.4341601000571433
3,-74.03472276771198,40.82063038647107,-74.08408656124875,40.79966566488972,13,5,1,4.7638571462224535
2,-73.97017620691008,40.613900167340375,-73.97509760626829,40.62842482663864,6,5,1,1.667626033274278
3,-73.95271835352081,40.8884650893901,-73.99500143456785,40.89998188196695,17,0,6,3.7777558921456205
3,-73.93562944430286,40.710583543173534,-73.95966117729937,40.69960194328918,2,2,5,2.365309793004772
1,-73.8496269096563,40.78987092295024,-73.88435587009121,40.844321335199965,6,5,3,6.723052486334601
1,-73.8417569755121,40.7705141738639,-73.83515923871708,40.7614091625851,17,4,5,1.1548832861350622
5,-73.80904237908703,40.897073900015045,-73.80847003440674,40.908059991356254,2,2,2,1.2225442945449343
2,-73.95927413316616,40.80181403079186,-73.94799818849152,40.80055989183769,2,0,3,0.9593147080529864
1,-73.80992299620867,40.838758959232514,-73.83075167820337,40.87837928678609,1,4,6,4.741047632474055
2,-73.9304309836618,40.841148849166046,-73.9378147568993,40.82451566101202,6,2,5,1.951064862695213
1,-73.94102291879555,40.80500222598451,-73.94102219535702,40.81124153477688,11,3,3,0.6937794861521677
1,-73.98228076946108,40.81962737206682,-73.98313789848176,40.80731370948497,17,3,3,1.3711155622636055
5,-73.98757595292707,40.65512760434235,-73.98235120907387,40.69152611006336,2,1,3,4.071243612149149
1,-73.86260933239355,40.669928680046965,-73.86860391545488,40.68373162348856,6,2,1,1.6159263068860892
1,-73.75341684855414,40.65203659003064,-73.75484916042033,40.66875736745604,19,6,5,1.8631868673912104
1,-73.76479357955812,40.64126927743376,-73.76893439171307,40.62987235691132,2,2,5,1.3145667756723394
1,-73.81376303712757,40.77800285012655,-73.81856823920502,40.76809827112414,6,0,5,1.173319561147532
2,-73.90890097350857,40.60022464276446,-73.91108011732602,40.60219254690427,4,2,1,0.28588388762275585
5,-73.79653297965211,40.85819949384607,-73.80993918557157,40.85663614432207,8,5,5,1.140799916267556
1,-73.99141806364624,40.8094678037289,-73.98707566355634,40.780433333188576,22,1,2,3.2491143197272736
1,-73.8110693066948,40.6574947676896,-73.80855436744949,40.67544542427106,19,1,6,2.0072612066811315
1,-74.02543224154,40.75129444510211,-74.04120677045918,40.74548566327561,20,2,1,1.4774993221500627
1,-73.85964431367813,40.85625603592584,-73.86641242124875,40.86557128735888,9,0,4,1.1818885548515863
1,-73.85458853427603,40.85506620334679,-73.83548149425086,40.86537325346252,0,1,1,1.973705368305227
1,-73.90907441641016,40.748607352660514,-73.89948392920412,40.73602488558569,2,3,1,1.6156472258009087
1,-73.81651469014646,40.79592903414187,-73.85255251403568,40.75223924006422,10,5,2,5.7279983981351
1,-73.94694011662556,40.62978923949775,-73.9297042073889,40.598397326832654,7,0,3,3.78167796875001
1,-74.0392412804636,40.81711620715419,-74.00433540383891,40.80950504581026,2,3,3,3.0570620081856554
4,-73.75494384369242,40.748882902741144,-73.77426491450987,40.770008808030624,4,2,4,2.8576961832857863
1,-73.94412313207206,40.67193022605749,-73.93716863989975,40.679813260629835,1,1,3,1.0546590385620334
1,-73.79718350198705,40.637974587155504,-73.78811316417539,40.673952289745536,6,5,6,4.073051068417273
2,-73.91204634449133,40.643068336467216,-73.88338120856335,40.641541908586895,23,3,3,2.424530912452495
1,-73.83489548870082,40.66591723354887,-73.87520981014917,40.65132023775417,20,6,1,3.76813135426676
1,-73.9258271429692,40.669812642453245,-73.92449902602627,40.63268631720214,1,2,3,4.129779186206005
3,-74.01556054262001,40.80198533516472,-74.01527157292702,40.81068460624151,4,6,1,0.9676205203822972
1,-73.94374937810008,40.87271353892542,-73.9591769536961,40.87176282633226,8,1,1,1.301487089538822
1,-73.92979167052216,40.84619733108567,-73.93957793011737,40.88058796234036,4,1,1,3.911614615525204
1,-73.7707875964935,40.70891652576543,-73.81799393128772,40.70917870479462,11,1,6,3.979092866713393
1,-73.89163773763313,40.77515718541249,-73.9294599026581,40.77889522660329,16,3,3,3.211754333735467
4,-73.80850358318202,40.77252298434775,-73.7935057160969,40.80989110282954,19,6,1,4.342739304084361
2,-73.99163792030268,40.75678755168295,-74.02419825320665,40.76534000955599,1,5,5,2.902553163431259
1,-74.02463628321628,40.87218332497817,-73.99915791469289,40.85083157593287,6,1,4,3.19807899135753
1,-73.93046233275405,40.65940261344793,-73.90157013483856,40.63644194516788,16,0,2,3.5298652287658143
1,-73.93201489900216,40.85848165977679,-73.91492642572793,40.84375712736289,16,4,1,2.178658288834158
1,-73.9824725006216,40.79062101517138,-74.00802168938512,40.79359193185132,13,0,5,2.176055124542103
1,-73.8086411200825,40.861044525414755,-73.84450589153218,40.85592606663803,23,4,4,3.0694480880164208
1,-73.90799793337143,40.875660740741246,-73.91944616445714,40.86253801656258,22,6,3,1.748108234781915
1,-73.9595137788744,40.814799032705146,-73.95315998026028,40.83165915815569,18,2,2,1.9495034889004936
4,-73.80539139895865,40.750695004824685,-73.81192883073678,40.73863958396993,22,5,2,1.4492272150310228
1,-73.99026931288054,40.76407638838722,-74.00727107558706,40.73293087867352,1,6,5,3.747686538104322
1,-73.81853255265541,40.894934531426834,-73.81234340689446,40.8948379227174,16,2,2,0.5203306898396999
1,-73.79553126023414,40.86773695516257,-73.83222878205706,40.86118347675426,7,3,6,3.1708469359836475
3,-74.0040243352469,40.8947625394491,-74.03939079132533,40.87808566399721,17,6,6,3.5039702782154576
1,-73.88915742166091,40.62946155918771,-73.86328906487971,40.63207215586466,3,1,1,2.20220121902853
1,-73.84696981849282,40.7286470064256,-73.83636633858063,40.769880834940224,18,1,1,4.671187979752203
4,-73.75601792363057,40.60820628568715,-73.74475383141457,40.60772510563977,13,4,3,0.9523856337844229
1,-73.86466238733726,40.813315840458465,-73.88524216243798,40.80815368169187,22,6,6,1.8246406975270446
2,-73.76774285893978,40.80119259705654,-73.78410917995392,40.785339066095865,23,0,6,2.2373636648438113
1,-73.85513402517815,40.827774321461014,-73.87572923609558,40.81001216686338,8,6,1,2.627634223473382
2,-73.93188387804034,40.86495489920975,-73.91339533973427,40.829805910644886,18,4,4,4.206420774115471
1,-73.91155126046459,40.89788118079808,-73.9404270728782,40.8978780586433,6,3,6,2.427005269967878
3,-73.79591003748772,40.856305470040155,-73.78341002547258,40.85913190896501,13,2,1,1.0972349330610405
1,-73.84765678510475,40.894972645555505,-73.84977497879592,40.86876208219789,19,0,5,2.9199169061072703
1,-73.99170370798483,40.737066460001834,-73.97613915623631,40.71131668057067,2,1,6,3.149370295405895
1,-73.78799047313238,40.76851277087398,-73.76951432473004,40.75047105539319,13,5,2,2.538948836407377
2,-74.01019341645224,40.68009586095376,-73.97426421969625,40.668053973067074,10,4,4,3.3127061816105967
1,-73.94311098533444,40.6406102561509,-73.91245582977406,40.64833351606271,9,2,6,2.7252523516025273
3,-73.81227640084478,40.76207923098877,-73.78868000483747,40.72888196572314,23,6,2,4.1925739610112975
3,-73.88121955228043,40.71384904993408,-73.90738942944891,40.72055376194878,22,0,1,2.328164363534959
1,-73.81940085084742,40.822298623969274,-73.8008149844128,40.79603589494174,3,3,3,3.3128335603826913
1,-74.0266763668304,40.77006011959547,-73.99605800993832,40.77154751517398,19,5,1,2.5837021562235583
1,-73.87978021936422,40.74174420338131,-73.85537252630115,40.761066837554,3,4,3,2.9738045706089613
1,-73.97621883572414,40.76321610467439,-74.00046415879582,40.77936192524785,22,0,5,2.7187856528272576
1,-73.77710050851726,40.79076543047386,-73.74746734496117,40.81484757965639,14,0,3,3.6594942228016287
1,-73.87580625989202,40.8698098418137,-73.92320764146737,40.84802491755754,10,4,2,4.6647015331564825
1,-73.85177483352601,40.8321624433186,-73.86242874710571,40.815902239736495,21,4,5,2.0180904929614147
1,-73.77707478441059,40.85685698044344,-73.76953062994018,40.82585859320643,1,0,5,3.504799176949052
1,-74.01996289038404,40.60268448216678,-74.02797934025415,40.6415894200797,11,4,1,4.378619987284242
3,-73.84455295237989,40.805138468241715,-73.86611118846815,40.82727551851108,16,4,4,3.057848938574848
4,-73.91373128268783,40.887228278153216,-73.94518149920584,40.88027121136747,3,3,5,2.7547962908944394
1,-74.04403389461366,40.76770748943395,-74.05101055368216,40.77262099007816,17,0,6,0.8022978073861649
1,-73.79078406258884,40.605834231243435,-73.80049765204342,40.59429579707001,4,3,2,1.5227196863555272
1,-73.82910849520573,40.66002160024478,-73.79561683006594,40.64544058540389,6,3,6,3.257523532085338
2,-74.01701055156049,40.89562692823543,-74.05509987850235,40.90110679478738,6,3,6,3.258848180472431
1,-73.819250415363,40.7906988313538,-73.81396766769014,40.777052424383456,5,5,6,1.5812540376229072
2,-73.80112808415409,40.63877375424236,-73.79660016295156,40.63321906166378,6,1,2,0.7262754993843331
1,-73.7856135977495,40.76282339300688,-73.79763611308091,40.738412624320254,21,0,2,2.897127788957561
1,-73.8188686575625,40.731867456764746,-73.8377832189336,40.69881824035842,11,4,4,4.005773430508855
6,-73.80117869351335,40.77820495687748,-73.80227543138272,40.791528570541104,15,1,3,1.484393003524237
2,-73.86307206180582,40.71877970778831,-73.85260380421562,40.73960234971071,21,6,1,2.4777083902694406
2,-73.81793038744145,40.67636634782371,-73.79395685286681,40.671110454437226,17,4,1,2.104556892576061
1,-73.83707941663009,40.61534967208344,-73.80603668587692,40.57899993907963,2,2,6,4.8173051289257645
1,-73.77620188122984,40.83445831997316,-73.79445272953247,40.791075824184816,12,4,2,5.062537671518271
1,-73.93101689738337,40.73322828806291,-73.92489099614447,40.75060209010449,6,4,3,1.9996266361016353
1,-74.00684719781565,40.73496682151709,-73.99421530461753,40.71400493496256,22,0,4,2.562424058752192
1,-73.89935546420891,40.74836946106289,-73.9257938139413,40.74415048899993,2,1,4,2.2760935895906824
3,-73.79926200172663,40.79079455533875,-73.7766580018248,40.77375310776615,20,3,6,2.6856684726086
1,-73.78317657071389,40.874109344812304,-73.80668562563027,40.90657624063274,6,2,6,4.115629169420763
1,-73.9565672427003,40.893044922755365,-73.94608012739893,40.90776040234247,1,2,1,1.8585775547543997
1,-73.99521958057531,40.86533939608575,-74.01466011947862,40.8492870956924,17,4,6,2.42056435658523
2,-73.93131985754324,40.72723447287203,-73.95699555538494,40.75275669577932,18,3,6,3.5683688247511824
1,-73.93063666615735,40.60770515291684,-73.90226058114389,40.620327849984,8,0,6,2.7761593747400446
1,-73.81294985882643,40.892458344120094,-73.79341936228552,40.88072289014945,12,0,1,2.09723062128864
1,-74.01869948413928,40.67915289914176,-74.02127666279837,40.630624443094646,14,4,1,5.400495865121443
1,-73.88341613133265,40.75585601387038,-73.85834126286152,40.75680719034711,21,1,4,2.1146867475732005
1,-74.00353701886173,40.62589104141888,-74.00253822522302,40.65631205322667,16,6,5,3.3837117792404103
1,-73.89290899775881,40.64398966207995,-73.84533416971384,40.6563656551886,23,1,2,4.242956421520078
2,-73.84469762115259,40.77943868300849,-73.84597785414294,40.77785177069432,16,2,4,0.20677796181394853
1,-73.93577251278454,40.717665866053665,-73.90509473258834,40.74142137966661,12,4,3,3.6959117063043236
2,-73.93637885582187,40.844182822257125,-73.91701923328633,40.86221057281167,16,1,6,2.5825690761372555
1,-73.773944979096,40.846708635724816,-73.71677228805584,40.819025404466025,14,2,2,5.710718898367456
5,-73.78730121282715,40.88088231930084,-73.81021196532829,40.917609543236395,10,4,1,4.515089430139259
1,-73.8796801660057,40.753518084255994,-73.88237296760974,40.76984693777969,0,1,3,1.8297951489938238
1,-73.94340891969964,40.80097561464119,-73.93092259585991,40.816029198927794,18,4,2,1.9764235201136935
2,-74.00740233822093,40.779351250038424,-73.99978440820114,40.78857506040942,17,3,4,1.2096760202610306
1,-73.94843660570996,40.730741449752294,-73.96594067140373,40.721950208266584,19,5,1,1.769540745803942
1,-73.94302808720678,40.6979854351035,-73.94563515822568,40.70905602082744,10,4,6,1.2504562770401964
1,-74.04095686156067,40.821193358940874,-74.07314971769358,40.840018215067154,1,4,3,3.423135828730503
1,-73.7686062636059,40.63509635182558,-73.78391102952186,40.61233795535831,8,5,2,2.8412079190056487
1,-73.87284705735681,40.818299501336405,-73.86304901503107,40.814933591009506,9,5,3,0.9055031665595129
1,-73.87455398900399,40.79484398364381,-73.84429323738934,40.77169821709266,0,4,4,3.6214953088715776
2,-73.78180699770822,40.86744508968479,-73.78305626826159,40.8534126012678,13,5,6,1.5638744612419415
1,-73.8498123454816,40.85566860009264,-73.84116221360333,40.808903352827606,23,6,3,5.25073739065075
1,-74.02948566336777,40.75142779146384,-74.04786149742725,40.73692861673117,13,2,3,2.235131795901026
1,-73.99963557148693,40.689401564989446,-73.9845710581244,40.687892404137145,6,6,3,1.2812027433802815
1,-73.84920207616793,40.694635900853434,-73.86005450591037,40.679831123609326,9,0,1,1.883435836119085
1,-73.84605877871226,40.7223252623822,-73.80894510395576,40.73475897505337,14,1,3,3.419344266575839
1,-73.85582868370408,40.71550106584008,-73.89305971494373,40.739844879110926,12,2,6,4.1436684795889125
1,-73.96663168064778,40.68154745504963,-73.99627859038657,40.65004420551887,17,5,4,4.303917837724972
1,-73.81735667709822,40.7226162286683,-73.84757092731647,40.715834708176374,9,3,4,2.655655315663651
1,-73.81113586929463,40.72355737852469,-73.81574370211517,40.724374953756886,17,6,1,0.3988037548663306
2,-73.94569699800564,40.80889066019538,-73.93575553168716,40.788286209497834,14,6,1,2.439154091691829
2,-74.04222960775631,40.705812349092504,-74.04847051476537,40.698365956505405,12,3,6,0.9810010585771551
1,-73.78588911212226,40.852708382369904,-73.78713791655498,40.84816814383489,18,6,2,0.5156624777409688
1,-73.9654811225651,40.616506931080174,-73.99304069496195,40.61881433545925,2,6,5,2.3402673600251553
2,-73.94846988273072,40.835190377826464,-73.95573329085106,40.8397177903322,4,3,5,0.7917152998151021
3,-73.93150750013665,40.8018804706859,-73.90527953765057,40.820041900948894,8,6,2,2.9917553388845484
2,-73.95325866614616,40.77074151211193,-73.94565106759273,40.77919223577073,18,1,5,1.137262874564845
1,-73.81608654244589,40.80381679558801,-73.8512935918986,40.78536975114012,5,3,2,3.6043538459279025
1,-73.7628979246542,40.86081627579642,-73.76777247577773,40.8627327763166,13,0,4,0.46201202085409737
1,-73.83921970996307,40.874808988055726,-73.81208003828644,40.89114383050373,8,4,5,2.9163019956075846
5,-73.99710074386958,40.86294678518357,-73.99176742207503,40.88352987409422,22,1,5,2.332251891218606
1,-73.90638403012264,40.87176025177933,-73.91269703533277,40.85980947652221,2,3,6,1.4309787814485275
1,-73.76847819051721,40.690579222434174,-73.74640942712153,40.70513393600079,11,1,3,2.465888781407066
1,-73.83562495863686,40.744559919558185,-73.82424385021986,40.741940166230535,6,4,3,1.0020869435138662
1,-73.97297677376963,40.82217864606616,-73.95540061211992,40.82565738116103,17,5,3,1.5286727903913735
2,-73.91887326395819,40.79925640585188,-73.95675174212181,40.77161808110891,13,5,5,4.42888942279133
1,-73.92297498720812,40.88140501797678,-73.92589415965398,40.83904172242882,16,0,4,4.716976284376767
2,-73.95181744200056,40.79372383463621,-73.93191813974263,40.76541539831382,3,5,1,3.5659113564826472
1,-74.00539497551536,40.80182677229517,-74.0078838599874,40.79746975843192,13,0,3,0.5278344741682299
1,-73.9850587410131,40.80703353176755,-73.97523106118713,40.828701650168824,0,6,1,2.5473682377731786
1,-73.83654825178654,40.846208797070425,-73.8458754279614,40.85160436131194,3,3,2,0.9876406084045498
4,-73.98611784205598,40.79997689474891,-74.0221101924847,40.801688081361355,12,4,1,3.0355517470938067
1,-73.77961972583248,40.82832894089454,-73.75267540716261,40.794701420265824,15,4,1,4.373074348742456
3,-73.87153689716975,40.66650602239194,-73.8646972360104,40.67067228648037,13,6,2,0.7398541308013217
1,-73.75345385648984,40.63608984280755,-73.73895551317273,40.62922754959909,13,3,1,1.4419053607968635
1,-73.94379232199567,40.78498425784019,-73.91265084281036,40.768291263775936,11,2,6,3.2127024202171772
2,-73.92180668746376,40.76412576768039,-73.90288097892186,40.75959232728033,2,6,2,1.6717791916928542
1,-74.01703540907944,40.71532879128405,-74.04288366285353,40.735706970123665,8,1,4,3.1430947304162333
3,-73.88878137242999,40.67381762397254,-73.89663043952474,40.683244895866174,16,6,6,1.2397435569229012
1,-73.94938771453614,40.69585151011474,-73.93452692354714,40.70140117015047,10,5,4,1.396536745994824
5,-74.00405557490087,40.875981120153774,-74.04694504950145,40.845423580995245,3,2,4,4.955288997441955
2,-73.78353717541334,40.74524499623743,-73.80394921359446,40.74574027119953,4,1,3,1.720454878660433
2,-73.88938086969277,40.66724742831766,-73.89037428462441,40.67637524699906,14,1,4,1.0184191314985915
2,-73.8059361460005,40.89778009103786,-73.78575370088977,40.8673777475786,12,0,2,3.7824898785790357
1,-73.76985661749701,40.709896511713474,-73.79237906427812,40.72122105099997,2,1,1,2.277911542090499
2,-73.83725285028956,40.80551215270672,-73.81781338104604,40.81291631767078,3,0,4,1.831545815035349
1,-73.87663849693665,40.88481272372707,-73.88787789242275,40.91289865413134,3,0,4,3.262756855270642
1,-73.98858387807479,40.77768329874203,-73.9707816391883,40.78613633095427,0,4,2,1.769225850183
2,-73.7581095865172,40.857267518994455,-73.78569719666174,40.8589202794931,11,3,3,2.327393428594466
1,-73.92943914530522,40.73126239072396,-73.90795900913132,40.692811523168,12,2,2,4.643062612793523
5,-73.83603530606702,40.69370869683126,-73.79792984848426,40.67933630847354,9,5,2,3.588480576570695
1,-73.82508574801396,40.73798788584794,-73.8451987660508,40.73702801563285,12,3,2,1.6979441764177354
1,-73.95499137536113,40.72627595182045,-73.95266050733626,40.75301624254097,22,1,1,2.979862447992277
4,-74.0011083203562,40.82384091933333,-74.00898096192662,40.856455849843464,5,5,5,3.686588878921901
1,-73.98524262977044,40.62621990673155,-73.94674735358564,40.6568568354235,6,3,1,4.706917442386348
2,-73.98534538049414,40.81418029700304,-73.97910605429118,40.82784860460707,15,5,3,1.6079745652249966
5,-73.83398452013947,40.66633168286142,-73.83129529125974,40.670664129825134,14,2,4,0.5324683754770689
2,-73.90090009032173,40.72129754850452,-73.86048548768723,40.7132058037605,9,6,3,3.5229338007584645
1,-73.84431794127575,40.661383377190035,-73.8618749895624,40.66657811393512,11,4,1,1.5895390700436771
1,-73.7535975871456,40.72467754123177,-73.7463679623746,40.716672681232225,2,5,3,1.0786526222785748
1,-74.0378800959169,40.61543386302287,-74.02844874296404,40.624575372365015,15,3,5,1.2910865208407003
1,-73.81819937954074,40.67974542706354,-73.79684948482232,40.69337323875087,0,4,3,2.353060211639396
1,-73.99298865564396,40.814484416541035,-73.96995914497816,40.848836451704415,2,1,2,4.2830832314880425
1,-73.83684680514067,40.611316225807734,-73.8219295122937,40.63343441156127,16,1,5,2.7629482569732704
3,-73.80400605757526,40.757247669474616,-73.80512428175216,40.72502408620499,22,1,5,3.5843372593804737
1,-73.79063762413074,40.819210050607296,-73.80563626982433,40.799523866062344,21,1,3,2.5268922512242784
2,-73.8433808927181,40.6028603823404,-73.84867260000492,40.62031182488682,16,3,2,1.9912596123492234
1,-73.8709665317175,40.70442409847667,-73.86285214051426,40.67747018330354,10,5,4,3.0742299547243404
1,-73.83378536450284,40.7997368683096,-73.84781572679582,40.81032823742103,7,6,5,1.6677898165095453
1,-73.94567954327091,40.704133677132496,-73.98332146913457,40.7207806893588,10,1,3,3.673162571715476
1,-74.0084638439029,40.676652005115464,-74.02078400618944,40.675574710191896,21,5,4,1.0458534193309945
1,-73.752307081635,40.654022503688985,-73.76335623902052,40.66075087115574,15,0,3,1.1951802774797298
1,-73.92944429842186,40.8519811841559,-73.9673036670802,40.8071300079202,11,5,1,5.917675514730944
4,-73.87368451497987,40.63055311464583,-73.86083983285297,40.62985544308787,22,5,1,1.0867218870124993
1,-74.0165208939979,40.61870004944753,-73.97393235155883,40.64474671540138,20,6,5,4.615687629802408
1,-73.77725791496299,40.60518570129094,-73.8062859237201,40.59553426829007,19,1,2,2.67541656055518
2,-73.8586294812852,40.8575029174995,-73.86306424487924,40.88758981898259,2,3,4,3.3662270673055157
1,-74.03840098414656,40.617418013382625,-74.08458828161669,40.60773624343254,13,1,2,4.044633262990343
1,-74.01093321521256,40.74762606965429,-73.98745821795374,40.74564121005599,1,1,6,1.9898502474845148
4,-73.755957913491,40.76289660713359,-73.71468276197841,40.78481431868999,9,0,2,4.244982493320068
2,-74.02996715853625,40.62993720453558,-73.98414685857166,40.6356438753554,11,5,3,3.9183005899684833
1,-73.89616440065868,40.60162904774937,-73.93969509522444,40.626423801381875,19,0,1,4.593750335144924
1,-73.76514358714643,40.7532051952346,-73.74554467864195,40.7869019685006,13,6,6,4.094308652776272
1,-73.88984468821228,40.67727296071238,-73.8450553533137,40.67328067252377,18,4,4,3.8031699996132025
1,-73.96349757166159,40.85059123644774,-73.97439225208186,40.85243552674673,20,3,1,0.9390044316902018
1,-73.80491740039899,40.66594412463236,-73.82140758779113,40.70309762313791,12,5,3,4.358996430347551
1,-73.9090381829091,40.68095050013473,-73.90016507898177,40.65626351618894,12,0,5,2.8452485531790717
1,-73.84533981822004,40.75492295385203,-73.82782276443028,40.76017399346997,2,2,4,1.5867577212127724
4,-73.81318717678674,40.608325179396594,-73.81168984703845,40.63321995987432,5,3,3,2.77105651990227
1,-73.98554619650912,40.792202737416794,-74.01767873488895,40.772904999055974,12,0,5,3.4530976382160823
1,-73.80793958697315,40.89908532758872,-73.8137279548765,40.89862484174739,22,0,4,0.4891909185110921
1,-74.0101244513796,40.86438942000145,-73.98912544070598,40.88221132354807,17,6,5,2.654159195487895
2,-73.92551244933924,40.6500025251528,-73.91069539110053,40.62897390435278,11,4,1,2.6515259819475356
1,-73.87473441361216,40.87419617433088,-73.87832313147416,40.897542814876026,16,4,5,2.6134987117033144
1,-74.02761276357427,40.88368083355781,-74.03720023500085,40.89753510007559,0,6,5,1.7385945156577054
1,-73.77552548767467,40.68500890591324,-73.78584143902717,40.66571039016141,14,2,3,2.3155367600213372
5,-73.82037866822374,40.8331584935299,-73.8443907742504,40.86006588512147,12,2,2,3.6098959703908657
1,-74.04682993837785,40.74716600109703,-74.03164986050865,40.72267136683322,9,3,5,3.0090396671682433
1,-73.77792687045113,40.88978326124003,-73.78028881376278,40.89431018743828,3,5,2,0.5411100094360631
1,-74.04335027323282,40.6903788402927,-74.07389219845963,40.70598571183032,12,3,1,3.1050120652470485
1,-73.81679746328669,40.77157318472774,-73.81782277307684,40.77106948172211,11,6,2,0.10291707370321769
1,-73.87423533629416,40.799281067546815,-73.87030346447068,40.78970276064593,10,1,3,1.1153047091963406
4,-73.86917120434835,40.69567277773235,-73.88496854441112,40.719485675072896,23,3,1,2.9638363182256966
1,-73.7928280253202,40.71325007944254,-73.7836941211676,40.746226182894524,19,6,6,3.746679040697078
1,-73.94132606438384,40.78019341032107,-73.92927733717019,40.78312566151593,9,0,3,1.0655790138360943
1,-73.90855987681225,40.7430570069655,-73.92743910127713,40.74384448963322,9,3,3,1.5929016640896083
1,-73.92889354676299,40.73837022364429,-73.92943026547269,40.7404381889993,23,1,1,0.2343512256146528
1,-73.84265944356227,40.67569581875935,-73.83231375065989,40.65034994722334,13,6,5,2.9503364988417164
2,-73.89631387470642,40.841682993548744,-73.88327883609435,40.83695391126422,4,6,5,1.2161269748455557
1,-74.00343796624621,40.82861625386163,-73.99789922921815,40.81523693822226,5,2,4,1.5590068612881933
1,-74.03761996467934,40.61463392396901,-74.06110966327022,40.64962718812361,18,6,1,4.366878120246221
1,-73.86561256519617,40.712067729323984,-73.8701466343234,40.71587936562625,9,4,3,0.5706755330394974
1,-73.87652384639898,40.684061682050825,-73.87827594592322,40.6468526930666,16,6,1,4.140089127682566
1,-73.89382005495911,40.737563099362475,-73.90321554441536,40.75329758584705,19,1,2,1.920303199011048
1,-73.95492129901533,40.68488131989835,-73.93596667186445,40.64841502330923,20,4,2,4.3586409207356995
1,-73.98400085419884,40.6058914591959,-74.00100447474694,40.59487003116419,23,3,3,1.8875233216553393
1,-73.85465426480935,40.79770719588004,-73.88314147234368,40.792948343885755,16,3,3,2.455740273478679
1,-73.79273602301895,40.7075255065609,-73.82972397695596,40.70046255299344,4,4,6,3.2153136856346003
2,-73.918299334753,40.88454406640463,-73.92863411484555,40.89019454566885,13,0,2,1.0721635564215033
6,-73.82014822321085,40.787226888349096,-73.83444625277652,40.78053059054496,19,0,6,1.4154824751518142
1,-73.87408479337213,40.8276026195598,-73.89443680010204,40.802257543739685,11,6,4,3.297866563645738
2,-73.9213165006569,40.68990835950569,-73.90828061416464,40.714681599807335,23,2,4,2.9657574787427823
1,-74.04962964261912,40.81801875732999,-74.06065853337233,40.820905316497246,10,3,3,0.9820096868037382
2,-74.0070491735846,40.6040367425244,-74.01736382251632,40.59927964518276,12,0,1,1.018882678100029
1,-73.89687444704914,40.84013917786217,-73.89030815943619,40.82856974311488,17,6,6,1.400056628204962
2,-74.03026966904963,40.60747152092386,-74.03378490549,40.63340181004455,22,1,6,2.8985409884579525
1,-73.93551667783986,40.82167119680725,-73.92281845983234,40.77269736954585,22,3,6,5.549555437424033
4,-73.97313492035032,40.734468614997866,-73.94382578153964,40.739172957980095,22,0,3,2.524210796884316
1,-73.95845806776384,40.7136481559036,-73.97602837838659,40.70764595904157,12,0,1,1.624395805764168
1,-74.02644468213646,40.66355539026992,-74.0446400016753,40.65735880880802,4,4,2,1.6823599500388806
2,-73.78284925379563,40.73848096503139,-73.78363561012233,40.73153135236733,1,0,1,0.7755967991683019
1,-73.80957973922585,40.87162400758625,-73.77867911491687,40.88787742506862,16,1,5,3.1647145926441738
1,-73.98246341887986,40.7344922314718,-73.96638827101197,40.7649606918657,11,1,1,3.6485345001002156
1,-73.7664647413338,40.81467436072321,-73.80419799100491,40.82919569466568,19,1,2,3.5621018054995046
1,-73.81984461568025,40.65492271720593,-73.8056131683816,40.65284012119547,21,3,1,1.2226812604591224
1,-74.03824094936327,40.77254786635839,-74.02168087174934,40.77478056263432,11,1,4,1.4164083496089095
4,-73.77134971037387,40.65251504033004,-73.7474453005945,40.61249318703305,8,1,3,4.886062938047079
2,-73.81897288557856,40.714404244654055,-73.81205704842705,40.65640289830089,2,1,6,6.47576443329776
2,-73.84701656555107,40.88707490400421,-73.86619193087066,40.87799541320991,7,3,6,1.9021072691249592
1,-73.97362680453583,40.81851812142852,-73.99322959780622,40.814936038812824,9,2,4,1.6970353434598928
1,-73.94397563064992,40.63434484567196,-73.94923560744722,40.61127248342742,8,2,1,2.603654907175039
3,-73.90179175213994,40.85931502763702,-73.91500919803453,40.85733355349795,18,3,4,1.1332129068673018
1,-73.96382672944654,40.84196410621187,-73.96683605954945,40.85889324740751,5,0,3,1.899375474838972
2,-73.88254232941007,40.749694670065274,-73.86673147726997,40.7633544598374,17,3,2,2.0200422926109596
1,-73.88308855106638,40.668860927036285,-73.86712376904987,40.64935066076564,5,4,6,2.5534283037006973
1,-73.90451829082517,40.78946343141866,-73.85548325312195,40.77723614403962,9,4,1,4.346624813788959
1,-73.82503706362061,40.71567550151932,-73.85051329014286,40.69486265783156,18,4,5,3.1571558061645875
1,-73.9339689295355,40.61969521507571,-73.92441191251771,40.63981358370124,23,4,4,2.378003701806034
2,-73.89233687906209,40.80196105382244,-73.88131994448027,40.79572685235973,14,5,5,1.1578129785700346
2,-73.79030187057454,40.73187074827406,-73.8168174363061,40.7400483799888,23,4,3,2.4120387160122414
1,-73.8846276045632,40.835744040756744,-73.894307243916,40.828552352782154,13,1,3,1.1413590654201502
1,-74.02255219079773,40.63623480389201,-73.99686479314683,40.639091283417095,13,3,3,2.190639565757965
1,-73.94505737539384,40.677359126665806,-73.98240515304182,40.713268158930255,5,6,4,5.085013082974207
2,-73.96444127550845,40.6641346435847,-73.99820418944074,40.63024638220456,1,1,6,4.723691262145143
1,-73.94877501268601,40.730149949555795,-73.93681075512508,40.72851648754558,14,0,6,1.0243821081924076
1,-73.86061832300766,40.855826369965385,-73.86858868157488,40.855311463238586,18,0,5,0.6727757791703585
1,-73.84945437180797,40.66652982227067,-73.82939637897664,40.69282476143025,2,3,4,3.377850777601929
1,-73.862090696657,40.800751328234504,-73.88983603639973,40.79363024666946,23,1,6,2.4661137502048835
1,-73.92981672286079,40.64037674014539,-73.9120144844761,40.63228252804673,3,2,1,1.7511687285929405
1,-73.85565736059343,40.868530469488775,-73.86819848547763,40.93208060970783,16,3,5,7.144631577484801
4,-73.90909814410696,40.84608798123267,-73.9096372056835,40.81324915631485,10,4,1,3.6517923877096887
1,-73.84223705853819,40.68561330439531,-73.8444470693509,40.70880822805928,10,2,1,2.585878528087679
1,-73.80888837279501,40.83026692494505,-73.8064476342346,40.78369930846149,3,1,3,5.18215591387477
1,-73.84317660713565,40.85759113472107,-73.79398572169914,40.83068642563774,23,0,6,5.1060539152873625
1,-74.00667282534707,40.7753495439039,-74.00951891194349,40.78172030631414,20,0,4,0.7478333886416388
1,-73.78508268123024,40.851270359824255,-73.77126675080966,40.838034673905184,8,0,1,1.8752698039182372
1,-73.79915953936637,40.650985273239904,-73.83409200978764,40.62089373304711,21,0,6,4.459215421180222
1,-73.87680807454308,40.607736082985674,-73.85506469958277,40.60772391571533,15,0,2,1.8355186708862161
1,-73.77272681969686,40.77559835591507,-73.74842710939232,40.786168844454245,21,3,2,2.3595797253798274
1,-74.00337000882227,40.69766910033336,-73.96935318764353,40.69086495567942,7,2,5,2.9660084928827395
1,-73.98197252591667,40.85395308111538,-73.99824390565799,40.84324086746113,14,2,3,1.814374637689952
1,-73.78991695121744,40.84519635155921,-73.79682368662995,40.88941205133447,9,0,3,4.95074536138677
1,-73.96835349547112,40.76341171086032,-73.94615465605193,40.762033266103955,9,2,3,1.875886774769996
1,-74.01695919140438,40.65221274372314,-74.02667021032926,40.69699699918397,5,2,5,5.0466741788688365
1,-73.97585536490308,40.84046268160169,-73.94548445380971,40.80589428809746,20,1,1,4.6158267075195765
1,-74.02456910356041,40.783020710859255,-74.03943452492595,40.7744062576372,5,4,3,1.576150967761367
1,-74.00366189183396,40.69271179867313,-74.02605605771535,40.65639706175095,12,4,1,4.457828748771195
1,-73.88226762382364,40.787487462768325,-73.89041981043144,40.770015752442234,8,6,5,2.060464248188181
1,-73.79539362193512,40.733232861514715,-73.80691022806829,40.70834655560128,9,3,2,2.932497869479334
1,-73.79249925590534,40.7483209964048,-73.79324751408508,40.731166233774054,19,0,6,1.9085639982870868
1,-73.76453726946932,40.77532878462952,-73.74983982325293,40.76700594986257,15,5,1,1.545419986518132
1,-73.75406302845387,40.86857452479671,-73.76952374875243,40.87983429032406,1,3,6,1.804828750917502
2,-74.04627708548195,40.68942372212896,-74.05523536539413,40.711214564889346,13,4,4,2.5379884250909686
1,-73.86140815301093,40.71018773232019,-73.84837259317283,40.727787902092714,16,1,4,2.2443151595528343
2,-73.93208836420153,40.84554261036065,-73.8955735138034,40.85969357246764,3,6,5,3.450796387258336
1,-73.83210250055981,40.84136079395865,-73.82548537535307,40.80845972640398,10,3,1,3.7005578104064565
1,-74.00089291482885,40.796167472212154,-74.01072050697694,40.83485578003283,3,0,5,4.380719607301385
1,-73.93433559959787,40.6119655544459,-73.91466783305933,40.63241307959439,13,2,4,2.815127064866263
1,-74.00353069435312,40.85506240542747,-74.0424887522581,40.80448800093679,7,4,4,6.509142746952111
1,-73.96010035140851,40.665301156572056,-73.93247982968832,40.66929653675127,0,6,5,2.371555795682022
3,-73.81775296225085,40.706164693379144,-73.82212426974017,40.68944011124364,20,0,2,1.89584976629756
1,-73.7597350924794,40.79468428753537,-73.75804350411423,40.813175033082416,6,1,4,2.0610009453771925
1,-73.96049391080413,40.60511516381926,-73.97312238821345,40.591589754580745,2,4,3,1.8435549359592942
1,-73.99668975556314,40.71958582417722,-74.00000566163432,40.709389624756746,12,2,2,1.167702593460268
1,-73.85658943035645,40.7642454681718,-73.88651924068971,40.75547860429418,6,3,2,2.702758534364682
2,-73.93470123347089,40.68799726877859,-73.92759598325607,40.70720387804506,8,4,1,2.218088887346012
4,-73.8528862728391,40.88564062593541,-73.83624485490627,40.870940588192155,15,0,4,2.151594403273099
1,-73.8871257968967,40.88379468024619,-73.9007310665267,40.8768582730865,20,5,1,1.379574073680103
1,-73.96530906399657,40.649771054764074,-73.97090966012127,40.60347384407991,13,2,2,5.169667250566089
3,-73.8347359695135,40.77493323681559,-73.81692951320794,40.764659759706475,14,5,6,1.88508649610045
3,-73.88810581221485,40.67730109394938,-73.87299397436307,40.72231878561965,8,0,4,5.165302524217918
3,-74.03062790610923,40.612808490896995,-74.04562039939229,40.60918988782131,18,0,3,1.3279894031445016
1,-73.78688592261767,40.70294417645734,-73.80981316468304,40.72168313080153,19,4,2,2.8418259631989033
1,-74.02434264472717,40.66592758721822,-74.03328986711452,40.674174952604034,8,1,3,1.1876126262310287
1,-73.7845381478361,40.61939392588749,-73.80156504969447,40.60027961259845,12,2,1,2.565789971680714
1,-73.78827709693691,40.60134797404868,-73.80327486294209,40.61177054662409,11,2,3,1.716429188224415
4,-73.89793478015672,40.7640745387203,-73.88030614220756,40.76118395360277,8,1,6,1.5191011681924553
2,-73.93430921187381,40.82872560519348,-73.93337053019502,40.84473078180641,7,0,5,1.7814455869319052
1,-74.01773612141358,40.89766390712085,-74.04834979428544,40.88993922328594,21,0,5,2.7128036180652764
4,-73.76845145250077,40.72358628942129,-73.75875577704572,40.721208620322585,10,4,6,0.8587866710051522
1,-73.76524483465818,40.78281781491392,-73.7844575368568,40.78916640889352,3,3,6,1.7648829331308855
1,-73.99023206720321,40.80438418899624,-73.95718266877435,40.80380276302694,3,4,3,2.782480001429948
1,-73.94635773889328,40.78525133527038,-73.94141096797573,40.790556151998025,18,0,1,0.72207238690999
2,-73.84781562450142,40.83845561382506,-73.87613325398057,40.86546048725093,8,6,5,3.832692295241899
1,-73.82455343278872,40.67863563013053,-73.85595103980607,40.68730196144478,7,2,4,2.8174402234582576
1,-73.79134538413611,40.70482466401558,-73.80071659432359,40.72175928111351,16,3,1,2.041985055778284
1,-73.82574493097574,40.82163331177912,-73.80250004500895,40.79435891435236,5,5,2,3.609036233760751
2,-73.97957872563607,40.686688674203275,-73.98526129017564,40.689213124906466,4,3,2,0.5553037083518816
1,-73.92575945705812,40.69832776716611,-73.91240916133265,40.68511557958571,16,3,2,1.8507473793934737
2,-73.8795316553,40.842455128759795,-73.85120851916875,40.82783790408901,17,1,3,2.8843679303005034
1,-73.92842296582836,40.72062112048523,-73.94643321069715,40.72084952302049,17,1,3,1.5180158575722462
1,-73.80126039110549,40.72157439735159,-73.78526316890543,40.70898293155675,2,2,1,1.9437400157346112
1,-74.01893980384448,40.616898901189174,-74.01367671694408,40.648601542219,8,3,3,3.5530401861412546
1,-73.88396655041569,40.735848341410424,-73.88148645990233,40.73791353740835,2,4,1,0.31047942344579516
1,-73.95004505335119,40.75998500180786,-73.93202592863501,40.74218672185463,19,4,1,2.4941226290112883
1,-73.78057964284801,40.78627425529679,-73.80068125725373,40.78839653941721,13,0,1,1.7087304428872117
1,-73.88986708187949,40.72147876598213,-73.9147961840579,40.72174837202392,11,5,6,2.1010724094783853
1,-74.01695390812611,40.84563062467388,-74.01133540342177,40.84749159377917,14,2,2,0.5159177078421053
1,-74.03501141059844,40.705292243080336,-74.03652671568116,40.6638367632824,20,0,4,4.611409483594231
1,-74.00789740818459,40.6262030247561,-74.06794647187073,40.64435914864184,22,6,4,5.454471363403653
1,-73.85211358945735,40.61993857080482,-73.81701186695307,40.63023970051149,23,2,1,3.176157661476779
1,-74.0149495790768,40.894855974028616,-74.0161429810542,40.89276752719586,13,5,4,0.252963771121766
1,-73.80602351466342,40.88948843406966,-73.79958786165058,40.89352950557425,19,0,4,0.7032481353357128
2,-73.8858121706959,40.8104116339308,-73.88974246676828,40.80241248184058,15,1,1,0.9489861709365734
2,-73.868631139933,40.77450579225517,-73.87105186358461,40.78315725363651,4,2,1,0.9833548554472248
2,-73.7791479614642,40.8034151248118,-73.77597873002544,40.780667244387786,16,2,6,2.543480560833702
1,-73.99124476692901,40.792897626299286,-73.98192935223868,40.80529487624965,15,6,3,1.5859217296835302
1,-73.98259165246589,40.87727185749622,-73.99503996309505,40.891248837731226,0,6,4,1.8736567751268358
1,-74.00519156577087,40.84034691457591,-73.9789182454171,40.82932789047377,8,6,3,2.527250446639965
1,-73.95451445406506,40.835559891715995,-73.97874674315783,40.823561002285395,16,6,1,2.4365794645283585
3,-73.80715642476335,40.747953894622455,-73.79393437004605,40.73233517029399,2,2,4,2.0632753501207786
2,-73.99645837173576,40.73508269701704,-73.97675721669258,40.73919074718973,15,6,4,1.7216014620284614
1,-74.00294390428942,40.75345090671634,-74.04107373100014,40.74409260216631,0,3,4,3.3763719364854894
1,-73.82117295375653,40.6991253782082,-73.81296291276159,40.71903492559342,13,2,1,2.3194781890822633
1,-74.00442818470331,40.708311102042714,-74.00339064253694,40.67691405570263,8,1,1,3.4922879810390413
2,-73.96681183092805,40.77751433524815,-73.97974008851988,40.78085490689505,17,5,3,1.1501961231019335
1,-73.80870341756976,40.791730751496544,-73.78968892382208,40.761336244213815,16,0,4,3.7397818834703327
1,-74.00739338676365,40.78433724308128,-74.00146593945504,40.76649236872476,18,3,1,2.0460714228278127
1,-73.8589672434892,40.81224386506288,-73.90628808991207,40.8330745101206,4,5,2,4.606517341023313
1,-73.83079678899117,40.85774121845615,-73.83200761183545,40.888775174657006,23,0,5,3.452319932865986
1,-73.95918256117653,40.65817042452719,-73.96742821847967,40.66809403480044,1,5,3,1.3043513020240416
1,-73.87192115951554,40.86194665874945,-73.87020286641605,40.86939495249144,1,0,3,0.8407222894955586
1,-73.97960803350608,40.886621782897066,-73.98338416227544,40.90254769557396,3,3,3,1.79909984689401
1,-73.77824791235732,40.67210513765663,-73.75105657386857,40.654008951933946,14,4,1,3.0510975665083633
1,-73.88800568436567,40.73895238000673,-73.89412784913452,40.735153882278354,23,4,2,0.66668222533725
5,-73.93766503673847,40.828831166361304,-73.9756683706564,40.8215288738892,15,4,5,3.2991605264891355
1,-73.82886790587901,40.75532637558577,-73.8183012066961,40.77116315067086,8,5,2,1.9730671711767436
1,-73.81152114476897,40.80711253640858,-73.80423373390781,40.810285509830955,23,2,1,0.7075696826098901
1,-73.92048782259752,40.71069928376903,-73.90665271595552,40.74514926936367,12,5,6,4.004137849679855
1,-73.91351210069014,40.62095722859107,-73.89184027911175,40.59676733960072,13,0,3,3.252977336910801
1,-73.96871388052597,40.81403867039814,-73.93946862145964,40.78914344471766,8,6,3,3.7044146310377837
1,-73.76445748357922,40.672028604374376,-73.7660778262837,40.67426854841673,19,2,5,0.2840943196575651
1,-73.94944506123437,40.68820572135812,-73.93236874845661,40.68669712979819,15,4,2,1.4495550304649962
1,-73.88743753076287,40.83064924307431,-73.86524916051948,40.82378615094674,23,0,3,2.0168706465792754
1,-73.97568091426776,40.73812352200767,-73.94704021792583,40.75829858503798,0,0,5,3.2944984701486444
1,-73.79146908694888,40.60339174926808,-73.80888327637436,40.6111895036898,16,5,5,1.7067266437988267
1,-73.86837502469447,40.837400479427984,-73.84678627775533,40.86453673359385,5,1,2,3.521643230215187
1,-73.80666606013035,40.705549463435936,-73.80676155245747,40.71227333214697,1,6,6,0.747703412857945
2,-73.77151449650478,40.73124715311148,-73.79541345928634,40.70993330786003,21,6,5,3.110202942235097
1,-73.99591171441413,40.69602792941367,-74.02975465360176,40.71605817709757,9,0,6,3.619216977659646
1,-74.01681375393031,40.87267944886399,-74.01694785736666,40.86983057796545,12,3,6,0.3169806118748026
4,-74.04923392351958,40.82807759125906,-74.03821054517184,40.84726592564004,20,2,4,2.326463062989353
1,-74.03847007077026,40.78632830667608,-74.0371541786109,40.76920497746595,2,2,3,1.9072485307227198
3,-73.87165694768247,40.876962607813454,-73.87681802977572,40.87761645127665,19,1,1,0.43997138832100346
1,-73.89793586679033,40.63664476236718,-73.8984781823246,40.639815850918914,19,2,5,0.35556581695449513
2,-73.95928928986721,40.764909266488445,-73.97253046761631,40.77264878857946,5,0,5,1.408560966109315
1,-73.82328756195442,40.85904835985354,-73.79461158452631,40.87140186279304,20,4,3,2.775202456895928
1,-73.8037469009264,40.79104515282807,-73.80846237629889,40.80599038908233,2,3,1,1.7085802960809247
1,-73.76563310225615,40.84258354075806,-73.78588971084555,40.86548772576563,4,5,2,3.0641315720836224
3,-73.95434386881554,40.811782096054976,-73.9674553133843,40.789418174187574,7,0,5,2.720653264706525
1,-73.97488020584031,40.651529677034645,-74.00074439079606,40.63564342668224,15,0,4,2.8075748151790054
1,-73.9157765637139,40.776749083714726,-73.91699988938154,40.808787632226434,17,1,2,3.5640122343817997
3,-73.91463695702272,40.852344837537714,-73.90436885923876,40.852496377630665,0,3,2,0.863788402575637
1,-74.0274373628944,40.84585613696478,-74.0473260128104,40.82709145497501,7,5,6,2.674545510811042
1,-73.7560597014603,40.824956618619446,-73.75052934646143,40.83608173243331,3,5,5,1.3216695337396391
1,-73.81862406628613,40.86132437676043,-73.82610148275361,40.86266413177334,3,1,5,0.6462218664783068
1,-73.92149728290299,40.659040703768206,-73.92746678474838,40.667418377930545,11,6,5,1.0589228529439487
1,-73.8069111916911,40.809396041194915,-73.80175726577045,40.789005280941005,13,1,6,2.3084804424381256
1,-73.75327349804317,40.70836812477933,-73.74407159537994,40.73485711449311,14,0,5,3.045814461577279
1,-73.77253832336997,40.69390714088675,-73.77728448433082,40.67009440874275,21,5,5,2.6779294903836783
1,-73.93564275911193,40.620478419857584,-73.91753436700651,40.618860615786815,18,2,2,1.5389396212461264
1,-73.98019924899182,40.85397384359467,-73.9780225862667,40.861078995950365,11,5,2,0.8109874821421376
5,-73.96575217940162,40.605681130328,-73.9515777638471,40.59102924461878,18,4,6,2.0215133165591994
2,-73.91687939123241,40.84514955503978,-73.91202775514883,40.84023399842599,0,2,4,0.6821408548834975
1,-74.0070542131453,40.812826264800805,-74.03729242334451,40.80694428222102,20,5,6,2.627594671160656
1,-73.98146198647025,40.68724651881056,-73.96804764230066,40.66573054359478,8,5,4,2.646431187988255
3,-73.89481737919802,40.719851874543274,-73.88871164290337,40.72843932583466,6,3,6,1.0846843241911441
2,-74.0245314836649,40.6530593424805,-73.99001604169725,40.62860060116275,16,3,1,3.984714867285259
1,-73.92599098121681,40.79973500302968,-73.92022706224175,40.76340854561784,16,6,2,4.068367084042122
1,-73.76404370688826,40.6109807955544,-73.778695297445,40.593176871845536,11,3,2,2.334371158296501
1,-73.7790542466393,40.85942087098357,-73.7629537175738,40.87136546749498,4,4,4,1.8966103054679802
1,-73.9870129839253,40.80383716053619,-73.99636532588842,40.82764127137182,5,0,5,2.761428655248213
1,-74.03515654268375,40.733123402605706,-74.03927682155236,40.794489446224134,10,2,6,6.832410489674524
1,-73.9542790735394,40.87730812367919,-73.93613231227683,40.871666723571956,13,5,5,1.6496890582970427
5,-74.00279868825999,40.648524487043275,-73.98247123208532,40.67070969206512,12,5,6,3.0042564281911366
2,-73.92428248040108,40.65289905764775,-73.93756585871168,40.61758739758297,15,0,1,4.083333218299793
1,-73.77614178650262,40.79277195767882,-73.77795861993786,40.79045942088995,17,6,4,0.2991917998284414
1,-73.92171175849379,40.86718128484461,-73.8906281108481,40.85244611771692,15,2,2,3.085125101557261
1,-73.75776283409617,40.85609783493435,-73.77997333985789,40.82961759361839,2,4,5,3.487203425242854
1,-73.98759885687241,40.665262941076385,-73.97730374696324,40.66447346254055,14,6,1,0.872768581819164
1,-73.8456045087861,40.71273073568576,-73.80270978732635,40.672323518474386,3,2,4,5.767714385227968
1,-73.94576267482643,40.73437009647159,-73.96869761213235,40.72866266099731,7,6,4,2.034055895554845
1,-73.78383870572263,40.697739218423685,-73.79359340205026,40.680814174434495,9,4,1,2.0538465151687078
1,-73.76785321386816,40.60957296270925,-73.75325597824641,40.60666238716093,9,4,3,1.2740450324667945
1,-73.87384248985987,40.80804456832555,-73.85726384404073,40.78379547546144,21,5,5,3.036128912308704
2,-73.77093240919147,40.819412687284945,-73.76664734567112,40.821547094220065,5,6,5,0.43167777999599183
1,-73.87100824001996,40.7583188299728,-73.83291903377874,40.77645160598608,0,2,4,3.788755593688686
1,-73.79711780803682,40.853185307210154,-73.815476429342,40.88533416264211,0,6,4,3.8938600967641586
1,-73.8601413169559,40.76408904258833,-73.85551306029654,40.77158500531533,21,4,4,0.9201427968638676
2,-73.76112837308514,40.663287230511074,-73.76333642044621,40.677961785331405,12,6,1,1.6423279673327607
4,-73.76053176295666,40.85373568973089,-73.7641750986298,40.86438941513878,10,5,3,1.2236233459157597
2,-74.01802076505119,40.66528759376486,-74.01124475525421,40.61880043939401,21,4,1,5.200656368637723
1,-73.7827094092307,40.7500227375396,-73.78503582580558,40.73751396899073,13,6,2,1.4046519171657728
4,-73.98782603132739,40.66779612642996,-73.99211438419998,40.66671269707716,19,3,2,0.3812246462597213
3,-73.98355942509043,40.60050214122511,-74.01762154329164,40.60187457846916,16,0,4,2.8797617530092556
2,-73.84728703425881,40.658107694779645,-73.90193917056907,40.6571926835947,15,4,3,4.611263272648414
1,-73.88537600036098,40.74689518263039,-73.91214293398303,40.75060445355377,12,0,1,2.2922313673321812
1,-73.75883732315327,40.83175588136591,-73.78405991582153,40.85611226228168,14,0,1,3.440414358747109
4,-73.831419856001,40.84724520606906,-73.81805464868205,40.81801755972224,5,0,5,3.4389920517588206
1,-73.81704041716877,40.72573165469056,-73.81847925413045,40.72769414309625,2,4,1,0.24963991901584176
4,-73.91599968266158,40.623000653376835,-73.92201032409379,40.63311010049799,3,1,5,1.2332658558920244
2,-74.01987119970774,40.60184652363243,-74.01584878382991,40.59855267287055,14,0,1,0.49947387493441653
4,-73.97124172872721,40.65275480068118,-73.96201420062587,40.64875628794993,9,4,6,0.8964846056474511
1,-73.7975875101592,40.82734334786522,-73.8156027972424,40.81521781149647,21,0,5,2.028782814011763
1,-74.04951916932444,40.62738859537207,-74.0430478477879,40.60532948476841,7,0,2,2.512943630058902
2,-73.90196230188342,40.634145442485206,-73.89614605918301,40.65041228007614,8,2,5,1.874178291808099
2,-73.79251608314321,40.838086631589874,-73.79618910257916,40.850002826098,8,1,3,1.360566031727873
2,-73.85752900430023,40.7949635993346,-73.86116289943467,40.82619761704464,21,0,3,3.48650371224262
1,-73.78549540125572,40.779040885684026,-73.7884696522496,40.75685464285162,15,6,4,2.4796804918897766
1,-73.99466994832096,40.62990701097221,-73.98119222939577,40.61248962055138,0,4,2,2.2460780000637635
1,-73.94129451438715,40.865203879509856,-73.94546049718784,40.84428492083017,5,0,5,2.352322817398893
1,-73.95791364942201,40.71551070847112,-73.92999791503372,40.72711064748334,21,5,3,2.6829601902794256
2,-73.75522225839683,40.63259976901934,-73.77433285742178,40.66423907829007,12,0,2,3.869974350352642
1,-74.02013930166676,40.83026280550845,-74.03962413127697,40.84320162291955,15,4,6,2.181043382731758
1,-73.96623773831072,40.809691193817336,-73.95785238219358,40.7933209159679,16,1,2,1.9523407552324008
2,-73.85268282839166,40.872342529592466,-73.86843717852251,40.90004536483877,22,6,5,3.3530502530082753
1,-73.77944134645897,40.81525174533039,-73.79754240456684,40.803434326619,12,3,4,2.011843530398907
1,-73.77218716962219,40.80679306142681,-73.76258944379589,40.80065326726148,3,3,3,1.0576831848882855
1,-73.87373307940423,40.78500101003416,-73.87728163037069,40.824847538841254,19,2,3,4.440787161793193
2,-73.97398642154262,40.884797645503106,-73.94699111038868,40.88724260295194,9,3,2,2.2855829870159354
1,-73.87303526472489,40.886476298215946,-73.88153812974922,40.921105204154095,7,3,6,3.9163062938736566
1,-73.84347359612705,40.75890204427376,-73.78560652443257,40.71435398875458,6,2,2,6.950419353036619
1,-73.93382145631804,40.67660180031382,-73.92544295534623,40.69948720496082,22,1,3,2.6409778322651647
1,-73.9367075851071,40.652496505778544,-73.94446586049587,40.667704997277475,15,3,1,1.8133141424388861
1,-73.80293418184704,40.89335256593693,-73.82663985696341,40.893615349435336,10,4,4,1.9928030556624894
1,-73.83990340940991,40.669610278788554,-73.83199455179218,40.67156797984921,4,5,3,0.701639743245913
1,-73.87818684135847,40.75491065216076,-73.8764522674149,40.77851891782048,16,3,1,2.6291806402699107
2,-73.91339248360146,40.70887340338702,-73.89246502242607,40.72720960565544,18,5,6,2.6958851803825907
2,-73.94717979179087,40.788439523554615,-73.96794053371507,40.743701809113205,0,4,4,5.272915987520743
1,-73.91476127910816,40.84627040149547,-73.90206721399352,40.84940433955131,5,4,6,1.1231676100164207
1,-74.02713589456594,40.70980430586091,-74.08665677918496,40.702260898998674,21,2,4,5.086829474307792
1,-73.80449849930966,40.72818007444757,-73.85204124145788,40.74690981361659,8,0,5,4.514695984626711
1,-73.97374627772692,40.82726523852469,-73.97505658990221,40.81235070860716,6,0,2,1.6620814216067403
1,-73.90709065168325,40.82317102959391,-73.89624463100225,40.83012857809418,5,0,3,1.196385866662438
2,-73.88473822634582,40.68654431267012,-73.91448849768727,40.715128865415394,6,5,5,4.048745210506973
1,-73.9813553572003,40.73441383440075,-73.99850292270557,40.70815844404847,2,4,5,3.2575399873105972
1,-73.87583520343989,40.819238485459046,-73.87161637117616,40.82823750757126,12,1,2,1.0617479992909802
1,-73.9053955321323,40.724635532103726,-73.89530337838745,40.73260677506347,20,0,1,1.2283461118985577
2,-73.76849883921356,40.681371169406845,-73.76764883390416,40.7162350709522,4,2,1,3.8773511808200087
5,-73.93589674862514,40.894868020445315,-73.90848450949773,40.860882844555064,19,2,4,4.426316031729849
1,-73.99984086115956,40.75056359237555,-73.99894143462838,40.754171733240334,14,0,4,0.4082976870817545
1,-74.03755255276853,40.62786315684834,-74.03309516079074,40.65117331468363,9,3,3,2.6191158864779056
1,-73.90033400942706,40.87723630517436,-73.88209397648923,40.90615367443257,7,2,6,3.562296732176041
3,-73.80881226517272,40.63538785340427,-73.82832365358357,40.68869173063942,8,1,5,6.1513646485668065
1,-73.8423655010241,40.704795129497434,-73.84532290363525,40.71869654642172,11,0,6,1.565736192026362
3,-73.93414125372693,40.674729684910936,-73.96640413854915,40.69900505011595,21,4,2,3.832276774937103
1,-73.80725085851567,40.76713656949649,-73.81409929723438,40.78723220022651,7,4,1,2.307741161034351
2,-73.75872406344193,40.691611477100395,-73.76518663020363,40.689319880211634,5,2,3,0.6015154996681387
1,-73.98857805509587,40.83868265775308,-74.00133339317331,40.86021581776373,17,6,1,2.6237552820162593
1,-73.8387125792855,40.79926584773776,-73.83629540310596,40.779087066539745,23,2,3,2.252987127880102
1,-73.86074716557879,40.882322833343025,-73.88158277681471,40.89244595416385,8,0,6,2.0820274023687566
1,-73.9374524006247,40.85104895307825,-73.89516286544112,40.85451616508043,6,0,6,3.577681251284431
1,-73.81981354130741,40.85336261769401,-73.84045872320287,40.87351473491835,15,4,4,2.834673981671437
2,-74.04113416271751,40.843674803719736,-74.03409347311378,40.83705984271965,17,4,1,0.9443688528888385
1,-73.76836122707414,40.6990212378487,-73.71779933902884,40.69210410696338,14,4,4,4.3315220720234615
1,-73.87838987015184,40.762001963541934,-73.81688814421821,40.74811029993271,12,4,4,5.405744506611176
1,-73.91698802354831,40.77773093563737,-73.87765818810632,40.777839557047535,21,5,5,3.311679644669512
5,-73.78966226357448,40.893739638818,-73.74446829665854,40.8748849162915,4,5,3,4.339396424795982
1,-73.9599520370662,40.725728521166594,-73.92117405349657,40.72687610476969,7,0,1,3.2702102548114453
1,-73.82986037292677,40.84679445305336,-73.81688277897717,40.85606348575526,22,0,5,1.5012380457796402
4,-73.77264927104564,40.60384398898187,-73.78203603099249,40.55718517857139,3,2,3,5.248435532806292
2,-74.0381597310777,40.62252138777362,-74.05979258753032,40.60738596618497,13,6,4,2.483278499007501
1,-73.85760433595104,40.74101534889168,-73.85431635635997,40.77517677533026,12,3,3,3.8086590409548937
1,-74.02409899310452,40.88012087160026,-74.02195839851606,40.90048085547602,23,1,5,2.271066362554141
2,-73.75480420340668,40.64383814298784,-73.77245843012035,40.63486812095076,20,1,6,1.7927100498588886
1,-73.83679363613236,40.87255125393114,-73.80852503485518,40.86942417996339,3,4,2,2.402233395636944
1,-73.76336135691136,40.74172901163539,-73.78604150159687,40.73710721002278,15,6,2,1.978723795870956
2,-73.93251041321385,40.84899809375873,-73.90913174203259,40.87761602701968,2,2,5,3.740501185189188
1,-73.83197526031496,40.7042727608334,-73.82639562166,40.69769343002625,7,4,5,0.8697472406987439
1,-73.8060802152233,40.657038808693834,-73.82802762290885,40.72065221127396,22,0,6,7.311535044846918
1,-74.01418276682028,40.7079099929274,-74.01380822345607,40.71492701926991,3,1,6,0.7808960985396415
1,-73.75963370501968,40.735311558844394,-73.75214366579577,40.740264978164944,22,0,6,0.8376206641108699
1,-73.85877145708741,40.74190186832409,-73.84851184081614,40.72849399964767,5,5,3,1.723366713072207
1,-73.95032838943662,40.76053495567252,-73.92794916066634,40.764196417288,10,6,6,1.9282880893988195
2,-73.8397271854136,40.75627697737022,-73.83550893816493,40.74773173740483,2,1,3,1.0144509254846648
1,-73.88618362226903,40.74137649089413,-73.8927400007588,40.70844829242724,5,3,5,3.7028992294725582
5,-73.96893857100876,40.698632887330575,-74.0038179344264,40.7215954767013,18,0,5,3.8939079324216133
2,-74.01447379179452,40.79449756520786,-73.9895451128223,40.768544900803185,15,2,1,3.5683860450816125
1,-73.8558789944383,40.62951954761675,-73.84218219734825,40.59681473674219,7,0,2,3.815968509715144
3,-73.9652718200972,40.80043903719431,-73.96525807692112,40.78396944994771,7,3,1,1.8313349112072177
1,-74.00018066667941,40.86769146531052,-74.00296396457395,40.88347067098674,16,4,2,1.770104587851294
1,-73.9571195055601,40.706968317995525,-73.96403407503026,40.70918832221076,20,5,5,0.6329533853401667
1,-74.00141275046818,40.82847333724001,-73.98824901864033,40.79541337325405,13,3,4,3.8394052866321426
1,-73.95182706129998,40.87874778762295,-73.95959690481311,40.87323808079831,23,3,2,0.8956019763810902
1,-73.98900820869912,40.71220883144204,-74.01084205771787,40.69255579958347,2,2,1,2.857133141292458
1,-73.86476302588068,40.83095648301968,-73.84314930679952,40.83258362220292,7,0,5,1.8274211599186643
2,-73.8283098802614,40.62007544281592,-73.8354241492535,40.66579821627376,10,4,2,5.11945168319773
6,-73.85495313377845,40.75886743820521,-73.86477391105326,40.76361574567451,1,2,2,0.9812879964076718
1,-73.85404491937587,40.745664060993526,-73.87010664749701,40.74792041246946,2,0,5,1.3761279954386245
1,-73.9667256777095,40.89152736321187,-73.99188558408056,40.904451836526654,22,0,1,2.5568014973752886
1,-74.01206038655125,40.63033960140398,-74.02058958711959,40.66031955411996,6,4,5,3.410402891138279
2,-73.7567634194995,40.75026837818097,-73.76745520998956,40.76171162314077,4,6,1,1.5588783061692018
2,-73.97847288985139,40.620709634952185,-73.98817185399821,40.62346465415779,6,1,3,0.8740297994021046
3,-73.99203996175648,40.81805572293049,-74.02249040873554,40.82937205012107,18,4,3,2.8545292723440205
2,-73.89318819904837,40.82248172866189,-73.87455265612994,40.850466900168335,20,3,1,3.4844291067053907
1,-73.98031202765769,40.85310575237808,-73.96889499266403,40.82008950593912,7,2,5,3.7948033941375257
1,-73.8041501251153,40.89414303003332,-73.81474940468743,40.8741477311393,5,1,2,2.395281483392093
1,-73.96108554295158,40.713765402957335,-73.96976948626805,40.73547611990305,8,2,5,2.522598300871133
2,-73.9657339190171,40.71489100090969,-73.95942056711021,40.69290393140864,1,0,5,2.5021029674731423
1,-73.81126629950849,40.65769476191812,-73.79928371882544,40.59189845158279,23,6,1,7.385776922665599
1,-73.94913220810237,40.60800622794377,-73.96758155173401,40.58536799561068,23,1,5,2.9602392470076397
1,-73.84935472181195,40.73277568477095,-73.8452848677527,40.72760517400709,18,5,3,0.6694436734903658
1,-73.93527925115303,40.72908461799594,-73.95799150392149,40.74348217983451,7,6,3,2.4949787803470613
2,-73.87469427921253,40.80769199724831,-73.851706847628,40.825863907311536,23,6,5,2.7973270588786496
2,-73.87521482456133,40.60424896164746,-73.86243354069495,40.57004306472008,2,1,6,3.953689094190944
4,-73.9745405828755,40.848908669571635,-73.9580686518191,40.84234783504794,14,1,5,1.5658795457332544
4,-73.79044275605501,40.60916901137793,-73.7887427777741,40.62082285801943,10,4,1,1.303769007353285
2,-73.89319205904675,40.62718315626142,-73.90059368424512,40.67082134844405,9,4,4,4.892359588006802
1,-73.9036738871287,40.69220336611912,-73.86816263313155,40.71632998716949,3,6,2,4.019679275132428
1,-73.80773285755666,40.73260910163165,-73.826193683533,40.76869256309737,4,2,2,4.303114747021793
4,-73.99239706704292,40.81209532540855,-73.98342201955126,40.817276445902706,19,6,3,0.9499387468461746
2,-74.03847132440661,40.87641279685844,-74.02689466825477,40.8572908331005,15,3,2,2.3385147177265466
1,-73.94965581756279,40.80434492119096,-73.95231639997283,40.790596940050904,17,1,4,1.5450241271191403
1,-73.9065812366158,40.7823712949789,-73.87942354705626,40.774619390322165,4,2,3,2.4437775072141767
1,-73.87114210879075,40.84320176154222,-73.87815754854718,40.81205434269019,13,2,1,3.5133748017682414
1,-73.8056263821992,40.87778791408642,-73.75874564558278,40.86838986766851,19,4,2,4.077962033580098
1,-73.86918811917813,40.82175309961433,-73.84278609313876,40.81444875768301,17,6,6,2.365562912564579
1,-73.80093277081437,40.88069114038367,-73.80369248878566,40.89835337284431,21,1,1,1.9776041604750263
1,-73.80072909896153,40.85911539250311,-73.8018252576159,40.85148065686363,14,1,1,0.8539349525675614
3,-73.8982247980118,40.678563408113,-73.89463880275265,40.67933803817463,11,5,6,0.3144255181594297
1,-73.95887156019467,40.65685125336895,-73.9534979084135,40.66871043411681,6,0,3,1.394402916593143
1,-74.02335775617908,40.697322252344435,-74.05051574295379,40.71307887171449,11,2,5,2.882777173786032
3,-73.93938279841726,40.65249372661622,-73.92001339779867,40.66400952634227,6,5,2,2.075868445639298
3,-73.95156743166804,40.6927683926301,-73.98073143462106,40.67831214862593,1,3,4,2.93785659070976
1,-73.75387343863557,40.64365874472395,-73.70931172645487,40.64091596629137,22,6,5,3.7721851314774137
1,-73.9720866687801,40.859391952393835,-73.96597186437471,40.84304114670781,9,0,1,1.8894706951786828
1,-73.78089290589017,40.64209886593322,-73.7673773300056,40.64558103726494,0,2,4,1.204276439825418
1,-73.9741241760058,40.89688954385371,-73.95541357630664,40.92712100564451,12,5,5,3.7111099208546676
1,-73.89324531195518,40.72517203575271,-73.86973613435741,40.73467323494718,1,0,2,2.245066012814055
1,-74.02637172008609,40.8812952955575,-74.04973221822672,40.86788635828608,19,3,2,2.465953448119008
1,-73.80535832883065,40.88340268995917,-73.82387625203384,40.866988469614505,10,3,4,2.3990417727736246
1,-73.85971392561369,40.65008041860861,-73.8759433480084,40.62705923824931,14,1,4,2.903112700923145
1,-73.89641922125634,40.78984132020129,-73.87440457698715,40.781441380443056,1,6,1,2.0755079972220263
1,-73.7633692462619,40.77831402530884,-73.75333856413074,40.757291552427624,10,2,3,2.48554023849519
1,-73.76288311105591,40.81358323455349,-73.7827809822133,40.8184887477671,15,4,3,1.7610835076809048
1,-73.7765189446421,40.73070959216478,-73.76938412800013,40.727082794224955,10,2,1,0.7239393896715679
1,-73.90260528467526,40.76021682066322,-73.93720311737952,40.74857658381652,18,2,3,3.1887439081968285
1,-73.83852612152675,40.81273961666727,-73.82950121358608,40.82041324104069,10,5,4,1.1423071405997827
2,-73.96942670206737,40.68891818837128,-73.96299612975744,40.68576957672819,5,0,5,0.6454166670642976
1,-74.00695621907632,40.69393481867006,-73.97569616340482,40.7069399170205,23,6,2,3.005932343179006
