PetID,image_embedding_available,image_embedding_count,image_embedding_primary_available
86e1089a3,1,1,1
6296e909a,1,2,1
3422e4906,1,3,1
5842f1ff5,1,3,1
850a43f90,1,3,1
d24c30b4b,1,2,1
1caa6fcdb,1,3,1
97aa9eeac,1,3,1
c06d167ca,1,3,1
7a0942d61,1,2,1
8b693ca84,1,3,1
8e76c8e39,1,2,1
aaedd873d,1,1,1
4a9793dfb,1,1,1
c02be41e6,1,2,1
1fd342e17,1,2,1
b38a74866,1,1,1
f9d07d5fa,1,2,1
1c92ce464,1,3,1
b10e7605a,1,1,1
6436c1a59,1,3,1
234a5a54c,1,3,1
1bc0f89d8,0,0,0
1bf24d8be,0,0,0
988988d5b,1,3,1
cf7d3eec0,1,3,1
85fc3c314,1,3,1
efbf1703a,1,2,1
7843a9dca,0,0,0
d341fbfd6,1,1,1
1a76190c5,1,3,1
edb920079,1,1,1
543130f60,1,1,1
9415bc79e,1,3,1
4c6fe4100,1,3,1
0737e4f11,1,3,1
61fa73996,1,2,1
eabb13cea,1,3,1
deff069a2,1,3,1
4e3640544,1,1,1
ace21b6b1,1,3,1
8ee223a17,1,1,1
9a38d4275,1,1,1
671ffc570,1,3,1
aece6e7bf,1,2,1
c1e816568,1,3,1
22f6c0ac6,1,3,1
ea159d8da,1,3,1
af1035c81,1,3,1
0d25f084f,1,3,1
6fecc5cf7,1,3,1
7fe8ef73d,1,1,1
015c75c9e,1,3,1
9609a0b86,1,3,1
c740abfe1,0,0,0
f6551137d,1,3,1
8c131db77,1,3,1
d765ae877,1,2,1
8ce183889,1,3,1
9c0ddccc8,1,1,1
f9df8656a,1,3,1
f0ef9c777,1,2,1
3181e5424,1,2,1
9883a048e,1,3,1
b0dec8779,1,3,1
e8d0907ae,1,3,1
e540c1ba5,1,1,1
4a4db4d32,1,1,1
98a98311c,1,1,1
ef14861df,1,3,1
a9bc357f0,1,1,1
aaf4a1439,1,1,1
1e62e6022,1,3,1
4e797dcdd,1,3,1
45d2ddcb8,1,3,1
259b10a3e,1,1,1
d2490c888,1,3,1
2c93c0c11,1,3,1
35593da00,1,3,1
4cc70e613,1,1,1
ff125cf8d,1,1,1
c30dd6e9a,1,2,1
be9474b85,1,1,1
815f4cc08,1,3,1
ec5069cf6,1,3,1
867308404,1,3,1
e9df3ead7,1,2,1
258667857,1,3,1
fd3172797,1,3,1
8df0bb3b3,1,3,1
3d0752cd9,1,3,1
22051ab84,1,3,1
573b3ec3d,0,0,0
370fe2afb,1,3,1
dd308e46b,1,1,1
6a763a055,1,2,1
5e4154870,1,3,1
a44d42407,1,3,1
cc8401c02,1,3,1
0f24b6cd6,1,1,1
49bb70e36,1,1,1
43ddb2eb4,1,2,1
dae92dd61,1,3,1
a6ac8884b,1,1,1
60ce9e319,1,3,1
5247209aa,1,2,1
19b1f4263,1,3,1
d50e11ec5,1,2,1
4407e70f3,1,2,1
27b6e5aca,1,3,1
80ebea85c,1,3,1
1bf1f95ef,1,1,1
cdab8ba8e,1,3,1
b84dad49f,1,3,1
f0a2122d4,1,3,1
1104fe6bb,1,2,1
46d88ca3e,1,3,1
b99d5d532,1,3,1
2b6d08cba,0,0,0
b9429dc85,1,3,1
c61f6507e,1,3,1
e464fcd4b,1,3,1
86379f12f,1,1,1
55fcdea2f,1,3,1
392d3346e,1,3,1
33db028cb,1,1,1
35c0c3aca,1,3,1
d080818c3,1,3,1
6f0cb510a,1,3,1
61ac3c78c,1,1,1
368b2adc1,1,3,1
2e4c1faf7,1,3,1
a85a1c8c3,1,3,1
25c7d6c3b,1,3,1
0b819602d,1,2,1
4c594983d,1,3,1
05f99fc56,1,3,1
1dfadc371,1,1,1
6d9b202c9,1,3,1
54791dc58,1,3,1
b36616178,1,3,1
2ac4dd8c2,1,3,1
29f54c6ff,1,3,1
48b418070,1,2,1
c7eac7b01,1,3,1
8e0d65b3e,1,1,1
9a34ddc8b,1,2,1
ff9f62e79,1,3,1
4a6ee5d02,1,2,1
474bccd75,1,2,1
e4abb93bf,1,2,1
120805f93,1,2,1
2acf3fdce,1,2,1
e1ecc1b26,1,3,1
a8cdba660,1,3,1
9bcd62ef1,1,3,1
c3f2f166d,1,1,1
687e9c33c,1,1,1
bb5f471dd,1,1,1
0aaf6976a,1,3,1
45600eaab,1,3,1
dcba09ff1,1,3,1
d7f938acd,1,3,1
ea11b6f12,1,3,1
3332eb59c,1,3,1
b3e19ff68,0,0,0
594e3dc3f,1,1,1
fbb112b7e,1,3,1
d14d62508,1,2,1
5de61cf6b,1,3,1
b9590d4de,1,1,1
747c82f83,1,3,1
3004c3401,1,3,1
c737c30d7,1,1,1
03b0568b3,1,3,1
987baa1c7,1,3,1
70b3d1f9c,1,1,1
27456ec0f,1,3,1
5c28a8cec,1,3,1
2c8ae4c7e,1,2,1
cd7bea671,1,3,1
7bda94ad0,1,3,1
ab4b4681b,1,3,1
aa189a931,1,2,1
d0bc14f47,1,2,1
eab8c8c03,0,0,0
3b4a987ba,1,3,1
1bbb46822,1,1,1
5c546c236,1,1,1
702bee848,1,3,1
66757255c,1,1,1
0b0f596b5,1,3,1
938bcf142,1,2,1
bea72e6c5,1,3,1
52e555a3a,1,3,1
3998bcfec,1,1,1
e62e5aa26,1,3,1
933e0a3e8,1,3,1
1eb8a0278,1,3,1
d5df16a32,1,3,1
06296e4e2,1,3,1
207d61997,1,3,1
38a81271c,1,3,1
65d10be4d,1,3,1
c7b468b32,1,1,1
6df350974,1,3,1
249112486,1,1,1
8f85e69ee,1,3,1
b243b8e93,1,3,1
89523a695,1,2,1
4f0eacbdd,1,3,1
b5fcc079e,1,3,1
53976b229,1,3,1
f4ed1a08e,1,2,1
2f3227612,1,3,1
ba66a7a82,1,1,1
d4e83ee5b,1,3,1
00a1f270a,1,3,1
74e316be1,1,2,1
039509c40,1,3,1
eeb60466e,1,3,1
c6cdbebfa,1,3,1
82137b39f,1,3,1
28b64c198,1,3,1
f70251906,1,3,1
9d76ed82f,1,3,1
e83f846eb,1,3,1
60b9421cc,1,1,1
72a7cb335,1,3,1
0bd4aed6b,0,0,0
ae03f99f2,1,3,1
5a1010bca,1,2,1
6a5c652b5,1,1,1
040771e8e,0,0,0
706a9cd5c,1,1,1
62550cf78,1,3,1
701c5afba,1,1,1
d0fcfeb0f,1,3,1
7bce76c66,1,3,1
3b0b88ac2,1,3,1
a88d34ee3,1,2,1
061378b30,1,2,1
fc1457818,1,3,1
a27f0cc49,1,3,1
728c78b39,1,3,1
6c054c4ef,1,1,1
d5b9e0322,1,3,1
a2dc697f6,1,3,1
b04b200fa,1,3,1
be7b65c23,1,3,1
e37f4aa07,1,1,1
7de2f688b,1,3,1
e7020fa9a,1,3,1
752491221,1,3,1
c2346525a,1,2,1
bc7361016,1,3,1
66201cf73,1,3,1
b7359384d,1,3,1
be23e42d0,1,3,1
1c59cecac,1,3,1
e7e1904f4,1,3,1
2e3bfe5a9,1,3,1
13f07ee9a,1,2,1
d78d1dec0,1,3,1
821bd9373,1,1,1
720db9cb3,1,1,1
0443d6f82,1,3,1
67efce2e0,0,0,0
fa1a30192,1,2,1
c675f3b10,1,3,1
6e3d78857,1,3,1
d4d6997e3,1,2,1
d13d93f69,1,3,1
d8715d47e,1,3,1
c15b3c9f1,1,1,1
3bef75882,1,2,1
60bf93971,1,3,1
e9eeadf82,1,2,1
a4530b1d0,1,1,1
da6bb3100,1,3,1
79669f807,1,1,1
3af2b1473,1,1,1
0f0f81a37,1,3,1
b8976d821,1,2,1
9eb98f34c,1,3,1
e317b2a73,1,3,1
ebd78e1d4,1,3,1
0822c54d5,1,3,1
4036e0e12,1,3,1
f34d62be0,1,3,1
2a7b5edbf,1,3,1
18042e473,1,3,1
dc99804de,1,3,1
0fb490c9b,1,3,1
284be445a,1,1,1
a831df76b,1,3,1
145883970,1,3,1
e3d9dc96d,1,1,1
9a64e72cf,1,3,1
6e643eba1,1,3,1
a1b3dafc9,1,1,1
fe88a5777,1,3,1
bda2d149e,1,3,1
6cb5381cb,1,2,1
366a03818,0,0,0
732d546b4,1,3,1
a8a8f95f6,1,3,1
0b4bb9906,1,3,1
5eeb10b7a,1,3,1
f03b04b1e,1,1,1
a672ea96d,1,1,1
4df43033d,1,3,1
d25638f81,1,3,1
aafb75ee8,1,2,1
e9cf01a21,1,2,1
1c74d62ed,1,2,1
2148c2ef6,1,3,1
f0bb05fc7,1,3,1
479500716,1,2,1
1afdf61ec,1,2,1
b4d0c60b6,1,3,1
110d4487e,1,1,1
27cede3cf,1,1,1
99dcd9020,1,3,1
4cb8fe436,1,2,1
a13ed5e9d,1,1,1
7adc5209e,1,3,1
0a8ee7520,1,3,1
82aa52460,1,1,1
4c9f111f1,1,2,1
eb6c692dc,1,3,1
d096658bb,1,3,1
109c4f5a8,1,3,1
f8b702182,1,1,1
eb652ec07,1,1,1
026ebf139,1,1,1
6c7c5555f,1,3,1
1a9733afb,1,2,1
1a54d4e92,1,3,1
8526200d3,1,3,1
8df39788a,1,3,1
045543730,1,3,1
bf50b399e,1,1,1
a05289ebd,1,3,1
dee525fcd,1,3,1
ceed27182,1,3,1
c0a9578bb,1,3,1
66dda45c4,1,3,1
9c87d70e5,1,2,1
4574e3de4,1,3,1
794a45833,1,1,1
800a7c025,1,1,1
6c75b9082,1,3,1
6dbc5c968,1,3,1
4dad8252f,1,1,1
3f9f466d1,1,3,1
8bf9a6b80,1,1,1
c43ecb3e1,1,3,1
3a3ae56f1,1,3,1
172332f53,1,1,1
01f7fdb78,0,0,0
9b721dcaf,1,3,1
e20655a10,1,3,1
9718baba0,1,3,1
cdd7aee45,1,3,1
86550c5dc,1,3,1
ba311fc1a,1,3,1
bb05c1ce8,0,0,0
4060caeb1,1,3,1
e54ee8e55,1,3,1
166092e21,1,3,1
5a2c8a05f,1,1,1
d3d47c67d,1,1,1
8ba0c6894,1,3,1
71cc0a02e,1,3,1
75bbaa3fa,1,1,1
ca587cb42,1,3,1
b4eb7f4df,1,1,1
fd32ce3ef,1,1,1
a15d8c8a8,1,1,1
34cedf9bb,1,3,1
ab599a6ac,1,3,1
81da09ea9,1,3,1
e736ab042,0,0,0
81a815ef5,1,1,1
0f122f712,1,1,1
58a10d0cd,1,1,1
3b1976326,1,3,1
30ea81bac,1,3,1
35907f15e,1,3,1
bfb33b149,1,3,1
375905770,1,3,1
9ec161c16,1,3,1
19f38a3f0,1,1,1
e2f1f5377,1,2,1
0c17e1f32,1,2,1
b912b1114,1,3,1
bd9e9d9e2,1,1,1
241dd214b,1,1,1
084874570,1,2,1
c1df421c4,1,3,1
ab9f715ad,1,3,1
3cc84c2f8,1,3,1
ee5583527,1,1,1
9a770c49a,1,1,1
e07812482,1,1,1
997db5df5,1,3,1
301e16ab9,1,3,1
8705145ca,1,3,1
6e3aad5f3,1,3,1
75a11e0f8,1,3,1
219a1308d,1,3,1
915173d4d,1,2,1
c390140c3,1,3,1
81d97fa9f,1,2,1
78b07d4e0,1,1,1
6cd1cac68,1,2,1
fb3bd80d1,1,3,1
51372ce91,1,1,1
1a1283447,1,3,1
4831c683c,1,3,1
90592e40c,1,1,1
e4e5ea1d2,1,3,1
e7a74fca8,1,3,1
a5595a935,1,1,1
c7575df7b,1,3,1
e81c6347b,1,1,1
7ee058c3d,1,3,1
4d999ee22,1,1,1
0637293ec,1,3,1
7ead795bb,1,2,1
691a8b7ea,1,3,1
fcd21f3ec,1,3,1
9c31047a7,1,3,1
76d5726c4,1,3,1
03d59fc21,1,3,1
1a9e7158e,1,3,1
86afe98e6,1,3,1
0eba8b0ad,1,1,1
d38bcdf49,1,1,1
85a79f281,1,1,1
91c2159dd,1,3,1
91d6a2898,1,2,1
cfddf0c47,1,2,1
b102f525b,1,3,1
dc1c9f8d5,1,3,1
c96f9d3a8,1,3,1
072ae6d9e,1,2,1
fa94b21d1,1,3,1
b5df81f99,1,1,1
2c24655fe,1,3,1
c702e00d2,1,2,1
95d2a0bdf,1,1,1
c8208c3c9,1,3,1
9a9f6c753,1,3,1
92b89a666,1,3,1
6819ce556,1,2,1
17bdf954a,1,3,1
2bf834f39,1,3,1
53cd96ef8,1,1,1
da327c74b,1,3,1
10a6c97d5,1,3,1
f8d831236,1,1,1
75a4a14ac,1,3,1
df39a5468,1,3,1
37f127385,1,2,1
878e36da4,1,3,1
1ffe668f9,1,3,1
9a2f44ddf,1,2,1
54e2508de,1,1,1
432904c5d,0,0,0
d30b90a39,1,1,1
20559d623,1,3,1
2e1d3ae52,1,1,1
3b0b2a86a,1,3,1
64c1c412b,1,3,1
b28de653f,1,3,1
0e6dd5e23,1,1,1
46dea66ea,1,1,1
842b21328,1,2,1
184ea777b,1,3,1
86547ad6d,1,3,1
ead547f1b,1,3,1
703f38466,1,1,1
60b188249,1,3,1
845703071,1,3,1
3c5e8cc5d,1,1,1
9f533475e,1,3,1
0636650db,1,1,1
d8128cefd,1,2,1
6b3614a92,1,2,1
dd2ec7bf4,1,2,1
fcf377cce,1,3,1
fb9a96204,1,3,1
d4b028ea8,1,3,1
8520800b1,1,3,1
7f8f45a35,1,1,1
dd7ad37e7,1,1,1
c92256e41,1,2,1
caa9a4f53,1,1,1
4ef431298,1,1,1
044548f89,1,3,1
6c3a05812,1,1,1
5d1fa8ddf,1,1,1
68cdd6d6b,1,3,1
1171c9a41,1,2,1
f9994fbae,1,3,1
67dbd5ed9,1,2,1
129df65b1,0,0,0
cc25fb529,1,3,1
3db150833,1,1,1
3b8b38508,1,3,1
2e1d4e279,1,1,1
f4f349714,1,1,1
7d21dc4a8,0,0,0
c3cafb38c,1,1,1
a6e902691,1,3,1
e3f841674,1,1,1
a6423eca8,1,3,1
2cea63a41,1,3,1
1751240fe,0,0,0
6c48c9154,1,1,1
9a3c966a9,1,3,1
ac49bdbdd,1,3,1
7fc640ad8,1,3,1
05252b175,1,3,1
27104e464,1,1,1
da8a47785,1,3,1
1aa3952c1,1,3,1
8bac2d757,1,3,1
1ba11aaaa,1,3,1
e5164d828,1,2,1
a0dd85af0,1,3,1
0392c0c81,1,3,1
fff24fcb5,1,2,1
1195168b6,1,3,1
9f7bf4f71,1,2,1
accca912b,1,3,1
27c4981c9,0,0,0
c2558c319,1,1,1
12d514ef2,1,3,1
3e2cc2690,1,3,1
c5072890c,1,3,1
17e6747da,1,3,1
1f7d6b89e,1,2,1
0052dcf47,1,3,1
cdb855a69,1,3,1
6f93a41c5,1,3,1
23d2b8824,1,3,1
dc56ff89a,1,2,1
23379775f,1,3,1
fca85f778,1,2,1
2b3ec0f96,1,3,1
a9bfec3ba,1,3,1
8885f346b,1,3,1
33d3738f6,1,3,1
87f4ea65f,1,2,1
edf0ff7e4,1,3,1
bebab9790,1,2,1
f17d4ab32,1,3,1
97dc6aa32,1,3,1
489d05a55,1,3,1
51d8da535,1,3,1
bb4c6519d,1,1,1
9fceca5de,1,3,1
93849e2b5,1,3,1
700a93465,1,1,1
d95eabfe9,1,2,1
146d950bc,1,1,1
439f040ed,1,3,1
022d2d16e,1,3,1
e0238b8c2,1,3,1
a5b5eccb6,1,2,1
0b8614414,1,3,1
6e3457b81,1,3,1
20d4ea30e,1,3,1
f98750599,1,1,1
2f346ac72,1,3,1
fc9b4b692,1,2,1
ec7775c4f,1,3,1
487abc5e1,1,3,1
06f523361,1,3,1
5c66641a1,1,1,1
ed5f14fda,1,2,1
a23f0020a,1,2,1
5a5463e17,1,3,1
518f86025,1,2,1
8dfe4da6a,1,3,1
8c93a6e28,1,2,1
94bcf0199,1,3,1
e758e4c0c,1,3,1
f2b656028,0,0,0
c69842c2a,1,3,1
fa07f7477,1,3,1
09acd6b31,1,3,1
782eb0d9d,1,3,1
7fd7b7583,1,3,1
655cfc630,0,0,0
e9dc82251,1,2,1
2f19ac5ab,1,2,1
7687b7da2,1,3,1
203e2bd3c,1,3,1
6b0103c04,1,3,1
3f936cb8a,1,3,1
d0101e748,1,1,1
56583003c,1,3,1
f99a5e817,1,1,1
157e3e074,1,1,1
68731378e,1,3,1
1e24f14d6,1,1,1
eb8aeff64,1,2,1
e9e06e3f6,1,3,1
79f8b048f,1,2,1
488bfc285,1,3,1
5698c00e2,1,3,1
b5aa169b4,1,3,1
846e720dc,1,3,1
13d0266c5,0,0,0
1b87c512e,1,1,1
859bcc995,1,3,1
9744dcc69,1,3,1
a2ae5fa7d,1,3,1
445c703ff,1,3,1
b9d6b1488,1,2,1
1ffb40e20,1,1,1
c0fe34d97,1,3,1
1ee56e81a,1,3,1
4e3e41b78,1,1,1
f4415e636,1,2,1
f91147e5f,1,3,1
406a1e534,1,3,1
648897870,1,1,1
2418f7929,1,3,1
2f60db1f7,1,3,1
0e4049f6d,1,3,1
27268f547,1,3,1
113b2b57a,1,3,1
d9c54752f,1,3,1
daf1a8d08,1,2,1
1ba69dec6,1,3,1
b744f152f,1,3,1
30908fb77,1,1,1
beb3a6da0,1,2,1
e3897d3cb,1,1,1
cfe285c5f,1,3,1
92caf1d01,1,3,1
37bf6da18,1,1,1
24d9b76ae,1,3,1
86953ea0b,1,3,1
0162634c2,1,3,1
c0ca6dd73,1,1,1
6f72c46b5,1,2,1
c8fc0d746,1,1,1
7b8924342,1,2,1
5145f87a0,1,3,1
e73038b62,1,3,1
b8bf2c090,1,3,1
44bba906d,1,3,1
7d1d7a4f6,1,3,1
fbaec0999,1,3,1
e936f5f63,1,3,1
43b277272,1,3,1
36cc00cf3,1,2,1
4fc4ac031,1,3,1
d5a027e6c,1,3,1
4bff9728d,1,1,1
cd4b05b8c,1,2,1
77fa5cdd7,1,1,1
f253bd6aa,1,3,1
21493e6ea,1,3,1
c5e4cfab0,1,3,1
7667378df,1,2,1
d09835201,1,3,1
a76983523,1,3,1
b6637d165,1,1,1
c60e6aff7,1,3,1
ec7517f68,1,1,1
3304185a1,1,2,1
d7dc2efde,1,3,1
25560b530,1,1,1
59b224cc9,1,3,1
32ef0472e,1,2,1
51022a643,1,3,1
4f7aa1d3c,1,2,1
8b63e1b21,1,3,1
7395053bc,1,2,1
700de2c49,1,3,1
d39c87657,1,1,1
6dcbe818e,1,3,1
88030e16e,1,3,1
694caa813,1,1,1
4eb61ccb3,1,3,1
99558286a,1,2,1
d9033fea0,1,3,1
8e0c995a9,1,3,1
eb8620132,1,3,1
b279ec774,1,3,1
261cbe336,1,3,1
e02b6a2d4,1,2,1
c12b5f5de,1,3,1
7f8955f6a,1,3,1
9809485bb,1,3,1
9397426ea,1,3,1
865e968b4,1,2,1
7a25c5a12,1,3,1
cb9cffdff,1,3,1
b8d07c37b,1,3,1
f0ac69be1,1,3,1
80f8877f8,1,1,1
0eaa9f888,1,3,1
11960b9ed,1,1,1
9d24c695e,1,3,1
90e1edc71,1,3,1
3c273e42f,1,3,1
9dd9f107d,1,1,1
58fe1756c,1,2,1
ebbf04d10,1,2,1
2b4b4e40c,1,2,1
e7fbd95a9,1,3,1
30dbb2e50,1,1,1
1d46f1061,1,3,1
71c3f9254,1,3,1
3d181b3c6,1,1,1
3536e1efd,1,2,1
de993d8ad,1,3,1
f8233b736,1,2,1
76e071fcb,1,1,1
d8c1859cb,1,3,1
9ef475fbe,1,2,1
2ea365a6f,1,2,1
42e7de7c0,1,3,1
71ad8e81d,1,3,1
7ca780c35,1,2,1
c039154f9,1,2,1
eea0cb464,1,3,1
09c629b05,1,3,1
4be73c550,1,1,1
4683d863b,1,3,1
ff05d4438,1,3,1
6d8793638,1,1,1
79b514f79,1,1,1
9102809eb,1,2,1
4e7a22c99,1,1,1
8c36b62a9,1,3,1
5bda8f113,1,3,1
943e9242f,1,3,1
6d59be88d,1,3,1
181fb7dae,1,3,1
0ce98d199,1,1,1
1aef9fc86,1,3,1
b386bb45c,1,3,1
b7fa5b815,1,1,1
070faf086,1,3,1
36a216956,1,3,1
ae524a36a,1,2,1
391e0cefd,1,3,1
a0ece637e,0,0,0
9eb042155,1,3,1
c9646e275,1,3,1
7d2fe6bb6,1,1,1
154d24447,1,2,1
9e0b14cf6,1,3,1
80fcac43d,1,3,1
a2b42f2e5,1,2,1
ba8d53f1e,1,1,1
d23a8d771,1,1,1
3697f94e1,1,1,1
0baab7556,1,1,1
6f85ce1a9,1,3,1
f24991ef7,1,3,1
9c263fbc4,1,2,1
a0cc9df12,1,3,1
e825b8b9f,1,2,1
c4feb7269,1,3,1
14357e2ed,1,1,1
056437112,1,1,1
abc69ab7f,1,2,1
4137d96a2,1,3,1
dd5797b7f,1,1,1
59d4947b6,0,0,0
28c005011,1,2,1
3f5f5782f,1,1,1
dc0ee2c73,1,3,1
124f45c2b,1,3,1
8908c9d99,1,3,1
8f21fee9f,0,0,0
bcf13ec9d,1,3,1
0f3434f36,1,3,1
311479c63,1,1,1
0b57ed86a,1,3,1
2d33077f2,1,3,1
a372e8416,1,1,1
084e4c05b,1,2,1
842528c2a,1,3,1
96a1bce27,1,1,1
99ba1c605,1,3,1
d2dd62cf2,1,2,1
53549acd2,1,3,1
f981112a8,1,3,1
53d6d37c8,1,3,1
8edfea832,1,3,1
d83aa1f02,1,3,1
9e27976e9,1,1,1
dbaacc7e8,1,3,1
3a67f200f,1,3,1
c93c0faa3,1,3,1
c9439e71b,1,3,1
4f502df1a,1,3,1
9725bf4d2,1,3,1
53bcfd67d,1,3,1
949cb7ee9,1,3,1
a58d8080b,1,1,1
855de7c89,1,1,1
796774834,1,3,1
db635ae93,1,2,1
11f062cb4,1,3,1
137916924,1,1,1
f0885aa00,1,1,1
c7901e98d,1,3,1
30e66b835,1,3,1
55f34f8f5,1,3,1
1bd200942,1,3,1
f310c42f2,1,1,1
7acaea66e,1,3,1
5afe2ebbc,1,3,1
747359fcb,1,3,1
ff7ff0f3c,1,1,1
f62e604d6,1,3,1
64568c4a6,1,1,1
67221a8f8,1,3,1
2082ad764,1,3,1
8960dc21e,0,0,0
d7c661670,1,3,1
caf3220f8,1,1,1
a72a34bdf,1,3,1
8af4db3f3,1,3,1
0b59a57ff,1,3,1
2d837689d,1,3,1
da5ae6aa9,1,3,1
cc8bf5e79,1,3,1
06ecc204f,1,3,1
b022c1924,1,3,1
4a8caef08,1,2,1
c547fc4f7,1,3,1
dfa8ac290,1,3,1
642a88a93,1,3,1
5f2edae7c,1,3,1
a22c43e29,1,3,1
edf6a5240,1,2,1
92c2878db,1,3,1
d8fceeb86,1,1,1
d0b61aedc,1,3,1
89af60ff3,0,0,0
62b2ac9fd,1,1,1
bd5ac00df,1,2,1
7e87938c3,1,3,1
2db6c996b,1,1,1
e79f310db,1,3,1
f7af4ce3d,1,1,1
eea72fce5,1,1,1
9b1241ef0,1,2,1
102482c40,1,2,1
7d028bdea,1,3,1
c6556750a,1,3,1
defc7be05,1,2,1
209e4f717,1,3,1
14ae60869,1,3,1
303ecdb58,1,3,1
4463deb9a,1,3,1
502c3e7ae,1,3,1
4c1a9d86f,1,1,1
8c17f26c4,1,2,1
d9a014dbb,1,3,1
f195c540d,1,3,1
d33c9174f,1,3,1
7ddc32b12,1,1,1
3e4f81782,1,3,1
e53cf2373,1,3,1
93c9866b0,1,3,1
f2755d8bf,1,1,1
1727cfc45,1,3,1
cad137e83,1,3,1
0e8c2a1aa,1,3,1
b8d244dd5,1,2,1
4e00cd0ac,1,3,1
fd6c93d05,1,1,1
8563bddec,1,2,1
2acc0a068,1,3,1
b5033c917,1,1,1
f3b4e3f5c,1,3,1
80ae0a34f,1,3,1
ca144ac2a,1,3,1
dd8817ccb,1,3,1
b612d6ba3,1,2,1
c517992c8,1,2,1
661bcb904,1,1,1
d6e342121,1,3,1
8415aff49,1,3,1
d2be70a4c,1,3,1
e4253889f,0,0,0
c135c6b15,1,3,1
eefb8d885,1,3,1
545711134,1,3,1
133cc5f19,1,3,1
25ebacf03,1,3,1
982dce813,1,3,1
fe3e235e0,1,3,1
4e01721aa,1,2,1
0b01864e2,1,3,1
b90e6ec69,1,3,1
4298e4c15,1,3,1
0b942f000,1,1,1
bbff353ce,1,1,1
4a0cda147,1,2,1
fbed8fc1a,1,3,1
7a54b760e,1,3,1
4c5dd1f7c,1,3,1
7be394a98,1,2,1
87074d17f,1,2,1
2502292c8,1,3,1
a578345c4,1,3,1
052b0ada8,1,3,1
529025eb8,1,3,1
3d3aef491,1,3,1
2b3fc0265,1,2,1
c37cd2095,1,2,1
d075365c0,1,3,1
a79fe858d,1,3,1
fd279ad95,1,3,1
c1ba2169b,1,3,1
36632f72b,1,3,1
9e380d9a2,1,3,1
d01e08ee2,1,1,1
fc4b199fa,1,1,1
b05a3ca1d,1,1,1
ed6684f3a,1,3,1
27bf3ae34,1,3,1
753654b70,1,3,1
3613869b2,1,3,1
cec359a78,1,3,1
ebcdfedd2,1,3,1
f39fef7c1,1,3,1
a4fb2d366,1,2,1
7f4fb6f7e,1,3,1
05935bf08,1,3,1
bd248bb10,1,3,1
6c5f1f0a3,1,3,1
d4c9eaede,1,1,1
ce788268c,1,3,1
bd30ea4fa,1,1,1
6dac572be,1,3,1
cdab9b66a,1,3,1
fb0180584,1,2,1
400cbe759,1,3,1
281e2d7e8,1,1,1
bf74b13ab,1,3,1
01ba4e94d,1,1,1
02d6020a9,1,2,1
bf12ff750,1,1,1
36ccd9729,1,2,1
12f9b8e6c,1,3,1
468cec390,1,3,1
b80b51bda,1,2,1
b2a23ac85,1,3,1
a92b06d0f,1,3,1
7af7d9cb6,1,3,1
99558ec92,1,3,1
4d20f6163,1,1,1
d6cfa5d4b,1,2,1
fc5e81c00,1,3,1
cb0309848,1,3,1
a72e084a4,1,1,1
5e390710c,1,3,1
056cc22d2,1,1,1
8ced67d36,1,3,1
81b5f684a,1,1,1
204a3b926,1,3,1
311ad9ac5,1,3,1
642ed14e6,1,3,1
640e18ef0,1,1,1
ab8386c6d,1,1,1
3f734b97c,1,2,1
4f5f178e6,1,3,1
c8be6ec3c,1,3,1
b63d76ef4,1,3,1
8435e081c,1,2,1
eca179f5f,1,3,1
9c580ca06,1,1,1
706c85343,1,3,1
73501589f,0,0,0
201d52dee,1,1,1
94fa9ff25,1,1,1
06bf9e676,1,1,1
4ccb3f896,1,3,1
281618ba5,1,3,1
515462e67,1,3,1
35f9818a7,1,3,1
260f532b1,1,2,1
e25d4dcb1,1,1,1
5c810c552,1,3,1
54c2d49bb,1,3,1
30dd541af,1,2,1
19dcd4753,1,2,1
3209cdc3c,1,3,1
e80386a28,1,3,1
9b980624e,1,3,1
6f3e5cbd8,1,3,1
b4f1bc76e,1,3,1
4669945ed,1,1,1
1b932e373,1,3,1
a0f88616c,0,0,0
b0c918c91,0,0,0
59e24567e,1,3,1
50361acf5,1,3,1
50e35cd70,1,3,1
7330b19a5,1,1,1
050277142,1,3,1
69262e404,1,1,1
a6fc65f2d,1,2,1
19f4d65b7,1,3,1
76288167b,1,3,1
f93283e0c,1,3,1
685cbaf7f,1,3,1
cdc958646,1,3,1
6be0a8fcd,1,3,1
151d50f53,1,3,1
a81084ff0,1,3,1
b82317efb,1,2,1
e0b6196d9,1,3,1
133a0db2c,1,2,1
c712cfd20,1,2,1
467614705,1,3,1
26848ac26,1,3,1
88ac92eed,1,3,1
9fa760b69,1,3,1
3a0e3b527,1,3,1
c6acce195,1,3,1
04e7d89c0,1,1,1
f1c49dd17,1,3,1
93f758039,1,3,1
ba58bb1a4,1,3,1
85b57bb1e,1,1,1
0bc3f09be,1,1,1
0f311b358,0,0,0
32148e0fc,1,2,1
da8d4a273,1,3,1
7d526090e,1,2,1
deeea2b65,1,1,1
c9ebb9992,1,3,1
085c9be4a,1,3,1
12380b365,1,3,1
4ce0b81f5,1,3,1
cc60d07c7,1,3,1
f03979157,1,1,1
3a4178fe9,1,3,1
355743336,1,3,1
97db95d21,1,3,1
e42dc215d,1,1,1
11ad894e6,1,3,1
2b5a3c81d,1,3,1
79d32926c,1,3,1
6029bf590,1,3,1
df76ee4c1,1,3,1
df6f884c0,1,3,1
78ad8f1a2,1,3,1
311e28b8b,1,3,1
9b9e24b37,1,1,1
c3ae3e118,1,3,1
9866d1bd1,1,3,1
9193e335e,1,1,1
78c217b2a,1,3,1
cd617c72c,1,3,1
3089a5bd8,1,2,1
cb5597fb1,1,2,1
1a3a45096,1,2,1
382e4bddd,1,3,1
944db63df,1,1,1
1d03b6d7c,1,1,1
7cbad35f9,1,3,1
6e6d8b614,1,3,1
e3a5332ce,1,3,1
e5e083218,1,2,1
b75594e30,1,3,1
2cdb96709,1,3,1
0bd2d5882,1,1,1
ea319fdec,1,3,1
300337abe,1,3,1
90a967a14,1,3,1
76358e754,1,3,1
df8ad80b3,1,3,1
8dd958339,1,3,1
796382bf4,1,3,1
81a176a02,1,2,1
e93afb8ff,1,3,1
67e7da152,1,3,1
d721ed589,1,3,1
6f2721c52,1,3,1
1a018ef15,1,3,1
8c4c4bc6e,1,1,1
1bb0600a7,1,3,1
e04df6caf,1,3,1
62d6817ab,0,0,0
faf6a8cd0,1,3,1
86d203b94,1,3,1
093a35049,1,3,1
2e6fc0342,1,2,1
f849d1829,1,1,1
32918fcdf,1,1,1
a2edd6e44,1,2,1
44b6a5b46,1,3,1
abdeff83f,1,2,1
f2a6e7dac,1,3,1
8311f29c4,1,1,1
b1da9f428,1,2,1
f54bef6d6,1,3,1
b12bdec95,1,3,1
69c8c9463,1,2,1
aefafcc66,1,3,1
8eb134074,1,3,1
8910f2f5e,1,3,1
45bf47f58,1,3,1
190eba3c6,1,3,1
228d72748,1,3,1
e21d09b79,1,2,1
833c51fd2,1,3,1
38e12233c,1,2,1
4d6a996c1,1,3,1
52238d3bf,1,3,1
2e1e8bbe3,1,1,1
e99c4a55d,1,1,1
bd870f5b1,1,1,1
727a1c793,1,3,1
24afd5f54,1,1,1
abe8790ba,1,3,1
d2d9924f0,1,3,1
162e06c01,1,1,1
29900d942,1,2,1
018cb4eaf,1,1,1
5419155f2,1,3,1
48f5de7e9,1,3,1
cad1a9f54,1,1,1
952501bdb,1,3,1
798f4a1e4,1,3,1
98c17f102,1,3,1
4a67bf90d,1,3,1
e152df77a,1,3,1
26627b528,1,2,1
fea00b643,1,1,1
dde8ffd00,1,1,1
2c15f3086,1,3,1
8a1b27ab1,1,3,1
a0bdb767f,1,2,1
46b603304,1,3,1
6b820b13d,0,0,0
ced0659f2,1,2,1
bea0802eb,1,2,1
cd7ee75c5,1,3,1
066521b34,1,3,1
bd37ccdd5,1,3,1
35f8b4bff,1,3,1
5b56430cd,1,1,1
1d6944a82,1,3,1
36ab1bdc9,1,3,1
d6ad64584,1,3,1
7314cb848,1,1,1
492fe3371,1,3,1
4e4ba4429,1,3,1
bdd606969,1,3,1
d111847a0,1,3,1
ab2bb4a0c,1,3,1
c9151664a,1,3,1
9e25c09b2,1,2,1
eabef1496,0,0,0
ff832cb7e,1,3,1
c29fca356,1,3,1
3de6bc035,1,3,1
854319675,1,3,1
51df78553,1,3,1
fb8efea32,1,2,1
dabe9ac5c,1,3,1
235572f38,1,1,1
40b53f6c2,1,2,1
972fba985,1,2,1
2c07c1abf,1,3,1
0f796d3f9,1,3,1
9951b9762,1,3,1
b96b7da59,1,3,1
71d834666,1,3,1
1a4464471,1,3,1
19d7de899,1,1,1
eb42f77fd,1,3,1
ab09748d1,1,3,1
98e211da3,1,3,1
d4aa3713a,1,3,1
32aa78316,1,3,1
6366b7f4a,1,1,1
c0771fde0,1,2,1
009239f92,1,3,1
b2056e185,1,3,1
4f678d1cf,1,1,1
b7d753c5a,1,2,1
2e85b81d7,1,3,1
400e57095,1,3,1
74088eee1,1,3,1
d6a2a2e37,0,0,0
4463622c8,1,3,1
848c1d759,1,1,1
6d4bdde4c,1,3,1
ebba4f83b,1,1,1
91d7bd3d7,1,2,1
4c1981df1,1,1,1
378406cf4,1,1,1
aecba8ecd,1,2,1
c9a00b80f,1,2,1
2398599fc,1,1,1
27e458086,1,3,1
7439df9c4,1,2,1
1d777bbcd,1,3,1
5e6c38ddf,1,2,1
8e77a97ac,1,1,1
6aeef2649,1,2,1
c9ff29578,1,3,1
ee590e762,1,1,1
6679c179c,1,3,1
2614882d1,1,3,1
fd2f64ea7,1,3,1
96e1f20e7,1,3,1
15a491e20,1,3,1
fe3a83fe5,1,3,1
e0dbd7901,1,3,1
ba7adcbe5,1,3,1
c93e37265,1,1,1
885b7eb9b,1,3,1
577de26db,1,1,1
4225add43,1,3,1
1076dcc35,1,3,1
29bf0cb2c,1,1,1
6984c8d7e,0,0,0
5980b0699,1,3,1
d30087066,1,2,1
4335b2207,1,2,1
d73b2a4c6,1,3,1
63ddd39f4,1,3,1
dc20a0cea,1,1,1
db24c8108,1,3,1
2c007007f,1,3,1
429296d6e,1,3,1
14c6c68e2,1,3,1
6593bd2a2,1,3,1
e8ec1a562,1,1,1
ef73ab8c6,1,1,1
afaadb62f,1,3,1
ca39f5e93,1,1,1
a27b7e4b1,1,3,1
1ec7dc903,1,2,1
a2037a7b0,1,1,1
227580301,1,2,1
f95b39c6f,1,3,1
3e0ae8fb1,1,1,1
ff10041de,1,3,1
a7eb03730,1,3,1
8c89e09ae,1,1,1
f1cc9dd25,1,3,1
504ce7187,1,1,1
fc43fbfe4,1,3,1
385028a00,1,3,1
8bcb0a0e6,1,1,1
07b994326,1,3,1
0c3ce1826,1,3,1
bc14f3a48,1,3,1
d09752d1d,1,3,1
e92ed29c2,1,3,1
a655655d4,1,1,1
8140d2734,1,1,1
25c1c662b,1,1,1
6f63c5c04,0,0,0
ff96988fc,1,1,1
5112569f6,1,3,1
5df70cb5a,1,3,1
e45ec98a4,1,3,1
0fe58286d,1,3,1
c2f9689c2,0,0,0
ec138f2a8,1,3,1
0e49c7f19,1,3,1
bfbaff540,1,1,1
f47fc05a6,1,1,1
a3aaac2de,1,3,1
62e2e9071,1,3,1
1f2c63312,1,2,1
00648f96f,1,2,1
f70a1bf5d,1,3,1
6eb8a8e8e,0,0,0
a9bcc4196,1,3,1
cfe4df8c6,0,0,0
b16afc5dc,1,3,1
da5295aaf,1,2,1
afec4c35e,1,2,1
73066f6ff,1,2,1
6af981c61,1,3,1
5685ae208,1,1,1
edd61c330,1,3,1
85ca390a0,1,2,1
06dd351e6,1,3,1
f60ee7233,1,1,1
f67dcb4b3,1,3,1
140ef35de,1,1,1
c5f20f40f,1,3,1
7f7e9db52,1,3,1
28ec2de89,1,3,1
4f35cb8e6,1,1,1
721017d68,1,3,1
d50b449f0,1,1,1
5d2f7761c,1,1,1
cf795bb00,1,3,1
3141b7931,1,3,1
896bb46bd,1,3,1
e46fa829b,1,3,1
bc526d236,1,2,1
f6c91bc20,1,2,1
c0bc43dd6,1,1,1
85094deda,1,3,1
edef78673,1,1,1
3bab1eacd,1,3,1
95a89f5f2,1,3,1
61dc8345a,1,3,1
bde802b84,1,3,1
125522846,1,3,1
4a1702099,1,3,1
29aa0b74b,1,3,1
eea15297e,1,1,1
b421d0d48,1,3,1
e1f08c5b2,1,2,1
611970ebc,1,1,1
9ebf6e448,1,3,1
b3c62d7f8,1,3,1
db03ddc32,1,3,1
e25112cac,1,3,1
29466dcf4,1,3,1
5bc5b43ae,1,3,1
1f96eae14,1,1,1
4f04b1556,1,3,1
6348b55cb,1,1,1
37204e0c1,1,1,1
f5257c5e4,1,2,1
71f245b82,1,1,1
7d7a39d71,1,3,1
245434d5d,1,1,1
c70a3fcc5,1,1,1
ae38b9254,1,1,1
dbc39e84b,1,1,1
a43071ff0,1,3,1
f0057428e,1,2,1
3afe6f1fc,1,3,1
cf49e1549,1,3,1
70be9c861,1,3,1
597c27524,1,1,1
0b817da84,1,1,1
2931d3eac,1,3,1
f77452d59,1,3,1
2f72b9f33,1,3,1
a662626a6,1,3,1
33ddc2011,1,1,1
e21ecf520,1,3,1
077001793,1,1,1
689e4e3bf,1,1,1
310ea711c,1,3,1
1f949d065,1,3,1
1dcb1fe2f,1,3,1
ad90d4962,1,3,1
de67abe0b,1,3,1
d97d4b420,1,3,1
9b251f717,1,3,1
c49629a90,1,3,1
bda912e4e,1,1,1
ee5ceb065,1,3,1
2430b50b4,1,2,1
85114144b,1,3,1
b03c17502,1,1,1
7931ba838,1,3,1
a710da2ab,1,1,1
289112dd5,1,3,1
d31b3f33b,1,3,1
f9715a897,1,3,1
a1d8d917c,1,1,1
f90f6ca1a,1,1,1
55e32b4b7,1,2,1
27a8bdbf8,1,1,1
f0ee32b27,1,2,1
bf5700a80,1,3,1
803594e09,1,1,1
591f1d67c,1,1,1
b1e590596,1,2,1
4544aecf7,1,1,1
16472756f,1,2,1
4ed26a84a,1,3,1
de35c9f48,1,3,1
66f6cd1cb,1,3,1
c54b26d73,1,2,1
d11425b98,1,3,1
b7df87757,1,3,1
7ed1216f9,1,3,1
ea303d329,1,3,1
fe3d0c6e4,1,3,1
9e165fb1c,1,1,1
0c2e0fc7d,1,3,1
51c99e8fb,1,1,1
a8b9d57b4,1,3,1
d5176f7eb,1,3,1
4ea7c5d48,1,1,1
70aa95825,1,3,1
2f0e90bdd,1,3,1
2f0805ceb,1,2,1
f024e91b9,1,2,1
615af86e9,0,0,0
0adfa8a60,1,1,1
19e701fea,1,3,1
c842fa148,1,3,1
25f6db0fd,1,1,1
be0888771,1,3,1
c23b2926e,1,3,1
76a063a20,1,3,1
97bb6502c,1,3,1
31b3d9b10,1,3,1
6a8d98847,1,3,1
a5bed2b62,1,2,1
c4835ee5c,1,3,1
8167f58bb,1,1,1
04e829d49,1,1,1
37fb97f8b,1,3,1
92df22369,1,3,1
c04cf0018,1,2,1
86f7b4013,1,3,1
0a53af472,1,3,1
2de32b48a,1,2,1
cd5a7effb,1,2,1
a2a899dab,1,3,1
2fcdfb0e1,1,2,1
ea433c341,1,2,1
78f87a45d,1,3,1
1b71de34e,1,3,1
5a7207717,1,3,1
fc8220250,1,1,1
1ca9db40b,1,1,1
7f51a7e88,1,3,1
b593502c5,1,1,1
9f02a1c14,1,1,1
183eb3fe5,1,3,1
c4e0d125b,1,1,1
ea7ec0562,1,3,1
eb900ff8a,1,3,1
cf51903db,1,3,1
37438ea50,1,1,1
fb24264ea,1,1,1
7faf2e49d,1,3,1
21b90ff68,1,2,1
3622c0bcf,1,2,1
2c1c1b557,1,2,1
b7d23de06,1,3,1
f923ff77e,1,1,1
d473d632a,1,3,1
2ee5073bc,1,3,1
30e900b4a,1,3,1
3397adec3,1,3,1
86f40e2b4,1,1,1
924cc5438,1,3,1
6f3e4618d,1,3,1
84f065b56,1,3,1
467aed7e3,1,3,1
e71c9d710,1,3,1
733f9942b,1,3,1
0a9f9f178,1,3,1
283424d80,1,2,1
8fa2d16db,1,1,1
8bcdd9bef,1,3,1
4dc36183c,1,3,1
b13247816,1,3,1
6ea58b8ac,1,3,1
bedd7f1e7,1,3,1
b551658f4,1,3,1
6c7efd1a5,1,3,1
b2c120250,1,3,1
1696155ce,1,3,1
0aba238d7,1,3,1
df874dd59,1,2,1
451bf38f1,1,3,1
369dc90b6,1,3,1
d418ea0ad,1,3,1
e61aceb9e,1,3,1
2b1f83255,1,2,1
12d48709c,1,3,1
49113adb2,1,3,1
75310196e,1,2,1
f680cd37a,1,3,1
460426eb4,1,3,1
db3f7a11d,1,3,1
93d842736,1,3,1
9c95b7659,1,3,1
c552e255a,1,3,1
f4f5588c6,1,3,1
9af15c8f1,1,3,1
525b3147f,1,3,1
390689a38,1,1,1
d7a050445,1,2,1
b7da4e981,1,3,1
19caeb6b5,1,3,1
c919eb44b,1,3,1
60f317698,1,1,1
6808adf0a,1,1,1
6d1e4b433,1,3,1
04a6267e4,1,2,1
060b52c3b,1,3,1
d919bd302,1,2,1
96ba0193d,1,1,1
e2b5913e7,1,3,1
6a8ce175d,1,3,1
8dccbb182,1,1,1
6e4724604,1,1,1
e723eee29,1,3,1
e19ee42ce,1,3,1
86c412966,1,2,1
72b0f5c4d,1,1,1
a4385e043,1,1,1
e58eb3249,1,3,1
c6c8c73e5,1,3,1
c78cea205,1,3,1
dfff88c90,1,1,1
fd67a3f2c,1,3,1
3625dd7cf,1,3,1
dcf2641f2,1,3,1
10a3c8b71,1,3,1
e910d17de,1,3,1
71eb4e3d5,1,3,1
e1c40a1eb,1,3,1
c8779a4a1,1,3,1
c90558513,1,2,1
6da65afb8,1,3,1
b4475834d,1,3,1
5fc71c87e,1,2,1
3c0ca0676,1,3,1
58c5f739c,1,1,1
505ef85e6,1,3,1
204ca9f14,1,1,1
6a48f776b,1,3,1
6bf7eec1e,1,3,1
54224dada,1,3,1
25b3328fd,1,3,1
818cf6f02,1,3,1
35b51bb28,1,1,1
72acdecb7,1,2,1
c05a9c0c8,1,1,1
618ca94ad,1,1,1
469aab50e,1,3,1
0ce80622f,1,1,1
9c76163ca,1,1,1
9668972cc,1,3,1
13c4c2d4c,0,0,0
8e372fc09,1,1,1
a9e96f77b,1,3,1
8ff66c239,1,3,1
19bdaed52,1,2,1
0658597c9,1,3,1
3e373923e,1,3,1
f376f922e,1,3,1
b8dd18a5a,1,3,1
da8859f46,1,1,1
f15d587a7,1,3,1
e436c1fad,1,3,1
ce2004c9e,1,3,1
5f2623cb9,1,2,1
92bf4bb1a,1,1,1
f77a10b5f,1,3,1
8a99dadaf,1,3,1
57d8f9bdb,1,3,1
bee25f46d,1,3,1
30ca259ed,1,3,1
dcefbb974,1,2,1
da56f7030,1,3,1
1b4690d1f,1,3,1
51d3a70bf,1,2,1
5e08b9ce5,1,3,1
85d78c2c2,1,3,1
a1c1dbf8a,1,3,1
c924a03e8,1,3,1
c1a3e3aa1,1,1,1
3595648ea,1,3,1
1667eb8a4,1,2,1
dcdefed1a,1,1,1
894da0f10,1,3,1
760c7d8ac,1,3,1
fd9375e71,1,3,1
48333a921,1,3,1
f068b8fdd,1,2,1
24993107f,1,3,1
7e29d5a9d,1,1,1
12e747332,1,3,1
ea1736eec,1,3,1
1555b08c9,1,3,1
7e681c7eb,1,3,1
deda21b9a,1,3,1
81d38d5ec,1,3,1
21c163648,1,1,1
f6ae0d580,1,1,1
792b0924e,1,3,1
15a206d0d,1,2,1
1bd13d3e5,1,2,1
14efbbb85,1,1,1
44817c8f4,1,3,1
2260ef0a0,1,3,1
8867ee30a,1,3,1
41bc94422,1,1,1
af86d93ba,1,2,1
5d5e7a3a3,1,3,1
24ee3b57d,1,3,1
d1a67cee6,1,3,1
943bcd4db,1,3,1
352522dbd,1,3,1
2e4eb9198,1,3,1
0e4ef28c9,1,1,1
df926a23d,1,3,1
c06b6d8bf,1,1,1
881d46cc0,1,3,1
1fe561ed9,1,3,1
d3411347b,1,3,1
cfd819dd9,1,3,1
1a2f33fec,1,1,1
8e3fba2c2,1,1,1
13bbf723c,1,3,1
44c8447f9,1,3,1
1d86e9d9d,1,3,1
1a085d132,1,1,1
1a3da2ae5,1,3,1
a483f0d49,1,3,1
f9b0d3370,1,1,1
b114199dd,1,3,1
f45851036,1,3,1
196504d88,1,3,1
a89bfa0aa,1,3,1
1c2f669f2,1,3,1
f8654865f,1,3,1
52e6abd35,0,0,0
092e6a628,1,3,1
efc55563a,1,3,1
cc463360a,1,3,1
2469e58fd,1,3,1
c1f738966,1,3,1
42444811d,1,3,1
e301ab49c,1,3,1
fc9773fa5,1,3,1
89fd79488,1,1,1
c8e776446,1,3,1
988f48ca6,1,3,1
bcd6d7e62,1,3,1
b12b6dc93,1,1,1
ba6ea2d18,1,2,1
325a6a746,1,3,1
31da37bc0,1,3,1
80524f9cd,1,1,1
40d175d61,1,2,1
65b46ef09,1,3,1
35a6a9ef4,0,0,0
d0b9282c8,1,3,1
9fce612cf,1,3,1
67825bf81,1,2,1
2b31f1be3,1,3,1
70fb603fd,1,2,1
49c8a0216,1,1,1
662af5b80,1,1,1
f96ccddd5,1,3,1
c87b301c0,1,3,1
a3d4585c2,1,2,1
8c006c8ab,1,3,1
7ba2a5c50,1,2,1
26fdc2915,0,0,0
25dc712af,1,3,1
8b1be44c6,1,3,1
ae0076e01,1,3,1
670535e94,1,3,1
029e79030,1,2,1
919768bb5,1,2,1
6b685abae,1,3,1
49360414f,1,3,1
ca3312b77,1,1,1
a84afa62b,1,1,1
859426703,1,2,1
a428c4daf,1,3,1
2e9a64836,1,2,1
5c4742e35,1,3,1
e064d3504,1,3,1
da80c8aa2,1,3,1
870fc2931,1,1,1
99eb49749,0,0,0
50e061767,1,3,1
797bcabfd,1,2,1
57f8d18fc,1,2,1
79fd13ffd,1,1,1
f653550ac,1,1,1
241b90aaa,1,3,1
b0b33bec3,1,3,1
c68f66799,1,3,1
22adf3b63,1,3,1
00c71a320,1,2,1
0c3f6001a,1,3,1
1238ed024,1,3,1
2e392586a,1,3,1
ee7c25387,1,3,1
fc580a6eb,0,0,0
92db7f14c,1,3,1
35ec69571,1,3,1
c7ef9e0bf,1,3,1
8c5bf2766,1,3,1
11b9089f7,1,3,1
4cfee2fbe,1,3,1
e8b34f964,1,3,1
a143b5edf,1,2,1
9b95ec85b,1,2,1
9ef11ed6e,1,1,1
3a7bcfea4,1,3,1
5fcb3804f,1,1,1
0e73648e8,1,1,1
d67c5c6cf,1,1,1
68f3cfdcb,1,3,1
02cd64831,1,1,1
37ed9080d,1,1,1
7a9ca7419,1,3,1
022b37ea0,1,3,1
73a3a3b24,1,3,1
edf80e3cc,1,1,1
e486185f9,1,3,1
9012ebabb,1,2,1
b663299dc,1,1,1
7d1d0d496,1,3,1
eb939ea9e,1,3,1
44229bb72,0,0,0
45c2eb379,1,2,1
b94ddd6a9,1,3,1
e204110aa,1,3,1
3dc8f1328,1,1,1
b4570b618,1,3,1
69e10dd04,1,2,1
35a730b12,1,3,1
e5d43f373,1,1,1
123f15578,1,1,1
1a952e440,1,1,1
fd2cc8576,1,1,1
92189aa31,1,1,1
3118bb24c,1,3,1
b3185d954,1,3,1
d8d840693,1,3,1
ae0bc846b,1,3,1
3d7275647,1,2,1
f22f3578c,1,3,1
da6950564,1,3,1
567b92b70,1,1,1
3cfec8730,1,3,1
9c3f9ca37,1,2,1
143760a33,1,1,1
b62618f55,1,3,1
e42fd0fed,1,3,1
7d7e57f81,1,2,1
7c37095b6,1,3,1
f8213a645,1,2,1
66b978701,1,1,1
e30182214,1,3,1
3d939327d,1,2,1
e030b331f,1,3,1
d0c81c563,1,3,1
92dcf8a4d,1,3,1
6627a8ab8,1,2,1
6d154eccb,1,3,1
62887c0ea,1,3,1
e3d10f7cc,1,1,1
0ffe99b25,1,3,1
074042a24,1,3,1
c161afd26,1,3,1
5bc5e3faa,1,1,1
89a396d79,1,2,1
fc32f63d1,1,3,1
b607db8c0,1,3,1
bb74d75c2,1,1,1
3ecdd4122,1,3,1
16fb340bf,1,3,1
c37774c72,1,2,1
91f5bb21f,1,1,1
6c3222742,1,3,1
f319a49de,1,3,1
ea65fe96c,1,1,1
199f37bc2,1,3,1
fe5bc83d2,1,3,1
aab56f3ff,1,3,1
adff46aad,1,2,1
9a1502f80,1,1,1
6ea2ddaf2,1,2,1
b53990a1d,1,1,1
e914bdd82,1,3,1
31893804f,1,1,1
7addf37de,1,3,1
18f45d2ad,1,3,1
bbd225f09,1,1,1
8ba1566de,1,1,1
d07d9ab13,1,1,1
c36943627,1,3,1
df7aa79a4,1,3,1
46518b224,1,2,1
c226ecabd,1,1,1
37bbc6060,1,3,1
a4652e4fe,1,1,1
10022add6,1,3,1
541904323,1,2,1
144ad89a5,1,3,1
d06076338,1,3,1
668e0428c,1,3,1
9c91ae76a,1,3,1
a427984f4,1,2,1
306c74aa9,1,1,1
4cb849b69,1,3,1
3ab64c5a4,1,3,1
48f20f515,1,3,1
acf333094,1,1,1
a7fd7a703,1,3,1
d2b59ecaa,1,2,1
904b74dde,1,1,1
c8f5f9120,1,1,1
515d9508a,1,1,1
d2d37c3c3,1,2,1
a7a28b4f4,1,2,1
9aa2d99f5,1,3,1
ad463dd0a,1,3,1
86bf33207,1,2,1
65e65ba4b,1,3,1
adc7713b1,0,0,0
5902c3051,1,3,1
3653c9384,1,3,1
3a7d3c17e,1,3,1
a8da358d1,1,3,1
829ea64cc,1,3,1
9b2d6b1f3,1,2,1
54b0c0564,1,2,1
6f28d2ab3,1,3,1
29e6c171d,1,1,1
51f1d14b6,1,3,1
2db964259,1,1,1
767b3b7d0,0,0,0
380deeb29,1,2,1
ae0a993ac,1,2,1
fdfa41872,1,1,1
c98188040,1,1,1
bca8b44ae,1,3,1
236824e39,1,3,1
210c4a637,1,3,1
3e2c46391,1,3,1
2831bd2b0,1,3,1
e76b8eeb2,1,3,1
183c947eb,1,3,1
9f3e23878,1,3,1
a01a10c4b,1,3,1
be8901107,1,1,1
478312b59,1,2,1
9e4e77074,1,3,1
7f5e7cf4a,1,3,1
f54941314,1,3,1
0e0d0a9af,1,1,1
fc037ca46,1,2,1
1a0180eb9,0,0,0
037464956,1,3,1
238c76ea1,1,3,1
6cb63297c,1,3,1
229beedff,1,2,1
70335663e,0,0,0
f3207cde7,1,3,1
b617ce1ce,1,3,1
4d75e5771,1,3,1
36b57b1ee,1,3,1
ef86c51b2,1,1,1
5b539effd,1,2,1
d8f35138d,1,2,1
b3f69b209,1,1,1
a1fb1b5bb,1,3,1
90caf70eb,1,3,1
07417927d,1,2,1
c219bf074,1,1,1
5dace0494,1,3,1
58ef3eec9,1,1,1
e5d3151bc,1,3,1
1448e3b1a,1,3,1
919a7dd34,1,1,1
80034deb8,1,2,1
6dac8ec35,1,1,1
fe2d576c2,1,1,1
69f9ebfbc,1,3,1
41b98eea2,1,1,1
91e1bffc5,1,2,1
8f34b67ca,1,2,1
c458c51c0,1,3,1
6268d4d68,1,3,1
a4ade8bb2,1,1,1
bb1775dbe,1,1,1
8b8c686ec,1,3,1
858854bb5,1,3,1
cf6995fef,1,1,1
0d440b00e,1,2,1
d1878035a,1,3,1
9676b5e36,1,1,1
b86b0db65,1,3,1
7448f3165,1,3,1
355756bdc,1,3,1
b8e7085dc,1,2,1
948f580dd,1,3,1
05bde54cc,1,3,1
7e48ad81b,1,3,1
a79983c71,1,3,1
62583aec1,1,3,1
aac1167f3,1,3,1
7b49d0924,1,3,1
4a9d058f6,1,3,1
de41ebc79,1,3,1
088216e81,1,3,1
1f4378ff6,1,3,1
1663d062c,1,3,1
78a8e1b01,1,3,1
631fa08ed,1,3,1
a8e5ae23a,1,3,1
ada44e887,1,3,1
8378c8af1,1,3,1
71e5aca0a,1,1,1
f57a5c0ea,1,3,1
ff6118cc2,1,3,1
a124a31ee,1,2,1
1e115d8ff,1,3,1
5f235ec16,1,1,1
554965e66,1,3,1
f33f3512e,1,2,1
43cf0f713,1,1,1
2b38b60d2,1,2,1
408d4d8e0,1,2,1
dd5f7e678,1,3,1
cc38b3b63,1,3,1
f4821de20,1,2,1
dc1d76def,1,3,1
c66946e39,1,3,1
fff4a6420,1,3,1
f5170bc70,1,2,1
513836f07,1,2,1
e6dff6d40,1,3,1
c32eb7405,1,3,1
ce50f376f,1,3,1
c44a94d4b,1,3,1
09e9110e2,1,3,1
bbfc8a037,1,3,1
42fc9a244,1,3,1
310b5199f,1,2,1
d452218f1,1,3,1
21ae91701,1,3,1
fbb3db415,1,3,1
47fd4a840,1,3,1
d6e372a1d,1,1,1
cbdeed3f9,1,1,1
df8425410,1,1,1
ec53a8725,1,3,1
0a14ac037,1,3,1
9c1cbec2f,1,3,1
24d3b54ec,1,2,1
43156136a,1,3,1
e103f7612,1,3,1
95e206d02,1,1,1
8ff0818d5,1,3,1
59047a5a1,1,3,1
dd2452dfa,1,3,1
c86c76857,1,3,1
a7be93837,1,1,1
9223ae4c4,1,3,1
de12dc945,1,2,1
6a3ff7445,1,3,1
1a8fd6707,1,3,1
5783d40a2,1,3,1
b5ff2b987,1,3,1
bdbe9a6e3,1,3,1
4f6c8d13e,1,3,1
c135e081f,1,3,1
1dff1959b,1,3,1
d1da78c20,1,3,1
35fdb89c9,1,2,1
bc9c5a76d,1,3,1
4e8daf8fd,1,2,1
7d6847fba,1,1,1
5a5ec1a49,1,1,1
483f1aae8,1,1,1
2ff9e9534,1,3,1
af862a239,1,2,1
896e733b5,1,3,1
f67d78df8,1,1,1
90f1b0525,1,2,1
38f06e4fe,1,3,1
c42cf01ba,1,3,1
9b4dad348,1,3,1
8ab53c55c,1,2,1
28d20bc71,1,3,1
784d3319e,1,3,1
8d6208f11,1,2,1
da8326fa5,1,2,1
89dd8e9e9,1,3,1
2b980afbc,1,1,1
f1b5c8b92,1,3,1
24731a12c,1,2,1
c01daffcc,1,2,1
ab385bfae,1,3,1
04f7eafde,1,3,1
f10390965,1,3,1
45bec784b,1,3,1
8fc22fd2c,1,3,1
fe83618e5,1,3,1
c05b7439a,1,3,1
27e6b452b,1,3,1
a5746676d,1,3,1
53ac79c6c,1,2,1
0f0219fd7,1,3,1
11b20ee8f,1,3,1
8a7fcc8cd,1,3,1
6868acfce,1,3,1
12a55ba5e,1,3,1
66832a1e1,1,3,1
94563fe71,1,3,1
460ac160c,1,3,1
339a623c4,1,3,1
0073c33d0,1,1,1
3f222f11f,1,1,1
350a14e36,1,3,1
cef0e42a5,1,1,1
34fcc459a,1,3,1
9d3d3b938,1,2,1
e4deffd71,1,3,1
59d95faef,1,1,1
4b2150d3a,1,1,1
605fe21a1,1,3,1
3be9dc4cd,1,3,1
20ba919c6,1,3,1
79075eca4,1,2,1
3101ea018,1,3,1
412b8d565,1,3,1
cc0f5d3ba,1,3,1
db33da35e,1,3,1
b25ad3ff0,1,1,1
532cac389,1,3,1
63dad490d,1,3,1
47ad34749,1,3,1
4e1034525,1,3,1
4009f9200,1,3,1
f44a6cdaf,1,3,1
5601bd45c,1,3,1
f497b28cf,1,3,1
0e2bf402c,1,3,1
7964fc4ad,1,3,1
6c196faec,1,3,1
69834808b,1,3,1
8054aad26,1,3,1
a111adc75,1,3,1
dc3ebf72a,1,3,1
5c5f306fa,1,3,1
60bbc32b6,1,3,1
6831a72fd,1,2,1
c863daf49,1,3,1
cb15b5fb8,1,3,1
67d853896,1,1,1
b3b6d78f5,1,2,1
1bf044649,1,1,1
35cc85250,1,1,1
2959602fc,1,2,1
f0b2787f5,1,2,1
119835ef9,1,3,1
bec49d8b7,1,1,1
873996ad0,1,3,1
ae58f28bc,1,1,1
cec78d912,1,3,1
fd9a060d7,1,3,1
96703e01d,1,3,1
1123cd69d,1,1,1
680e24130,1,3,1
01d0a7f3f,1,3,1
bf5c5cded,1,3,1
ecad98f44,1,1,1
6c551fd9b,1,1,1
5bee46079,1,3,1
d270b074e,1,1,1
83ea92fcc,1,2,1
2dd31e8ff,1,3,1
5b72e14bf,1,3,1
86c08e68b,1,3,1
5bfb8da14,1,3,1
869a1634e,1,3,1
f61c4cead,1,1,1
fe5dc391c,1,2,1
c1816081f,1,1,1
98caf2809,1,3,1
3316a5619,1,1,1
7d73574ed,1,3,1
7c787403c,1,2,1
484af2d62,1,3,1
a2b2f53be,1,3,1
a6e37f91b,1,3,1
b02fcb74b,1,3,1
9a2b50582,1,1,1
497312a16,1,3,1
66f430d36,1,2,1
b84ad40b4,1,3,1
9eb70b7c4,1,3,1
1c67c5f4c,1,2,1
c4ea89ddb,1,1,1
718a5d950,1,2,1
11a3055b7,1,3,1
472abccfb,1,3,1
50eddd1bb,1,3,1
ac6089da8,1,2,1
5be134946,0,0,0
11c222a3c,1,1,1
b630ac493,1,2,1
8693c4e7f,1,2,1
9be11ef9b,1,1,1
828ac8371,1,2,1
474e70ba1,1,1,1
8d862cd26,1,2,1
6502dbe72,1,3,1
69a7461c2,1,3,1
de9e02d44,1,2,1
8e6e9b877,1,3,1
7169c3e3a,1,2,1
069fc79d6,1,3,1
8939a1ac8,1,3,1
58805776d,1,3,1
d4af42055,1,3,1
e04814e10,1,3,1
7ca7983b5,1,2,1
29bcccb7c,1,2,1
064217ca4,1,2,1
1ae9a98d3,1,2,1
58695e2f5,1,3,1
27226ea0c,1,1,1
bc4bbcef1,1,1,1
1bbf00182,1,3,1
15937e540,1,3,1
88666f74e,1,3,1
4e3a1f99b,1,1,1
e4d7e410b,1,1,1
965adb809,1,2,1
e1cd37f6c,1,3,1
df2fbc6a6,1,3,1
9ecb47019,1,3,1
2e55bed12,1,1,1
23941ded4,1,1,1
217fcf5f1,1,1,1
1835a56bd,1,3,1
79d5a2615,1,1,1
79bf5eb37,1,3,1
67d74124e,1,3,1
53895ad35,1,3,1
abf0f2579,1,1,1
5e0519e3d,1,3,1
282139c6d,1,2,1
a8c336257,1,2,1
62955be50,1,3,1
3d63dfd14,1,1,1
a63a0ac25,1,3,1
6314ae1c4,1,3,1
cc54b47b4,1,3,1
7ecd54695,1,3,1
c17cad5a6,1,3,1
b2b52ccf2,1,2,1
5e8872259,1,2,1
17ef602ce,1,3,1
5507b63ab,1,3,1
520dc7925,1,1,1
266aee5b3,1,2,1
e95bb9197,1,2,1
38506d4ea,1,1,1
ff7d25ffb,1,3,1
8aeda3d62,1,2,1
c7e61f3c2,1,3,1
172c8129a,1,3,1
b88f141d5,1,2,1
97cd20357,1,3,1
68b7c23f3,1,1,1
34fe22f69,1,2,1
16abc088f,1,2,1
a362ad62e,1,2,1
b1fb61b31,1,1,1
ca46b14de,1,1,1
9dca27ec4,1,3,1
d63321570,1,2,1
14a9958e0,1,3,1
ec4089e58,1,2,1
9e2039291,1,3,1
5f5bd40ca,1,3,1
d3740baed,1,3,1
df12e4d3b,1,3,1
ec182ebc4,1,3,1
350116b16,1,3,1
605ca1a51,1,3,1
e388a963d,1,3,1
c3eefdcd8,1,1,1
917c0bc2b,1,3,1
83defd365,1,3,1
6561001c8,1,3,1
e21227d75,1,2,1
dd79180bc,1,3,1
7aa682539,1,3,1
1ba42eca2,1,1,1
10050c93f,1,2,1
f45beac10,1,1,1
1c28dc555,1,3,1
e861279c2,1,2,1
f49099d52,1,3,1
14831f659,1,3,1
2edeb7931,1,3,1
69a1c3147,1,3,1
3560a3e97,1,3,1
8b86fd668,1,2,1
31b90821f,1,1,1
da3702af2,1,3,1
4eba3b5c0,1,3,1
d02c3d99a,1,3,1
ef7555da8,1,1,1
8063090ec,1,2,1
9b515d697,1,2,1
5f28b76d7,1,1,1
2ac1366f4,1,2,1
32eb3673a,1,3,1
292447561,0,0,0
e99a775d2,1,3,1
b28951b61,1,3,1
d50a1665e,1,3,1
a43d578dd,1,3,1
654acdb4b,1,3,1
6d815d3ef,0,0,0
ca902248f,1,3,1
fc48054c2,1,3,1
533916bd6,1,1,1
5d168f0e6,1,1,1
0bc671d5e,0,0,0
cfc3e65de,1,3,1
27e16a68d,1,1,1
a6593fb48,1,3,1
d5a7d4dc9,1,3,1
b119aa181,1,1,1
9d8dab6cd,1,2,1
32f97388e,1,3,1
94a4357dd,1,1,1
01e5e057b,1,1,1
04b5f77c0,1,1,1
c68936b74,1,3,1
a7e623e5a,1,3,1
249af4201,1,3,1
d3b4f29f8,1,3,1
f94c2a347,1,2,1
0c862b8a3,1,2,1
850632538,1,3,1
552ac34a1,1,2,1
0a0ec4977,0,0,0
0cdb80095,1,3,1
983879402,1,3,1
dcd7102d9,1,3,1
0977caea0,1,1,1
c1aa11cb5,1,1,1
36f1dc3b9,1,3,1
d302ad015,1,3,1
886e903a4,1,3,1
da78c5792,1,1,1
1b3492bde,1,3,1
e481cf862,1,2,1
39e9ecb70,1,1,1
7fab3c124,1,1,1
ebd3ca9e6,1,1,1
651d63dd7,1,3,1
dea01911c,1,2,1
fe854f6a1,1,3,1
82dd5838f,1,3,1
1ff11cef6,1,1,1
8aa1e5830,1,3,1
8102d6dc7,1,1,1
46f656f13,1,3,1
daeac2b84,1,3,1
e0781fb0a,1,1,1
c27f27a68,1,2,1
d2cd71ec2,1,1,1
5b0355a1b,1,2,1
c77a68714,1,3,1
1d72ec242,1,3,1
119903786,1,3,1
92c48ece4,0,0,0
f5d514b10,1,3,1
7a860f4b4,1,3,1
7d11f10b1,1,3,1
b126131d8,1,3,1
659dc9159,1,2,1
fc8388b28,1,1,1
d3ccb2482,1,1,1
1f858046c,0,0,0
51741c1b7,1,2,1
7942a5180,1,1,1
988c18c10,1,2,1
22d9719f8,1,2,1
9c7917558,1,3,1
8a9a4edd7,1,2,1
a89d4e8f3,1,1,1
c89dcf5ae,1,3,1
ea6d8cb1d,1,1,1
4d82fddba,1,1,1
d25a850ae,1,3,1
172d395a5,1,2,1
dfcbce94d,1,1,1
8581566cb,1,3,1
460edc419,1,3,1
d79342c8d,1,3,1
d5e351a09,1,3,1
5ce285f99,1,2,1
324266c95,1,3,1
a2ac8316b,1,3,1
c53fb8a18,1,3,1
660742236,1,3,1
d03356a0e,1,3,1
7a84326ff,1,1,1
b12fb6709,1,3,1
5f19552c0,1,3,1
1a6becd27,1,3,1
619f26bfc,1,3,1
f06cf606d,1,2,1
a92c2f233,1,2,1
a29c12bef,1,3,1
cae004390,1,3,1
26901ccb0,1,3,1
4715f897c,1,3,1
282678629,1,3,1
2683c99f1,1,3,1
6c83d00bf,1,3,1
f94ea9d92,1,2,1
a58fef87c,1,1,1
c251767cf,1,3,1
b26fcffaf,1,2,1
50723f2c3,1,1,1
8a804d93c,1,1,1
bef935312,1,1,1
1fbf04fab,1,2,1
ef1d7c2a1,1,2,1
7ff817b98,1,1,1
df1507e61,1,3,1
58396d68b,1,3,1
c69bdf768,1,3,1
902114441,1,2,1
d40c291a9,1,1,1
ab8dfa983,1,1,1
f922ee758,1,2,1
d7185ffc1,1,3,1
65afa2be4,1,3,1
4b949e5c7,1,1,1
041dd606f,1,3,1
933b2b3d4,1,3,1
4f4028c04,1,3,1
8606e8738,1,2,1
d2f216860,1,3,1
906ee1877,1,1,1
01573c686,1,3,1
733ccdc63,1,2,1
ec5aeb98a,1,3,1
5a567392e,1,3,1
5347d6835,1,1,1
0cb52145c,1,3,1
283ce4b9b,1,3,1
3d1d0f102,1,3,1
e6d59d514,1,1,1
19904f24d,1,3,1
ce9d5fb9f,1,3,1
2d9bdbca9,1,2,1
2ad939a78,1,3,1
ff065ec7b,1,3,1
3e768f382,1,3,1
7e3680561,1,1,1
6003cc8cf,1,3,1
e92713811,1,1,1
ac94029d4,1,1,1
0f58e5dd5,1,3,1
079565e72,1,3,1
4745e5286,1,2,1
80f1863b8,1,3,1
b24ac527f,1,2,1
2d3418da5,1,3,1
05c46d875,1,2,1
59b66be84,1,2,1
bb675d874,1,3,1
4f402845d,1,3,1
89788a8fd,1,3,1
e6aceb97f,1,1,1
0058586f1,1,3,1
f53c216e2,1,3,1
4175a27e1,1,3,1
fa41fb473,1,3,1
ca7a148c0,1,1,1
e2257ac60,0,0,0
a14caa3ea,1,3,1
966598774,1,3,1
4012be917,1,2,1
fab074a0d,1,1,1
39b7ed1c3,1,2,1
8534310cc,1,3,1
4a6cad15c,1,1,1
c6da0beba,1,3,1
43ae30dd8,1,3,1
015da9e87,1,3,1
3e5627478,1,2,1
64c6eb71c,1,3,1
afb230f5a,1,3,1
8660ad37b,1,3,1
9a32cab94,0,0,0
fded1ee28,1,3,1
cd2451ab4,1,3,1
a0fb6cd44,1,3,1
de993a4c9,1,1,1
9c64232b3,1,2,1
58906d012,1,3,1
492f70d19,1,3,1
fd32c2466,1,3,1
c14b2f3da,1,3,1
f68a56b90,1,3,1
a98d5b83b,1,3,1
991b35363,1,3,1
08f54d056,1,3,1
ff3d455a0,1,3,1
17a5487d2,1,3,1
19745f3dc,1,2,1
9804a7d82,1,3,1
afdc5f01d,1,1,1
ff1613693,1,3,1
64f41ee68,1,1,1
403aa5c4b,1,1,1
ef4dce041,1,3,1
24fd7c8d8,1,2,1
5cbe99be7,1,2,1
6f07e7abf,1,2,1
be16b20d6,1,3,1
9b56301b6,1,1,1
24fc91fae,1,2,1
ec13e5f25,1,3,1
324232e54,1,2,1
f6beefaeb,1,3,1
bd59fdd99,1,2,1
a6236b3b8,1,1,1
17ac391be,1,3,1
01dac4b22,1,1,1
ae4ebeb3e,1,3,1
c3208c19d,1,2,1
1758efd47,1,3,1
797725280,1,3,1
8f26b1b5c,1,3,1
982564925,1,3,1
7b01ae317,1,1,1
45c718348,1,3,1
a8f735068,1,1,1
8d51c3200,1,2,1
86386b0c0,1,3,1
b9568ee6f,1,1,1
94918fff6,1,2,1
ac809f1ba,1,3,1
61fdcb2ec,1,3,1
406f92f52,1,3,1
a55f8d58a,1,1,1
816005a03,1,1,1
b6106ecb8,1,2,1
ab22c3350,0,0,0
cac68ead1,1,3,1
9d72113d5,0,0,0
c8c313331,1,3,1
7cf995ca4,1,1,1
ce344f70e,1,2,1
a7344d7f5,1,3,1
6b6cdfdfe,1,3,1
4525391a7,1,3,1
e09995135,1,3,1
e3e70d2b0,1,3,1
78c894840,1,3,1
bcf546cb8,1,3,1
b5c553616,1,2,1
6c3d7237b,1,2,1
196f95fdb,1,3,1
2340f8360,1,2,1
a528683b3,1,3,1
d5ba03e9a,1,3,1
229d33382,1,3,1
664d0bed8,1,3,1
21655a8bc,1,3,1
01b26743c,1,3,1
879ce67b8,1,3,1
cb278aa01,1,3,1
e315452b5,1,2,1
83dff4077,1,3,1
6d6bb4a66,1,3,1
805dcae38,1,2,1
5264f98c4,0,0,0
c76384236,1,1,1
b9aead110,1,3,1
b4226db5f,1,3,1
b147d1870,1,3,1
2a19120e7,1,3,1
a9575b655,1,3,1
108da3f0d,0,0,0
951352bea,1,1,1
93685a66f,1,3,1
7d18ee078,1,2,1
a1188fdb7,1,1,1
68df0b84c,1,3,1
8d7c78428,1,2,1
4194f0f66,1,1,1
94d930dae,1,1,1
85fd5df90,1,2,1
4c9e42452,1,2,1
53abbdf1d,1,2,1
d37de633e,1,1,1
a5f08e991,1,1,1
92f84c5b7,1,3,1
480f33a74,1,3,1
fe38b7b23,1,3,1
48bfc494a,1,1,1
aac68c707,1,3,1
ecbd85af1,1,1,1
5b64325b9,1,3,1
87c19915b,1,3,1
f21d7ec45,1,3,1
8a2faaf1f,1,3,1
92fae4396,1,2,1
0e6c32c9f,1,3,1
f0d5ff33a,1,3,1
948a1a82c,1,3,1
db044e38b,1,3,1
df0b49ce7,1,3,1
683f1dfd8,1,3,1
ee5f5db50,1,3,1
6ab29b3d4,1,2,1
67ab87b4a,1,3,1
c37bb10fd,1,1,1
f1953d1cd,1,2,1
81694b7db,1,3,1
4501e7e4f,1,3,1
9c680abbe,1,3,1
8d876343e,0,0,0
ef9154afe,1,3,1
4c40ad026,1,3,1
19d68bcc8,1,2,1
ac0cedc9c,1,2,1
1b154dffa,1,3,1
8a6f0c997,1,3,1
38664cbf0,1,3,1
4347c35e5,1,3,1
975091325,1,2,1
a2a6b4117,1,3,1
94438a5c5,1,3,1
6eff0639c,1,2,1
91add3784,1,3,1
0940ecf2b,1,3,1
067d0ccd3,1,3,1
1d4d75d35,1,3,1
1e0be9e49,1,3,1
f8e3fabe6,1,3,1
48769873a,1,3,1
acb614bba,1,3,1
a561b2487,1,3,1
c6e763332,1,1,1
d5d8c9fc1,1,1,1
031a01c36,1,2,1
eb3b2ad1f,1,3,1
0dca551f0,1,3,1
da3be5cb2,1,3,1
0f4291ce6,1,3,1
fff6f2f61,1,1,1
e98593be6,1,3,1
0e4cf50f4,1,2,1
0ac6fe826,1,3,1
576dcc546,0,0,0
b2385d700,1,3,1
a47931d69,1,2,1
5f9cf8892,1,3,1
6258b0d76,1,3,1
ebeebeee4,1,3,1
e472219f1,1,2,1
64c4f9057,1,3,1
28fe42572,1,1,1
b00d0fe1c,1,3,1
4e9a13862,1,1,1
ffaa73202,1,1,1
1a0ee9580,1,3,1
277014d80,1,3,1
65daac431,1,1,1
d1ef3e54a,1,3,1
b6256e92e,1,1,1
775d4b52e,1,1,1
7ea900f4d,1,1,1
6cdc6cab4,1,3,1
9ccf125f1,1,3,1
ae1362961,1,3,1
10ae2697f,1,3,1
ad8b0d9d1,1,2,1
d49ea4e84,1,3,1
fe5d572be,1,3,1
b80074591,1,2,1
15bcbb6e2,1,3,1
ea099a3ec,1,3,1
ebd128d90,1,3,1
0bd867d1b,1,1,1
fcf5f5a0d,1,3,1
040d87bbb,0,0,0
baefc2985,1,1,1
718b14a08,1,2,1
8f3392f18,1,2,1
aad08c47b,1,3,1
ea383096f,1,3,1
0f9d7b0f9,1,3,1
7188b5e8c,1,1,1
95696f11b,1,3,1
cb0f41a00,1,3,1
8a9465eee,1,3,1
d734c881a,1,3,1
89a41673f,1,3,1
05febeea3,1,3,1
bdb6ebb91,1,3,1
34482d66a,1,2,1
fadae6510,1,3,1
724736153,1,3,1
6dc2f0739,1,3,1
b4d6d190d,0,0,0
59913444e,1,3,1
47453584e,1,3,1
0dfa8e172,1,3,1
694b994c8,1,3,1
756d92515,1,3,1
c2284e2e9,1,3,1
112ae92e0,1,3,1
fcd19b26b,1,3,1
9daaa4e8f,1,3,1
c51c9e136,1,2,1
058d37dda,1,3,1
52a88696e,1,1,1
fed43b600,1,3,1
a06b5eb73,1,3,1
411792ceb,1,3,1
0164a9cfb,1,3,1
426132585,1,3,1
245bfe92f,1,2,1
82a108c64,1,3,1
76f668025,1,3,1
448770499,1,1,1
c5d1b9bf9,1,1,1
a706b0eb9,1,3,1
ad786540e,1,1,1
d30dcea91,1,3,1
6984b9727,1,2,1
74f391caa,1,3,1
1bbe4e4f0,1,1,1
894ab719d,1,3,1
6cf098e3a,1,3,1
536af3840,1,3,1
ef55e89bd,1,3,1
0d1067e63,1,3,1
682ed2e7b,1,3,1
5bb802fa1,1,3,1
a952a211e,1,1,1
a39e58f1f,1,3,1
0d85af6c4,1,1,1
a6d3839d8,1,3,1
7a3471df7,1,3,1
d092253a0,1,3,1
4b378329b,1,3,1
3ce643dc5,1,1,1
1a8503d2f,1,3,1
6344c2cde,1,2,1
cf2ae9919,1,3,1
3c3ff9ffb,1,1,1
52cf4a759,1,3,1
440676acb,1,1,1
5ea10e37f,1,3,1
02f37d829,1,3,1
37d0748c2,1,1,1
2e562fa52,1,1,1
02468e968,1,3,1
f3367a65d,1,3,1
8cf927527,1,1,1
94ec1c180,1,3,1
505c5d7c6,1,3,1
9cd08bb2c,1,3,1
5dd3f3eb0,1,3,1
68d430cbd,1,3,1
cfd87918e,1,2,1
4f18ce587,1,2,1
ec553a900,1,2,1
9003318e5,1,2,1
e26125d75,1,3,1
0a71e754f,1,2,1
3d2745318,1,3,1
c8049d235,1,1,1
01231c438,1,3,1
bc7956085,1,3,1
872d79999,1,3,1
7575371db,1,3,1
84fbd99d9,1,3,1
acf9a72ca,1,1,1
b03336851,1,3,1
cef342d22,1,3,1
392df6910,1,3,1
488cefe35,1,2,1
d3c79cf76,1,1,1
b631b7e4a,1,3,1
810b069f2,1,1,1
d3b7112e2,1,3,1
e58bc75d7,1,1,1
18751b49e,1,3,1
a5f6e77bf,1,1,1
b0d4b988a,1,1,1
fa0010ce5,1,1,1
f27915d51,1,2,1
954a6e415,1,3,1
69daafdd4,1,3,1
7b7b7b71e,1,3,1
50fe7d515,1,3,1
3589a8a0d,0,0,0
ac52ba660,1,3,1
71f895aa2,1,3,1
082838f84,1,1,1
be07596c5,1,3,1
5042c6414,1,3,1
4f8a564a2,1,1,1
046d3a9d9,1,3,1
c74abc080,1,2,1
77f9b1470,1,3,1
0d9cdfbde,1,3,1
685010499,1,1,1
9cb525274,1,3,1
8813e5e4d,1,2,1
790a68c0c,1,1,1
cad8537e1,1,1,1
9a875f3f6,1,2,1
652f89d34,1,1,1
a06a2ee4e,1,3,1
3525855b3,0,0,0
6a8f9aa52,1,3,1
372f9cf86,0,0,0
00709d75b,1,3,1
b85cdc8a5,1,3,1
b06c1ad30,1,2,1
d62c55d90,1,3,1
2c0a3e57e,1,1,1
95c01e235,1,3,1
015770429,1,3,1
bcb22c952,1,3,1
770eca5eb,1,3,1
13296aae7,1,3,1
2a92877f7,1,3,1
7ac66a1c2,1,1,1
73f5dad5b,1,3,1
25fc96414,1,3,1
e935ae1d8,1,3,1
09b5921e9,1,3,1
d946f7a55,1,3,1
58e24d608,1,2,1
3c0450f2f,1,3,1
80fd005d2,1,3,1
ecb3e47a6,1,3,1
3c97d1670,1,3,1
eeaa5c53c,1,3,1
89bac4c29,1,1,1
b5f105607,1,3,1
b3111f360,1,1,1
7c9fdd0ca,1,1,1
40fcff82b,1,3,1
6e77550de,1,3,1
c31f3d3f3,1,3,1
4b6c04393,1,3,1
19272319c,1,2,1
2560aee80,1,3,1
18ee92cdf,1,3,1
ed9d88a61,1,2,1
b5521c7e1,1,3,1
4ff447944,1,1,1
7ea357093,1,3,1
895f73f14,1,3,1
2b34c70e7,1,3,1
e39881452,1,3,1
b4cc525db,1,3,1
41e792442,1,3,1
40d430494,1,3,1
52af450f8,1,3,1
db1f9bca1,1,2,1
e22b9edd0,1,3,1
303b3795f,1,2,1
6f2b619bb,1,3,1
8bf0f354b,1,3,1
457bdfb16,1,3,1
5188ce75b,1,3,1
cb568959e,1,3,1
12ba67e43,1,3,1
5457a593a,1,3,1
9f9bfa4d9,1,3,1
f780d04ae,1,3,1
8c70e9de2,1,2,1
18c3b1a1a,1,3,1
9d9197e7e,1,3,1
5bd62c76f,1,3,1
ada93cece,1,2,1
4405cc72c,1,1,1
363a00ab0,1,2,1
e6b64b212,1,3,1
4bb96a979,1,3,1
d59c369c3,1,3,1
868dcd617,1,2,1
9385e1d2e,1,2,1
bbcaecdd4,1,3,1
fae1e95de,1,1,1
979e3f8f7,1,3,1
16ac32123,1,3,1
254c3305f,1,3,1
2813f2ff9,0,0,0
8bda483ec,1,3,1
d8a94961e,1,3,1
f222ca167,1,3,1
25b827551,1,1,1
83d36f269,1,3,1
a71f9ca6b,1,2,1
90b438e96,1,2,1
f2fba72d2,1,1,1
26cb1c2c0,1,2,1
9fecfc736,1,3,1
3d136a793,1,3,1
ae9a09ad6,1,2,1
fb53fe33d,1,3,1
0d653b602,1,3,1
6ac7e0c51,1,2,1
3bb1086d6,1,3,1
9fb89d88f,1,3,1
e4941c40c,1,3,1
bf6e18567,1,3,1
01da89f29,1,3,1
67e8df1d3,1,3,1
21178f3b0,1,3,1
47cda4c03,1,2,1
a234c6496,1,3,1
71419d422,1,2,1
44cd12263,1,3,1
508df8433,1,3,1
73d7bb2ce,1,3,1
44c2e1fd1,1,3,1
19fd91f5b,1,3,1
ab17ce306,1,3,1
ab503c64a,1,3,1
abe9e2d91,1,1,1
2edfe6ec8,1,3,1
c0096c460,1,2,1
de445d837,1,1,1
8b1abca6a,1,3,1
4de32c463,1,2,1
626b056b5,1,3,1
2563127ad,1,3,1
69d413ff2,1,3,1
4084b0a93,1,3,1
8df053c7e,1,3,1
22145fe75,1,2,1
b35e6306c,1,1,1
564356241,1,3,1
9e5ba0e42,1,2,1
05d8b5a9d,1,3,1
2391fcc9d,1,3,1
8f2946027,1,3,1
6326958d4,1,3,1
7a8fc4913,1,1,1
72d77924a,1,2,1
8ee8b9d0f,1,1,1
653b3e668,1,2,1
4c74d479c,1,3,1
c3a2d4d83,1,3,1
f02ef09d7,1,3,1
d5f80598c,1,2,1
bdb89b424,1,3,1
03e5bf50b,1,3,1
50abab539,1,3,1
66c28f55b,1,1,1
3cdaf32d2,1,2,1
73d6ab7d7,1,3,1
082b9a2de,1,3,1
1b5dbc3cf,1,2,1
787086e9d,1,1,1
662011890,1,1,1
c0488da92,1,1,1
195c119c9,1,2,1
32d8fa52b,1,3,1
1ee752de1,1,3,1
12a280806,1,3,1
272a3fb52,1,3,1
639fed947,1,3,1
ace8a42bd,1,3,1
6dbb13673,1,3,1
b2937acb6,1,1,1
27dd38817,1,2,1
19926213a,1,2,1
0b0d903f4,1,3,1
168f1c6e9,1,3,1
718c4b524,1,3,1
4887999cc,1,3,1
e772235aa,1,1,1
fbc0c9535,1,3,1
854b2bc3b,1,3,1
cb256c605,1,1,1
e0e8d63df,1,2,1
16eefbec7,1,3,1
be84c367d,0,0,0
d4bc5b7ca,1,1,1
ebe1f2665,1,3,1
e5cf352b2,1,3,1
07dd9a0a5,1,2,1
32efae9d5,1,1,1
1f6849a20,1,3,1
a68e8378d,1,3,1
9aabc0113,1,2,1
ffef9a2af,1,3,1
ea6129e3d,1,1,1
1499fbe78,1,3,1
a75bbea18,1,3,1
6f551693a,1,3,1
53c344d06,1,3,1
5250b8bc3,1,1,1
9a1715a97,1,1,1
c3cef1c4b,1,3,1
9a218ea6c,1,3,1
9de6b8550,1,2,1
de813940a,1,3,1
69f8a53c8,1,1,1
22992ecd0,1,3,1
36681852f,1,3,1
a98a5b0e8,1,1,1
c874c7c7c,1,3,1
b67778d17,1,3,1
d20ea312e,1,3,1
2ba708d92,1,1,1
1e6c42df6,1,3,1
cab92d5a3,0,0,0
91efb738a,1,2,1
9fe3f6afa,1,3,1
c30f7cde0,1,1,1
c24516b64,1,2,1
a7676842c,1,3,1
53abff075,1,1,1
2318247fb,1,3,1
230b9040d,1,3,1
c22078c20,1,3,1
c3270683d,1,1,1
55b797c90,1,3,1
a17411df1,1,3,1
9b11972b0,1,3,1
88c07e663,1,2,1
71aed274c,1,2,1
de489fcd8,1,2,1
a37e46e35,1,3,1
103dd7bb1,1,3,1
dcd0002db,1,2,1
dd62a2e7f,1,2,1
85332d295,1,3,1
9acf4992b,1,3,1
468ba458d,1,2,1
104c799db,1,1,1
e83e05a06,1,1,1
99459c30d,1,3,1
889ae00e3,1,2,1
d1a11cf42,1,3,1
b5b9449db,1,3,1
26c3a9079,1,2,1
2cb9d0599,0,0,0
78c3c7f21,1,3,1
64904cb52,1,3,1
e2f39a17e,1,2,1
fa323e99f,1,2,1
50d766c25,1,2,1
d6f0972d4,1,3,1
37f8a39c4,1,1,1
50f87522f,1,3,1
b4b4969b2,1,3,1
d1be4f433,1,3,1
7982ae716,1,2,1
4eb9c5991,1,3,1
0532bf9d3,1,1,1
731a2ef80,1,3,1
7d930d08c,1,3,1
f00413d87,1,2,1
30fff49fd,1,3,1
b1a6fb38c,0,0,0
207298884,1,3,1
d81afce4f,1,3,1
216840542,1,3,1
c28b3a879,1,3,1
f220ae6cd,1,3,1
bb76bfc79,1,3,1
19b7a9e47,1,3,1
902087c95,1,3,1
4dd8dd451,1,3,1
0acd95320,1,1,1
f13821512,1,3,1
c2e4ec0c2,1,3,1
f726dd490,1,2,1
7c8053564,1,3,1
695925a2a,1,2,1
8ad59da0e,1,1,1
c62de8a15,1,1,1
dfd0fbde8,1,3,1
83705e888,1,3,1
c2fe3684a,1,2,1
1877d9a0d,1,3,1
ddf06fabf,1,2,1
c1d58a395,0,0,0
5ec697bec,1,3,1
3c1cc2c24,1,3,1
5af078de1,1,3,1
5b22f97b3,1,3,1
0fe10670c,1,3,1
1fc6f94cc,1,1,1
282f456cb,1,1,1
5b269c6aa,1,1,1
baf49463a,1,3,1
db4a0242a,1,3,1
3760c73b1,1,1,1
6198e214e,1,3,1
eef0fa0ef,1,3,1
53037f091,1,3,1
6316b9647,1,2,1
80e8288c9,1,3,1
8abd212c6,1,3,1
082c6dee3,1,3,1
2e65d72c2,1,3,1
46b2782d5,1,2,1
61c5987cd,1,3,1
2f3ff5116,1,2,1
cbd066eaf,1,3,1
5e7b512bb,1,2,1
ce2319154,1,1,1
215b68785,1,2,1
11948e0ef,1,3,1
fd7811109,1,1,1
bfdde77ff,1,1,1
99a705efe,0,0,0
48088c0e2,1,3,1
944a5fec2,1,1,1
c47497b30,1,1,1
0c3cb3d44,1,1,1
858f4c013,1,1,1
7b1211e80,1,2,1
6ae5689d3,1,2,1
ed8e10562,1,3,1
6ac38f654,1,3,1
4b69bf0e7,1,3,1
a94db6dc4,1,3,1
62613fb88,1,2,1
f05a5801b,1,2,1
ad160afc4,0,0,0
435bb3995,1,1,1
f7c487e58,1,3,1
037b1c131,1,3,1
dd9bf8c28,1,2,1
776f7e340,1,3,1
6846c8719,1,3,1
0008c5398,1,3,1
81d404558,1,2,1
fd9489e42,1,1,1
de61ca522,1,3,1
68a4cd579,1,3,1
ff47b9a27,1,3,1
e985acab0,1,3,1
25fce0465,1,3,1
585a705fc,1,2,1
ba433a9d3,1,1,1
455d243eb,1,3,1
76c073021,1,3,1
09898b12e,1,3,1
813bfdc93,1,3,1
01ce66bd5,1,3,1
39afc4a19,0,0,0
0ae5f9681,1,3,1
bfa54aa27,1,1,1
3bc84c4a9,1,1,1
d7d1cf92c,1,3,1
220e9aa26,1,3,1
269caf235,1,2,1
0a30968a3,1,1,1
e625fc4f4,1,1,1
099115d38,1,1,1
22f3c3543,1,3,1
97450a196,1,3,1
fe7e662c5,1,2,1
41ee53918,1,3,1
bd4059588,1,1,1
f41a7de83,1,2,1
b7a19c5ac,1,1,1
7ed3e206a,1,3,1
c7c489413,1,3,1
aac9127c5,1,1,1
3c6f9a4e7,1,2,1
271bb0de8,1,2,1
14580436c,1,3,1
f08275fdc,1,3,1
d9dcad5b4,1,3,1
7d7fddaed,1,3,1
5242038c7,1,3,1
1f64d3191,1,2,1
916165c1b,1,3,1
843910e74,1,3,1
3cb6e5957,1,2,1
f18d332de,1,2,1
35d860fe5,1,2,1
0e47fe631,1,3,1
3b1009a30,1,3,1
523912c83,1,3,1
70b7cb06d,1,1,1
c42153e51,1,1,1
d6b97e7ca,1,1,1
5bd725e47,1,3,1
e995f65fc,1,3,1
bea39d7ec,1,1,1
abc9c4207,1,3,1
cf44e1a59,1,2,1
22de1a590,1,1,1
194acc3f9,1,3,1
399cacd30,1,1,1
81eb7857d,1,1,1
4657ae5ac,1,3,1
8ead3a355,1,3,1
ba804d3fa,1,3,1
d899c9ef7,1,3,1
06634513c,1,1,1
67f174628,1,3,1
ecba82fc3,1,3,1
7e19f2890,1,3,1
7e2ce5b3e,1,3,1
258026ebe,1,2,1
29d752f7f,1,1,1
64ea61ea7,1,2,1
3060de782,1,3,1
b3f1c8d27,1,3,1
d0566e4db,1,2,1
dc589864d,1,3,1
49f3710f9,1,3,1
4d4c7be64,1,3,1
ada57411b,1,3,1
e90451ea4,1,3,1
cc13183c3,1,3,1
be21567c3,1,2,1
1e72112bc,1,1,1
9bfb6a77f,1,3,1
7013035d9,1,2,1
6c4d7b09f,1,1,1
be3247b2c,1,3,1
0ff7245bd,1,3,1
26b70a13a,1,3,1
40309f25c,1,1,1
419267690,1,3,1
a44b2389a,1,2,1
600f8eb25,1,3,1
1cd363542,1,3,1
d4bb8cf0a,1,3,1
06904db12,1,1,1
f98b9d62a,1,3,1
92586e5a3,1,1,1
9f3fc8a95,1,3,1
4989496c6,1,3,1
df3756483,1,3,1
46bb277b5,1,3,1
35c761c35,1,3,1
30fac18f7,1,2,1
3d9a62b53,1,3,1
51226d067,1,3,1
24dfcc985,1,3,1
807ea3b72,1,2,1
f432156e6,1,2,1
e932a94c6,1,3,1
1347325db,1,3,1
11d50c573,1,3,1
6b53bf64d,1,3,1
24750a30f,1,2,1
110242085,1,3,1
a2c44393c,1,3,1
e998d6d60,1,3,1
7112952b7,1,3,1
f86f15c15,1,1,1
8cccc67d4,1,3,1
9d4f21d40,1,3,1
eddd81378,1,3,1
30917edfa,1,1,1
ec40d007f,1,3,1
ba8ead296,0,0,0
ed7c0ebb1,1,1,1
f4ea05a34,1,2,1
fb9474822,1,2,1
45e750d0d,1,3,1
bd6528981,1,1,1
6bf08dced,1,3,1
5fd83540b,1,1,1
63adeea51,1,3,1
b70d0abec,1,3,1
a7f58a6e4,1,3,1
ce5bb821a,1,1,1
4cc55b081,1,3,1
d0b98e001,1,2,1
5afb6da05,1,1,1
832a83f42,1,3,1
2ca18c1e3,1,3,1
3e158c21e,1,3,1
85587ad13,1,3,1
1cccac540,1,3,1
7131cab79,1,3,1
daa05bb76,1,1,1
a9f6ed0cb,1,3,1
f80bf9a51,1,1,1
dc88ebe46,1,1,1
65e75b92e,1,3,1
5bd0c6dc7,1,1,1
b4d54e67c,1,1,1
495528ba4,1,3,1
e8020cb33,1,1,1
4c6048341,1,3,1
1b91e1082,1,3,1
b4d341b10,1,2,1
c36ffffdc,1,3,1
6697a7f62,1,1,1
27e74e45c,1,3,1
cc3fe68d2,1,1,1
c1278fe60,1,2,1
eb3d2466f,1,3,1
d0b74ed53,1,1,1
dbaa03313,1,3,1
4bce78644,1,3,1
9296c9064,1,3,1
92ee0c92b,1,3,1
c66f97de2,1,3,1
1db76bd72,1,3,1
0025a8313,1,2,1
cb7bfedd5,1,2,1
4103336dd,1,1,1
2e417850b,1,3,1
3ba7056bb,1,2,1
bbf3097d0,1,3,1
ad8b02fcc,1,3,1
5f3a4dab0,1,3,1
fe9e5aa06,1,2,1
4891fdacd,1,1,1
88819fc55,1,1,1
0d551fb5b,1,1,1
99c7658be,1,2,1
0243911ea,1,2,1
00eca0391,1,3,1
45c0c9a1f,1,3,1
296bafb6e,1,3,1
4fd755cc6,1,3,1
865ee6652,1,3,1
c3e1f5f86,1,3,1
171af089c,1,3,1
c2816bdff,1,3,1
7678afa65,1,1,1
25eec77c6,1,3,1
39c02e302,1,3,1
12c4ed873,1,3,1
88a264f0d,1,3,1
ab0609017,1,3,1
f922bd640,1,2,1
0a266921d,1,1,1
6dc193313,1,3,1
351f3746c,1,1,1
7ec72b62f,1,1,1
6185f59bf,1,3,1
a30e92cfd,1,3,1
9f2251ffe,1,3,1
f32059805,1,2,1
1a4c1709a,1,3,1
dde0775b8,1,3,1
aea876483,1,3,1
91298d5cf,1,3,1
7390b70c5,1,3,1
bcd601baa,1,1,1
70a534945,1,2,1
0510d2767,1,3,1
915f0b42a,1,1,1
6ea6cde88,1,3,1
4370b5ff7,1,3,1
ae116d640,1,3,1
c7969bc23,1,2,1
c469973de,1,1,1
04d25d8a7,1,3,1
7ad53619d,1,2,1
ba42b457d,1,3,1
29a2ecf1f,1,3,1
f4c27e753,1,1,1
d1db8712e,1,2,1
a0124e47a,1,3,1
ee65ac339,1,3,1
ffd61a488,1,2,1
ed10d7ee5,1,1,1
f867cc417,1,3,1
965054b9e,1,1,1
dd0d78496,1,3,1
18f9fe19c,1,1,1
dce01bb7e,1,1,1
93b91a46a,0,0,0
380eaa884,1,3,1
bcf8ec029,1,1,1
62f87187d,1,3,1
8bf15c0b6,1,1,1
1a7d70a4f,1,3,1
be4acc363,1,3,1
cb41cd1c5,1,2,1
1fdf2880b,1,2,1
0f78031e4,1,3,1
bb8795c8d,1,3,1
d59f3a6cc,1,3,1
8eb5d1d04,1,3,1
58132cc85,1,3,1
8d6c8d486,1,3,1
aba00e1f9,1,1,1
0ae84d311,1,3,1
74f4cfdf6,0,0,0
9ede28a9d,1,3,1
38436063c,1,1,1
721acc718,1,3,1
15df9cd46,1,3,1
a8a1d4151,0,0,0
a700a780b,1,1,1
68860d109,1,2,1
ea6f69d0a,1,2,1
24554cdc8,1,3,1
da7c5b19f,1,1,1
7ba58565e,1,3,1
1d9c36e47,1,3,1
069762ec2,1,1,1
2e726c62d,1,1,1
6f7d23e2d,1,3,1
00553ae55,1,3,1
5b2e5e410,1,3,1
44175f75c,1,3,1
17066185d,1,3,1
15cc01168,1,3,1
e402f3b2f,1,3,1
6153f9d64,1,3,1
a437cc78c,1,2,1
586585da9,1,3,1
2f4c6ada3,1,3,1
9d84fc0c5,1,3,1
418a25e6b,1,3,1
417c109aa,1,3,1
3e924d284,1,1,1
c39e5de99,1,2,1
7d9d04836,1,3,1
3d51f4560,1,2,1
c4a3c0456,1,1,1
db81bf77c,1,1,1
4b0b7dd2f,1,3,1
2483a71c4,1,3,1
42a8d4f4a,1,3,1
925c3854a,1,1,1
d714680ff,1,3,1
b1ed265ef,1,3,1
91d0ba5c0,0,0,0
530c897a2,1,3,1
ff9d8cb25,1,3,1
8cebbeec1,1,3,1
cf9e48222,1,3,1
1fecd2bab,1,3,1
f2eb9530d,1,3,1
3fed382c0,1,1,1
a5acfe9ed,1,1,1
523f4a05e,1,3,1
3b178aa59,1,3,1
1077fb67a,1,3,1
ae5059b40,1,3,1
b11ae7451,1,3,1
e68926f8d,1,3,1
3480a9d2e,1,3,1
a46794d88,1,2,1
bd54c995a,1,3,1
f45176c4c,1,3,1
dcc58b6ba,1,3,1
e27ac6865,1,3,1
f83695eb0,1,3,1
fa7c7d1be,1,3,1
a5b1713d3,1,2,1
8a38740d1,1,3,1
7611934a0,1,1,1
2208d2be1,1,2,1
a05e81f9f,1,3,1
3de1de812,1,3,1
655bbbcc8,1,3,1
0a4203544,1,3,1
ed0185e39,1,2,1
a73b9eafd,1,3,1
ed5631a9c,1,2,1
ebc749f21,1,2,1
687be6419,1,3,1
d22561762,1,3,1
0adca3f66,1,1,1
b25c2d2d1,1,3,1
38063ee14,1,2,1
f8c6ed1a5,1,3,1
19480ca6f,1,3,1
1f82a9cd0,1,3,1
06daf9c05,1,3,1
cf66d011e,1,3,1
70337537c,1,3,1
72c626d6c,1,3,1
9ed224982,1,2,1
7b052d37d,1,3,1
231fe619a,1,2,1
6704c5fd7,1,3,1
8867faa98,1,2,1
10516f3c6,1,3,1
5a828ec3e,1,3,1
b810732ac,1,3,1
3e65ffa3c,1,3,1
656a0a459,1,3,1
042b1e55f,1,1,1
eddac3328,1,3,1
9b344389b,1,3,1
97f0e7ec2,1,3,1
0d47275d4,1,3,1
f4614847a,1,3,1
c611f493b,1,3,1
1a676ca88,1,1,1
c2b2da9dd,1,2,1
f26e3e182,0,0,0
db05d2fb1,1,1,1
08b9a3a2f,1,2,1
8cc7f24f2,1,3,1
7ef23b94f,1,1,1
ebff4722c,1,3,1
4c9ea9908,1,2,1
46b9595d0,1,2,1
b3db0fa59,1,3,1
3a39613fa,0,0,0
80de23d7a,0,0,0
2405c5660,1,1,1
3df923a0e,1,1,1
8b0ea16a5,1,3,1
8f1bdc253,1,2,1
dbabe4e51,1,1,1
b921bfb80,1,3,1
a7cd5b749,1,1,1
4866e37fe,1,1,1
2127c6e1f,0,0,0
63912e2b8,1,3,1
21d8f0d2f,1,3,1
1534419ad,1,1,1
12890e9dc,1,2,1
43ad546c7,1,1,1
9c583aec6,1,3,1
ea92dcef6,1,2,1
d5ee02201,1,1,1
c969e8b17,1,3,1
764fac30e,1,3,1
fb67eb5d9,1,2,1
9d513f46a,1,3,1
de34278bc,1,2,1
0fd78af13,1,3,1
e348d720a,1,3,1
cccaecca8,1,3,1
5ca64db1a,1,2,1
ffebad2e7,1,2,1
048519a46,1,3,1
5634cfd98,1,2,1
503a567ed,1,1,1
536475bf3,1,3,1
7eb0b42b1,0,0,0
605f9cd41,1,2,1
186920165,1,2,1
acfaf9210,1,1,1
e5bc7aaa8,1,3,1
2cb3529bc,1,3,1
1a83d4455,1,3,1
9193c38af,1,2,1
eaf610cd0,1,3,1
9c5f43178,1,1,1
79f41f755,1,3,1
6f863a03a,1,1,1
156c2d6ba,0,0,0
52f3d0bf9,1,3,1
64070899d,1,1,1
359dd0b52,1,2,1
4f1a882b3,1,3,1
d93b38122,1,1,1
a03330405,1,1,1
bdb0f50e0,1,2,1
44c117982,1,1,1
4ef15a1c6,1,3,1
27b1bdd40,1,3,1
c92cdf20c,1,2,1
d37c4c951,1,2,1
62da2d031,1,3,1
533f52fff,1,3,1
2d88536fc,1,1,1
56ddc4f47,1,2,1
119f813b2,1,2,1
2831adaff,1,3,1
0bdd7f7ac,1,3,1
60f513e5a,1,3,1
2f7fd8400,1,2,1
95eb301ed,1,3,1
c763886a6,1,3,1
1d20ba693,1,1,1
58d1adc55,1,1,1
628f11673,1,3,1
caa967274,1,3,1
d7331834d,1,1,1
6d1c281f9,1,3,1
158a55025,1,3,1
41e4574a6,1,1,1
5682330ad,1,3,1
bd7f4fcee,1,3,1
eb1f799df,1,3,1
50262523c,0,0,0
4da0a8ee1,1,2,1
bd3fb8531,1,3,1
b1d1e399c,1,3,1
52a539ef3,1,3,1
adc3a477a,1,1,1
130797334,1,2,1
e8f6ede8c,1,3,1
63697128e,1,1,1
ca967745b,1,1,1
c148399c0,1,3,1
514e33268,1,3,1
538a89b59,1,3,1
91ef9278d,1,3,1
390f4fae4,1,1,1
722beb3aa,1,3,1
4f58a37d5,1,3,1
54bbc1b84,1,3,1
cbf20c4b0,1,2,1
df09bd082,1,1,1
add617e3c,1,2,1
c960b413e,1,3,1
3cc573384,1,3,1
618e97eeb,1,1,1
4d09e065d,1,1,1
d719027fd,1,3,1
2ad6c7675,1,3,1
dbf579546,1,3,1
0fe8ffc8e,1,3,1
ca17a355e,1,1,1
9ba11975b,1,3,1
7a23bdbdc,1,3,1
72c9986ac,1,1,1
a53e7e832,1,3,1
6db27dbb7,1,3,1
4a78b3e0b,1,3,1
f9f0a5dfb,1,3,1
63ea7cfeb,1,3,1
3219ad064,1,3,1
7582d1ab2,1,2,1
6709f43e8,1,3,1
0ece28cf0,1,3,1
97baac4eb,1,3,1
98b29e94a,1,3,1
40fa3f339,1,2,1
56d7f894f,1,2,1
d898de7ff,1,2,1
d56674978,1,3,1
0822db812,1,2,1
dc2354851,1,1,1
fa5957d1c,1,3,1
37a11cc19,1,3,1
cef410e81,1,3,1
22bc76cf6,1,2,1
2d2f2a305,1,3,1
a6830bac1,1,2,1
afa694eb4,1,1,1
70c30b53f,1,3,1
b52b8d946,1,1,1
1b1628128,1,3,1
8bb1c8a6f,1,2,1
c92cdde7f,1,2,1
0d6b42991,1,3,1
86ea9dda0,1,3,1
e65daf4dd,1,1,1
e48598033,1,2,1
46152db3e,1,3,1
dd8e62b81,1,3,1
f6db28991,1,3,1
e748f52b7,1,1,1
f836696de,1,1,1
f1f0972e3,1,3,1
8aeff9ad9,1,2,1
eb102e06d,1,3,1
703c9a23b,1,3,1
207aa47a6,1,3,1
14e52bdaf,1,2,1
083687ba1,1,3,1
4963e95ce,1,3,1
022606901,1,3,1
93e058345,1,2,1
0c49c9df2,1,2,1
57af29aba,1,3,1
6ef7f0012,1,2,1
fa5f5ccf9,1,2,1
271ca0b0e,1,1,1
34ed5aa64,1,3,1
e9e6aa241,1,1,1
14fb52f07,1,3,1
cfa67dca2,1,3,1
5b9bed882,1,3,1
4c26cf05d,1,3,1
4a8dc3644,1,3,1
16002dd9b,1,3,1
2774ef93f,1,3,1
17cbebba6,1,3,1
bf7ee1354,1,3,1
a91141912,1,3,1
a119ce67e,1,3,1
99f5b19b5,1,1,1
09dd22091,1,1,1
bc681e945,1,3,1
cca1ec6df,1,3,1
2486fcece,1,3,1
80bbb481b,1,3,1
f7b67fd7f,1,1,1
18a8b9b6e,1,3,1
f3a9092a2,1,3,1
559e15485,1,2,1
cf1b1b824,1,2,1
de19fca23,1,3,1
0cba1503b,1,3,1
97a3cca4f,0,0,0
b6fb16dbb,1,3,1
6c4520bd5,1,2,1
cc4e55d5b,1,3,1
f2aa25dbc,1,3,1
2c08a034c,1,3,1
c8d22c965,1,3,1
d404012af,1,3,1
4baa2968b,1,3,1
bbf6ed419,1,2,1
07eb56db1,1,1,1
c42e5a129,1,2,1
68ab069e3,1,3,1
9922b4f91,1,3,1
4413f9855,1,1,1
8b94ae06d,1,3,1
bd6a6d0dd,1,3,1
7ecaa8636,1,1,1
1c2a20543,1,3,1
89bec6af3,1,3,1
6984c9c58,1,3,1
0d7d16ce1,1,3,1
0fa25b7e5,1,1,1
8a6701090,1,3,1
ca9841ab1,1,1,1
250f59089,1,3,1
34b96cf6a,1,2,1
371d7e8ad,1,3,1
a338df612,1,3,1
4b7262ad7,1,2,1
ac59f3533,1,1,1
18734d13e,1,3,1
2d95a1a81,1,3,1
b3170958f,1,3,1
0be09ae87,1,2,1
81532c76f,1,3,1
99ab7c701,1,1,1
7f094e80c,1,2,1
3a050484c,1,3,1
ab48d21e0,1,3,1
882021db6,1,1,1
ee63ca0b4,1,2,1
37c989ac5,1,3,1
03c49f5aa,1,3,1
8f331aa22,1,3,1
9c1b4bb55,1,2,1
d380185bc,1,1,1
508f87cfc,1,1,1
b1818e562,1,2,1
3af1dedf7,1,2,1
9ae0545c1,1,3,1
6da06ed36,1,1,1
cf17492c7,1,3,1
80621df6b,1,3,1
56a0c2ccd,1,3,1
bf9ce53b3,1,3,1
793e89809,1,1,1
38e7577af,1,3,1
ff22356ef,1,3,1
161de24f6,1,3,1
b743aa88e,1,3,1
f1fb9506a,1,3,1
deac22864,1,3,1
b16852e32,1,1,1
72a2dc93b,1,1,1
ab4f161ae,1,3,1
aa3409a07,1,3,1
8910ea0f4,1,3,1
75758ad3f,1,1,1
52363327c,1,3,1
cb05f298c,1,2,1
f069c7c28,1,3,1
553b720c2,1,3,1
c58ad77c4,1,2,1
19470706b,1,2,1
cb423070b,1,3,1
f9db446f8,1,2,1
b129e668c,1,3,1
f205876aa,1,3,1
0b6064845,1,2,1
06abc52ac,1,1,1
2b47d7f0d,1,3,1
47fb86cbd,1,3,1
0c71184d5,0,0,0
078bf7e5a,1,3,1
70c88aab8,1,3,1
5d83f98eb,1,3,1
aaf465c30,1,3,1
f66e4eecf,1,3,1
d2fae31e8,1,3,1
64eed5e14,1,3,1
e909c484a,1,3,1
0690278af,1,1,1
ad56c5705,1,1,1
b7af4869d,1,3,1
f5bbf322d,1,2,1
b054e635f,1,1,1
badeec277,1,2,1
8b34370aa,1,2,1
c09e086c8,1,3,1
27ab49f1a,1,1,1
00156db4a,1,3,1
f52510492,1,1,1
0211e2f2d,1,3,1
6f358dea9,1,3,1
8e4a80297,1,3,1
90fe2bf72,1,3,1
ec8608c1c,0,0,0
86d42fe3f,1,1,1
70f92bae8,1,3,1
8f49d2828,1,1,1
e1cc143c4,1,3,1
41c61ed91,1,3,1
ba77d1df1,1,1,1
68e6d1bd7,1,3,1
9598a1528,0,0,0
6083e589b,1,2,1
ab3759aae,1,3,1
6090e5de6,1,1,1
487531377,1,3,1
14b3376eb,1,2,1
6fef6e555,1,3,1
4059df1bf,1,3,1
ea4fe7ae2,1,3,1
550405709,1,1,1
4d67e7fcf,1,2,1
7c6cc4bba,1,1,1
be604ea67,0,0,0
c2bc9cfc3,1,3,1
f246cb734,1,1,1
f8e0a06ca,1,3,1
fab063ed4,1,3,1
5ead05034,1,1,1
de884d234,1,3,1
87a37261b,1,3,1
f0f9efd52,1,3,1
a04a67a2e,1,3,1
d1ef30b8a,1,3,1
6c8613e80,1,3,1
e72120027,1,3,1
3b2f6d5b2,1,3,1
449290a8b,1,3,1
ca3dbbaa3,1,1,1
a243c61c6,1,3,1
84f308399,1,3,1
28dc83755,1,1,1
d6c60a52d,1,3,1
598f1fdae,1,3,1
50d1c2157,1,1,1
dd6cb40d8,1,2,1
5fe2e44a2,1,1,1
547c7bf41,1,3,1
56b5845d7,1,2,1
e42a8863f,1,1,1
34884c9fc,1,3,1
9ad6f6fae,1,3,1
61c1f3481,1,3,1
6bf6880bd,1,1,1
e3b39a9f5,1,3,1
063d8c58b,1,3,1
06b533b04,1,2,1
443682c9f,1,3,1
36b20cfb5,0,0,0
f9b28d664,1,2,1
8b636912d,1,3,1
c73c8b6d1,1,1,1
e2cf62da9,1,3,1
a76fa694e,1,2,1
ff7707a35,1,2,1
faf13c5cd,1,3,1
160e267f4,1,3,1
9d4e91ab0,1,3,1
6764e8752,1,2,1
c026becc2,1,1,1
71cb2e2d0,1,3,1
9498e0379,1,1,1
f2ff942f1,1,3,1
96ad633d6,1,3,1
d21ed8b84,1,1,1
ec8c5413b,1,3,1
7d3448f9e,1,1,1
02a13b2cb,1,3,1
f57efd0b9,1,1,1
dc2ae1787,1,2,1
e7b44276b,1,1,1
9d6fd0eaf,1,3,1
7adb5f44c,1,3,1
81a1cb1b2,1,2,1
4d5e4949a,1,3,1
d61dd6a6b,1,2,1
146005aa0,1,1,1
b3ae374f7,1,3,1
5a3599411,1,3,1
621a16b0c,1,3,1
c267a86af,1,3,1
1caf9686d,1,3,1
0b32cba75,1,1,1
80fcb8392,1,3,1
be0e2dfbc,1,3,1
288edef23,1,3,1
5742d498f,1,3,1
f16407c21,1,3,1
c053ae854,1,2,1
9baf0d577,1,3,1
070014779,1,3,1
feec7a438,1,1,1
af2ec000a,1,1,1
b652b7241,1,3,1
37e15671b,1,1,1
0ecc1200a,1,3,1
d2dbe8b09,1,3,1
b2145e15d,1,1,1
251f4dd60,1,3,1
2b4c0f3b6,1,1,1
d77baafda,1,2,1
d0e762abd,1,1,1
f93ea9f9f,1,3,1
ae6a2116c,1,1,1
b16fae336,1,2,1
d2161e0a2,1,1,1
e545bcd64,1,3,1
693a90fda,1,1,1
fad982f0a,1,3,1
059d8d91f,1,2,1
8a45e8492,1,3,1
a249a34f9,1,3,1
9976d9007,1,3,1
9e6da2bb1,1,3,1
b1b2aae50,1,3,1
a25c1fe02,1,3,1
e801cb768,1,3,1
8c2f67527,1,2,1
26a351904,1,3,1
68a3c10cb,1,3,1
a4221001f,1,3,1
3ee76f8a2,1,3,1
bb7dfc592,1,1,1
a9fdc3e4a,1,3,1
338bc4bcd,1,3,1
b39ead375,1,1,1
4d3526802,1,3,1
064425a21,1,3,1
48f8d1d90,1,3,1
8ccb8778d,1,3,1
04372b78d,1,3,1
356d41ee2,1,1,1
dba5f0e5c,1,2,1
1e140177f,1,1,1
1c2d419ac,1,3,1
933da53ee,1,3,1
0ab8ae91b,1,3,1
05d3e4d55,1,3,1
4e09a22e0,1,2,1
414d8422f,1,3,1
285758945,1,3,1
17d578acc,1,1,1
5ed271e0d,1,1,1
d9fe690c2,1,3,1
adbce8472,1,2,1
f95680d84,1,3,1
251e884b7,1,1,1
9b8a35f8b,1,3,1
2868f9f3f,1,1,1
a5a7de784,1,2,1
e3f51f5e0,1,3,1
bc4e5abfd,1,3,1
5c94ecc07,1,3,1
5b57c4bba,1,1,1
9b0f69f61,1,3,1
db3fce97e,1,3,1
ee6e0abe4,1,3,1
deb7136ba,1,2,1
007ffeccd,1,3,1
a85630773,1,3,1
56f9dbc59,1,3,1
4f512c3fe,1,3,1
2def0a43e,1,3,1
487bbfb6d,1,3,1
8b8c51377,1,2,1
243f7f43e,1,1,1
e59c8fc76,1,3,1
ccd3e236f,1,3,1
435f419f9,1,3,1
be7ff8075,1,1,1
c2c03cb2d,1,3,1
cf8325fae,0,0,0
dafb0cea4,1,3,1
48553ec94,1,3,1
0f3fd67e2,1,3,1
96eb3ec09,1,3,1
fc9cf8b8d,1,1,1
41612698d,1,3,1
cc9c0e1e7,1,3,1
039fea576,1,1,1
2a734045b,1,3,1
4a91d273b,1,3,1
4e12936b0,1,1,1
788e8757d,1,3,1
2533f425e,1,3,1
11aa441fe,1,3,1
68936da8c,1,2,1
fa1c96e93,1,3,1
094636517,1,3,1
5c7d61133,1,3,1
98b1b003d,1,3,1
2962fc103,1,3,1
81075b785,1,3,1
4f9b31590,1,3,1
907fc239e,1,2,1
405b63ca5,1,3,1
bf497e792,1,2,1
2ce1c6a93,1,3,1
998de7b77,1,3,1
9b09114c4,1,3,1
ddd926335,1,1,1
65614e7f4,1,3,1
bd0c6dcb3,1,3,1
175c5bce0,1,2,1
928fba0c4,1,3,1
0defc5386,1,3,1
bc03cb42b,1,3,1
e5bb33a17,1,3,1
2d9dd14b1,1,3,1
4d6350e54,1,2,1
a0eec326f,0,0,0
1e750bb89,1,1,1
e58dd05c8,1,1,1
b21dea224,0,0,0
8b6f2ff52,1,3,1
3c9dbc88e,1,3,1
9664bcecb,1,3,1
8d92ada81,1,3,1
09b3b9dfd,1,3,1
1c7a27088,1,2,1
eb4eef57a,1,3,1
b2f2134bd,1,3,1
85ed50b25,1,1,1
f28036d8a,1,3,1
4a590a1cc,1,3,1
a71cafdcf,1,3,1
d5b9cbf05,1,3,1
7993a02ee,1,3,1
bea6f651c,1,3,1
8e1111452,1,3,1
96b7978d2,1,3,1
92d711b01,1,2,1
5ebe00ac2,1,1,1
9868e4015,1,3,1
43c43bfed,1,2,1
870d3b2aa,1,1,1
218f8bb3a,1,2,1
b3faddf18,1,3,1
b16c55a91,1,1,1
3a3dc1dab,1,1,1
3ea00c9fd,1,3,1
00eced1f0,1,1,1
ff78347b7,0,0,0
e9bb69a1e,1,3,1
3d7204289,1,3,1
e995db95f,1,3,1
30eb1004f,1,2,1
75c84313d,1,2,1
ef5a07ae2,1,3,1
9ab460730,1,3,1
6d6390b1f,1,2,1
a4e103d6d,1,3,1
c382bae22,1,2,1
1154c26ac,1,1,1
4892ceb8d,1,3,1
4c31c7db9,1,3,1
2dea0707b,1,1,1
9ee370ef6,1,3,1
16673c028,1,1,1
b0278d962,1,3,1
3d7d23a52,1,1,1
ae00eded4,1,3,1
267bf57c8,1,3,1
53923463d,1,3,1
921817343,1,3,1
987095c9c,1,2,1
ab821872c,1,3,1
0bf2506a5,1,3,1
55f8f6120,1,1,1
1bb6183eb,1,2,1
95bc62678,1,3,1
ae0c5671e,1,3,1
d83dd7fc2,1,3,1
03f65bdd3,1,3,1
876453f9d,1,3,1
c64b6e891,1,1,1
179462b6d,1,3,1
4450385b4,1,3,1
ca76729c9,1,3,1
01b3356f5,1,3,1
f3452afa7,1,3,1
af1bc9216,1,3,1
56bf5e254,1,2,1
f1df75b45,1,2,1
57aecbbcf,1,3,1
cc068a979,1,3,1
2691a20c0,1,3,1
2a3796cbd,1,3,1
3508d0b46,1,1,1
0c228bdd5,0,0,0
10711bb95,1,2,1
6d6318af8,1,3,1
ec040a1ef,1,3,1
1cce33a82,1,1,1
c03fe7452,1,3,1
1c967561d,1,3,1
eb5dc081c,1,3,1
fc3053f45,1,2,1
10836809d,1,3,1
945bf5e17,1,1,1
88d5f9129,1,3,1
4872c28b4,1,3,1
42448336b,1,1,1
900b47573,1,3,1
984efb177,1,3,1
3ca4780f5,1,3,1
d46a58371,1,2,1
faf4322a0,1,3,1
627726d36,1,1,1
1b08020b7,1,3,1
6aa2cd8ea,1,3,1
3ce528284,1,1,1
5cabf5331,1,3,1
c12883eaa,1,1,1
6c1fa0fdb,1,3,1
a7c004380,1,2,1
4be1b15fb,1,3,1
72c38b9ab,1,2,1
db0b0bea6,1,3,1
b0eeaf438,1,3,1
6ad1d75b2,1,3,1
8d32f11b0,1,2,1
0fc2dc3cb,1,2,1
87f206cea,1,3,1
8f9bfc9f4,1,3,1
42e73a942,1,1,1
0fa39858f,1,2,1
a2c9be724,1,3,1
6138cd70d,1,3,1
1dc8f0fd4,1,3,1
61fa95b3b,1,3,1
34d387261,1,2,1
ce6fe7377,1,3,1
2581f9792,0,0,0
e1cd176b5,1,3,1
6d43edbe9,1,3,1
fdb03c163,1,2,1
243aaaf6c,1,3,1
de01d00eb,1,2,1
b5f846518,1,3,1
6146d435c,1,3,1
413489a34,1,2,1
6708ff204,1,3,1
1ae342ed5,1,2,1
d005caf41,1,1,1
9b8805c58,1,3,1
b6684c4b7,1,3,1
3828225de,1,1,1
8dada5ac5,1,1,1
2b1638a20,1,3,1
65051faf7,0,0,0
b9f8cf52a,1,3,1
c001a0b58,1,3,1
cf98480e0,1,3,1
d83f60849,1,3,1
1fd464902,1,3,1
f3386d639,1,1,1
b68679817,1,3,1
f4813ff89,1,1,1
029469d58,1,3,1
f9a3f579a,1,3,1
f68c70fe1,1,2,1
4540f8e9c,1,3,1
3f5ec6144,1,1,1
181c10e45,1,3,1
20cb13be9,1,3,1
1a983eced,1,1,1
f0c26af32,1,3,1
b6492d3b1,1,2,1
be6435852,1,1,1
1cc98ed1d,1,3,1
3cc6c4102,1,3,1
33404ffe6,1,2,1
43f99cecc,0,0,0
0f366f264,1,1,1
d243fce57,1,3,1
7a12a494f,1,3,1
eaab63bd7,1,3,1
9f12dbf17,1,3,1
74e18bd5e,1,3,1
23b3f793e,1,2,1
c2aeb6a1f,1,3,1
03c323fcf,1,3,1
5474cd2c2,1,1,1
71a614388,1,1,1
86d87d5f7,1,2,1
ee421d21a,1,3,1
c43be9e6c,1,3,1
39fcd2ca4,1,1,1
b319a0cd7,1,1,1
ee640a6ba,1,3,1
05486faf5,1,2,1
e5115cce8,1,3,1
8071fcc9c,1,3,1
a5d1a1271,1,2,1
2cb1d59ad,1,1,1
558c419c0,1,3,1
840538f14,1,3,1
bfdc4cd9d,1,1,1
8ce0f64b4,1,1,1
7023f6b45,1,3,1
5d8c4f66b,1,3,1
e129ff4a1,1,3,1
9cc8bae3b,1,1,1
1cbaa3e59,1,1,1
b27f46ae3,1,2,1
89c28aad0,1,3,1
bf456451e,1,3,1
3fa0de4e4,1,3,1
aa03b987e,1,3,1
d0e2179a6,1,3,1
3c155d21c,1,3,1
35a135b13,1,3,1
b4fafe948,1,3,1
a6fd3df67,1,3,1
6178884d1,1,3,1
70a90deaf,1,3,1
cbe4be41b,1,3,1
3b7aad341,1,1,1
8dea6d23b,1,1,1
89d7b4178,1,3,1
7f59b246d,1,3,1
d5df34957,1,3,1
124e6af5e,1,3,1
cccd87749,1,1,1
1927c2ed2,1,3,1
5b11611ff,1,3,1
427343625,1,3,1
e4277c6de,1,3,1
58b4ba48f,1,3,1
cb9527612,1,3,1
c93191313,1,3,1
7c559dedd,1,3,1
cd37edf46,1,3,1
4ae940ec2,1,3,1
694cc5569,1,3,1
cc8459867,1,1,1
ef15e6473,1,3,1
3b6f9b47b,1,1,1
f99af9837,1,3,1
897fde926,1,3,1
fad4fb461,1,3,1
dfe7a59b4,1,2,1
870e5566b,1,3,1
9945b5ac5,1,3,1
b26f1c630,1,3,1
cde10c57e,1,2,1
233ddf40c,1,2,1
57785dbb8,1,3,1
b13db9ce8,1,3,1
15be0f894,1,3,1
6ce40c2bf,1,3,1
daa543c46,1,1,1
918408d22,1,3,1
021c24928,1,3,1
f9317ae6d,1,3,1
dc40c2612,1,2,1
65d0ea00b,1,3,1
276f26435,1,3,1
c228bf013,1,3,1
eda415d15,1,3,1
364e3ac89,1,3,1
841bcd63f,1,2,1
ee15edbb0,1,1,1
7c9e28902,1,3,1
acca0b2ed,1,1,1
cc195b43d,1,2,1
efda64fa5,1,3,1
7564c7b62,1,3,1
e01e4a748,1,3,1
0beacc42e,1,2,1
e4f117930,1,3,1
87ec8e435,1,3,1
87a243fe6,1,3,1
46c44f7bc,1,3,1
d38ce48c2,1,3,1
41487b069,1,3,1
ae64cc2e7,1,1,1
4aa9a342e,1,2,1
eed29a312,1,1,1
30319970f,1,3,1
08267e916,1,3,1
98c265a0f,1,3,1
9d82e4438,1,3,1
a1e153676,1,3,1
fc32a88f1,1,3,1
087ee8e83,1,2,1
33dc6b53a,1,3,1
a5a4898db,1,3,1
c011bc363,1,3,1
3e6d8a2c9,1,3,1
efc478e64,1,3,1
3cc9490b8,1,3,1
0617d9287,1,1,1
efbd4c1e6,1,3,1
c362cc3cd,1,1,1
fc4d1c61e,1,1,1
5360d72a3,1,3,1
699a81c51,1,3,1
a4e09a814,1,3,1
3a682b74e,1,2,1
3a97c693e,1,3,1
518e71b74,1,3,1
99ed50a86,1,2,1
87fadb3df,1,3,1
b5757bc3f,1,3,1
94ae813d8,1,3,1
89c8b19eb,1,3,1
bcdaf8640,1,3,1
19fe29040,1,1,1
532ccd0c5,1,3,1
e8c9545c7,1,1,1
d2c677e93,1,3,1
6c9696bc5,1,3,1
c23b6bbf6,1,2,1
5ab1e209b,1,2,1
b13e4afff,1,3,1
ed1f38a40,1,1,1
8803fb1c2,1,3,1
05abbab5e,1,2,1
936e8cc95,1,3,1
8e9abddf0,1,1,1
8a2998a32,1,3,1
4f7bfcb68,1,3,1
b822d0566,1,3,1
b95d067a2,1,3,1
f5e9075c9,1,3,1
13eafff41,1,3,1
f88144b9f,1,3,1
176516c7a,1,3,1
7362590d5,1,1,1
b5aa74c6a,1,3,1
21e4ca7d1,1,2,1
4bcc9f10a,1,3,1
b6c464fd3,1,2,1
9ea8e240f,1,3,1
c8daba029,1,3,1
650a1a505,1,3,1
b34dce3d6,1,3,1
5e5b9483c,1,3,1
3bcc3be83,1,3,1
2d8ec2cff,1,3,1
de0f96a50,1,2,1
fcb911968,1,1,1
9deed930d,1,3,1
73c2c22ca,1,2,1
fffa39a6a,1,2,1
c3b263e8f,1,3,1
c5db00aa6,1,3,1
00b23513e,1,3,1
232aee73d,1,3,1
49382f7cb,1,3,1
6dacaf7cf,1,1,1
e4afff6dd,1,3,1
f3551e91f,1,1,1
e0e2880ae,1,1,1
f6ec35f31,1,1,1
db0213107,1,3,1
bb15b64ea,1,3,1
ee71508dc,1,2,1
ad66b0f44,1,1,1
de92761ef,1,3,1
fdd191ba0,1,3,1
2c3f23fce,1,2,1
b1763b8b7,0,0,0
7feb1774c,1,3,1
3583095d0,1,3,1
6d1fdcbfc,1,1,1
49c216bf8,1,3,1
fd33218b8,1,2,1
0143edd0a,1,1,1
e4aadf23c,1,3,1
7983db8d9,1,3,1
09f6e29b8,1,1,1
ea062393d,1,2,1
71510cf8b,1,3,1
db08f8564,1,1,1
ddae7aede,1,3,1
b898e8d6c,1,1,1
9ef3d0eec,1,1,1
f4948a23d,1,3,1
dfc3301fb,1,3,1
c76d9c5b9,1,3,1
218430ef9,1,3,1
f580ba98c,1,3,1
57e37b00b,1,1,1
a970b89c7,1,3,1
f2212e16c,1,3,1
8aaff4d83,1,3,1
4a6e23ad7,1,3,1
91a4c6b77,1,3,1
7a59ae5ed,1,1,1
7075c1306,1,3,1
63d254530,1,3,1
962f76f58,1,1,1
e94581522,1,1,1
975d32d75,1,3,1
f7675eb96,1,2,1
dd38f7a48,1,3,1
1cea0ad08,1,3,1
1df182906,1,3,1
4696fb463,1,1,1
3bc3e9db2,1,1,1
343962804,1,3,1
98686f3bc,1,3,1
582c02d86,1,3,1
8010a808c,1,1,1
7cfb6fe9c,1,3,1
392cb224a,1,3,1
ca7c6095a,1,3,1
11d741736,1,2,1
bba3070ad,1,3,1
9166a802a,1,3,1
4d27ab123,1,2,1
03f48e12b,1,3,1
0e49eebb3,1,2,1
e0a797901,1,2,1
fb5ef5522,1,3,1
7daf7af9c,1,3,1
5f6d23ada,1,2,1
b15d56540,1,3,1
937c2e14f,1,3,1
bfa9377c9,1,2,1
a05c489dc,1,3,1
6202e7d4d,1,3,1
42eac4984,1,3,1
d3dacde96,1,3,1
326355730,1,1,1
7438f5d52,1,1,1
beb93c6ab,1,3,1
e61d62489,1,3,1
696e2d638,1,1,1
5c110b9d2,1,3,1
489dad256,1,3,1
d476272d7,1,2,1
d25ad4b76,1,2,1
8d7eff0cc,1,2,1
dc371c173,1,3,1
400eaa6d5,1,3,1
2ea25b63b,1,3,1
0d3081480,1,3,1
e4f9be28d,1,3,1
70c1e9c61,1,3,1
c879064dc,1,1,1
c02ce1bc0,1,3,1
96d7ed5de,1,3,1
cd1e7ec9d,1,3,1
f27974780,1,3,1
dac60bd9c,1,1,1
5ddd7f219,1,3,1
852296968,1,3,1
e5728f078,1,3,1
9869aad59,1,2,1
a734e866e,1,1,1
1c3f79b11,1,2,1
1965d2288,1,3,1
66faa15c8,1,3,1
b7ea489ae,1,3,1
1dc90fbb8,1,2,1
434691342,1,1,1
1c8b66066,1,2,1
0db02527a,1,2,1
83b2fae5e,1,3,1
030f32f08,1,3,1
0338fcdaf,1,3,1
482fc8a70,1,3,1
6295b5bc0,1,3,1
370d9c1ba,1,3,1
728a08a8b,1,3,1
5b4caee59,1,1,1
9dfd5312c,1,3,1
63f7cacce,1,3,1
2e73c3dc3,1,1,1
c1b7a178a,1,1,1
5328a3ad8,1,3,1
e6bc32c73,1,3,1
afa07a0d6,1,2,1
45f9a9f66,1,2,1
1fd2f589f,1,3,1
f7999c9bf,1,3,1
0ed8d0f9c,1,1,1
e4fb514b2,1,3,1
13c67e713,1,3,1
ca81b2566,1,3,1
cf8250644,1,1,1
7ebdfc3b7,1,2,1
b2e138d7a,1,2,1
af1b915b3,1,2,1
cf78e66fd,1,1,1
c273ffe1e,1,3,1
63f2e0940,1,3,1
256f40704,1,3,1
f677061e8,1,3,1
bd2ad0f9d,1,3,1
9c43d4567,1,3,1
657a54d36,1,3,1
f35a5dd35,1,3,1
a9551ed6d,1,2,1
c723171ff,1,3,1
c78cc1272,1,1,1
bf87b176d,1,3,1
3f2a40f0a,1,2,1
cf76c794a,1,1,1
54959e674,1,1,1
af28491d1,1,3,1
acc76c678,1,2,1
dfcd19237,1,2,1
c96423707,1,3,1
5382ef1e5,1,1,1
5971694db,1,3,1
c3a52fbbe,1,3,1
29778124f,1,2,1
fb9a1cf69,1,3,1
050afc987,1,3,1
8eece1c0c,1,3,1
58a4768a6,1,3,1
113252df2,1,3,1
2f7da7f8f,1,2,1
8553b7037,1,3,1
aa795e561,1,3,1
428877021,1,3,1
8b6867433,1,3,1
d837f80dd,1,3,1
eaf13651e,1,1,1
f82aa539c,1,3,1
efe569ca6,1,2,1
df6205194,1,3,1
7433339b9,0,0,0
ca7075738,1,2,1
0b6457bf5,1,3,1
1ff148919,1,1,1
fe15cb88c,1,1,1
dd5275a60,1,3,1
c0898504e,1,3,1
1ed0c2a41,1,3,1
386990598,1,2,1
5ea1f2c39,1,3,1
88c0e21d1,1,3,1
226e8fe7c,1,1,1
f288b4919,1,3,1
0f80c9dc5,1,1,1
d89ce4c76,1,3,1
21579dbcc,1,2,1
f83096577,1,3,1
3bb86aa8f,1,3,1
a34cf041b,1,1,1
293061205,1,3,1
1020c8f00,1,2,1
f61cb2ecd,1,3,1
6dbed5324,1,1,1
ffe0f06ab,1,1,1
b932b3915,1,3,1
066498aa1,1,3,1
758a6def9,1,1,1
ab8a8e5c9,1,3,1
7821d724c,1,3,1
1a51506e1,1,3,1
5e74dfc90,1,1,1
faf4fd269,1,1,1
4f623a979,1,3,1
3105b0012,1,3,1
4ad400ba0,1,2,1
85188cb67,1,1,1
ba3ee71f8,1,3,1
0a4fc94e5,1,1,1
d19f035bc,1,2,1
087313ba2,1,3,1
b3b26191c,1,2,1
84e1e59d5,1,3,1
2b5249852,1,3,1
bb0dddcf2,1,3,1
824db46ba,0,0,0
a6e33dddf,0,0,0
33aa18b41,1,3,1
dcd93c794,1,1,1
9dfcbe364,1,1,1
1bcec6d18,1,3,1
4cfbb4616,1,2,1
84c1afe03,1,2,1
861d65847,1,3,1
90bc90da2,1,3,1
1bbadc050,1,1,1
90b927fdd,1,3,1
7fa23fd14,1,3,1
a0da2621e,1,3,1
7ddf00d90,1,2,1
630e96c9d,1,3,1
a20880c1d,1,1,1
c33c82dd5,1,3,1
acd9e66f1,1,3,1
ba54e88a9,1,3,1
a6c7f3a13,1,3,1
4ffbe0538,1,3,1
0792dbfa4,1,3,1
cff80e84d,1,1,1
a7554fc9e,1,3,1
3338e5ec6,1,3,1
447233a49,1,3,1
5b6add800,1,3,1
b2b3baca1,1,2,1
b9e27a268,1,3,1
469e709ba,1,1,1
262d7f006,1,3,1
175f4a910,1,2,1
b8ccf4b62,1,3,1
7d1030b42,1,2,1
94019dc75,1,2,1
b9405015b,1,1,1
1035db262,1,2,1
59e59bd5a,1,2,1
554c80a2a,1,3,1
2a69070a9,1,3,1
8d8895245,1,3,1
d70af36fd,1,1,1
a120cae65,1,1,1
7cf37c7e2,1,3,1
374b76068,1,2,1
70112a1b9,1,2,1
9f2dd031a,1,1,1
79a9a7b05,1,3,1
bf90589d1,1,1,1
e375cb119,1,1,1
1e87e4110,1,3,1
2932eac8e,1,1,1
6aee1d8da,1,2,1
679e98b95,1,1,1
39fc7e6d8,1,3,1
484915b4f,1,3,1
9abe933fd,1,3,1
a972114e1,1,3,1
f1fe2758a,1,2,1
417c09a08,1,3,1
f6fac7b56,1,3,1
8655a46ed,1,3,1
1f9b856e0,1,2,1
b574af70f,1,3,1
e9ec4d543,1,3,1
ea39ef3ae,1,3,1
f34b0a578,1,2,1
9bd70dc2b,1,3,1
685b2cbe4,1,3,1
be3508ce5,1,3,1
b7e7211e7,1,3,1
2c3d7804c,1,3,1
09eca4557,1,3,1
ef896feeb,1,3,1
1871dd283,1,1,1
c45e47c4c,1,3,1
c5af48975,1,3,1
f07e35bb8,1,3,1
c8c7ef646,1,3,1
387a8e71a,1,1,1
3b4b4cb9c,1,3,1
2bf2c6260,1,3,1
f104f8045,1,3,1
745fd19b8,1,3,1
9a3224461,1,3,1
f861fe441,1,3,1
c32940f0f,1,3,1
77bb4ce3a,1,3,1
9fb2a918d,1,3,1
abaf6c9ee,1,3,1
799cbc9e1,1,3,1
55f1edd7d,1,1,1
1d3dd0cb8,1,2,1
12ccd5019,1,2,1
b51b41933,1,3,1
097dd9931,1,1,1
86b3239e9,1,1,1
c0545b660,1,1,1
f0e2f80c5,1,3,1
c93e86f5d,1,3,1
b477ad589,1,1,1
0af142ee3,1,2,1
eb7f34ac5,1,1,1
bd56db16a,1,3,1
eb1f2f2f0,1,3,1
7d6298b6e,1,3,1
615afad71,1,3,1
1528d2a61,1,3,1
02fee7295,1,2,1
3402b3970,1,3,1
1e7a3b766,1,3,1
6ce342cfe,1,3,1
5f20dde82,1,3,1
56ae25223,1,3,1
56e231a77,1,3,1
d168549f2,1,3,1
b9e604ca1,1,3,1
9d7c4455c,1,3,1
1b1cf81d4,1,1,1
48c598ef0,1,3,1
ca4224e0b,1,3,1
38f6f3011,1,3,1
a56bbc295,1,3,1
e63eea2f7,1,2,1
191fb0046,1,2,1
4ce620a7a,1,2,1
bbd0c8f36,1,1,1
abf38029d,1,3,1
8f45b9967,1,3,1
59ad17125,1,2,1
829889fa9,1,3,1
a9e4d6df7,1,3,1
9568aa267,1,3,1
3503528f8,1,3,1
cb9eb954c,1,2,1
8ce613036,1,2,1
a6610ebd3,1,1,1
d7a002088,1,3,1
4448f7d57,1,2,1
189a8292b,1,2,1
49aaa4f94,1,1,1
0111f92ff,1,3,1
a53cb0980,1,2,1
ba2d4e877,1,2,1
3285d041f,1,2,1
be36182ea,1,2,1
07ee44cb8,1,3,1
9fb8e5e73,1,3,1
fcc138c39,1,3,1
f980544af,1,3,1
01c202740,1,3,1
a1379a575,1,3,1
8bb0f874b,1,3,1
aaa9c8e09,1,2,1
56ab5d935,1,1,1
96e9f6fd8,1,3,1
1f0e01c1d,1,3,1
0c0bae9fb,1,3,1
163adc370,1,3,1
d8b05d43d,1,3,1
fd71f9fb4,1,3,1
9d1b799e7,1,3,1
dd13b36c6,1,2,1
08a9b6f29,1,3,1
812240d28,1,3,1
1565d09ad,1,3,1
02f7300db,1,3,1
60f9fee55,1,3,1
d33f713d0,1,3,1
b3fc0b07a,1,3,1
e58dde7d7,1,2,1
16dc1188b,1,3,1
4ceff3a2e,1,3,1
cdf4d775f,1,2,1
f0bec65cf,1,3,1
f9159b6df,1,3,1
1a1e3aa63,1,3,1
534104c8e,1,1,1
26dfe8b29,1,2,1
d9f772c36,1,3,1
b1dd64fa6,1,3,1
853fc56da,1,1,1
08d198666,1,3,1
72482852e,1,3,1
a015cce59,1,1,1
fc32d375d,1,3,1
14410015e,1,1,1
a56c46193,1,3,1
72e24597c,1,3,1
6521d5af1,1,3,1
261c4115b,1,3,1
2d0315769,1,3,1
ce19e69ff,1,2,1
495ad1b56,1,3,1
2fc753430,1,2,1
80aca536a,1,2,1
daabe5f9d,1,1,1
883e7d058,1,3,1
e246ecfdc,1,2,1
437b06047,1,3,1
1d30559d8,1,3,1
bd8ce1096,1,1,1
902624c4b,1,3,1
920cfaad3,1,3,1
b41cb9e51,1,2,1
5c30eceb2,1,3,1
e94f842c0,1,2,1
1d8dd930a,1,3,1
0985e2dad,1,3,1
0633474d9,1,3,1
33eaf34b3,1,1,1
7942b62ef,1,2,1
f056ab9fc,1,1,1
df59dd59f,1,3,1
68d7d01d0,1,1,1
a819945dc,1,2,1
0be7a4adf,1,3,1
8b2be8807,1,3,1
9c33e8db3,1,3,1
6adc3bf2f,1,1,1
66a1d5bc4,1,3,1
f4ae0ba7a,1,3,1
2c137b9a4,1,1,1
d40e98a9b,1,3,1
76c276834,1,2,1
8170c6b01,1,3,1
8e77d52ad,1,3,1
bdbe7091f,1,3,1
150257980,1,1,1
a00eaa0fb,1,3,1
3ec367f79,1,1,1
28f9f4ec4,1,3,1
2a9be9456,1,3,1
19db3e21f,1,3,1
d86d7a70e,1,3,1
976cd59b0,1,1,1
004a26127,1,2,1
b6c338f94,1,3,1
fa21ddfa3,1,3,1
4e6750363,1,3,1
7238228b5,1,1,1
8670bd551,1,3,1
ffbc3eaaf,1,2,1
06cc44fad,1,3,1
5a17d8cea,1,3,1
fd3c1a3bb,1,3,1
2b0b80ef6,1,3,1
8dfc9cc69,1,3,1
b80a19455,1,3,1
d8be7f8b0,1,1,1
0e80de8ac,1,1,1
4a4fb4974,1,3,1
4a818af93,1,3,1
5b59ef7ee,1,2,1
ad002785c,1,3,1
002230dea,1,3,1
ef638b9d9,1,3,1
f5bcc82f8,1,3,1
1d7e844a7,1,1,1
67b1168ba,1,2,1
26428557f,1,3,1
b6cea4edc,1,2,1
8b2d9c8f5,1,3,1
41e069381,1,3,1
d1962ab4f,1,1,1
7e250a5f1,1,3,1
0063f83c9,1,3,1
29e2ac645,1,3,1
d5124cdcc,1,3,1
0d6b8efdc,1,3,1
e5c42ae26,1,1,1
93dc36260,1,2,1
f29aeba4e,1,1,1
503a096e7,1,3,1
1facdfb28,1,3,1
206db8d8d,1,3,1
599d24d23,1,1,1
1a0395c7f,1,1,1
4f1d86875,1,3,1
53cab4731,1,2,1
10eea956d,1,3,1
62b9cb163,1,3,1
5bbc1017c,1,3,1
5e3994257,1,3,1
4a93b3e4e,1,1,1
382b4212b,1,3,1
991eba9f9,1,3,1
6ade0f2fe,1,3,1
239495f90,1,1,1
8e2723a38,1,1,1
8f128d3ed,1,3,1
497ef36aa,1,3,1
af514b027,1,3,1
5cba5c76a,1,3,1
a2cf852c0,1,3,1
8489f930c,1,1,1
7026f3191,1,1,1
a16c6d55d,1,2,1
7727b4dae,1,2,1
cddbe627c,1,1,1
dae13a47e,1,3,1
fe056693f,1,3,1
61d4dc56b,1,3,1
1a91262f6,1,3,1
446748891,1,3,1
6bd434dc9,1,3,1
3f834da3b,1,3,1
f72d7a939,1,3,1
779d50e4f,1,1,1
ee93b2d47,1,3,1
8849d3fe9,1,3,1
143d10038,1,2,1
2d3d873be,1,3,1
092fa68bd,1,3,1
a8a2aecc3,1,3,1
a1390d450,1,2,1
42ea4ccd8,1,3,1
12dce436d,1,3,1
5bd859977,1,2,1
7df56218d,1,3,1
0ede86b28,1,3,1
392caeaed,1,2,1
22a7a8a13,1,3,1
f904be121,1,3,1
45af03266,1,3,1
1ba488d80,1,3,1
96cbe1e48,1,3,1
79ad78fc4,1,3,1
a6239b2f3,1,1,1
6da53f587,1,3,1
c240d153f,1,3,1
29b60faaa,1,1,1
000a290e4,1,2,1
f6575f08d,1,2,1
67a68df4a,1,1,1
011a11cda,1,3,1
2e1de0bba,1,1,1
0038c9343,1,3,1
68046ca33,1,2,1
18cd75354,1,1,1
03e429963,1,3,1
15a06cb97,1,3,1
19f0ef706,1,3,1
533c528ec,1,3,1
07877aea7,1,2,1
322b32801,1,1,1
f892c5908,1,3,1
2a6884283,1,3,1
97a10da78,1,2,1
f2f8667a2,1,3,1
b1d288322,1,3,1
7ee6fe581,1,2,1
9ba39bba6,1,1,1
97b9ee40b,1,3,1
4fcd7cfe0,1,3,1
8528b3d49,1,3,1
f6f2f9424,1,3,1
8ac1e8eb6,1,1,1
56e91b142,1,1,1
8a04b2403,1,3,1
ccdc0f862,1,3,1
aeffc6dfd,1,1,1
0cc3e27b5,1,3,1
c37b2e740,1,3,1
169184766,1,3,1
792c38c44,1,3,1
a0825ad18,1,1,1
eac15ca35,1,3,1
8ac51d5ce,1,1,1
f8bf52aea,1,2,1
442822be3,1,3,1
02d9e61ca,1,3,1
5d55a0cb3,1,3,1
9f5636404,1,3,1
75fc7829e,1,2,1
1e7159da4,1,3,1
95af6f72b,1,2,1
434a2904c,1,3,1
d0d9596e3,1,3,1
7cd5e5195,1,3,1
2fb24b53d,1,3,1
b3580fea4,1,1,1
737069cee,1,3,1
1940b59e7,1,1,1
f69bd4b27,1,3,1
ff5ea4f84,1,2,1
660cd67ed,1,1,1
cf162bb42,1,2,1
386e1a0fd,1,3,1
155e1f0ca,1,1,1
6dd6363f0,1,3,1
7a31d17c7,1,1,1
5bd3c6eee,1,1,1
861c903b6,1,2,1
3cae1b9ae,1,1,1
83b2d9103,0,0,0
8dd8a7b9e,1,3,1
ba16888d7,1,2,1
775da0afe,1,3,1
7b6f894a1,1,1,1
728ed1c0e,1,1,1
e89b02af3,1,3,1
3f38aabf4,1,3,1
fc93e5aa5,1,3,1
bb2808ff8,1,3,1
f7d93d4e8,1,2,1
289d0bc8a,1,3,1
51d815775,1,3,1
8335d65e0,1,1,1
90ce48a71,1,3,1
2e41f018c,1,3,1
a8249d599,1,3,1
8d1dce21f,1,3,1
628a224b2,1,1,1
02612ab95,1,3,1
1303e86df,1,2,1
4a5a02164,1,1,1
0cd8ca49f,1,3,1
752b2d9c5,1,3,1
eb6bb82fd,1,3,1
9af3fec83,1,3,1
d9c151e72,1,2,1
4bd8b2b8d,1,2,1
cc08b4198,1,3,1
7ebe13a93,0,0,0
0691034ac,1,3,1
8483b2161,1,3,1
90f1bb168,1,1,1
0e6492f0d,1,3,1
2e989d559,1,3,1
e29ff1448,1,2,1
c5ee96818,1,2,1
f86b59db0,1,3,1
9a7a6f554,0,0,0
813db4d5a,1,3,1
756eaf5eb,1,3,1
76a8ffac4,1,1,1
6ff9b83f0,1,1,1
3b901ae31,1,3,1
9fc14401a,1,1,1
a83683f66,1,3,1
e0ee00f9a,1,2,1
c9c023b3e,1,2,1
e9e263ee2,1,3,1
13a563b84,0,0,0
308a16b6e,1,2,1
cc42556cb,1,3,1
42103b22e,1,3,1
82f899eaf,1,3,1
48a3fe4ac,1,3,1
0ef640aaf,1,2,1
a0bcee7e2,1,3,1
de2460808,1,3,1
4e0a9cfec,1,3,1
1b6d1b049,1,3,1
d51de36a1,1,1,1
79ef1fd27,1,3,1
9a7474fd8,1,2,1
b78b30c18,1,3,1
e470b6bd3,1,3,1
111be067f,1,3,1
5bfbb098d,1,3,1
07bd5a7a9,1,1,1
636389c7d,1,3,1
375794bcb,1,2,1
3013d9169,1,1,1
3feae3fb7,1,3,1
01e4020da,1,3,1
5301da118,1,3,1
1929d8aea,1,1,1
4a02b467d,1,3,1
7930e4752,1,3,1
531e56f63,1,3,1
767be5091,1,3,1
2ab616a68,1,2,1
21415ffb9,1,3,1
07914c759,1,3,1
d4ec04b8e,1,3,1
d68357af5,1,3,1
63ba3f4a7,1,2,1
77c9c2e64,1,3,1
e16fc7feb,1,2,1
212157776,1,3,1
5264d253b,1,3,1
1ed55129a,1,2,1
79f8f767e,0,0,0
5ef34251f,1,3,1
239c4b696,1,2,1
06ed12b93,1,3,1
3cf0fcd34,1,3,1
e8a1f3d1b,1,1,1
b6fbfa344,1,3,1
155126a9f,1,3,1
3eee4f608,1,3,1
8106b5f6f,1,1,1
2275c7ba3,1,3,1
f8204bf7c,1,2,1
37fdaf339,1,3,1
39818f12c,1,3,1
121c5faca,1,3,1
ccd36a0f2,1,1,1
e9cfb355a,1,1,1
fe09dbb56,1,3,1
c2fc23444,1,3,1
531452675,1,3,1
418e88441,1,3,1
49c5dbda7,1,3,1
830b62870,1,3,1
b2936408d,1,3,1
26161bad4,1,3,1
095de41ba,1,2,1
020fbbc9d,1,2,1
49f06aa59,1,1,1
a3e32d538,1,3,1
edbe94a1b,1,3,1
2e116036a,1,3,1
2ffddd303,1,1,1
9a8a8b6ea,1,1,1
21a56b530,1,3,1
c50926700,1,3,1
1dcd8bc8a,1,3,1
2cd806c03,1,1,1
794c57f72,1,1,1
a0b92d7a2,1,2,1
47fc12331,1,3,1
1d1c1d51d,1,2,1
fed21411c,1,3,1
2b6fe231b,1,2,1
76301f924,1,3,1
0cda0894a,1,3,1
cc261e309,1,2,1
27177be26,1,3,1
a39034cfc,1,2,1
00be0a63e,1,3,1
8673a672d,1,3,1
6154a6716,1,1,1
9e1caf559,1,3,1
aa1cf9c0c,1,3,1
bce56e27b,1,3,1
637e741e8,1,1,1
10fa4505d,1,3,1
b3995ad50,1,2,1
056bb97e4,1,3,1
c0574c31a,1,2,1
7bc54baef,1,1,1
ebd3ef2f9,1,3,1
b181fa99a,1,3,1
3da55a076,1,3,1
24890da9b,1,3,1
42e9334f2,1,3,1
72f092b4b,1,2,1
91328d9f8,1,3,1
38ed119b6,1,1,1
32f29129c,1,3,1
577c72b39,1,3,1
d6e6e7d6c,1,3,1
8f5d6ee4f,1,3,1
4652decf5,1,3,1
85e72abd0,1,3,1
b278cd182,1,3,1
f618c35b8,1,1,1
f5fc7d4a5,1,1,1
9b9873716,1,3,1
4b29bbd04,1,2,1
52ed9719f,1,3,1
e7c1eb9ec,1,2,1
331476348,1,1,1
abadb839a,1,1,1
010a59236,1,3,1
3aa622eed,1,3,1
e899d33d5,1,2,1
0497c5ed8,1,3,1
cccbf8c47,1,2,1
31081d71d,1,3,1
c5aeec694,1,2,1
f231e1f78,1,3,1
1ce065496,1,3,1
8a3bb842e,1,2,1
af317c330,1,2,1
fe16bb525,1,3,1
a64d70c84,0,0,0
8009b7ac8,1,3,1
fe2209833,1,2,1
a6fe8b174,0,0,0
4f412d0fc,1,3,1
67ef0c9a6,1,2,1
6e642352c,1,1,1
732a2ed35,1,3,1
372d1784a,1,3,1
dd9ee4a38,1,3,1
56cba1beb,1,2,1
7f5cb9583,1,3,1
1539be087,1,3,1
6d87736bc,1,3,1
b12e22341,1,3,1
36f3f7027,1,3,1
69b79d62d,1,3,1
74e81519b,1,1,1
9115f86cb,1,1,1
66b206dbe,1,2,1
b59e875ed,1,3,1
63f28922e,1,3,1
a45142177,1,3,1
46feadc45,1,3,1
b84058aa2,1,3,1
5096467b6,1,2,1
18dab2783,1,1,1
f45171393,1,3,1
1d90e5473,1,1,1
0e83fbe2a,1,3,1
ae14a91dc,1,3,1
b672b7465,1,2,1
80bf7a371,1,2,1
ef8ddd70b,1,1,1
859b2a95b,1,3,1
97dc40c6f,1,3,1
35178a75a,1,3,1
553164b93,1,3,1
7d1ff4264,1,3,1
39ec77c60,1,1,1
66eb1d49b,1,3,1
7988bce47,1,3,1
cb295209a,1,1,1
4a311c6dc,0,0,0
f03ea3fd5,1,3,1
36ea16468,1,3,1
8755daaed,1,3,1
09f514bd9,1,2,1
36bec0c95,1,1,1
eb77ec282,1,3,1
3968d52d9,1,1,1
c07d6061c,1,3,1
e11e6cf89,1,2,1
b48d47214,1,2,1
1f983f20b,1,3,1
b3ff03304,1,3,1
e2334b5d7,1,3,1
a6231927c,1,1,1
3f7ef9681,1,1,1
466862270,1,3,1
e01638894,1,1,1
2b55fbaee,1,2,1
de0f0272c,1,2,1
c994bc1b2,1,3,1
d3a4afef1,1,1,1
183160bf0,1,1,1
ffd506899,1,2,1
1f2573b47,1,1,1
f888d5f54,1,3,1
073f265c3,1,3,1
334975a99,1,1,1
89bd573e1,1,1,1
7f9f1a2d0,1,3,1
5971c2462,1,3,1
6120ace5c,1,2,1
40fbb932c,1,3,1
f22aae8af,1,1,1
f08503742,1,3,1
d17892c89,1,3,1
f3326d571,1,3,1
09ca98f7b,1,3,1
4c6a4b965,1,3,1
c8b38c65e,1,3,1
acb248693,0,0,0
c65cbe7b2,1,3,1
ebf5e5e77,1,3,1
65a98c48f,1,2,1
a9f395ba8,1,3,1
8edd5d505,1,3,1
93a9e05b1,1,3,1
d4c153877,1,3,1
0c1e8a6f2,1,1,1
b67261194,1,1,1
8aef3b898,0,0,0
99daba941,1,1,1
868fb91f3,1,3,1
7cd898f38,1,3,1
3f4fff7b2,1,1,1
ef0fde5be,0,0,0
41a7d5bc2,1,3,1
01e5d357f,1,3,1
77a74852b,1,3,1
0b051c8b3,1,1,1
75d255222,1,3,1
3b2b69d20,1,3,1
811f9407f,1,1,1
ac3a5c473,1,3,1
8cb325d19,1,3,1
fb9d3b9ef,1,3,1
83f13202e,1,1,1
a9caf7e92,1,3,1
bfab5f493,1,3,1
f78698cc4,1,3,1
d5053eb47,1,3,1
9b0744be7,1,3,1
6102346ee,1,1,1
412d6c47d,1,3,1
ec4849051,1,1,1
485772d7e,1,3,1
b2b5ee33a,1,3,1
6b24d9186,1,3,1
3dfe89264,1,3,1
0a76a6cf3,1,1,1
a96f0d5bc,1,3,1
c05a85bbb,1,3,1
e4f7394ef,1,3,1
37e47eeab,1,3,1
98ae607d8,1,3,1
221cc9a2b,1,2,1
329814145,1,1,1
a8cfb849e,1,3,1
799aad68b,1,3,1
f796b0a30,1,1,1
bc2fdee71,1,3,1
ec15875ea,1,3,1
c6d879376,1,3,1
c5f1eb8b6,1,3,1
610246129,1,1,1
d072a58e5,1,3,1
bfdff0622,1,3,1
5e8f72190,1,3,1
067cacbb5,1,3,1
f9347cf8e,1,1,1
b1ae07ad5,1,3,1
38cf8b2f5,1,3,1
dfb0b0928,1,3,1
ec2c40301,1,3,1
d3e488484,1,2,1
a6fbe0f38,1,3,1
c9d24314b,1,3,1
6c6a5b5ac,1,3,1
1fd056050,1,3,1
38d23c02f,1,1,1
ec57adce7,1,2,1
abd7a3201,1,1,1
5944cef68,1,1,1
05a05d562,1,3,1
b96e5f6a6,1,1,1
b233246be,1,1,1
44db1cade,1,3,1
f90762cef,1,1,1
6aa6cfaaa,1,3,1
3a14fbb8e,1,3,1
4f9379256,1,3,1
b43155295,1,1,1
c9d955ac9,1,1,1
031a0e45a,1,3,1
eaef39ceb,1,3,1
dc4e92b83,1,2,1
a56d6eceb,1,3,1
8e5356302,1,3,1
ae3ef6983,1,2,1
2d00520ed,1,3,1
36010cec4,1,3,1
143a52d8b,1,3,1
eda2151fa,1,3,1
f336dbe0f,1,1,1
9d3c3c390,1,3,1
8a97062f5,1,1,1
5a3e60ced,1,3,1
679d0c196,1,1,1
8632f7132,1,2,1
c7338db23,1,3,1
1a849a445,1,3,1
cbb64ed77,1,3,1
f64f8a464,1,3,1
356d9395d,1,3,1
9fae764f0,1,1,1
c1f4af354,1,1,1
8cf93cab0,1,2,1
a63f6c6a1,1,3,1
076d6f830,1,3,1
a04c35bc6,1,2,1
0b3b23c20,1,1,1
f2bb56f7a,1,3,1
098b6e1e6,1,3,1
4c56ed2b6,1,2,1
0173c456c,1,3,1
75ca94b67,1,3,1
d6259561f,1,1,1
7cbe52a0f,1,2,1
c7aa43e1a,1,3,1
f073c005e,1,3,1
0a0e8c15b,1,2,1
09a41530d,1,3,1
5ae7359ab,1,3,1
7df257784,1,3,1
28e151af1,1,2,1
c6bb64d82,1,3,1
eb64e3d68,1,3,1
d99012d9f,1,3,1
01ecd8b66,1,3,1
6d2c3b550,1,1,1
2edd45e56,1,3,1
69d95bc54,1,1,1
7f6779706,1,2,1
2d8db1c19,1,3,1
ef70f3263,1,3,1
24c1d5a33,1,3,1
6c62c854f,1,1,1
079f5f1e4,1,1,1
78332e36f,1,3,1
fdc472b2e,1,3,1
a3eb4fe4d,1,2,1
87615b2c6,1,1,1
8ef4b6cf3,1,3,1
78cb569c6,1,3,1
5cd76da7d,1,3,1
ad6cfec5c,1,3,1
db6082ae6,1,2,1
94610095f,1,3,1
60c1c2fbd,1,3,1
a2c44e0b3,1,1,1
e32f5a36f,1,2,1
4f1d0410d,1,2,1
2e74deb7b,1,3,1
9ee623346,1,3,1
bc0a5524c,1,3,1
5163abb6e,1,3,1
29170247f,1,3,1
006d301e9,1,3,1
fed3c719a,1,3,1
164462023,1,3,1
e2a9dd71a,1,1,1
86c1be8f0,1,2,1
f252006a7,1,3,1
da34209ec,1,3,1
59a3ee7ff,1,2,1
77d4eba90,1,3,1
b756bfae3,1,2,1
e6b28fc29,1,2,1
3721ed900,1,3,1
117fb58c9,0,0,0
f2708d814,0,0,0
b271a8246,1,2,1
efb7343fa,1,3,1
fce9a96ce,1,2,1
b41d5c9c4,1,3,1
3f53ec8cd,1,3,1
ec0316213,1,1,1
59c3497c1,1,1,1
2c7a8ea18,1,3,1
9801a0f9c,1,3,1
8a420e638,1,1,1
b1be2a9e8,1,3,1
48d1e6446,1,2,1
47a142b50,1,3,1
6735cc397,1,3,1
56b63bfb3,1,3,1
8cc2eea7f,1,3,1
a23dbbf9c,1,2,1
fefb3826e,1,3,1
6257ac9e4,1,3,1
4416baea8,1,1,1
41bcb5de4,1,2,1
dcd70e1e3,0,0,0
f5fda5ac5,1,3,1
a75703051,1,3,1
eef094950,1,3,1
7b81592b9,1,1,1
6784b2fcd,1,3,1
18da94e9d,1,3,1
a2a04b6e4,1,2,1
d56553e2d,1,2,1
8fcdf3368,1,1,1
6d1d7bcd8,1,3,1
6b6cb317b,1,2,1
125edf869,1,3,1
edba94b45,1,2,1
78551abb5,1,2,1
7fa04723a,1,2,1
868904c66,1,1,1
f6e56c908,1,3,1
167233db2,1,1,1
622f08247,1,3,1
8fe2cf87b,1,3,1
6b86ed0e0,1,3,1
9dd1cdd52,1,3,1
7295b4948,1,3,1
90204109f,1,3,1
3e463e29e,1,3,1
b1f1a42bf,1,3,1
81ecf4cda,1,3,1
0c612e8df,1,1,1
f69176873,1,2,1
82e86dcbb,1,3,1
0dbb0a012,1,1,1
f2aac285e,1,1,1
af76ac5bf,1,1,1
2ead80817,1,3,1
8b1b5fcfc,1,3,1
843f45598,1,3,1
f489059e0,1,2,1
3890935ed,1,1,1
9daa740bb,1,2,1
e2ce25661,0,0,0
f44ba1344,0,0,0
7d7da3838,0,0,0
fb9fae270,1,3,1
93641e3f2,0,0,0
99e9a454d,1,3,1
9d1012529,1,1,1
50b022696,1,3,1
725ee6572,1,2,1
3d0a4c45a,1,3,1
a79e1889c,1,1,1
db9539604,1,3,1
8f6a4a76a,1,2,1
1ee4a9e81,1,3,1
b3543dda3,1,3,1
bba2fb084,1,3,1
7c17de5f6,1,3,1
351eefe3e,1,3,1
166040493,1,3,1
92ee6241d,1,3,1
70aeba909,1,1,1
822193428,1,3,1
b73079713,1,1,1
e052a2a39,1,1,1
ff5e30380,1,3,1
77d395a82,1,2,1
9d8e58a2e,1,3,1
68a603bc3,1,3,1
67532bb27,0,0,0
bdf00be34,1,3,1
79799da25,1,2,1
106e252d9,1,3,1
7d7eef3d3,1,3,1
7a1609dd4,1,3,1
649930cc8,1,1,1
0c0508818,1,1,1
fcfae453e,1,2,1
05e3bc1ae,1,2,1
b64e30a78,1,1,1
01f4746ef,1,2,1
3b0ae25f0,1,3,1
254dd6ba7,1,3,1
5c039d8c1,1,3,1
f9a962ccc,1,3,1
acb9e48ff,1,3,1
09cc3f346,1,3,1
fd6dd3835,1,3,1
f522ad8d4,1,3,1
f95eb4d75,1,3,1
804e56f9b,1,3,1
4fb9fc3d1,1,3,1
72b0d2b06,1,1,1
b48460ef7,1,3,1
bfed6fcaa,1,3,1
04e966b1c,1,2,1
cb307f308,1,3,1
da7680082,1,3,1
24488c53a,1,3,1
a9f2b6e32,1,1,1
fe3fe601e,1,3,1
4d1ea2aea,1,2,1
9a96189d5,1,3,1
ef06f5641,1,1,1
6a34d34ab,1,2,1
4aa44d3c9,1,3,1
b5b84493d,1,3,1
9296eb09d,1,2,1
400c2ccab,1,3,1
5e6de643b,1,2,1
1acab1703,1,3,1
d88f3ee34,1,3,1
f2c84786f,1,3,1
e0efe2c72,1,3,1
cca005e96,1,1,1
8722dfeed,1,1,1
f01b64ff7,1,1,1
e13488562,1,3,1
fb278c21e,1,2,1
b7809d0dd,0,0,0
962c84aa9,1,3,1
289cc7f88,1,3,1
18a87116d,1,1,1
85f3279a4,1,3,1
f38727a35,1,3,1
26fb642bb,1,3,1
8a01ffaa7,1,1,1
f99231609,1,3,1
9493ee8ee,1,2,1
42b8f0aa7,1,3,1
43a43e926,1,3,1
2099c09a0,1,3,1
823fe0bbd,1,1,1
7d3dd49c5,1,3,1
85ff0f493,1,2,1
7a7153881,1,1,1
e0ec9b89c,1,1,1
e65375c05,1,3,1
36332af6d,1,2,1
cfd4c95d9,1,2,1
bca4defa4,1,3,1
1e51ad3d5,1,1,1
c8c3eb092,1,2,1
1d6149d17,1,1,1
07ae95ddc,1,3,1
6d5fc90f3,1,3,1
7630f3d6c,1,3,1
59e6d1d66,1,3,1
382d948b1,1,2,1
7538304d6,0,0,0
3ff23c65c,1,3,1
326b17344,1,3,1
067f49481,1,3,1
6c803e00e,1,3,1
1eb9e42bd,1,3,1
af843bbce,1,3,1
036af6df3,1,3,1
3ebb0dd45,1,1,1
cff9a1fec,1,3,1
1cdb5d61f,1,3,1
259dc7e9a,1,3,1
eda8eecc6,1,3,1
f84b22dae,1,2,1
bbfc5274f,1,3,1
a0c64fbad,1,3,1
cb474120b,1,3,1
98fc3ff8e,1,3,1
b52c73ef1,1,3,1
2af9db4dc,1,3,1
d2d48985e,1,3,1
22987c7fb,1,3,1
18810b958,1,3,1
25d4bd6e1,0,0,0
944862101,1,3,1
3daede547,1,2,1
b210e38f0,1,3,1
547f46854,1,3,1
72b6bef39,1,1,1
fd123a15d,1,2,1
f3c42e04b,1,3,1
80785f31f,1,3,1
27cd530db,1,3,1
e9b1363e5,1,3,1
8361219e7,1,2,1
4f7fc967a,1,3,1
0a98163c8,1,3,1
69a1bfaa9,1,1,1
178629125,1,3,1
323e4cb89,1,3,1
5cc846427,1,2,1
6a7027972,1,2,1
a381e49c9,1,2,1
1b8949b5e,1,2,1
3779a7d91,1,3,1
c397b09d8,1,2,1
b7135cf44,1,3,1
6c8487ccb,1,3,1
ef9196721,1,3,1
d0d2a12a2,1,2,1
f1f4773bf,1,3,1
44930f85a,1,3,1
2b3d754de,1,3,1
d30068375,1,3,1
ff873a820,1,3,1
22ae95c51,1,1,1
c7b3c09d4,1,3,1
f7754af59,0,0,0
de6c0126b,1,3,1
2b6e5343e,1,3,1
ba7b8cac2,1,3,1
a93c04347,1,3,1
7ad21fd0b,1,1,1
a90a72141,1,3,1
eb8adeef1,1,1,1
bb170fd98,1,2,1
4d1a986bb,1,2,1
38fd4509d,1,1,1
2f3677597,1,3,1
83d94a6e6,1,3,1
24c1b4eac,1,2,1
3b939b40c,0,0,0
b504fc3b5,1,1,1
9ea3739e8,1,3,1
0a140a67e,1,3,1
d815333bb,1,3,1
4752b5e0c,1,3,1
dc8359e75,1,1,1
9893500e1,1,1,1
844dfd2b4,1,3,1
4f279d30c,1,3,1
a47dfb645,1,3,1
e7067c4dc,1,1,1
2fd882044,1,3,1
73717bc4f,1,1,1
9467b9867,1,3,1
ae219ff80,1,2,1
75e343c91,1,1,1
bc5dade47,1,2,1
7c7a54cbe,1,3,1
fbba51f97,1,1,1
0a84451ae,1,3,1
9981e5f29,1,2,1
3a4d22688,1,3,1
7a2cadc09,1,3,1
3813bc7c5,1,1,1
0cb5ad250,1,3,1
63f01ff3e,1,3,1
f64329201,1,2,1
992d82305,1,3,1
4f23f9105,1,1,1
cf8d949f9,1,3,1
ab4a00203,1,3,1
361e79f5f,1,3,1
c89e5d2b1,1,3,1
a97467fb6,1,3,1
61b6e170c,1,1,1
596aedb84,1,3,1
c11df559d,1,2,1
c6ce1ed64,1,3,1
531f9b184,1,3,1
37865f566,1,3,1
dba9050f5,1,2,1
5fc91ab6b,1,2,1
3681bfdb9,1,3,1
8dd28c706,1,3,1
1be1868fd,1,1,1
ecd83e25d,1,1,1
2d0b49c8f,1,3,1
dd201c041,1,3,1
0157cf3a4,1,3,1
132346d7e,1,3,1
5b729ae6c,1,3,1
8b8229f52,1,3,1
a3f6438ea,1,3,1
afe326f34,1,2,1
201aad926,1,1,1
33a6694b0,1,3,1
7196383a7,1,3,1
094c2c3bf,1,2,1
8e8d158cf,1,3,1
6ad5153bb,1,3,1
e0f46aa3e,1,3,1
9d03cf923,1,3,1
eea5bf906,1,1,1
de0a86ccf,1,3,1
9a8cbb0c8,1,3,1
0fea56eb9,1,3,1
e7db9c90c,1,3,1
a91761e54,1,3,1
4082acebb,1,1,1
fa97a865d,1,1,1
4d1d8655a,1,1,1
82c51a95a,1,1,1
ed30f663e,1,2,1
28cf4a84d,1,1,1
27ec72a29,1,2,1
4f4f3cd98,1,3,1
1a2c23d4c,1,3,1
5f1a700fd,1,3,1
99be827e6,1,3,1
4e37bb1e2,1,1,1
6c121d784,1,1,1
af1c2888d,1,2,1
4f7932c0d,1,3,1
eee3ab446,1,3,1
35a62a8b1,1,1,1
37884b086,1,3,1
a9fb31e59,1,3,1
c4f6cca8a,1,1,1
838e46496,1,1,1
b8f60eb7e,1,1,1
c37d5c957,1,3,1
c749028bb,1,1,1
d67619580,1,1,1
182aa4a29,1,3,1
e17f6ac56,1,3,1
cda31e59d,1,3,1
46fdbf640,1,1,1
c565589a8,1,3,1
87143ebd2,1,2,1
ab2e61df2,1,3,1
61fa7980d,1,3,1
e633386b0,1,1,1
643eab5c6,1,1,1
e96d122ed,1,1,1
2aaa0c8b6,1,1,1
020cd1d50,1,3,1
1b871dbaa,1,1,1
1dfcfe139,1,3,1
9bb035799,1,2,1
88dbaffe0,1,1,1
9a609ef71,1,3,1
8411ba490,1,3,1
45f72b10b,1,3,1
1a2c91362,1,1,1
ecfcb4430,1,3,1
ffb6a7f5d,1,3,1
fe9307848,1,3,1
a43540943,1,3,1
c7c6fc160,1,1,1
e66d0c392,1,3,1
056768390,1,3,1
14bff008a,1,1,1
e940019a3,1,1,1
7342eafeb,1,3,1
24787403d,1,3,1
57189db08,1,2,1
8566a1bd5,1,3,1
4ac37cc7d,0,0,0
6ca8be82b,1,3,1
ebd16285e,1,3,1
bed0c276d,1,2,1
c82705cf4,1,3,1
4bff1ab0b,1,1,1
a9eef9dca,1,1,1
639a4bcfd,1,3,1
bd18b6cf6,1,3,1
d3077e6b1,1,3,1
d4bdcd89c,1,3,1
3308b3980,1,3,1
4effbea00,1,2,1
2cf927db8,1,2,1
2256216b1,1,2,1
fda10b9ed,1,3,1
4d7111b92,1,2,1
2dfaf69b5,1,1,1
89d4cef63,1,1,1
8c76e6356,1,1,1
f6549ffdd,1,1,1
f58143fd5,1,2,1
a65853183,1,3,1
ab41920c4,1,3,1
355cc5db7,1,1,1
ef50eab33,1,3,1
ec250ea11,1,1,1
a2ee6f2da,1,3,1
8a29d1df0,1,3,1
9f194db92,1,3,1
f5e793c38,1,1,1
d440e9ebf,1,3,1
31dcdb872,1,1,1
2cba60aeb,1,2,1
e08644762,0,0,0
d0b337200,1,3,1
fbc8619d9,1,3,1
02af3813e,1,2,1
8d83c952c,1,3,1
0322aa5b0,1,1,1
21b933087,1,1,1
bad270818,1,1,1
3ac6d621b,1,2,1
98c36e1bc,0,0,0
cda71c00a,1,3,1
355e8bc38,1,1,1
b888f72cc,1,3,1
3bc0357ce,1,3,1
3f0dca87f,1,2,1
acde4eb5b,1,2,1
344b9632c,1,1,1
70503cc75,1,3,1
eb8baed62,1,3,1
faca11616,1,3,1
816112569,1,3,1
33a373ca9,1,3,1
9bbd8c277,1,3,1
07218c870,1,1,1
024bc29f1,1,2,1
4ffa77f1c,1,1,1
aa3c0fe1e,1,3,1
43021e4ed,1,2,1
6de0087e7,1,3,1
2d79572ae,1,1,1
62dc0532f,1,3,1
73a2be705,1,3,1
37fadf608,1,3,1
f0133d72c,1,3,1
7711871ae,1,3,1
d72bc7206,1,1,1
ce0294cec,1,3,1
91e996718,1,3,1
9a591a8d9,1,3,1
3a94fdf2d,1,2,1
2514503e7,1,3,1
29f557bd3,1,3,1
a804fded8,1,2,1
7f5233804,1,3,1
43b6e3f2a,1,3,1
11a3fb06e,1,2,1
9d8f22942,1,3,1
393b4d104,0,0,0
23baf0395,1,2,1
4158fbb67,1,1,1
8d0b0238c,1,2,1
305524cba,1,2,1
39e0f5513,1,3,1
fc19f9c36,1,3,1
4546c89b3,1,1,1
3c59aa98d,1,2,1
6b574c312,1,3,1
656c5e0ff,0,0,0
0d4750032,1,3,1
888116751,1,1,1
81573a25f,1,3,1
47aacf137,1,3,1
2857efde3,1,3,1
a6af385f0,1,3,1
983160271,1,1,1
b7006ed96,1,3,1
74d40e344,1,3,1
588ac0ef1,1,2,1
97fe7f730,1,1,1
594c46c16,1,3,1
3f1b7bea6,1,3,1
871a00e21,1,1,1
0ac2e7d16,1,3,1
851c46a9c,1,3,1
36ed4f417,1,1,1
e65ac2a2e,1,3,1
24737dbd5,1,2,1
21a1b528f,1,3,1
0f258665b,1,3,1
3d011c364,1,3,1
51572cdd3,1,3,1
5e27bdcde,1,3,1
591fa7c31,1,1,1
f729f19c5,1,1,1
6a1240a5d,1,3,1
f0ebfa37d,1,3,1
aa4b23487,1,3,1
ab519bf92,1,2,1
01a985b44,1,2,1
9d6c6055b,1,3,1
8f860b014,1,3,1
e15b26ed8,1,3,1
a93eb0d6f,1,3,1
47ad7a82a,1,1,1
ab293b191,1,3,1
3712c63fd,1,2,1
3e6fa700b,1,3,1
078fb1715,1,3,1
11757c072,1,3,1
5c716a537,1,2,1
baf60f1bb,1,1,1
b1c66fa13,1,2,1
9162433d5,1,3,1
caaf719c3,1,1,1
5da236a17,1,3,1
026c5716f,1,3,1
105fd5ad7,1,3,1
8f13a2d89,1,3,1
9697ebf42,1,1,1
869c8208d,1,1,1
e08649ba2,1,2,1
5de1d0c34,1,1,1
e9feaab54,1,3,1
5e951b28f,1,2,1
ae16e308d,1,3,1
bbf029a0a,1,3,1
6efbd2584,1,2,1
4bcc7910d,1,2,1
270bd311c,1,2,1
ad491b969,1,1,1
ad2423b1f,1,1,1
799ea79a2,1,3,1
14f54fdb9,1,3,1
3085ca2c6,1,3,1
f6ad159f1,1,2,1
32141c266,1,2,1
5b73a7ea8,1,1,1
a878a916e,1,3,1
b988d6443,1,3,1
c3b05e0f0,1,3,1
d9303d3bc,1,3,1
76d876216,1,2,1
f66047cfa,1,3,1
624fadbd4,1,1,1
16349e686,1,2,1
977cfb864,1,3,1
a94208b35,1,3,1
c66def50c,1,2,1
3bfb759ce,1,1,1
ccccfeabe,1,3,1
88c193102,1,3,1
6967987d5,1,2,1
c39c602a7,1,3,1
d3486b178,1,1,1
ddc628647,1,1,1
765da0e39,1,3,1
9278f7216,1,2,1
b8bc0c25c,1,2,1
5a2a433c2,1,3,1
55c23ed2e,1,3,1
2027f2dfd,1,1,1
11ac3640c,1,3,1
e77941c00,1,3,1
166650836,1,1,1
3e26edfa8,1,3,1
c8e941dbd,1,1,1
7beccedcb,1,3,1
99ba6513a,1,3,1
4fc9dee58,1,1,1
1fba9cbc9,1,3,1
d5bf5adaa,1,3,1
8f42303f4,1,3,1
cdf03dc31,1,2,1
5c60d114f,1,1,1
71b0f7f97,1,3,1
092b4242a,1,3,1
062de1f53,1,3,1
1a0499255,1,3,1
2302acf06,1,3,1
52c904832,1,3,1
81d82bda3,1,3,1
21f945788,1,3,1
b66569990,1,3,1
59a320894,1,3,1
818d4a56e,1,3,1
bc8aedde4,1,3,1
a5f82d04e,1,2,1
86fe4ed68,1,3,1
fb9ae7d12,1,3,1
e128e9022,1,1,1
79c15bb50,1,2,1
596d784b2,1,3,1
6661d0fff,1,1,1
222a3f408,1,3,1
bde1336b6,1,1,1
faa62a75b,1,2,1
711bebb99,1,1,1
21847129b,1,1,1
1de8d0099,1,1,1
5a430bd08,1,3,1
09f31b13e,1,1,1
3ded98af9,1,3,1
9137fd90c,1,3,1
1ce681aa7,1,3,1
ca8aec089,1,2,1
a977f3331,1,3,1
9aac5500a,1,3,1
714e287c7,1,3,1
5183f369d,1,1,1
0f506dd65,0,0,0
672bc370b,1,1,1
655cbd9ad,1,2,1
562b8da1d,0,0,0
2ebb5aa64,0,0,0
f205b0649,1,3,1
aff5fa8b4,1,3,1
debec416c,1,3,1
9d66ac1e7,1,3,1
5fed61438,1,3,1
dc94a986f,1,3,1
906083f6c,1,2,1
b16cb3f1e,1,3,1
98aec0679,0,0,0
a460a6274,1,3,1
861af7cd5,1,3,1
65180c32a,1,1,1
dd015cd22,1,3,1
708ce5f42,1,1,1
2d79d25fa,1,2,1
3ff4a6c99,1,2,1
11cc5a797,1,3,1
0a0862717,1,2,1
476dc0901,1,2,1
16d94bbb1,1,2,1
8377bfe97,0,0,0
1e7ada2f7,1,1,1
018188075,1,3,1
bb48e2353,1,1,1
7ae269152,1,3,1
6ed73fc84,1,1,1
0aebdcbc4,1,3,1
ba7ade913,1,3,1
e0e392bfb,1,3,1
5943167f1,1,3,1
b26aecb5a,1,3,1
a662f1d7e,1,1,1
a1d05e431,1,3,1
97916de84,1,3,1
d1f444e66,1,3,1
833408fc5,1,3,1
14e788800,1,3,1
7028931ed,1,2,1
4bd7346d6,1,3,1
acd81a109,1,3,1
cc607ef5c,1,3,1
f53b95c90,1,2,1
f29cacb97,1,1,1
09417404f,1,3,1
c3106dcd5,1,3,1
b549fd8be,1,3,1
e5cecf5df,1,3,1
d56fbda82,1,1,1
74517d04f,1,1,1
80b137b2a,1,2,1
b6450abed,1,3,1
6607c6e22,1,3,1
7ada9a854,1,3,1
172555cfd,1,3,1
978526235,1,3,1
a42c62fc0,1,3,1
9e7aa5866,1,3,1
078a26f06,1,2,1
bbe1d6739,1,1,1
91f0cb0a9,0,0,0
29d36f5b3,1,1,1
5118055f4,1,2,1
afb45dfc6,1,2,1
791c8a511,1,3,1
9cfe96818,1,3,1
4cc8c07d5,1,2,1
bb19c3013,1,1,1
2f43fb067,1,3,1
8100c2485,1,3,1
990eec1b0,1,3,1
9514ed3eb,1,3,1
0b2e2526c,1,2,1
cfebb0955,1,2,1
634aa14a6,1,3,1
7cd55a3dc,1,1,1
f95b27325,1,2,1
37965a7c3,1,3,1
143027239,1,2,1
3b95539f0,1,3,1
df25863ad,1,3,1
1fb9fdf7f,1,1,1
c2d6ff297,1,2,1
442ab63f2,1,3,1
770f24682,1,1,1
d56096e79,1,2,1
5152dbfe1,1,3,1
e11190906,1,3,1
791254d12,1,2,1
1bec8eb5e,1,3,1
1772727a1,1,2,1
648340d89,1,3,1
dffb9869f,1,3,1
65e386742,1,3,1
ffb3a78e1,1,1,1
4ec25bc3b,1,3,1
230e1df8f,1,3,1
458adc77a,1,1,1
b525ee190,1,2,1
4c2f127c7,1,3,1
b79df3351,1,3,1
00904fc2c,1,2,1
bddf43d72,1,1,1
3cc43a157,1,1,1
a5c1c54fe,1,3,1
3816b16b4,1,3,1
578880eb3,1,3,1
8a72708bc,1,3,1
c8d2ed523,1,1,1
894d76b65,1,2,1
cc14a0fb9,1,3,1
aec88207f,1,3,1
5146f799b,1,3,1
49006b8c3,1,3,1
1a7ec71e7,1,1,1
f7473aaec,1,3,1
d7cefb8e9,1,2,1
e60195d5c,1,3,1
cbd0bf6b1,1,1,1
55553842f,1,1,1
c222a4955,1,3,1
51020fbd4,1,3,1
61bf517f2,1,3,1
1fab6916e,0,0,0
a93ff4e92,1,3,1
5a3c85e3c,1,3,1
d5c4ef4c0,1,3,1
e3a29829f,1,2,1
1833aa7d6,1,3,1
2608428d8,1,3,1
5bf02a5f8,1,1,1
08428917f,1,3,1
31049dc2e,1,2,1
0118db3a8,1,2,1
1530366d2,1,3,1
b8d35b6c3,1,3,1
c58018973,1,2,1
e7d9a3d7e,1,2,1
ca39efaf2,1,2,1
52ff28c14,1,3,1
75f3c2e36,1,3,1
0eb101936,1,3,1
95e9ad1b2,1,3,1
dfb8034b5,1,3,1
33bfeb403,1,3,1
4a0adfdd0,1,3,1
30846007c,1,3,1
6740be5a3,1,3,1
7d25e2e3b,1,1,1
3e101e353,1,3,1
8468db069,1,3,1
6cb5e1b06,1,3,1
a4ebfdf22,1,3,1
11c6fd29a,1,2,1
3c6329c92,1,3,1
1b4224c51,1,3,1
9430d84c5,1,3,1
f7a7fc91f,1,3,1
016dcf8d4,1,3,1
a68361fdb,1,3,1
c4c4a926f,1,3,1
ee3b21a9a,1,3,1
edb8ace3a,1,2,1
1c4f5efa8,1,3,1
7b858c084,1,3,1
ade6b8efc,1,3,1
a2e529567,1,3,1
c68815d52,1,2,1
2c8e65887,1,3,1
fcdf8c8ff,1,3,1
0bcb2c2b5,1,1,1
953416879,1,3,1
3b4bb9973,1,3,1
0e6f26f19,1,3,1
91e8e97b1,1,3,1
8e938a436,1,3,1
11ce5617d,1,3,1
5dd7c4c06,1,1,1
b7856db41,1,2,1
5f4f3347f,1,1,1
338ccb571,1,2,1
a67c850b3,1,1,1
0d34bfde7,1,3,1
7b6ffc0a1,1,2,1
89d80665a,1,3,1
878214747,1,2,1
f31b6eda3,1,1,1
6c909e8d0,1,3,1
c29059110,1,3,1
8ff8aefca,1,3,1
9d876d83a,1,3,1
fe8bac73c,1,3,1
5df99d229,1,2,1
c74126469,1,3,1
6c3b8c99c,1,3,1
f7fc28014,1,2,1
45e8bd99a,1,3,1
9a21528ec,1,3,1
306989556,1,2,1
8a6ba0a40,1,3,1
61bedc57d,1,2,1
5dca19c12,1,2,1
2faee359e,1,3,1
fd820a71a,1,3,1
b4ba15dbc,1,3,1
4c6dc89df,1,3,1
fe7bad7d4,1,3,1
760d9a4f3,1,3,1
bdf4a9ed9,1,2,1
277e3979a,1,3,1
ed9948860,0,0,0
27e318160,1,3,1
3af14a63c,1,3,1
60fa6acbe,1,3,1
68a6c1a24,1,1,1
95b24de4a,1,3,1
393d6bda1,1,2,1
9ac089108,1,3,1
4e774a9c7,1,3,1
e89692f96,1,3,1
727d25d09,1,1,1
04b073592,1,3,1
eb9b9400e,1,2,1
1e1e7c4ec,1,3,1
9500cfff0,1,2,1
2bbca459e,1,1,1
a9e753cc1,1,3,1
fe18635ce,0,0,0
90365353e,1,3,1
2f18b4092,1,3,1
6309f250d,1,3,1
6f1580039,1,3,1
5ecdd04af,1,3,1
09af85878,1,3,1
1dd6be0bc,1,3,1
9466aa6bc,1,1,1
8d50d37f8,1,2,1
54c5d6442,1,3,1
c20aa0352,1,3,1
2b82af067,1,3,1
16ff0c687,1,3,1
3c2a1ed3b,1,2,1
e5b7f6fbe,1,2,1
be5595abb,1,3,1
ae4ab31ec,1,3,1
052160ae6,1,3,1
5ada2f8b6,1,2,1
40b31be60,1,3,1
230d5d85c,1,2,1
f4fb11803,1,1,1
a8271c7e3,1,2,1
920a30b27,1,2,1
783a33f4c,1,3,1
0e107c82f,1,3,1
5730742ae,1,1,1
e827bee5e,1,1,1
a22daaa5f,1,3,1
7adf54516,1,3,1
c301eddcb,1,1,1
20bf4bf39,1,3,1
acb0b26ff,1,3,1
95183dc31,1,3,1
2ecaaae2d,1,3,1
6eedb995d,1,1,1
eceb03b88,1,3,1
f6725c11b,1,1,1
b92781dca,1,1,1
f514f45f3,1,3,1
94a0eb345,1,3,1
45dba413a,1,3,1
f5e329595,1,3,1
2a73c2356,1,1,1
82db604c8,1,3,1
e778cd78b,1,1,1
2f8471836,1,3,1
ee8ddae7b,1,1,1
78929e879,1,3,1
08d17d82a,1,3,1
42d94df4c,1,1,1
f8b6a9eda,1,3,1
cb0e74ef1,1,2,1
e3935c62d,1,3,1
3e0d923df,1,2,1
f0063c5b6,1,3,1
7b5012939,1,3,1
0b4ac75e9,1,3,1
8c7064ed1,1,1,1
b0855d1dd,1,3,1
6cfbd44df,1,1,1
06df96299,1,3,1
ec0ef9572,1,3,1
1a2816f0f,1,1,1
3853ff1dd,1,3,1
b32339429,1,3,1
c40b30ff3,1,1,1
79b3d41e2,1,3,1
5de76fac6,1,2,1
bad338993,1,2,1
f5d79ff56,1,1,1
d4f31b018,1,1,1
5569b346f,1,3,1
4212729be,1,3,1
0529ad4d9,1,3,1
93ef02488,1,2,1
bb9a64e6f,1,2,1
5edf4d9bb,1,3,1
81e692e30,1,2,1
615213076,1,3,1
95b5a7b19,1,3,1
be38039cc,1,3,1
a1e9aae7c,1,2,1
16a71f0de,1,3,1
89df794d1,1,1,1
66dbc2985,1,2,1
d181ce519,1,3,1
99aa7a5a6,1,2,1
a8e6ad61c,1,2,1
a0350cce0,1,1,1
daa73505c,1,3,1
46cf6356e,1,1,1
c6df6932d,1,3,1
1eb6e3ae1,1,1,1
e826027f6,1,3,1
a4b96c3f3,1,2,1
0038234c6,1,3,1
d24b8cde0,1,3,1
d41649df9,1,2,1
4efe77aa0,1,2,1
76de48e98,1,3,1
d7454afee,1,1,1
a6bc8d1a6,1,2,1
a6eb71dc0,1,3,1
681be6214,1,3,1
26a4d7052,1,3,1
3bf1bdd86,1,3,1
3264fe773,1,2,1
779bcf3fd,1,3,1
f19397eed,1,1,1
4ea44a5b0,1,1,1
19d8b1d8e,1,3,1
96a5fd573,1,2,1
3af78213e,1,3,1
13966b6a8,1,3,1
f120723d0,0,0,0
4f66a72ef,1,3,1
988308307,0,0,0
bea8484a3,1,1,1
4ed2fba3e,1,3,1
2160f2109,1,3,1
31f59daf4,1,1,1
409ccc60e,1,3,1
3e82bfd8d,1,3,1
a52461bfd,1,3,1
5b8ee289f,1,3,1
8538f4aa1,1,3,1
532396459,1,3,1
48fd10660,1,3,1
8c9f6c718,1,3,1
628439a3a,1,3,1
262c8cc14,1,2,1
a92258c0e,1,3,1
e6335f2ee,1,3,1
f845bd0c0,1,3,1
5f2c67ae2,1,3,1
61d819c6f,1,3,1
4792b6d06,1,3,1
c7cb34ee2,1,3,1
6dcff2b5b,1,3,1
740d87a41,1,3,1
2d6d161a9,1,3,1
3b4f31dc0,1,1,1
8e881542f,1,1,1
ed81d1da8,1,2,1
3c2100f6e,1,2,1
6c594bfb0,1,1,1
df17a57ae,1,3,1
9c833c8c4,1,3,1
15e5b0e7d,1,1,1
87cf6fd3d,1,2,1
5e2bbb163,1,2,1
68071559c,1,3,1
022429d5c,1,3,1
fc3fbbb99,1,3,1
1253241be,1,3,1
a1cb8764d,1,1,1
30ece8658,1,3,1
fe481f81c,1,1,1
0154e0f7b,1,3,1
1d373c973,1,1,1
dc76d9fa5,1,3,1
d840b5a02,1,3,1
282c0ac61,1,1,1
8328ec7f4,1,1,1
d4dd82200,1,3,1
25d4c7493,1,1,1
f5fd255aa,1,3,1
f6e45accc,1,3,1
c4b37d5ed,1,1,1
0ce866a04,1,2,1
b2566d195,1,3,1
3a36bdba5,1,2,1
91a2b97ec,1,3,1
1c9e913d7,1,3,1
bf5eb5d00,1,3,1
e28bad751,1,3,1
43ea3193d,1,1,1
a20d1e637,1,3,1
147a0fbd6,1,3,1
bb567f5cd,1,1,1
0497f7012,1,3,1
c61aef5bc,1,3,1
400b56d39,1,3,1
bbe6ff890,1,3,1
5174e0542,1,1,1
3fbc3ca27,1,3,1
8eab07081,1,3,1
3029fcad6,1,3,1
d471c1ff7,1,1,1
7d6cd8ac7,1,1,1
d605cb217,1,1,1
3f108e7bc,1,3,1
cba2fb07e,1,1,1
bc7ea0a3e,1,2,1
44a0bfde6,1,3,1
0935ab38b,1,1,1
4732c7563,1,3,1
796cc971d,1,3,1
1086c8df9,1,3,1
1cba86658,1,2,1
7b660c6af,1,3,1
c662b7876,1,3,1
85e0c743b,1,2,1
66ad04874,1,3,1
2f95b343a,1,3,1
e754315db,1,1,1
fd53d5f04,1,1,1
14f9ffbbc,1,3,1
5e7db4c54,1,3,1
5933da514,1,3,1
c6fe4ded3,1,1,1
cc6de6d19,1,1,1
45ba264f2,1,3,1
be55e5ef8,1,2,1
bfdab2894,1,1,1
3a5fb3c1f,1,1,1
2196b0156,1,3,1
611045510,1,3,1
9d03d5988,1,3,1
b660cb310,1,3,1
3be154287,1,3,1
6c929fefb,1,3,1
e76929e2b,1,2,1
5bc18f57d,1,2,1
5489e2b50,1,3,1
1f393155e,1,2,1
35b9530a6,1,3,1
df2051351,0,0,0
a31b05e99,1,3,1
b1d2cb34d,1,3,1
45320bbe7,1,3,1
030387828,1,3,1
18c7d13d3,1,3,1
a927d96ba,1,3,1
c4bcfbb1c,1,3,1
80255c391,1,3,1
e742a643d,1,3,1
664a120bf,1,3,1
9bec6db97,1,3,1
390c45d0c,1,3,1
b8db25430,1,1,1
652ad7684,1,2,1
c19e8ac4d,1,3,1
457de178d,1,3,1
d139783fa,1,3,1
6d53b2d19,1,3,1
aa943b9a0,1,3,1
8910e2c01,1,3,1
5f891f500,1,3,1
3a1f2a306,1,1,1
02f63f8ff,1,3,1
18aa41749,1,2,1
4a6fea502,1,3,1
3f7b002f4,1,2,1
5ce77d859,1,1,1
e2c54ef30,1,3,1
4605a3467,1,3,1
f368b7ef1,1,2,1
9d08c85ef,1,3,1
8491fa23b,1,2,1
8cb5fc48e,1,3,1
e24a04c10,1,3,1
1de8444a7,1,3,1
d538c491f,1,3,1
c5b97062a,1,3,1
355e3bdc5,1,3,1
07558410c,1,3,1
3a9efa973,1,1,1
63df28877,1,1,1
93b692cd7,1,2,1
aee44eb09,1,2,1
b62d80c49,1,2,1
7218c8328,1,3,1
e87214dd2,1,3,1
de7114b0e,1,1,1
eea30b615,1,3,1
ddb881657,1,3,1
8507df043,1,3,1
196195aee,1,3,1
04ea19d2b,1,3,1
0e98b9e24,1,1,1
a30803552,1,1,1
476d40031,1,3,1
6a4a4b403,1,2,1
f6e07783c,1,3,1
4e8f0401d,1,3,1
41bbdb352,1,3,1
b8daff578,1,3,1
d1938a57f,1,1,1
10b46b83f,1,3,1
a19305a1a,1,3,1
133c0e6b9,1,2,1
0ac81fcc4,1,3,1
d1265050f,1,3,1
62d911513,1,3,1
1436092b4,1,1,1
682cbe0f9,1,3,1
9238eb7fc,1,1,1
52c49d6b6,1,2,1
8aaa67ff2,1,3,1
4a8ac8bff,1,2,1
7d835cf7c,1,3,1
e12797ab1,1,3,1
a99e4b365,1,3,1
e6e0ad572,0,0,0
c239d1834,1,3,1
4c48a8f2f,1,3,1
ad6e56af2,1,3,1
9c788a6bb,1,3,1
c7402d13c,1,1,1
885af161b,1,2,1
ee370b5cf,1,3,1
b1f5f19fa,1,3,1
4d580adec,1,3,1
e89b91d44,1,2,1
bee984e11,1,1,1
158bc6f24,1,3,1
e4464efa8,1,3,1
e849142b2,1,1,1
7b0d325d8,1,3,1
f612d5506,1,3,1
d5abad72c,1,3,1
71f93d157,1,1,1
4d0aa6427,1,3,1
3e82e76cb,1,2,1
1633b105b,1,1,1
df2d9957f,1,2,1
d76c4ec1e,1,3,1
06395bb8d,1,2,1
20e46cb8d,1,3,1
a08030c6f,1,2,1
926070c80,1,3,1
ed84380a5,0,0,0
58477a7c6,1,3,1
791e6dc19,1,1,1
5c2fdb3cd,1,3,1
213cf987d,1,2,1
66ac9f1b7,0,0,0
dd0b58409,1,1,1
7fab9b8f3,1,1,1
fb9783859,1,1,1
9fcc4951d,1,3,1
b1367c404,1,3,1
a0e71d03a,1,3,1
bc4ba2449,1,2,1
704502836,1,1,1
de59f42db,1,2,1
f4df06287,1,1,1
6134ae21d,1,3,1
a62c06932,1,3,1
7b9cc47f0,1,3,1
69df3f618,1,2,1
bf01af28f,1,2,1
7f78e79c0,1,3,1
3ea675148,1,3,1
72896003b,1,3,1
9aa40019a,1,2,1
249b350de,1,3,1
e5962e049,1,1,1
9aa5ab22f,1,1,1
5ee34f0d2,0,0,0
6db8c5110,1,1,1
4f1bf01b6,1,3,1
67e41958c,1,3,1
4d74c2e08,1,3,1
506697cb9,1,3,1
48aa8ee7c,1,3,1
331c39c92,1,2,1
79abb5387,1,3,1
0fb548aac,1,3,1
fc52c0c82,1,3,1
28bafb2ee,1,3,1
f393a9d26,1,3,1
5dbb2fd0b,1,1,1
f61cec80a,1,3,1
f50997846,1,3,1
92a173c59,1,3,1
0a5be413e,1,1,1
ca113d98b,1,3,1
b75c41dd5,1,3,1
57a93e9a6,1,3,1
6366dd2f9,1,1,1
edf3478dc,1,1,1
f0982978a,1,3,1
2bea067f2,1,3,1
b98512188,1,3,1
366a4544f,1,3,1
cf4bbdbfa,0,0,0
d5aedc48b,1,3,1
85594fcaf,1,2,1
1d5be4060,1,3,1
6668704bf,1,2,1
af9d89c50,1,2,1
d8c6c546e,1,3,1
290c3cd9e,1,2,1
783a31182,1,3,1
15721ae3c,1,3,1
495ce6c73,1,3,1
bd7bae691,1,2,1
2852d3c30,1,3,1
67115d437,0,0,0
ac7edef88,1,3,1
a6e25e889,1,3,1
90dd998e2,1,2,1
0f9f0dd0e,1,3,1
b03114991,1,3,1
e70a2beb6,1,2,1
fe19d134c,1,2,1
27aa5bbfe,1,3,1
a1769f482,1,3,1
d39684633,1,3,1
d1f01fc04,1,1,1
72e995e27,1,3,1
fa3b3b348,1,3,1
9faeb952b,1,3,1
aca422e60,1,3,1
802986a45,1,3,1
a996f1370,1,3,1
799c6852c,1,1,1
1246bed4f,1,1,1
c2109fcac,1,3,1
4529e91da,1,2,1
ad6387a7e,1,3,1
7beb8f666,1,3,1
966aaf6e2,1,3,1
d23a1962d,1,3,1
0e28a90f6,1,3,1
f785304ad,1,1,1
69ba8d92e,1,1,1
6fcee4bee,1,3,1
63a542d16,1,3,1
03ea48efa,1,3,1
ed74a9822,1,3,1
0af685a60,1,3,1
603892936,1,3,1
a90d6fbee,1,3,1
b73cc0f45,1,3,1
9ea482068,1,3,1
d0eb1073d,1,1,1
bd8224d08,1,1,1
98437e7cd,1,3,1
a2dbe6af3,1,2,1
a8ea0c6a7,0,0,0
8a2e1d05b,1,1,1
556599752,1,3,1
40c0fdccb,1,3,1
951d3ae42,1,1,1
9a965c1f0,1,1,1
896e76b69,1,3,1
dd3c902ae,1,3,1
31926dd6d,1,2,1
abbe2568f,1,1,1
89a6620e3,1,3,1
8b12f497f,1,1,1
cb062285d,1,2,1
6b5f208fc,1,3,1
b38dcdc90,1,3,1
d08bc2c0a,1,3,1
da840f8d4,1,3,1
08438c720,1,2,1
9fd2b640f,1,2,1
9e9ce66e9,1,3,1
093620671,1,3,1
ed44605a0,1,3,1
3759a1d40,1,2,1
3991dd72d,1,3,1
74363ff2b,1,1,1
7199d2d4c,1,3,1
7e69c99bc,1,3,1
91633ef0b,1,2,1
4fbe0c2e5,1,3,1
a768123bd,1,3,1
63b5f502a,1,3,1
25ffa1850,1,3,1
3e13d34d6,1,1,1
85ec1aac0,1,1,1
92a667671,1,3,1
95b94b4ac,1,3,1
dc549e010,1,1,1
442f853b2,1,2,1
7b8d76961,1,1,1
c85f29411,1,2,1
0eba510fc,1,3,1
5314d64ac,1,2,1
eb4c66e7a,1,3,1
0ea7eaf00,1,3,1
c2c4f5f40,1,1,1
0850d4334,1,2,1
2739ddaa6,1,3,1
f9d566df8,1,2,1
b3902add8,1,1,1
1ef0bf320,1,3,1
2618aa6a2,1,3,1
92d5ac408,1,3,1
319f3e6e7,1,1,1
fa94cdf93,1,3,1
a12bb119e,1,3,1
915031b99,1,3,1
21c8d5f0e,1,3,1
fb4078a22,1,3,1
6d3930bb1,1,1,1
9ce27322b,1,1,1
0d6cb5b69,1,3,1
2910c35cc,1,2,1
72f6dbb1d,1,2,1
0a555d688,1,3,1
a8a3c4f49,1,3,1
215903d75,1,3,1
026c202c6,1,3,1
311ee8343,1,3,1
a5d08e982,0,0,0
00f63c6fc,1,1,1
514319114,1,3,1
ae3a99b36,1,3,1
2a9fd8dcd,1,3,1
7a58cfb6e,1,1,1
2cfbdd28a,1,2,1
29ac4357e,1,1,1
d3b017517,1,1,1
4168bfd52,1,2,1
3006cd3eb,1,3,1
7d4fceffc,1,2,1
200a0df49,1,3,1
6219a1e79,1,3,1
53e7035cf,1,1,1
5e1856e1d,1,3,1
8ca443ef0,1,3,1
765039f34,1,3,1
694a730b4,1,3,1
e4b550d46,1,3,1
3c25f4969,1,2,1
4cfd0fac0,1,3,1
5dbd7f61b,1,1,1
72e093c41,1,3,1
cbd289193,1,3,1
396910627,1,1,1
0c752844d,1,3,1
1aa8ed8dc,1,3,1
37ae0cd69,1,2,1
cd829526d,1,1,1
3cd5d9102,1,1,1
ce0deaac0,1,3,1
4914da5ec,1,3,1
da962d158,1,3,1
4695c4fb3,1,1,1
57f2482cc,1,3,1
79314275c,1,1,1
8fb06a963,0,0,0
1042ee67b,1,1,1
d8fc9bc28,1,3,1
f3a5451b9,1,1,1
7e8c5d816,1,3,1
311799b58,1,1,1
0a40d8c85,1,3,1
c0270a5f1,1,3,1
6d98621a6,1,2,1
86ce90970,1,3,1
a85457e16,1,3,1
dcc0d8482,1,3,1
02d644003,1,2,1
d4427513d,1,1,1
eab1d3e9f,1,3,1
48c5a3c40,1,3,1
0e9eec98f,1,3,1
e64404196,1,3,1
36f7fbe5a,1,3,1
e80389ea3,1,3,1
647fe8d68,1,3,1
bf0deefda,1,1,1
7bf8a38ee,1,3,1
e8f7d9542,1,2,1
b091feb55,1,3,1
88876f4d5,1,2,1
6d18cc71d,1,3,1
564ad520f,1,3,1
9572f7e6b,1,3,1
b56e6500a,1,3,1
f0cd0a4cc,1,2,1
89cefaa7b,1,1,1
b0e26c028,1,3,1
27b7a406b,1,3,1
ae1d9f63a,1,3,1
611c6421b,1,3,1
bec55c577,1,2,1
cf8e988f5,1,3,1
002278114,1,3,1
7bead49ed,1,3,1
0ad87f5c5,0,0,0
12537b530,0,0,0
5f0efae69,1,3,1
198357b7e,1,1,1
9b71a3c06,1,3,1
adb33dd61,1,1,1
5f7343089,1,1,1
ee0eff05e,1,3,1
785a95244,1,3,1
97c13bdf2,1,3,1
e42dea43d,1,2,1
fdd77ab31,1,3,1
e58a12b66,1,1,1
a21b2a42c,1,3,1
50503b223,1,1,1
f65fe3e26,1,2,1
f41112ee1,1,2,1
30c864619,0,0,0
5a3ea9e8a,1,3,1
19982272a,1,3,1
7e4ac998c,1,2,1
f12fc9ea7,1,3,1
a3727cc47,1,1,1
163919bd1,1,3,1
2eb4fa594,1,3,1
d30c88c64,1,3,1
dffd9f2ff,1,3,1
aeb17dd99,1,3,1
161718095,1,1,1
378059791,1,3,1
6bb720300,1,2,1
20fc75f2c,1,3,1
81015c1aa,1,3,1
945346188,1,3,1
427acc248,1,3,1
1dc007dfa,1,1,1
64f563069,1,2,1
2de05ee7d,1,1,1
1082982dc,1,2,1
6517af927,1,3,1
2c23cf72e,1,1,1
6d94a56ef,1,1,1
790e639ed,1,3,1
2e3c988cd,1,1,1
6a864757b,1,3,1
f1e6fcd95,1,2,1
0b24f7e7f,1,2,1
2b8832432,1,2,1
b247a426a,1,3,1
f527634f7,1,3,1
5ef0ffe23,1,3,1
eb21c0250,1,1,1
938bcb826,1,3,1
f642366b6,1,1,1
8040ff400,1,1,1
5296fb183,1,3,1
5027f31e5,1,3,1
6085869a7,1,1,1
fa18941f4,1,3,1
41c09806e,1,3,1
2400b537a,1,3,1
4409a68b9,1,3,1
742cced96,1,3,1
01e78230b,1,2,1
ab9dd85b2,1,3,1
6d1596957,1,1,1
62bf4037c,1,1,1
b73cf161f,1,1,1
1baea0d16,1,2,1
382dd71c1,1,1,1
89f229ee8,1,3,1
1925aff9d,1,3,1
fef6df98c,1,3,1
96a0b8d03,1,1,1
263b17d23,1,3,1
106de20f0,1,3,1
109823680,1,3,1
955e7c5cf,1,1,1
6e14e0fa4,1,3,1
f031aaaef,1,3,1
1e8d8e53e,1,1,1
ffe2090b3,1,3,1
d2f099410,1,3,1
15f00daac,1,2,1
cb07ad856,1,3,1
4595acb4d,1,1,1
4e9f82a98,1,2,1
0415fa071,1,3,1
a09008d49,1,3,1
8bc07d296,1,3,1
7dac377c6,1,1,1
5a0d25864,1,2,1
46c834c70,1,2,1
9586639e9,1,2,1
c9307b1ee,1,3,1
6cf7d415b,1,3,1
b4809e7d1,1,1,1
d0956e39e,1,3,1
991519fdb,1,1,1
8aa432e1d,1,3,1
c70ffd9c5,1,3,1
21d79f603,1,1,1
36edc334e,1,3,1
b386d20ba,1,3,1
19abfb0c6,1,3,1
f0fde0412,1,1,1
f017041ca,1,1,1
e4c2ab3c4,1,1,1
45a283ed6,1,3,1
907f77c78,1,1,1
d4d84523a,1,1,1
222afe2dd,1,3,1
6c17339fe,1,3,1
ae518aff9,1,2,1
d41aa1c62,1,3,1
ff601e5ec,1,2,1
65f56897d,1,3,1
aad9a8bdb,1,1,1
2034bc734,1,3,1
4446dde7e,1,3,1
a2cd0e1e4,1,2,1
4d7573c5e,1,3,1
a36b60379,1,2,1
6648175ff,1,3,1
5e696928a,1,1,1
8a9d11c50,1,3,1
7a6a9aace,1,3,1
502a2a9db,1,3,1
729f4d5fa,1,2,1
c0c1504db,1,3,1
4d28b3255,1,3,1
6eef41768,1,2,1
175926b9c,1,2,1
1a56bb056,1,2,1
04bad9310,1,3,1
ed6812520,1,3,1
dcc316599,1,3,1
ac3d34246,1,3,1
e50fb0c6c,1,2,1
a5984b6df,1,1,1
c538efa0b,1,3,1
04c4a7493,1,2,1
b799d4d84,1,3,1
f2816bd92,1,3,1
335f2c11b,1,3,1
ce18c7a4b,1,3,1
8a6d97169,1,2,1
2de2cbdcf,1,3,1
158b502d3,1,3,1
629df03ce,1,2,1
2a89fe4a5,0,0,0
132cc7d6c,1,1,1
e7e2eca9e,1,1,1
c9928594c,1,3,1
edeab1cc8,1,3,1
8d8ff1b29,1,3,1
03a694927,1,1,1
f91ffd577,1,1,1
01ac09f2a,1,3,1
3a5d5a265,1,3,1
9223ca4fa,1,3,1
a9a2b71d8,1,3,1
ad5021d77,1,3,1
a6278a50c,1,3,1
ac495f25b,1,1,1
ead9fb6b7,1,1,1
124eeac80,1,1,1
512bf1e8a,1,3,1
9d20353ed,1,3,1
e96c2483c,1,3,1
6a88c7fa4,1,3,1
fa6c44396,1,3,1
98e1a3f01,1,1,1
3002577b8,1,1,1
164857bd8,1,3,1
f3aada535,1,1,1
d7a772967,1,3,1
245bd5ca0,1,3,1
cacbb858d,1,3,1
497d68d48,1,1,1
a86cf6b79,1,1,1
7ffefe87a,1,2,1
57d556084,1,2,1
02a2a622c,1,3,1
3b1391dda,1,3,1
88cc9be30,1,1,1
af4483325,1,3,1
3bf6cdab0,1,3,1
db095d92a,1,3,1
f6dba1642,1,1,1
d3fd60eb9,1,2,1
51714821c,1,1,1
3be835fa8,1,3,1
220d4394a,1,2,1
402e83205,1,2,1
c14530f38,1,2,1
ecaf2b938,1,3,1
92c42a055,1,3,1
d2512e37a,1,1,1
d4e102aa3,1,1,1
a6ce0ccf2,1,1,1
e2ecf822a,1,3,1
efb2cb92c,1,3,1
3740bcc5d,1,2,1
2e1448ee0,1,3,1
9f01beeef,1,3,1
c78fa1a45,1,3,1
dbfb1869f,1,3,1
1c7619fdc,1,3,1
eb307c1f0,1,1,1
80c4e9e4d,1,3,1
02a084920,1,1,1
b8acb4269,1,3,1
37ea8d2db,1,3,1
d42b92c05,1,2,1
0c5dbd29f,1,1,1
3161fe0f4,1,3,1
fda1395ab,1,3,1
5dcdbaaa4,1,3,1
f97c8edc4,1,3,1
fceb751c7,1,1,1
54fd5fde4,1,3,1
c31714ab2,1,1,1
6a9d18d89,1,3,1
fb00c8969,1,1,1
69a15acbb,1,3,1
f66357936,1,1,1
8ab591301,1,1,1
9cc2822d9,1,3,1
aefff4a06,1,3,1
7dfa4e393,1,2,1
09c7b610e,1,3,1
245b99f60,1,3,1
2d304409b,1,3,1
596cf7334,1,2,1
af56651cb,1,3,1
50cbc6c8f,1,2,1
8b9a1b086,1,3,1
2a36bc3b5,1,1,1
829853d11,1,1,1
e976f3d3a,1,1,1
98b1fe759,1,3,1
2b7509f97,1,1,1
ee2793324,1,3,1
e2e7a93fe,1,1,1
db45d8505,1,3,1
0ea2638e9,1,3,1
379da0b71,1,3,1
75bd3a017,1,2,1
28ce3c3ea,1,2,1
78d60ffcf,1,3,1
3cf9b501d,1,1,1
7efd5522d,1,2,1
6c61c33ee,1,3,1
e40290fa0,1,1,1
0644da7d9,1,1,1
2e7d08fa6,1,1,1
17b2d4cd6,1,3,1
c62324387,1,3,1
89e43a001,1,2,1
4679d01e2,0,0,0
82b3d7fc6,1,3,1
4df3c8b8f,1,2,1
da8cfd914,1,2,1
148f526cb,1,3,1
42b3d53f8,1,3,1
f7eb5dd36,1,1,1
945a7a8dd,1,1,1
e989ad83f,1,3,1
3e50a5575,1,3,1
5bb7dbfc2,1,3,1
5f0bfe5a9,1,1,1
23adab0a9,1,1,1
0c2549da5,1,3,1
6d18707ee,1,3,1
9c803d826,1,3,1
3c5a98448,1,3,1
1b59f9f38,1,3,1
dbcf45977,1,3,1
0149d04e7,1,3,1
8b8489a24,1,3,1
fe41e15d5,1,3,1
6ad5aa95c,1,1,1
1ef3f5030,1,1,1
3eb7ac8c1,1,3,1
517f1dc1d,1,2,1
47d383f21,1,1,1
bfd38a572,1,1,1
95fc36030,1,3,1
a63c59c80,1,3,1
848338a56,1,1,1
6c2fa49e8,1,1,1
f1c03b3d0,1,2,1
ebb34fea1,1,3,1
400a15912,1,3,1
5e17c1fde,1,2,1
7e8101664,1,3,1
8a4c95abd,1,3,1
752c4af59,1,1,1
040736f83,1,3,1
d4c6c89ab,1,1,1
09807c555,1,3,1
28484f496,1,3,1
60aca92c5,1,3,1
0b3deeb66,1,3,1
8f2daa8e3,1,3,1
debf8e7e9,0,0,0
da4b60344,1,3,1
2e35d4d3b,0,0,0
a972fe14a,0,0,0
68c69f5c1,1,3,1
50418fb29,1,3,1
6840e38e5,1,1,1
a4edd47eb,1,3,1
27b2c806b,1,3,1
393e0c8a5,1,3,1
007bc1db4,1,3,1
13469fc6a,1,2,1
e1052f933,1,3,1
166947bb4,1,3,1
db5e33633,1,3,1
eb6c579d5,1,2,1
2f4b73413,1,1,1
a37b96d01,1,1,1
94dc20e92,1,3,1
7f6cdf26b,1,1,1
207c24fd3,1,3,1
e936b0102,1,1,1
d08cf8cb2,1,2,1
1b1fdfd71,1,3,1
52d65015d,1,1,1
f20fa5c38,1,3,1
97f8880f9,1,1,1
e9a47ac7a,1,3,1
7a6dbcbbb,1,3,1
a8e4a881b,0,0,0
839404d8c,1,3,1
5ff1a0cae,1,1,1
7cc040670,1,2,1
6b5c799b5,1,1,1
c260c7b3b,1,3,1
b5b9f6e99,1,3,1
b6c159277,1,3,1
a811da408,1,3,1
1e62a77e1,1,1,1
aa0d42c80,1,3,1
fce6f8dff,1,1,1
640683dd9,1,3,1
f892df3a1,1,1,1
db77fdb46,1,2,1
b48aa9d4a,1,3,1
12ceeda09,1,3,1
9c0f6076a,1,3,1
89c7be602,1,2,1
43100edd5,1,3,1
e6a5867d8,1,1,1
a2b2ff582,1,1,1
c4718084c,1,3,1
37c68c4a3,1,3,1
ff14c3dbe,1,1,1
14398288b,1,3,1
f3ed20ed7,1,3,1
1cd5acd7a,1,3,1
5bd405bac,1,3,1
eee0b299c,1,2,1
369197890,1,1,1
f399cf0d2,1,3,1
3de1d3794,1,3,1
82d0651f3,1,3,1
08f038689,1,1,1
172b6f611,1,2,1
228117dca,1,3,1
c35cc3520,1,1,1
cb867cac6,1,3,1
a6fd284f8,1,3,1
1945c0690,1,3,1
c220b4764,1,1,1
081199ea2,1,3,1
cd9c84ec2,1,3,1
55a754f92,1,3,1
b56b73e4c,1,3,1
73e1b299a,1,3,1
180b3f500,1,3,1
837574272,1,3,1
ae0535c8c,1,3,1
b984a461b,1,3,1
488a81168,1,3,1
3ba83a496,1,1,1
f861c3c77,1,1,1
1a38aecad,1,3,1
d24c7ab5b,0,0,0
0e52438a0,1,1,1
9dd3b3bce,1,1,1
1b5af7749,1,3,1
f13ba84ac,1,3,1
d2fb45c15,1,1,1
1d41418f7,1,3,1
f05838eb7,1,3,1
872317673,1,2,1
4bdc7be69,1,3,1
cd9de4e83,1,2,1
f1afd4033,1,1,1
ca7aa9eec,1,3,1
f1164babb,1,1,1
25765058c,1,3,1
3fa341801,1,3,1
c3c27d97c,1,3,1
5ed94ddc8,1,3,1
a5a4c2890,1,1,1
9ebe2f16c,1,2,1
e2205b952,1,3,1
9c26f0fed,1,3,1
01e517961,1,2,1
6d75c2ccb,1,3,1
b1db9573c,1,2,1
581ce1910,1,1,1
f36876126,1,2,1
99b55ee76,1,3,1
41ae99ff2,1,3,1
d042e55ce,1,3,1
1e83794bd,1,3,1
36ddc4f2d,1,2,1
4dc936ac7,1,3,1
e6989638e,1,3,1
3b3ce72d1,1,2,1
5e4c387b2,1,2,1
4e290a43a,1,3,1
0fd68ca16,1,1,1
22594186e,1,1,1
2ca38a180,1,3,1
3604fc814,1,1,1
c67d871e3,1,3,1
ff6ff53c4,1,3,1
d57b8c2fe,1,3,1
6ab1ff108,1,3,1
8fcaaf6e0,1,3,1
87241775f,1,1,1
ca11826f9,1,1,1
75ee37fa5,1,1,1
9579ad7a1,1,2,1
b51d75d61,1,3,1
d7dd2c184,1,3,1
dcc43d4ab,1,1,1
77653ab79,1,3,1
52abcc0fe,0,0,0
1fce53107,1,1,1
0b90767fa,1,3,1
94f353c2f,1,3,1
bd881326e,1,3,1
015c353ce,1,3,1
f32a2c20a,1,3,1
8143d5d0c,1,2,1
42331ae6f,1,1,1
a31508650,1,2,1
308eda964,1,2,1
eba773cbe,1,3,1
25bdd7d90,1,3,1
88cc4d5af,0,0,0
d7c6e0401,1,2,1
a7d44898b,1,3,1
f972a14d5,1,1,1
7977491da,1,2,1
a8e79c8c4,1,3,1
7f78266ab,1,3,1
63fda9824,1,1,1
2b446dd3c,1,3,1
73ae816ce,0,0,0
ec780b913,1,3,1
51c04983b,1,2,1
14a16b96e,1,2,1
69b2e9f3f,1,2,1
176ef71db,1,3,1
b88fa24c2,1,3,1
cf020a716,1,3,1
c15c93964,1,3,1
3d277ebe6,1,3,1
02adb269f,1,3,1
9cf741863,1,3,1
cb492add6,1,3,1
7b70b7048,1,3,1
17ba9f283,1,2,1
57b57989d,1,1,1
fe3950458,1,3,1
6945dbebb,1,3,1
11a993099,1,3,1
d083a22c5,1,3,1
c234e165f,1,3,1
8c7949266,1,3,1
9dfee7db3,1,3,1
26c1fc882,1,3,1
01186c9fc,1,3,1
53ef098c0,1,1,1
bc8bbffa4,1,3,1
6bd1fee01,1,3,1
5f9abe87c,1,3,1
412b93160,1,3,1
624b5493f,1,3,1
0f544b558,1,3,1
d0277b9d3,1,3,1
e65a26822,1,3,1
88bc9864c,1,3,1
160dcaec8,1,3,1
7b3332622,1,3,1
8e1858e7f,1,2,1
590a78f0d,1,3,1
80af6d9df,1,3,1
7abe9a0a1,1,2,1
a24bb77d1,1,3,1
ffe7f0b70,1,3,1
8ea9bb5d9,1,2,1
79d1b0215,1,3,1
35df10380,1,1,1
c444c2936,1,3,1
746fb982c,1,3,1
6eb34434d,1,2,1
675bb16b8,1,1,1
70c811b9d,1,3,1
0f9697729,1,3,1
79420447a,1,3,1
6f36088f5,1,1,1
aa328a5ba,1,3,1
79318b69e,1,3,1
25079d00a,1,1,1
7b5bee232,1,3,1
b5c41169c,1,3,1
8079e3a1c,1,3,1
ff5158511,1,3,1
f4cff3785,1,1,1
0e23c4abd,1,2,1
c4a2fd15a,1,2,1
b00e4262e,1,3,1
c7fa60cfb,1,3,1
0abff77fe,1,3,1
f096fcbc6,1,2,1
18b2da498,1,2,1
e15353d1b,1,3,1
78fd8ce0d,1,2,1
cc7d90ef4,1,3,1
6a72cfda7,1,3,1
3c79a5547,1,1,1
f584e226b,1,2,1
092a37bcf,1,3,1
9f2948e8e,1,1,1
16f74099a,1,3,1
9c70eee7b,1,1,1
dde9d290a,1,3,1
623138a05,1,3,1
a5965cea5,1,3,1
b077aa9ee,1,1,1
d90bd59c3,1,2,1
f2472c8dd,1,2,1
2a64c0560,1,3,1
9c996aee9,1,1,1
4ba068d30,1,2,1
ff498c903,1,3,1
84b36d951,1,3,1
53cd20574,1,3,1
7f3895a04,1,3,1
452a50855,1,2,1
b859b9fa0,1,3,1
9942bce62,1,3,1
cab545282,1,1,1
d768c4324,1,3,1
620796ee7,1,3,1
81c442177,1,2,1
776354931,1,2,1
b46b4419a,1,2,1
4068b452d,1,3,1
107c49414,1,3,1
42137817c,0,0,0
fe4bb01a6,1,3,1
97f683e04,1,3,1
36b7411f9,1,3,1
6b7be833c,1,3,1
322244807,1,1,1
26365df53,1,3,1
d5052e2a9,1,1,1
e69df38b4,1,3,1
5adb9d9b3,1,1,1
ecc77653a,1,2,1
307b61689,1,3,1
188f8b07e,1,3,1
752eb9714,1,3,1
3d97fa45c,1,1,1
1d1451061,1,1,1
47a5a9516,1,1,1
6be53d844,1,3,1
650f2854b,1,3,1
2ba019cb8,1,2,1
6ae4fc251,1,3,1
a18843d35,1,1,1
2ba9dfe93,1,1,1
afa46c13d,1,1,1
4ea111bbe,1,3,1
976336c52,0,0,0
bad8f7276,1,3,1
11a337bfa,1,3,1
2aac4b61a,1,3,1
0d7c5b6f6,1,3,1
958a86135,1,3,1
e9dec895b,1,1,1
8dde63c12,1,3,1
a5dc02b69,1,3,1
9cbc1fb81,1,3,1
4d8b93dd1,1,3,1
dea0253b6,1,3,1
e73545fe5,1,2,1
9e876d171,1,3,1
64da323a1,1,1,1
15dbf64f0,1,2,1
6a07fdc22,1,2,1
a03da4900,1,3,1
519bc8382,1,3,1
0d55c2e2b,1,3,1
c680a5bbb,1,1,1
09db544ea,1,3,1
feff505f1,1,1,1
2d584af81,1,3,1
b37af97a8,1,1,1
c64f86015,1,1,1
6a54a03db,1,3,1
2630db5dc,1,1,1
199277f1a,1,3,1
794806010,1,3,1
3b4ac67f0,1,3,1
ca35f4b19,1,1,1
bd9d521c5,1,3,1
aa7395687,1,2,1
12ffabf23,1,2,1
881580d4b,1,1,1
546a913cc,1,3,1
648727065,1,3,1
184a51562,1,1,1
87975de34,1,3,1
61f95d269,1,3,1
21f095582,1,1,1
1652a3e1e,1,3,1
b77b75f2d,1,1,1
d77a6813d,1,2,1
607744326,1,1,1
40713e16a,1,3,1
113204c87,1,1,1
6d7e560d9,1,3,1
42ea2e045,1,2,1
e585b064b,1,2,1
f4a6e9cec,1,1,1
e1262c956,0,0,0
4bb0c8226,1,3,1
da84db2f7,1,1,1
86855ddfd,1,1,1
2cf4994e7,1,3,1
ee2d66134,0,0,0
1cdf69df6,1,1,1
cc5892ce1,1,3,1
13b807376,1,1,1
fc710f1e8,1,1,1
a64ca36ca,1,2,1
24e2e049e,1,1,1
5daea1779,1,1,1
72e9e5442,1,3,1
e3427692e,1,3,1
7b9b65bde,1,3,1
78ccb8039,1,3,1
310c3f884,1,2,1
29c50ee9a,1,3,1
9183ef863,1,3,1
574919b00,1,3,1
9550556bf,1,3,1
b7dda91fe,1,2,1
ffd2e82a9,1,3,1
0e920f96d,1,1,1
cfceafa8a,1,3,1
8ff2c63c4,1,2,1
a819792f7,1,3,1
2d8b42d21,1,3,1
6c5079e85,1,3,1
37e2f042b,1,3,1
7991808f5,1,3,1
534fff3cf,1,1,1
ed97d1485,1,1,1
9f56880b6,0,0,0
9dbcae6f7,1,3,1
47ecc7ef4,1,3,1
fb1adae2d,1,3,1
ff4d9a3c6,1,3,1
40843af1e,1,2,1
8ff587b75,1,3,1
157f9809a,0,0,0
1683f03de,1,3,1
0e783a2e1,1,3,1
7cfaaa67a,1,3,1
2c281057a,1,3,1
add2629da,1,3,1
083787e4a,1,3,1
251b3b086,1,1,1
3069e2d3c,1,1,1
1f6fe20fc,1,3,1
1819e298c,1,3,1
8bbf5133b,1,3,1
21b5e3d22,1,3,1
8ad784999,1,3,1
e3fa09b97,1,3,1
c32f8daca,1,1,1
6f512ee65,1,3,1
38733d0a1,1,3,1
1cd8131cd,1,1,1
283c4248e,1,3,1
b38e94f39,1,3,1
93a9cf943,1,2,1
6f5eab89b,1,1,1
0a13e47c3,1,3,1
e74a85e34,1,3,1
ec8411943,1,3,1
838c5c399,1,1,1
23ce26e85,1,3,1
5b4a22c83,1,3,1
c61869b9b,1,1,1
6afc6acee,1,3,1
687c0c2cd,1,3,1
474ee7e00,1,3,1
f3b52a69c,1,3,1
15dc4c629,1,3,1
298feb02b,1,1,1
189637f90,1,3,1
073484a7d,1,3,1
8fa1c5c38,1,2,1
2107c9788,1,3,1
9b93196dd,1,2,1
be7fbd988,1,1,1
a7a44933c,1,2,1
bf458a7d4,1,3,1
b121d3be8,1,3,1
fa1badbb7,1,3,1
f261c9968,1,3,1
7bfe2d68f,1,3,1
8c3d81083,1,2,1
d58c146d6,1,1,1
3ca057824,1,1,1
56e3f3baf,1,2,1
b2264970a,1,3,1
bd4500e6c,1,3,1
1cf66aed4,1,3,1
a6b0179fb,1,3,1
2f8890a94,1,1,1
fbb8a0267,1,3,1
39d055888,1,2,1
bbeecce76,1,3,1
87f9ef7a5,1,3,1
d17343468,1,3,1
4b628f538,1,2,1
739cd2d34,1,1,1
0d635d0b4,1,2,1
a4c903a3d,1,1,1
cbf4de1e8,1,3,1
7542076e8,1,3,1
899859c9b,1,3,1
7b4ff27b3,1,2,1
9a7a99c23,1,3,1
f09d025a9,1,3,1
964dd458f,1,1,1
3a6197f6d,1,3,1
999d24492,1,2,1
f7f769c37,1,2,1
58b069530,1,1,1
8bb34f0bd,1,3,1
74c161846,1,3,1
3d13aab91,1,3,1
d6aa53be7,1,2,1
8d91ae666,1,3,1
a640f7cf6,1,3,1
b3bd4c99e,1,3,1
08b454900,1,3,1
f70571a3a,1,3,1
f05dae9bb,1,3,1
0d20efa95,1,3,1
349fe9b9b,1,1,1
4a6dc2b1b,1,2,1
cb8d79ada,1,2,1
74b73209e,1,3,1
106128c56,1,3,1
b2d35633c,1,3,1
20e75472d,1,3,1
65dd20146,1,3,1
7ef8c54ee,1,3,1
a21b6c40a,1,3,1
14ee9a2bb,1,3,1
5fcd44bf9,1,3,1
faa9b9b84,1,1,1
9f3fe015b,1,1,1
b714e611f,1,3,1
e16882f44,1,3,1
887b5144a,1,3,1
923a7163c,1,3,1
c50a42095,1,1,1
55295d374,0,0,0
52d336af0,1,3,1
5cfd4e3bb,1,3,1
2040d593c,1,2,1
840fbaeba,1,3,1
08f8df31d,1,3,1
5c89ffa58,1,3,1
6231ed9b3,1,3,1
0adebbf21,1,3,1
93f620b68,0,0,0
0a20eaed8,1,1,1
463706ace,1,2,1
af9eac2be,1,1,1
ef1c393e4,1,3,1
00bfa5da9,1,2,1
4cfd979dc,1,2,1
9951dff79,1,3,1
0e61fe015,1,3,1
4e33faa32,1,3,1
3ed60e624,1,3,1
5b4e331cf,1,2,1
f04c098ed,1,3,1
029c248a5,1,3,1
04a555b91,1,2,1
71e96f977,1,3,1
16e922149,1,3,1
5cc86be4e,1,3,1
8ccaceef5,1,3,1
3083ab744,1,3,1
c8519aacb,1,3,1
b558d016b,1,3,1
1c9a2baf6,1,1,1
903a75804,1,1,1
b42873eb7,1,1,1
b8fda5b3b,1,3,1
e3acd4da3,1,3,1
79ace4e40,1,1,1
12b1bce04,1,2,1
a80687cf1,1,3,1
410707dda,1,1,1
c5c51218f,1,2,1
cbbf3acfc,1,1,1
bce639e60,1,3,1
4cc05c35d,1,3,1
3bf71f7b1,1,2,1
840949648,1,3,1
427755203,1,1,1
0d4e58071,1,3,1
856005eae,1,3,1
93692767b,1,3,1
960de1fad,1,3,1
a04923326,1,3,1
29edf6e20,1,3,1
c906d6c03,1,2,1
971c160c7,1,2,1
c160e581a,1,3,1
828f48390,1,3,1
f0a7a4dfb,1,1,1
476b3dbe5,1,1,1
e6151d695,1,1,1
97c58d897,1,2,1
84222fa53,1,2,1
87b753139,1,3,1
39a784870,1,3,1
4140b3b5a,1,3,1
156ab0f97,1,3,1
6ada9811e,1,1,1
af49cf598,1,2,1
ea1318971,1,3,1
acdf99f98,1,1,1
dc1b809db,1,2,1
a7a94dd33,1,3,1
a8cfbf446,1,2,1
6ebcc7756,1,3,1
53a451386,1,3,1
2455effb8,1,3,1
4d279eb58,0,0,0
ee3543995,1,1,1
5e54f4e06,1,3,1
c634af483,1,3,1
f7a134121,1,2,1
9ce816de6,1,1,1
cd067a495,1,1,1
a631eba2c,1,3,1
91697ee90,1,3,1
182faa94d,1,3,1
7a5091ca2,1,3,1
fe790ba60,1,1,1
bd7f07424,1,2,1
08e703dfc,1,3,1
7fea70079,1,3,1
8cb067b2f,1,3,1
81f1d4d5c,1,2,1
aa2a3d9c7,1,1,1
d7d371a3d,1,3,1
c14ddf8a0,1,1,1
45408f88d,1,1,1
b6a16ab86,1,3,1
15a828f9d,1,3,1
a31d58f0a,0,0,0
acada131d,1,3,1
9351d5173,1,2,1
ec2b6c036,1,1,1
01bcfcde8,1,3,1
fbcea110f,1,1,1
5ddfaab43,1,3,1
1f7c7c248,1,1,1
90bcfd0e4,1,1,1
6c692e208,1,3,1
88fa13291,1,3,1
7494b6aa9,1,2,1
fe5ed81fd,1,3,1
fc7b01af6,1,3,1
34221a4f8,1,3,1
cd89328a8,1,1,1
d583d44d2,1,3,1
2566ab3a5,1,2,1
1c59513dd,1,1,1
3099254c2,1,3,1
100aed9a3,1,2,1
24be8e826,1,1,1
8af959627,1,3,1
5eacd0a22,1,3,1
5bf976dd7,1,3,1
38c82bfc5,1,3,1
d72dafbea,1,2,1
cd8e8d7a1,1,2,1
b446053b6,1,3,1
244cca93e,1,3,1
ab6c8aca6,1,1,1
4c3a2c536,1,3,1
a2cd5b78a,1,2,1
3d889fe46,1,2,1
9dca0bf20,1,3,1
225d2e242,1,1,1
a8df693c0,1,3,1
6fdb43f0b,1,2,1
0ac279a25,1,1,1
8ef276c3b,1,1,1
21cc6a743,1,3,1
0c9133a83,1,3,1
c9e86cf3c,1,3,1
d7d0b2194,1,3,1
68eacf03e,1,3,1
9614a6b17,1,3,1
af005c575,1,3,1
e0e604fc2,1,3,1
85a0bad4f,1,2,1
8d76a1b7f,1,3,1
2a9a33d29,1,3,1
0327b8e94,0,0,0
90dc0d83f,1,3,1
6d994c50c,1,3,1
9a447e958,1,1,1
c6d7271e8,1,1,1
679dad3c6,1,3,1
120ae4dd3,1,3,1
99a994cb1,1,2,1
2a06a5244,1,1,1
fc5f63812,1,3,1
8773f250c,1,3,1
696b615fb,1,3,1
82ea3883e,1,3,1
04a5f717a,1,2,1
884b9a6ec,1,2,1
115a4b208,1,2,1
f594a2e18,1,1,1
7e8bab7a5,1,3,1
302eb3771,1,3,1
0d305f8c2,1,2,1
a77d17ef8,1,3,1
99defcb66,1,3,1
f3629735d,1,3,1
0bcae32b7,1,2,1
07102e682,1,2,1
516fcfdf9,1,1,1
0d4b69793,1,3,1
4b1f93aac,1,3,1
0e70a5a3a,0,0,0
a77b63ee1,1,3,1
ea9d13261,1,3,1
231ad764f,1,3,1
219444cb8,1,3,1
9e11a3158,1,3,1
f9f914ed3,1,3,1
9449dcc18,1,2,1
1eeb50e8f,1,3,1
80cedf6b9,1,3,1
be376ea01,1,1,1
fc43d7ddb,1,1,1
05312ba72,1,1,1
48c838ef7,1,2,1
411bba4e8,1,3,1
dd4196a55,1,3,1
fac4ca24b,1,3,1
bdb5b7ecb,1,3,1
57aa560b5,1,3,1
1c8aa65f6,1,3,1
a206ce13b,1,1,1
6c7251bc8,1,3,1
105c00abe,1,3,1
e7fae9937,1,2,1
f8fb0aa55,1,2,1
bc6d86a40,1,3,1
f3f1dc170,1,3,1
45c278a7d,1,2,1
02eb29707,1,2,1
672e9e752,1,1,1
e6ff21b7e,1,1,1
eed6f01c9,1,2,1
9bfca7e65,1,3,1
548351895,1,1,1
fcae5bea5,1,2,1
275ce4c9b,1,3,1
f9878da24,1,2,1
72d68bbd0,1,1,1
1100bff90,1,3,1
c74d9c9f3,1,3,1
22b562975,1,3,1
09b7cd500,1,1,1
a486e2ab6,1,1,1
a89005005,1,3,1
be5fb246e,1,1,1
739002fc4,1,1,1
f304e7fb3,1,1,1
1f25222ce,1,3,1
90055a5f2,1,3,1
890e7be2b,1,3,1
9aa9d63f8,1,2,1
ae7f59170,1,3,1
8aa74d2d2,1,2,1
7c9e666a7,1,3,1
b22e78544,1,1,1
37a8dcdce,1,3,1
228e88a51,1,3,1
2b6b2524b,0,0,0
b93203aa7,1,3,1
06c724ada,1,3,1
2b2ec33ac,1,2,1
522b73db7,1,1,1
71cdaadb1,1,2,1
493d9cc81,1,3,1
6dd91ba4d,1,3,1
2fa5bde3c,1,2,1
a19eea86b,1,3,1
fd68d0b58,1,3,1
90c5437de,1,1,1
8f32c880e,1,3,1
ff2224b9d,1,1,1
473caf456,1,2,1
c3ed4c50b,1,3,1
63c794465,1,1,1
e468e8d54,1,3,1
1108027ef,1,3,1
5fe32151b,0,0,0
b857d5ac6,1,3,1
81ffabdc8,1,3,1
25c48e7ff,1,2,1
d66a55b13,1,3,1
b16b24c21,1,1,1
eadb7f25e,1,3,1
44c308937,1,1,1
d994c86f0,1,1,1
98f0a2ac7,1,3,1
7e3f52620,1,2,1
8fad77d5b,1,3,1
98f5b7ecf,1,3,1
8ec043344,1,3,1
6cf058ab3,1,3,1
338d441f4,1,3,1
84e146ba6,1,2,1
57b9d7903,0,0,0
c213bcac3,1,3,1
638447198,1,3,1
b83e15288,1,3,1
78b51f6a0,1,3,1
c6c1048af,1,3,1
5dff24075,1,3,1
f06da7096,1,3,1
31e266863,1,2,1
fc1ac0d75,1,3,1
a904d6da4,1,1,1
0f1a3ce5a,1,3,1
77e6966dc,1,2,1
a5b9343c3,1,1,1
3ce3f6acc,1,1,1
f71d5c047,1,1,1
56b0b72b1,1,3,1
448659511,1,3,1
c79c98af1,1,3,1
8bacce548,1,2,1
9243b2c43,1,1,1
29af2b6ec,1,1,1
640e0b69b,1,3,1
a5b4b663d,1,1,1
bc695e9d0,1,3,1
8e8965ae1,1,3,1
23ed3e349,1,3,1
31c2215c1,1,3,1
725a5345e,1,3,1
2fe763187,1,3,1
f5e310e82,1,2,1
5a60fde1f,1,1,1
ca28c5e51,1,3,1
41fa17c7c,1,1,1
132670005,1,2,1
8bd033254,1,3,1
040a9a6f9,1,1,1
be59708a0,1,3,1
69d8727b7,1,3,1
331a745e8,1,3,1
e1c14443e,1,3,1
a426fc504,1,3,1
1aa0769bc,1,3,1
c1ed7562f,1,2,1
07d2a9eff,1,1,1
31e14c50a,1,1,1
23eddf1d8,1,1,1
f74b89005,1,1,1
1b368f29c,1,3,1
ef9b5808b,1,2,1
8cd96bf75,1,3,1
d46569700,1,3,1
9f0f70e44,1,1,1
331c0bbf3,1,3,1
7650ed0f0,1,2,1
1ffe15ff7,1,3,1
173fa657f,1,3,1
9d2fb911c,1,3,1
bcda9d091,1,3,1
15592a54c,1,3,1
9cac98ce6,1,3,1
a484694a1,1,3,1
3a916e954,1,3,1
769d800fa,1,3,1
727567154,1,1,1
eb8de7f47,1,3,1
edd79adb8,1,3,1
beb658bc0,1,3,1
5997cc138,1,3,1
338dddea9,1,2,1
53bb1d133,1,3,1
b9c0de515,1,1,1
4331ce278,1,3,1
f212d0cdc,1,3,1
0f1136ad3,1,1,1
f794655ee,1,3,1
4a9fa9d9e,1,2,1
9b6c3beb5,1,3,1
6c5fb38d4,1,3,1
fb30a71b2,1,1,1
07e427e0c,1,3,1
81af50144,1,3,1
72626612c,1,3,1
43ec1b64b,1,3,1
74fb03e51,1,3,1
4247730f1,1,3,1
fa45ffcb8,1,1,1
f77be41c3,1,3,1
39bf24ec8,1,3,1
dc996a1a4,1,3,1
3c3615b2d,1,3,1
d433a5827,1,1,1
fa39dd076,1,2,1
5ced5d057,1,1,1
71655dcec,1,3,1
2ae2246a7,1,2,1
a22499988,1,3,1
956548cd3,1,1,1
be4275440,1,1,1
edc5c168a,1,2,1
20845a37b,1,1,1
8573077f3,1,2,1
5ca7a1543,1,1,1
d3968a6b0,1,3,1
63cc8aa47,1,3,1
36681d1d5,1,2,1
0011d7c25,1,3,1
a983562e5,1,1,1
c32ecd5bf,1,3,1
e89119f29,1,2,1
890dc359d,1,3,1
35bd82365,1,1,1
1f4a53e6c,1,1,1
754240b6b,1,2,1
8b65f9305,1,3,1
e58fceabe,1,3,1
e24a30aaa,1,1,1
adc03f8b6,1,2,1
850875906,1,3,1
4c631dbf7,1,3,1
f15a31a01,1,1,1
b82ec4b47,1,3,1
e86d8e932,1,3,1
474f23a3a,1,3,1
86da09472,1,3,1
b1170cc46,1,1,1
10400a0b8,0,0,0
43cd2eb4e,1,1,1
208beeb80,1,3,1
4e991c023,1,3,1
edfe1377f,1,3,1
ee8518e4c,1,3,1
6608d48b2,1,3,1
5330c4588,1,2,1
65df826e8,1,3,1
134e12e92,1,2,1
5e9539f73,1,3,1
1a8215249,1,1,1
9619060db,1,3,1
f859bcecf,1,3,1
6381b1706,1,3,1
636d6a0d9,1,3,1
1a4d9f6e1,1,3,1
fc2012c7e,1,3,1
8e2335bf5,1,3,1
0880d7f1e,1,3,1
043d8c534,1,3,1
e1e58cd50,1,3,1
b113401e2,1,3,1
ab0bb2f5a,1,1,1
e6f88d19d,1,3,1
4106b7290,1,3,1
c4894fe2a,1,3,1
b08012e7f,1,1,1
227b372a2,1,3,1
f0137d4e3,1,3,1
79531026f,1,3,1
286ab1e93,1,1,1
4195e3052,1,3,1
16f2fa5c7,1,3,1
615e51eef,1,3,1
6ee33e45d,1,3,1
9499f293e,1,2,1
23df34fbc,1,2,1
6cfd5f1b5,1,3,1
65470d9c0,1,3,1
f8619af42,1,1,1
d8664fb93,1,1,1
167fafe7b,1,2,1
a575d70f3,1,2,1
4d73d97fd,1,3,1
456908d93,1,3,1
6cafa50dd,1,2,1
22c2f101e,1,3,1
37d88b689,1,3,1
9d8032dd0,1,3,1
918ae2c95,1,3,1
86d02f6a8,1,2,1
b03b1a110,1,3,1
91df1b68f,1,3,1
bdde3b5ca,1,3,1
18ef93321,1,2,1
465e2ee50,1,2,1
0b74f813f,1,1,1
f2f8980cd,1,1,1
1aa527f5a,1,3,1
c220fd5cc,1,3,1
6f46311db,1,3,1
ea3de2587,1,3,1
15b6026b1,1,3,1
0b04b1c7a,1,3,1
2179be57e,1,3,1
b1c83d13b,1,3,1
8d54c5d66,0,0,0
12dd13adf,1,3,1
e7fdf6d1c,1,3,1
bcec3d919,1,3,1
e1e2ecc3e,1,2,1
2f50d46b2,1,3,1
b09fa9385,1,2,1
57bf84005,1,1,1
f77a6e11c,1,2,1
f294123c1,1,2,1
d6aa1281f,1,3,1
7edefab1a,1,3,1
51a0d55ba,1,3,1
87520e2c9,1,3,1
ca2c00404,1,2,1
bf2b57c9d,1,3,1
dc7dad1da,1,3,1
07638746f,1,3,1
237343008,1,3,1
c8c71e90a,1,3,1
181f3796e,1,2,1
59a08eeec,1,3,1
56845ff26,1,1,1
1936c68a5,1,1,1
559afad4f,1,3,1
0b501f1d8,1,3,1
1c69743d6,1,3,1
0edacb2ed,1,3,1
7ba9cb4a0,1,3,1
9a9707c98,1,3,1
cc4670dac,1,3,1
e7dca0b2b,1,3,1
87a679d31,1,1,1
05f84991b,1,3,1
0d6696a32,1,3,1
5407c6e1a,1,3,1
df6048227,1,1,1
707b0c535,1,3,1
e3b589e13,1,3,1
596d623f9,1,3,1
5dff15fc4,1,2,1
eb7804aa7,1,3,1
940b0ad69,1,3,1
549273935,0,0,0
32618b795,1,2,1
a36e3c034,1,3,1
4ad983a9d,1,3,1
2fa8b64b1,1,3,1
88b992d13,1,3,1
166345ac8,1,2,1
6ac437438,1,3,1
132a28bc9,1,3,1
b9d0281a1,1,3,1
57cd5663c,1,2,1
93cdb10e6,1,2,1
1696809dd,1,2,1
e3dbfe4c0,1,3,1
d41f2a466,1,3,1
9981290b2,1,3,1
43fe381b3,1,3,1
b66a74309,1,1,1
deb43659b,1,3,1
d33840dfa,1,2,1
b0dc1d4f0,1,3,1
8e8779496,1,3,1
013527aeb,1,1,1
15f62e911,1,1,1
4fc7557be,1,3,1
05f00d521,1,1,1
d3dbf1e95,1,2,1
46539f4bf,1,3,1
8229b256e,1,3,1
4e2440e26,1,3,1
ff0b61121,1,3,1
118c1147c,1,1,1
047514286,1,3,1
b05231f8c,1,1,1
49d4a0adf,1,3,1
e99eda1f6,1,3,1
249540f2d,1,2,1
74cd0ff66,1,2,1
0d7247d3e,1,3,1
e133ab2f1,1,3,1
ca21c4266,1,3,1
eea123bb1,1,1,1
01f976ec9,1,3,1
6f3e70321,1,3,1
2a5e70892,1,3,1
86e49d18d,1,3,1
60a36cab1,0,0,0
23bf0ed46,1,3,1
321d04634,1,3,1
ae19ab91d,1,3,1
40501d365,1,1,1
d92d4242a,1,2,1
15f89f939,1,3,1
f4212d640,1,3,1
2c4089e4f,1,3,1
3c2324232,1,3,1
0f78e05ef,1,1,1
1e759fed0,1,3,1
94b587221,1,3,1
79ec57bd7,0,0,0
5bc5b2ced,1,3,1
67be298a7,1,3,1
32acc8a7a,1,3,1
4d98e5623,1,2,1
0936ce7b4,1,2,1
6c324e80a,1,3,1
b69d479cf,1,2,1
5ee5f72b8,1,3,1
3f42bd15e,1,3,1
beb0f98f7,1,1,1
cbd703fb6,1,1,1
5550a68dc,1,3,1
91bab29e9,1,3,1
755abaa79,1,1,1
c2b16f8ae,1,1,1
28a0ae4fe,1,3,1
9ab7e48e8,1,1,1
a572b746b,1,3,1
c6f39e0e4,1,3,1
09ffe1d02,1,1,1
89f28de34,1,2,1
973278f56,1,2,1
db10909d5,1,2,1
50d2b5839,1,3,1
c12ae3214,1,3,1
cb0c04621,1,2,1
47163bb58,1,1,1
5b55086b6,1,1,1
b78f3080b,1,3,1
53fba6573,1,3,1
a993cd91a,1,3,1
c1db71d88,1,3,1
3f50cc4fd,1,1,1
71c3a53f0,1,3,1
d51b2e785,1,3,1
1557f91e8,1,3,1
42149c9e3,1,3,1
c8eef30bd,1,3,1
87613aee1,1,3,1
205714da6,1,3,1
9862e5dfe,1,3,1
9926c6e5b,1,1,1
ed9936705,1,3,1
a686164c9,1,3,1
ae42b09ce,1,1,1
84fdd34c7,1,3,1
8dfb61116,1,2,1
d92c326f8,1,1,1
d85a78cf9,1,3,1
874e791f9,1,3,1
4a108fa61,1,2,1
9427a0125,1,2,1
9ec6fbb61,1,3,1
dc7a53ba0,0,0,0
b98316a91,1,3,1
5ab429fcb,1,1,1
e3d68b63c,1,3,1
37cb01a87,1,3,1
ff2cf88a0,1,2,1
fce854722,1,2,1
7bf11fd4d,1,1,1
b2101b975,1,1,1
acb802c0c,1,3,1
4138a8f48,1,3,1
be1ab222c,1,2,1
88e2d97b2,1,3,1
f6c3b531d,1,3,1
138c79a01,1,3,1
8a5d7e622,1,2,1
7adb2ab9b,1,3,1
87bdcbcdd,1,3,1
87a16f3fb,1,3,1
83233d345,1,1,1
4133efff0,1,3,1
aae0d180c,1,1,1
528563012,1,3,1
a0909c2bb,1,2,1
ef2ee6e9b,1,2,1
60d72fc85,1,2,1
d4ce7a1ed,1,3,1
f56c9eb67,1,3,1
8de51ad1e,0,0,0
cca4ba626,1,2,1
4a56ae509,1,3,1
91d307ce9,1,2,1
5ee1c77a0,1,2,1
f995bc16c,1,3,1
c56432da8,1,2,1
5dc7d3dc7,1,3,1
bd485150e,1,3,1
20f82514c,1,3,1
afe19c37c,1,2,1
ea7fc7f4f,1,1,1
a8f2a5210,1,3,1
b02d9e413,0,0,0
7bbdce003,1,3,1
937d74077,1,3,1
3a88e6c8f,1,1,1
3edf44325,1,3,1
9fd804400,1,3,1
2c21d7f68,1,3,1
087fbda7e,1,3,1
7133307db,1,3,1
4b261a0ee,1,3,1
e4f17eace,1,3,1
0b459b60b,1,3,1
d45562a98,1,3,1
31dbaafaa,1,3,1
658e4415a,1,3,1
6d7d7753c,1,3,1
3d9346cfb,1,2,1
be4c2e0d5,1,1,1
b19556858,1,3,1
a6b908d22,1,2,1
a0490612e,1,2,1
abdba6d36,1,1,1
d87ff9c80,1,3,1
373880ef5,1,3,1
20819afd9,1,3,1
0f1d071a8,1,3,1
898476994,1,1,1
1d48855c5,1,1,1
2ad3a6503,1,1,1
5b346ef59,1,3,1
22ff7ca25,1,3,1
3948f67d7,1,3,1
1f6dc1747,1,3,1
63cd0b2b3,1,3,1
1b1a68a60,1,3,1
6d5afdb0f,1,3,1
4128e8e80,1,1,1
10e27da02,1,3,1
789083f3a,1,3,1
0b3763054,1,1,1
8dbbd91bb,1,3,1
9031a7f4c,1,1,1
f8db6e695,1,3,1
a854aca45,1,2,1
4e9358756,1,3,1
bdc94bd91,1,3,1
182aec7a4,1,2,1
bd16029b7,1,3,1
ad4456e88,1,2,1
9304f9f8b,1,1,1
7e43ebd6c,1,3,1
773d10217,1,2,1
c52908c2d,1,1,1
f25e91baa,1,3,1
3ee05e0d5,1,3,1
f662bdf71,1,3,1
7aefa7eeb,1,3,1
6bacb98ab,1,3,1
6cbc126fc,1,3,1
dcf366e02,1,1,1
f15cd5cd9,1,3,1
bea48a6a7,1,3,1
d1b183683,1,2,1
b9fa9ce00,1,3,1
aba758b7f,1,2,1
fd8bb16c6,1,3,1
59b6102ba,1,3,1
234b2a6b6,1,3,1
df70eb456,1,3,1
307c5ca84,1,3,1
f095385ff,1,3,1
24361123a,1,3,1
6dcce539c,1,3,1
9f4f97c61,1,2,1
609e37f6a,1,3,1
233aeb07c,1,3,1
ec7952240,1,1,1
5d45dae82,1,3,1
809ca8efd,1,3,1
b49312951,1,2,1
a31d4c0f0,1,2,1
24336f580,1,2,1
1c6e35149,1,2,1
f4a508263,1,3,1
06adfc154,1,3,1
83166fea8,1,3,1
9403ac24d,1,3,1
640a267a9,1,3,1
761523328,1,3,1
cc09a719b,1,1,1
e6f4d14a0,1,3,1
c98d16315,1,3,1
475098962,1,1,1
3b41cf42a,1,3,1
c5a7f7d69,1,3,1
bff5e06f5,1,3,1
3f109dab7,1,2,1
e69dd7d09,1,3,1
ab2254697,1,3,1
1b47183f1,1,3,1
5649192e9,1,1,1
af2f3a166,1,3,1
df9b18c1e,1,3,1
e811cd880,1,2,1
ea05e0a19,0,0,0
3dab3050c,1,3,1
6afe7ee11,1,3,1
5d5942493,1,3,1
058394848,1,3,1
880a0ac07,1,3,1
9faef6bb6,1,1,1
5a4b92653,1,3,1
9c4af0f83,1,2,1
888a7fc17,1,2,1
24fad6b0b,1,3,1
a0c332aaf,1,3,1
2edce7d92,1,3,1
dd5d07137,1,1,1
19cb228a0,1,2,1
e8be13bdf,1,3,1
8afeab374,1,3,1
1803e4c27,1,2,1
9c7476c25,1,3,1
ea9003f0f,1,3,1
b4aa0c3ce,1,1,1
49a832741,1,1,1
b906d9b78,1,1,1
5da6b63bc,1,3,1
923a58e31,1,3,1
f477f306f,1,3,1
36ad55549,0,0,0
851302ab1,1,3,1
3c30c4a49,1,2,1
96c93dcc0,1,1,1
743b67b44,1,3,1
3f4cf8745,1,2,1
c87f6d0e4,1,3,1
52782bca8,1,3,1
9786bb3f7,1,3,1
732fa3cb9,1,3,1
d1d9012db,1,3,1
bc0b9984a,1,3,1
2836c44dc,1,3,1
7c1f20f6e,1,1,1
0d460fe7a,1,1,1
8f519310b,1,3,1
0eab258a9,1,1,1
6d95c8ec6,1,3,1
49f6a8909,1,1,1
a2dccbe51,1,3,1
6114449db,1,3,1
35f9132e5,1,2,1
348665874,1,3,1
45d12329c,1,1,1
c47c94411,1,3,1
ad70b1120,1,3,1
1952397d3,1,2,1
43bae1c6d,1,3,1
2de719b88,1,3,1
3ef5f0537,1,3,1
17880e117,0,0,0
5376c81df,1,1,1
e58225b2e,1,2,1
64e5f3abe,1,1,1
3ae51e685,1,3,1
b6c93a605,1,3,1
02868b720,1,3,1
88f3a5fd6,0,0,0
f45457bdc,1,1,1
5b3559bf2,1,1,1
bb051be7c,1,3,1
568a5ab51,1,1,1
2aadf6110,1,3,1
b31045c50,1,3,1
24e22fd2e,1,3,1
1a67ffb8b,1,2,1
86dec16a3,1,1,1
1cc20af0a,1,2,1
f5cb16efb,1,3,1
9999c355f,1,3,1
13264f4f4,1,3,1
89bc4559f,1,3,1
69d04f61e,1,3,1
9e3e99760,1,3,1
8afcd7b7e,1,1,1
a9199119d,1,3,1
4ea31a03a,1,1,1
2b54ee792,0,0,0
3796a0068,1,1,1
45d814813,1,3,1
e79dc4f9d,1,3,1
cc3434ae1,1,3,1
1ccd49ce2,1,2,1
360dcecb1,1,3,1
13e0627dc,1,3,1
0c64a0f1b,1,2,1
95855babf,1,2,1
9849173ee,1,3,1
441594b56,1,2,1
9819716c8,1,2,1
9791b85de,1,3,1
517a669f2,1,1,1
63e212498,1,2,1
bf7c0f270,1,3,1
0cd614218,1,3,1
e6ad8aa1b,1,1,1
20c3c2ba7,1,3,1
f90722a00,1,3,1
5b945da83,1,1,1
20bad295b,1,3,1
3c7dd9982,1,1,1
faec94482,1,3,1
ea055de86,1,3,1
14272c5c7,1,2,1
72d753384,1,3,1
9cbae8539,1,1,1
bc1b742f4,0,0,0
41c163f8a,1,3,1
6f2374a43,1,3,1
4fb715361,1,2,1
54314d17b,1,1,1
2b0896bbe,1,3,1
4b45ae85f,1,1,1
8c1c5448c,1,3,1
29f2fd4c6,1,3,1
76aa06fb0,1,1,1
c8cc85a15,1,1,1
2bbe22924,1,3,1
bd1eaf778,1,3,1
f45b8360a,1,2,1
dee6cea2a,1,3,1
4ee566501,1,3,1
931a50b80,1,3,1
85c4e7a41,1,3,1
fd8c80281,1,3,1
ad9d334b5,1,1,1
ebabceece,1,3,1
134b82d89,1,3,1
06db81e31,1,1,1
c8cca430f,1,1,1
8f476ed34,1,3,1
147e587da,1,2,1
d3ffc5c1b,1,2,1
4c55ffdb7,1,3,1
688b3183d,1,2,1
30eb0f9e6,1,3,1
412d7406c,1,2,1
e67b88329,1,3,1
1c9a90078,1,3,1
a4ba78b62,1,3,1
041cf403e,1,3,1
0c4e78176,1,1,1
9e6570928,1,3,1
59ee91cf8,1,1,1
2f2f38f47,1,3,1
6ab4a944b,1,3,1
26716b324,1,2,1
660dd8ded,1,2,1
950dd345b,1,3,1
36f1c9d61,1,3,1
b8f94e1ff,1,2,1
215345b52,1,3,1
ab94dbe57,1,3,1
d2355d242,1,1,1
b72a62a33,1,3,1
897e065bd,1,3,1
d980c361e,1,2,1
6d172f3eb,1,1,1
b2dbd92b1,1,3,1
302d37427,1,3,1
c05b74b05,1,2,1
876dd37df,1,1,1
1ef7f27ab,1,3,1
a322972da,1,2,1
fd139f4e4,1,2,1
1d669183f,1,1,1
7fa3ab674,1,3,1
e4ece4eca,1,2,1
5b1e90385,1,1,1
f60779a3b,1,3,1
5943080b2,1,1,1
3c2e29219,1,3,1
ef14eb18e,1,2,1
7efb36b65,1,3,1
cf8539482,1,3,1
2ac979cf7,1,3,1
53b3ef282,1,3,1
75f582ad6,1,3,1
e4bc68f06,1,3,1
7374edef0,1,3,1
3aa4a07dc,1,3,1
ef086278a,1,3,1
2ce86e3a2,1,2,1
6469bb262,1,2,1
2f4aa5ad9,1,3,1
2be9fa813,1,2,1
db7fc3cc9,1,1,1
791f6c077,1,3,1
df0933e46,1,3,1
3af847ce9,1,3,1
09e39377f,1,2,1
4236c9245,0,0,0
a684871b0,1,2,1
2e3c8edaf,1,3,1
cd81fa60a,1,2,1
955d40492,1,1,1
d1870f34b,1,3,1
992feb0f1,1,3,1
2d63b7c4f,1,3,1
48dd04601,1,3,1
270461683,1,3,1
f5b2c6fc0,1,2,1
2da9b0c2c,1,3,1
44d1246e0,1,2,1
4af765dc3,1,2,1
a1019e087,1,2,1
909d9e158,1,3,1
598f49a8f,1,3,1
8feefe84d,1,3,1
a3af82b71,1,3,1
eea7548f0,1,2,1
060e4ed30,1,2,1
6bc347d2d,1,3,1
b869dec56,1,3,1
ce27e496b,1,3,1
705a6dffe,1,3,1
89347826e,1,1,1
c947d8169,1,2,1
492e0cc50,1,3,1
e10252ca3,1,2,1
1d2a7f0dd,1,3,1
dcf17ac48,1,2,1
b1cb5d0ec,1,3,1
1c138e187,1,3,1
da8054bfa,1,3,1
d8519e771,1,2,1
4518f180e,1,2,1
3185aa328,1,3,1
1eb85ae31,1,1,1
207ad2902,0,0,0
1de957113,1,3,1
9ba7b7b9c,1,2,1
692bde33a,1,1,1
bd8312dcc,1,3,1
cd469a42f,1,3,1
b085671fa,1,3,1
d3832783a,1,3,1
537b5f09b,1,3,1
27898ed6d,1,2,1
9d64175e7,1,1,1
1adb292f6,1,3,1
1c4afcc03,1,1,1
054f35a8c,1,2,1
d7282183b,1,1,1
895d8c870,1,3,1
e66ee4be8,1,2,1
81efac010,1,3,1
4f7a70728,1,3,1
a21f20530,1,2,1
a091487fb,1,3,1
dcecf2ba5,1,1,1
35d04e039,1,3,1
7bb118200,1,3,1
7028ea673,1,3,1
4bef58278,1,3,1
9a053dbe6,1,3,1
caa616482,1,3,1
e297b5ede,1,3,1
31e9530cf,1,3,1
cbf3467d9,1,3,1
fd7ae9b79,1,1,1
105c28771,1,3,1
e013ab581,1,3,1
ff867121e,1,2,1
358270782,1,3,1
e7a24f9e9,1,3,1
0c6c71a55,1,3,1
f559980ed,1,2,1
eff5c562e,1,2,1
ca457392b,1,3,1
1c901d8d7,0,0,0
4079020a6,1,3,1
cc8518f88,1,3,1
225d332dc,1,3,1
0a38a1059,1,3,1
414e5ba55,1,3,1
807e3b981,1,3,1
fc93d7cc9,1,2,1
243925f5e,1,3,1
1cc66d907,1,3,1
518384a79,1,3,1
a66c7ec50,1,3,1
8b0fa13e1,1,3,1
373b98352,1,1,1
5eb152e2a,1,1,1
80723d694,1,3,1
10337747f,1,3,1
1069c72a9,1,3,1
3e2347b40,1,3,1
e432ee48e,1,2,1
92e74870e,1,3,1
afe9d7dca,1,3,1
9ca6debf5,1,3,1
ec83e77f0,1,1,1
b7a54fea5,1,3,1
3947180ba,1,3,1
236dd6cca,1,3,1
f83c963d2,1,3,1
15b5da7f8,1,3,1
dd36ab692,1,3,1
a7ba4d7e1,1,1,1
b5ce44276,1,3,1
348591b3f,1,2,1
992170cac,1,2,1
95e61ce61,1,2,1
df356def7,1,3,1
f40b68c08,1,2,1
9907dde11,1,2,1
33ed78569,1,3,1
0b3f851f0,1,3,1
8d650d311,1,3,1
4c05ee4b2,0,0,0
7c4b2e0c0,1,3,1
58e2cf3d9,1,3,1
4d2dec2f3,1,3,1
d6d6d4aca,1,3,1
dfb59bbe9,1,1,1
288445cbd,1,3,1
61f22ed16,1,3,1
26b1d01eb,1,2,1
2c7a874ee,1,3,1
1b0d28fab,1,3,1
7fb135352,1,1,1
9185b2ed3,1,3,1
43c8e589d,1,2,1
6a0f0b8c0,1,2,1
f24000fbc,1,3,1
128b247b8,1,3,1
d7cc44152,1,1,1
2380da455,1,3,1
a90da3a12,1,1,1
67967b0b0,1,3,1
d22eb6266,1,3,1
9e399c659,1,3,1
9a5da8156,1,3,1
365f29337,1,1,1
b9086e44f,1,3,1
24ea0569a,1,3,1
1b5fd0e44,1,1,1
319ae7620,0,0,0
be340bbe7,1,3,1
370d17232,1,1,1
fae628c13,1,3,1
c72bd65dc,1,3,1
fd23f6a15,1,1,1
a88845c74,1,3,1
387147d00,1,3,1
97f0a97ef,1,1,1
c320a6005,1,3,1
6f0d943dc,1,1,1
729042a8f,1,3,1
f48338adb,1,3,1
742462799,1,3,1
6223c652f,1,3,1
c1917c88e,1,3,1
f296a9ee2,1,3,1
63057be1d,1,2,1
91f52526f,1,2,1
a6da4c5df,1,3,1
ecad4a875,1,3,1
98565468b,1,1,1
076e5c59d,1,1,1
71eda06c6,1,3,1
734459ad1,1,3,1
d54d84b63,1,3,1
8e92ebde6,1,3,1
319e533b6,1,1,1
39e0cc98e,1,3,1
3b140cca4,1,3,1
9e43d6863,1,2,1
f93fe66ef,1,3,1
ff85f13d7,1,2,1
4cef5b961,1,1,1
efb36dced,1,1,1
03926867a,1,2,1
ca5a9ff9c,0,0,0
972a081f2,1,3,1
16316fb49,1,3,1
5e21ad5a7,1,1,1
62ad62e0a,1,3,1
a72492a9d,1,3,1
ef0822572,1,3,1
23987e634,0,0,0
1cd970978,1,2,1
62eb0363d,1,3,1
4ac47ceae,1,3,1
926c92b39,1,3,1
f348564a5,0,0,0
40bd89515,1,2,1
0178fe2f7,1,3,1
ab5964338,1,3,1
b72bbd6db,1,3,1
d6243bdf8,1,3,1
69ae5dba1,0,0,0
230232e58,1,2,1
e74dd0579,1,3,1
35cf91e6e,1,3,1
69ba6c8d8,1,2,1
13efc38c1,1,3,1
efddad023,1,2,1
f8a1d0a54,1,3,1
bc5058e64,1,3,1
75f3eb3f8,1,2,1
5d808057a,1,2,1
28c34e5dc,1,2,1
72b996452,1,3,1
2cdaa8a5d,1,3,1
9000f2766,1,1,1
defebd6b4,1,3,1
f99149151,1,3,1
a345b4406,1,2,1
9e6f98ce2,1,2,1
4302e8f50,1,1,1
91d238a62,1,1,1
990e04b81,1,1,1
b985b4ff9,1,3,1
0b74e375f,1,2,1
73704a89b,0,0,0
122683077,1,3,1
d246be504,1,1,1
f500d6361,1,2,1
c05adb8fe,1,3,1
6a8980074,1,3,1
a2124f529,1,3,1
052c95a93,1,2,1
5e8cbcc56,1,3,1
7e0f474bc,1,3,1
343c1f526,1,1,1
94d5ded81,0,0,0
35bb8ee8f,1,1,1
e454518b8,1,3,1
83703d7e0,1,2,1
29193bf76,1,3,1
197c5ed9d,1,3,1
87b60f563,1,3,1
c69315120,1,1,1
b9314a12d,1,3,1
4cbc3433e,1,3,1
644d07ccb,1,3,1
27ce98a2e,1,3,1
5ab4a7a66,1,3,1
175af62c1,1,3,1
97a80f8b3,1,1,1
26662f4f9,1,3,1
dcb0314b0,1,3,1
7a12e98d8,1,3,1
fb507a1cb,1,3,1
1ef4df30d,1,2,1
b7f7e01c6,1,3,1
bafa8c847,1,3,1
7eff2bd81,1,3,1
fd38d0da0,1,3,1
95e06e711,1,3,1
f385d9645,1,3,1
f2a522324,1,3,1
082a9b790,1,3,1
6824120c3,1,2,1
acc741f2d,1,3,1
4552e7972,1,1,1
63a3f229c,1,3,1
8ebe54ca6,1,3,1
aa0e8c199,1,1,1
f5d0fdd2c,1,3,1
81ea0e01a,1,3,1
0af536283,1,3,1
939ca33f6,1,3,1
4f5205d2b,1,1,1
668177e57,1,1,1
a8f43bea5,1,3,1
be0635ef2,1,3,1
da9b9db54,1,3,1
2c88aa53a,1,1,1
c18cc87cd,0,0,0
9521ff66b,1,3,1
9a4bbdd8d,1,1,1
a07440416,1,3,1
4fe9ef7ce,1,1,1
5bd541f6f,1,2,1
3cf8487d4,1,3,1
1942485f8,1,3,1
aa11bee11,1,3,1
0907a14f3,1,3,1
1945e2783,1,3,1
ae17429ae,1,3,1
0a3fc490f,1,1,1
f74ad48ff,1,3,1
23c4874d8,1,2,1
4fe4122ca,1,3,1
394217006,1,3,1
b2406f38d,1,3,1
f91cc9f0d,1,3,1
053d121b8,1,3,1
d3ff1ea74,1,3,1
6f12e6d07,1,3,1
2259cf6f8,1,3,1
a6fea1d1a,1,1,1
a8055a2ba,1,2,1
9fe6f98a5,1,1,1
e73146163,1,3,1
99c2ceb33,1,3,1
da353217d,1,3,1
b73a7ca90,1,3,1
c7195edba,1,2,1
aa40c19c2,1,3,1
f94991b4c,1,2,1
9416f514a,1,3,1
547a18b80,1,3,1
aebf47483,1,2,1
ace26786b,1,3,1
9ef928aa7,1,3,1
03a92a94f,1,2,1
a55a04a05,0,0,0
5a651d147,1,1,1
a16ab2da0,1,3,1
15adc8d48,1,1,1
d7f98a1a1,1,2,1
c40052aba,1,2,1
ac8229264,1,3,1
318f45a57,1,3,1
e0d18f038,1,3,1
5b0f07923,1,2,1
117a7da85,1,2,1
a88733fd1,1,1,1
88cdc9a60,1,3,1
b8acbc614,1,1,1
6c399cb06,1,2,1
2625dcb50,1,3,1
00c19f4fa,1,1,1
bf190a061,1,3,1
f43bf90ea,1,2,1
1cac8717d,1,1,1
19f5a15ab,1,3,1
484346fbc,1,2,1
dd5f93066,1,3,1
e3e339d6f,1,1,1
1f2bd07e8,1,1,1
e04d44883,1,1,1
9ff766a26,1,2,1
8623ecf43,1,3,1
cf85bd080,1,3,1
21fcd15c6,1,3,1
1d6a1b32c,1,1,1
01603d6e2,1,3,1
7000a4f76,1,1,1
5955c1678,1,3,1
f245f7d4f,1,1,1
cfd7c3baa,1,1,1
6b2fc7a10,1,3,1
7b872f1aa,1,3,1
c83fe0079,1,3,1
923da13c4,1,3,1
26a7ffaa7,1,2,1
c3b94defa,1,2,1
714b4fa64,1,1,1
46f6472bb,1,2,1
0f1424059,1,1,1
66fcb54d7,1,1,1
382cc2865,1,3,1
9684a1603,1,3,1
6c9e1c82f,1,3,1
24cc193f3,1,3,1
5b4745340,1,3,1
39944ac3f,1,3,1
b02c50d9d,1,1,1
b34a4f038,1,1,1
372433bc5,1,3,1
2f595e715,1,3,1
07cc0ce27,1,3,1
eff4a47b5,1,3,1
f8efa040f,1,3,1
db0875ffd,1,3,1
73dedcf29,1,2,1
a4f6acdb6,0,0,0
ff16e6dad,1,2,1
2dafa7b63,1,3,1
5ff246254,1,2,1
ad9ad0883,1,1,1
f33406495,1,3,1
1045bb4c4,0,0,0
d930f411f,1,3,1
500728fdd,1,2,1
523aeba08,1,3,1
c98ae8e1e,1,3,1
5ba0605b9,1,2,1
1991b0817,1,1,1
1ba539b66,1,1,1
2910b5c7e,1,1,1
bf6ef8c07,1,3,1
fb9390214,1,3,1
94fc65b67,1,3,1
91c023cb7,1,3,1
138035c7a,1,1,1
e2204552c,1,1,1
67f351876,1,2,1
10949ac80,1,3,1
60875e5f0,1,3,1
db194aec8,1,3,1
e46373e2e,1,2,1
dffa9e326,1,2,1
798fae45f,1,3,1
fe65d17b1,1,1,1
b18e25ae6,1,3,1
77b247a02,1,2,1
2bec9dd86,1,3,1
7e43a342a,1,3,1
1cbe873e7,1,3,1
0858e3a6e,1,3,1
22937e80e,1,1,1
e1f0c1add,1,3,1
9e2a19b16,1,3,1
7e6385ded,1,2,1
8d301b5e6,1,3,1
087d71de3,1,3,1
66d4911f9,1,2,1
03db2966b,1,3,1
15ee5f008,1,1,1
4325e9930,1,1,1
b9f58834b,1,1,1
b356b0f05,1,3,1
81a805fda,1,3,1
2cde24ccc,1,1,1
78dff2667,1,1,1
10eaafcd9,1,2,1
10d83c05d,1,1,1
a54497b9a,1,1,1
152d25978,0,0,0
b0c159af4,1,3,1
7bebfc2a8,1,2,1
5d225055d,1,3,1
87fa5c42b,1,3,1
1a4c20f98,1,3,1
f5d7daf1a,1,3,1
810805880,1,2,1
b6661be84,1,3,1
b70f7c3d6,1,3,1
28af3f2c9,1,2,1
71390d670,1,1,1
fd717a456,1,1,1
429df135c,1,3,1
bc14cca27,1,1,1
6c5b48801,1,3,1
8947bf4b9,1,3,1
678140b71,1,3,1
8bf2cc0a1,1,3,1
8d0f353e2,1,3,1
7d0367e19,1,1,1
8445b97aa,1,3,1
3b923cef0,1,1,1
35b728d0d,0,0,0
040b028f1,1,3,1
121af879a,1,3,1
5fc06cf73,1,3,1
64ca585d9,1,1,1
6bbd4bbdc,1,1,1
a0f2d927e,1,3,1
7e1af1787,1,3,1
dd3856456,1,1,1
59f4e3255,1,3,1
029b05087,1,3,1
942b2ba7d,1,1,1
2ddbad288,1,3,1
6568f907c,1,2,1
397be6b99,1,3,1
b0d8b0778,1,2,1
5493d0771,1,3,1
3970cb015,1,1,1
59c9f850a,1,1,1
d7696fdac,1,3,1
8b17616d3,1,3,1
a22b593a2,1,3,1
cd668b430,1,1,1
4a2ecd24c,1,2,1
7395e5c70,1,3,1
03ae93b48,1,1,1
da7bed1f8,1,3,1
a2cd25e49,1,3,1
3e411bd12,1,3,1
036c684d3,1,3,1
110682438,1,3,1
b93abca0b,1,3,1
814430b64,1,3,1
122b47acc,1,3,1
9e4420002,1,3,1
e90c988f5,1,3,1
3f568e3a2,1,3,1
d48d94920,1,2,1
2bc51f69b,1,3,1
814c9043a,1,1,1
eac772633,0,0,0
e8ee34b59,1,1,1
573f51aca,1,3,1
274c7f123,1,3,1
39a66e7cb,1,1,1
b9d49b198,1,3,1
7c139389d,1,1,1
e3fb26abc,1,1,1
f80c1cf7d,0,0,0
8e4f0e111,1,3,1
8564fa7be,1,3,1
9c443e54d,1,3,1
58a7e1caf,1,2,1
29a9fdad5,1,1,1
2ca3f6d92,1,3,1
1f7863209,1,2,1
d9f692e74,1,3,1
649589d9f,1,3,1
3cafd9500,1,3,1
121ee5fa0,1,1,1
7a6bc9e55,1,3,1
569e2b299,1,1,1
032aefa61,1,2,1
88f79f7ee,1,3,1
1ef5b1310,1,2,1
5e9737811,1,2,1
46ef61c91,1,2,1
fa773690e,1,3,1
d8697f0fd,1,1,1
bdff3528c,1,3,1
e7b3f752a,1,3,1
1de2c7e27,1,3,1
9b227ae56,1,3,1
db6b79545,1,2,1
98d3a24b8,1,3,1
2cc0c6dee,1,3,1
c0503dd75,1,3,1
0c4c55b39,1,2,1
26bba34a6,1,1,1
c92b59557,1,2,1
d1338d152,1,3,1
034259113,1,1,1
4df3f4bc3,1,3,1
574b9ab4f,1,3,1
5287fead8,1,2,1
ba4811f35,1,1,1
ba2904fd9,1,2,1
1349f68db,1,3,1
28f1efe3c,1,1,1
e93ec1c41,1,3,1
48432dfa0,1,3,1
03188ecad,1,2,1
34fd2f89a,1,2,1
970910885,1,1,1
91c2edae8,1,3,1
a566e5a44,1,2,1
d680ddf5d,1,3,1
2f1c0947d,1,3,1
6ab0ddda3,1,3,1
c1c0405ef,1,3,1
f9e4762d2,1,3,1
fba2f803d,0,0,0
3757e3734,1,2,1
eb11a4321,0,0,0
36d764abf,1,3,1
6f08386f4,1,3,1
dce7af31c,1,2,1
5d8622f3c,1,1,1
6bf713e5d,1,3,1
4040a04bb,1,3,1
4733d5e7a,1,3,1
0fd9076d7,1,3,1
61e7f4ebe,1,3,1
aaadb1aac,1,2,1
6fea8ac52,1,1,1
6e50b52c9,1,2,1
28b4420eb,1,1,1
6914ade58,1,3,1
560d2b399,1,3,1
7b1c82382,1,3,1
35c9336dc,1,3,1
9b09190e4,1,3,1
de0ace433,1,3,1
af4941f15,1,3,1
9358ef6d7,1,3,1
c296177eb,1,3,1
628e30f3b,1,3,1
7e3c6f81d,1,1,1
556549333,1,3,1
e2bb56954,1,1,1
3dd6ea6bb,1,2,1
2f3d368d3,1,2,1
45dbc315f,1,3,1
7c8960273,1,2,1
80ec7f00d,1,2,1
75f7beaf2,1,3,1
072bb91b4,1,3,1
3033b66f9,1,3,1
b7351540f,1,3,1
c1985add1,1,2,1
d8060a227,1,3,1
8e0d93659,1,1,1
fa89bfa82,1,3,1
7268e9e21,1,3,1
6e31c1647,1,3,1
5ac95823c,1,3,1
2cf6b6627,1,3,1
ad5250ecf,1,1,1
e156e8aa0,1,1,1
4b3efcfe0,1,3,1
f555570eb,1,1,1
f8530e295,1,2,1
951f0f32a,1,1,1
e1b0baf8a,1,3,1
5c7136c2e,1,1,1
bb90447e5,1,3,1
4d7fd1ee8,1,3,1
31912a7d7,1,3,1
e218c632b,1,3,1
e0736a22f,1,1,1
0510cacd0,1,2,1
f394d4aad,1,3,1
ae946bb63,1,3,1
c5b782f4e,1,2,1
f3fd77fe8,1,3,1
92b5de07f,1,1,1
3befd2af6,1,2,1
51337d3a4,1,3,1
a6783a1c6,1,1,1
7fc31b6bd,1,3,1
365aaebc8,1,3,1
b1e94ac2d,1,2,1
dfe83669d,1,1,1
179c21d17,1,3,1
595b8d58f,1,3,1
cf9bc2dc8,1,3,1
323f562e0,1,1,1
7ed037049,1,3,1
e2f5253f7,1,1,1
1533ebfd4,1,3,1
93df8b5c7,1,3,1
8a3efc6c4,1,1,1
51e25fe8b,1,1,1
c79019195,1,3,1
2b8f1e583,1,1,1
f72db59b3,1,3,1
48c9474d9,1,3,1
9e2af0f7a,1,2,1
d7dd71467,1,3,1
43d31be6c,1,1,1
4a4d8cadb,1,3,1
5e203eeaf,1,3,1
48ceb84a0,1,2,1
eee978cc3,1,3,1
065906a54,1,1,1
cfbbeec5a,1,2,1
0e9c1385c,1,2,1
920a44cbb,1,3,1
ec322a0f2,1,1,1
2826f9095,1,3,1
8da7afcd4,1,2,1
2cb770ad7,1,2,1
79e510cb9,0,0,0
fa1d3af33,1,2,1
6d5b6616f,1,3,1
420193f17,1,2,1
82ab0ebbd,1,2,1
bf37d753e,1,3,1
0de6709ab,1,1,1
703f1a4c4,1,1,1
c0e61e2f0,1,3,1
a8518bd6b,1,3,1
6c5a7a1ef,1,3,1
3bb0c9458,1,3,1
05fadeacd,1,1,1
cedeef1a7,1,3,1
e633a6647,1,1,1
2fdc23bcb,1,3,1
43c623f94,1,1,1
d6209194b,1,3,1
7f670fb1d,1,3,1
e6a856527,1,3,1
4edc9ecc5,1,3,1
81d6d070c,1,3,1
8f47129b2,1,3,1
087804d85,1,3,1
902e7f8aa,1,1,1
bb928145e,1,3,1
1c4d99f6e,1,1,1
27bbc8c4f,1,3,1
8364bf2eb,1,3,1
ea3c51eb3,1,2,1
74d7a26bc,1,3,1
bd0bfa1f6,1,3,1
99c110585,1,3,1
cabb4127e,1,3,1
a2665a33f,1,3,1
de8b7400d,1,3,1
8e3e0ffde,1,1,1
e7a8fea6b,1,3,1
5b7007847,1,3,1
8bdffc917,1,3,1
63e2cb92e,1,1,1
e4eb08c79,1,3,1
a5f027ab8,1,2,1
fafa7ddb0,1,3,1
6e9e0ce30,1,2,1
1b6c5e07e,1,3,1
fd39fef15,1,3,1
c120a6f75,1,3,1
023979a33,1,2,1
8396c07c5,1,3,1
ece36dc30,1,2,1
22abde55b,1,2,1
6f77b4edf,1,3,1
4e974f807,1,3,1
6e31c7d5c,1,2,1
88dc80de7,1,3,1
cf5c8352d,1,3,1
9c80a9ed6,1,3,1
a6adb9a9f,1,3,1
7efce4735,1,1,1
63c049a9e,1,3,1
e51470c34,1,2,1
1169ea6c5,1,3,1
70943f766,1,1,1
7d2e6ed97,1,3,1
4dbcd1d36,1,3,1
38cd559f6,1,1,1
0cf7fae9d,1,1,1
7125e101b,1,1,1
bded2690b,1,3,1
9ac5a9faf,1,2,1
83502a253,1,1,1
5d3c9feba,1,3,1
97dd55a08,1,1,1
8e3c58de2,1,1,1
65c2785b3,1,3,1
52dae90aa,1,3,1
01b167b92,1,1,1
8d6b89eff,1,3,1
d353746a5,1,3,1
402799b02,1,3,1
abfad94f2,1,1,1
271712276,1,3,1
400bc90ee,1,2,1
c57a0afef,1,3,1
ef8782012,1,3,1
de97498e6,1,3,1
70edbb1e3,1,3,1
d3c880313,1,3,1
c9cc0915c,1,3,1
e5ffc0a9d,1,3,1
7ca5ee472,1,2,1
0d4e81870,1,1,1
18095a42f,1,1,1
dde3750a1,1,3,1
3086dc257,1,2,1
b5fd8a091,1,3,1
546cf9e37,1,3,1
8bc5380ca,1,3,1
f27a94272,1,2,1
33c73d9ad,1,1,1
5c496f946,1,3,1
0819ac2f6,1,2,1
d48e16ef4,1,3,1
c573a0ce7,1,3,1
49f12d27b,1,3,1
2374a1c12,1,3,1
2cca2f141,1,1,1
5e1c62c0a,1,3,1
ed194417f,1,2,1
50339ca55,1,1,1
8709b75c2,1,1,1
640dbb3b6,1,3,1
deb0ad8cd,1,3,1
78631549e,1,3,1
8b03c494a,1,3,1
e493537b3,1,3,1
63562f208,1,2,1
1c8ab73ca,1,3,1
ff43926c3,1,3,1
23e36bfd9,1,2,1
3ca799ab8,1,2,1
189eaf5c4,1,2,1
0b110b315,1,3,1
03a3fb084,1,3,1
279895e23,1,3,1
267841852,1,1,1
b5158ef9e,1,3,1
4ae292968,1,3,1
10124968c,1,3,1
dc3066d92,1,3,1
c0645d6c9,1,3,1
88db34068,1,3,1
e7e23bfbf,1,3,1
bddd63050,1,3,1
6b4a3074d,1,2,1
f342f337e,1,3,1
ea678fb08,1,2,1
ba16e7f4b,1,3,1
b4060a70e,1,3,1
06cd6c623,1,3,1
3fd545213,1,3,1
5fc55b842,1,1,1
dde4e26d1,1,3,1
310f053bd,1,3,1
871ea8021,1,3,1
e4c9325d9,1,3,1
d02861aca,1,3,1
1fba191e3,1,3,1
cbd8840cd,1,3,1
086e528f0,1,3,1
e2b705117,1,2,1
79b439763,1,1,1
8a6f301fa,1,1,1
dfb7301a8,1,2,1
2ca3bc8f5,1,3,1
b0be76af8,1,3,1
f160ae385,1,3,1
c0604b559,1,2,1
c3deb0697,1,3,1
a05674125,1,3,1
97b0b5d92,1,2,1
d9175b948,1,3,1
1faffda03,1,3,1
5606b4630,1,2,1
9e557af46,1,1,1
73a17e201,1,2,1
ec9da833d,1,1,1
785150e60,1,3,1
3e25d4fb8,1,2,1
20f870155,1,3,1
f29afd123,1,1,1
6d55edd17,1,3,1
8ff3ff516,1,3,1
cdd50f583,1,3,1
0ce5d0b5f,1,3,1
5fc6599fc,1,1,1
ea03ccbba,1,3,1
9abb10f2f,1,3,1
0d4c495dd,1,3,1
5eee1e783,1,3,1
41ce762ce,1,3,1
22e4974f2,1,3,1
d1dd377ae,1,1,1
5c109cb7c,0,0,0
d2dbc61fd,1,2,1
ec7ebdb47,1,3,1
82c90e313,1,3,1
7dd6704a1,1,2,1
fecec878e,1,2,1
0af365e26,1,1,1
5c4c1d10c,1,3,1
1ff51137d,1,3,1
a868df43f,1,3,1
cac71d5bd,1,3,1
c3945aa2e,1,3,1
277210bb9,1,3,1
d0f4115e6,1,3,1
df5f12e58,1,3,1
a90c3dbd7,0,0,0
7aef49fb2,1,3,1
94d65e361,1,3,1
75f3f26cd,1,3,1
2b8008b16,1,1,1
c275f0975,1,3,1
38fc09756,1,2,1
c504cbfd4,1,2,1
bd2f5699b,1,1,1
89ba257e1,1,3,1
f89c6f6a6,1,1,1
f6c14900d,1,3,1
8d39ce00b,1,3,1
2716a01b4,1,3,1
902a255d2,1,1,1
d9b4b1930,1,3,1
5b7fd5349,1,1,1
0594ed847,1,2,1
44ab64cad,1,3,1
9fe96f804,1,3,1
c07eb487c,1,1,1
183e445ea,1,2,1
5aefb7197,1,2,1
3e946254a,1,2,1
1bc97732e,1,3,1
222ee828b,1,3,1
9e5476a10,1,2,1
8de855263,1,3,1
ab38d2296,1,2,1
500327aed,1,1,1
34452eefb,1,1,1
fea8ba32e,1,2,1
791560e54,1,1,1
0063bd7e0,1,2,1
25c681109,1,3,1
b28acaaeb,1,1,1
23a5c1e87,1,3,1
fa9df3011,1,3,1
16ce3524b,1,2,1
6842b7ff9,1,3,1
a9be5c4ab,1,3,1
5b8610245,1,2,1
083f50328,1,1,1
df4d893b9,1,3,1
62d09ac7c,1,2,1
c81b943f6,1,3,1
76b67f389,1,3,1
67e77a11c,0,0,0
695ae7cbe,1,3,1
9c68827b5,1,1,1
24aaed171,1,3,1
28e14ee81,1,1,1
82607d1cf,1,3,1
755f10f8a,1,3,1
9699a3d34,1,3,1
b1350a4af,1,3,1
2db012118,1,3,1
d4bffbe04,1,3,1
1043aca38,1,3,1
f7ada8363,1,3,1
8ccda6476,1,2,1
5aeba57be,1,2,1
e0a1e1ecd,0,0,0
ae6f25120,1,2,1
53964c5d0,1,3,1
4427541c0,1,2,1
fd1bf9554,1,3,1
8c2e6c331,1,3,1
dfefbcea0,1,3,1
be917151a,1,2,1
57f322839,1,3,1
6786609aa,1,1,1
59c474c59,1,3,1
bb1afbaf2,0,0,0
28e86de6d,1,3,1
b41fd3816,1,2,1
e68c7d50b,1,3,1
8969b314b,1,3,1
c59fe4bcd,1,3,1
3658ee105,1,3,1
db5a260fa,1,3,1
ded3b183c,1,2,1
842c9622d,1,3,1
9c296a253,1,1,1
3e0ce6020,1,2,1
faa139539,1,3,1
c4dc1e8fe,1,3,1
97cdcca1f,1,2,1
4785a8894,1,1,1
284c50f77,0,0,0
07b6336e5,1,1,1
a0be585cb,1,2,1
c5d0fdfac,1,3,1
5ebc60bb5,1,3,1
28e86bb13,1,3,1
7baa8082a,1,3,1
1adf071b0,1,3,1
5d517a321,1,3,1
62eac41fa,1,2,1
54fa86958,1,1,1
d29d34cfe,1,3,1
ae4e546cb,1,1,1
800680beb,1,3,1
09c00211e,1,2,1
2262be7e9,1,3,1
7a7277559,1,1,1
bb74a9d58,1,1,1
d805a1c90,1,3,1
91acbbf47,1,1,1
0428af8ea,1,3,1
df26f1098,1,3,1
3bef65169,1,3,1
b88fdc7ba,1,3,1
5017052e7,1,1,1
d43834f69,1,3,1
01d646ea8,1,1,1
803c3b444,1,1,1
f7554df6d,1,1,1
617ee6976,1,3,1
fd3804c20,1,3,1
bb43b6a0d,1,3,1
5181f9924,1,1,1
e1dcf0e9e,1,3,1
bd2084cc9,1,1,1
6c9382d17,1,3,1
6c55e596d,1,1,1
4363acad4,1,1,1
da8d56dff,1,2,1
903523a17,1,2,1
cd1947175,1,3,1
404eab70f,1,1,1
0e56a693b,1,3,1
642b0dbac,1,2,1
55b9c70eb,1,3,1
7509ed502,1,1,1
f2be40d43,1,2,1
add3c45c6,1,3,1
f102632f6,1,3,1
cbf6b6e42,1,3,1
2eaab0cb1,1,3,1
ce0fbe463,1,3,1
fffd9b5a8,1,1,1
64a40211a,1,3,1
73680f695,1,2,1
92d830572,1,3,1
976fcf5a9,1,3,1
7754f4f3f,1,3,1
18553e89b,1,3,1
5a089c77f,1,3,1
ef487165c,1,3,1
4b9f45715,1,3,1
0b15f3794,1,3,1
f8e3f9ddf,1,1,1
826c26e34,1,3,1
77b09d551,1,2,1
0ca52e744,1,3,1
840c965cb,1,1,1
18556365a,1,3,1
7ac986fd4,0,0,0
cbd5f7a45,1,3,1
21fc38738,1,3,1
1c3793826,1,3,1
e31e27ce7,1,2,1
1edbf1acd,1,3,1
4235841ea,1,3,1
cc0a49f6f,1,1,1
7559336dc,1,3,1
31e2399a9,1,3,1
32168f6f5,1,3,1
b410bfdfe,1,3,1
61ba636f0,1,1,1
3b61f8d97,1,3,1
ed7754046,1,1,1
bcfea60f5,1,3,1
6ff2ae40f,1,3,1
e5317b212,1,3,1
b49c33f08,1,1,1
ad4a30fcb,1,1,1
c0858dfca,1,3,1
931fd5858,1,3,1
9afc068ae,1,2,1
dd365668d,1,2,1
bba70dd12,1,1,1
8c9b5b646,1,3,1
230009c15,1,1,1
cc2881a97,1,3,1
c4fcf4990,1,1,1
17d9c9586,1,3,1
c2cad7ef6,1,2,1
68ac3848d,1,3,1
6dc40f9b5,1,3,1
3d3006ccc,1,3,1
7314ad440,1,1,1
40fa64194,1,2,1
961d4ba5a,1,3,1
c1ecd33ac,1,1,1
3facf6055,1,3,1
2d06250ab,1,3,1
6db506983,1,3,1
8ab1bbd3f,1,2,1
93ccba02b,1,1,1
59a23bac0,1,3,1
8f7265ddf,1,3,1
ac1eab621,1,1,1
90e582b0c,1,3,1
b30bcaab6,1,3,1
0602a34f3,1,3,1
f4c32b8a5,1,3,1
3091d24f7,1,3,1
6eb6c99b4,1,3,1
86ac4d6b6,1,3,1
edcc13ccb,1,3,1
d81a46211,1,2,1
610c05772,1,3,1
ece3629b4,1,3,1
a9c3f27cc,1,2,1
66cff2ed9,1,3,1
bb714a80a,1,2,1
e34280d51,1,3,1
4e4ceb08b,1,3,1
73a25206b,1,3,1
26ceb4ba8,1,3,1
5417ca8e6,1,3,1
ba20d5a08,1,1,1
409d5bc3d,1,3,1
f3082fa97,1,3,1
a6deb30e1,1,2,1
93eb14f37,1,3,1
9c5feed55,1,3,1
9c6fdbcb4,1,3,1
1f2065428,1,3,1
681a6f552,1,1,1
443005b65,1,3,1
27058d03f,1,1,1
c71d537da,1,3,1
437b01de4,1,3,1
3b9f04df5,1,3,1
33cabff1a,1,3,1
bb16182f7,1,3,1
7e704dadb,1,3,1
6cdfd6a41,1,3,1
a72ca4ed6,1,3,1
505034c5a,1,3,1
88edfa259,1,1,1
54e0ac09d,1,1,1
69275e62d,1,1,1
027c23f6b,1,2,1
4359d65e7,1,3,1
6a00de73d,1,3,1
aa0901313,1,3,1
541400630,1,3,1
8d08f7b70,1,3,1
3183085f4,1,2,1
e0ad66343,1,1,1
dd7732e86,1,3,1
25c7b5c5f,1,3,1
b2b9c5176,1,3,1
45bec4a13,1,3,1
c5753890a,1,3,1
704737525,1,2,1
01802debf,1,3,1
708189e17,1,3,1
25ef79825,1,2,1
8685b7512,1,1,1
95563629d,1,3,1
bec6fb5cd,1,3,1
e639b8dcc,1,2,1
4d40cfa55,1,3,1
61003963a,0,0,0
98567db2f,1,3,1
353c89ed3,1,3,1
139f58538,1,1,1
5e2e48bb2,1,1,1
b9005c792,1,1,1
b8580c770,1,3,1
086857d70,1,3,1
716167b76,1,3,1
f447d931c,1,3,1
969634296,0,0,0
2177b28d2,1,3,1
f17cc636d,1,3,1
b024a4ef4,1,3,1
d320b7121,1,3,1
0cde886ff,1,1,1
93e53882d,1,1,1
4072b0841,1,3,1
63c93929a,1,2,1
2ef182fc5,1,3,1
5918330ac,1,1,1
e3fcd8a2f,1,3,1
2f7563006,1,3,1
b1c7e0838,1,3,1
f2697fe84,1,2,1
c763f19ef,1,3,1
645914c88,1,2,1
795cb17ef,1,3,1
34a6cc7b2,1,3,1
94d2d552b,1,3,1
1b9b55f0b,1,3,1
a41b62aa8,1,3,1
d45776f61,1,3,1
5c9d75ab9,1,3,1
17ba1d7ce,1,3,1
e95d902dc,1,3,1
b84319e15,1,3,1
b7142b615,1,3,1
f071f1cb7,1,1,1
6c736e9c1,1,3,1
7d19330cb,1,1,1
9a7885841,1,2,1
eb3101bcd,1,1,1
db0a53c3a,1,3,1
4badb22cb,1,3,1
5b3c81931,1,3,1
b3a19b9dd,1,2,1
d870d5767,1,3,1
d565f7c6f,1,3,1
fb570c67a,1,2,1
407ef0ea0,1,3,1
c18a1acc6,1,3,1
c9c5b665b,1,3,1
7bfe95866,1,3,1
6cfba936a,1,3,1
672cc8af8,1,3,1
04a30a9ea,1,3,1
07cfb3380,1,1,1
2cf6ead97,1,3,1
f5f1ea56c,1,2,1
1aaa74b35,1,1,1
06c5ddbd6,1,2,1
65b70bad8,1,3,1
8a1e12a30,1,3,1
50fc25dbe,1,3,1
d0866146d,1,3,1
15f0dc937,1,3,1
95708d284,1,3,1
9ceada263,1,2,1
16748bcd7,1,3,1
2a726e0a2,1,1,1
f97d14e01,1,3,1
ddeeba131,1,3,1
028d42a4b,1,3,1
ca121ab91,1,1,1
5b9d80473,1,1,1
c95af948c,1,2,1
6d474edc5,1,3,1
c52b99ee2,1,3,1
d755e40d7,1,1,1
48cd2ebaa,1,3,1
e6c917eb2,1,3,1
9a798bc44,1,3,1
d202e4c9c,1,3,1
c6a2b6ae1,1,2,1
84998166f,1,1,1
ae2c2b372,1,1,1
0afb7e845,1,3,1
79a352e54,1,3,1
598479067,1,3,1
fb1a745e6,1,2,1
0a1b57b57,1,1,1
ab1cfc949,1,1,1
2e76362c0,1,3,1
1d5870131,1,3,1
516646a4f,1,3,1
879c40dfa,1,3,1
ef91ae200,1,3,1
0d873789a,1,1,1
964cf32b1,1,3,1
8cba08869,1,1,1
619d6fdf8,1,3,1
fe879c04e,1,3,1
c90570913,1,3,1
b690774cb,1,3,1
78599649f,1,3,1
3ef52fe8b,1,3,1
059cfed40,1,3,1
65829d12f,1,3,1
ce4484c3d,1,1,1
af8138fea,1,1,1
a1fc6f0bb,1,3,1
c1577c976,1,3,1
1c8a8385e,1,1,1
deaba5702,1,3,1
a34b7e199,1,1,1
3d9ee26e3,1,3,1
c7a324d3d,1,2,1
678d21531,1,3,1
107d56dc4,1,3,1
969b9bb00,1,3,1
646fe5d09,1,3,1
e2e5b8ae2,1,2,1
046dcb8fb,1,3,1
5b26ccfdf,1,1,1
d16f1d371,1,1,1
7b22d0224,1,2,1
cea713af9,1,3,1
24af5742e,1,3,1
ae84e47c8,1,3,1
64dbb2214,1,3,1
549c35706,1,3,1
832110a99,1,3,1
4622342f4,1,3,1
ccf8c71f6,1,3,1
eff316e87,1,1,1
ee34f3079,1,3,1
021b0b7bd,1,1,1
fe7b03ebd,1,3,1
d71310023,1,3,1
49b868ae2,1,3,1
487416da5,1,3,1
529c2e04b,1,3,1
84c0ff0a2,1,2,1
1d911bffb,1,3,1
b968b85c1,1,2,1
d937730d8,1,3,1
6cbbe5cd9,1,3,1
ae0425756,1,3,1
d29627289,1,3,1
dda9d6e6a,1,1,1
c2b92d7a0,1,1,1
48cb3c66a,1,1,1
1cfc647dc,1,3,1
61338b2e9,1,3,1
429017e9a,1,3,1
bc4f18ced,1,1,1
a1a9e48a6,1,3,1
d1ef0568d,1,1,1
7133c0c97,1,3,1
86629a3ee,1,2,1
b9f90bdfe,1,3,1
ff50c6171,1,3,1
f0f6f4bd2,1,1,1
7595f467b,1,3,1
e9a47e731,1,3,1
192303603,1,2,1
45f8df95e,1,3,1
ed9885dcd,1,2,1
c5b5d2650,1,2,1
ce3a876b1,1,3,1
5fde0ce59,1,3,1
6c896760b,1,3,1
12653b9bc,1,3,1
bcf657071,1,3,1
51c72aa92,1,2,1
5fdd708f3,1,3,1
314e041cc,1,3,1
0fae8116c,1,3,1
ea4c18b67,1,3,1
efbe1f3ef,1,3,1
ba04f3e21,1,3,1
8d0f8ad16,1,3,1
a0fd5da22,1,1,1
30b9fbf81,1,1,1
3821d75e9,1,3,1
20f05426f,1,3,1
bac34e381,1,3,1
c4ff3b712,1,1,1
7f3781bec,0,0,0
063521459,1,3,1
8a9c5472e,1,3,1
0e1a54250,1,3,1
ce768b010,1,3,1
619dcb4e6,1,3,1
e4dd90768,1,3,1
918fab9e8,1,3,1
10e1cbfdd,1,3,1
49d1423d5,1,3,1
01e6a888d,1,2,1
e9a379c0e,1,1,1
b414c5dd9,1,3,1
08e8e74c3,1,3,1
79f358573,1,3,1
001a1aaad,1,3,1
5a4b6ea39,1,3,1
9c714104f,1,3,1
ba030cdba,1,1,1
b25d569cd,1,3,1
c457ca802,1,1,1
488c8d0aa,1,1,1
31104de48,1,3,1
8a9bdc274,1,3,1
f8710e158,1,3,1
eddc2e2ae,1,1,1
7989fd303,1,2,1
d5cbed556,1,1,1
0e8887c13,1,2,1
5c1fa6bd2,1,3,1
b2676e6b1,1,3,1
4d649e887,1,3,1
1bde9cc3f,0,0,0
2633bc461,1,3,1
8f90bba4c,1,1,1
2d880df4f,1,3,1
0cf709a59,1,3,1
573f877f8,1,3,1
57184a406,1,3,1
21db2af7c,1,3,1
ed5261f14,1,2,1
d120df077,1,3,1
02f89bdcb,1,3,1
d6fe9ec65,1,3,1
0c281122e,1,2,1
511b4a044,1,3,1
9b7179c65,1,1,1
61e477c0a,1,3,1
fa16a892d,1,3,1
24e5e366c,1,3,1
6d67ee4d1,1,3,1
c659e8a32,1,3,1
f88fd5ee5,1,3,1
2401dd6df,1,3,1
454aa9e20,1,1,1
becd6c70d,1,3,1
4b2aa880a,1,3,1
162c1d98a,1,3,1
3dfee20c2,1,3,1
3faf2b4d4,1,1,1
f51667d46,1,3,1
4bdc6f196,1,3,1
68838474a,1,3,1
3745aa22f,1,2,1
c22ebfb78,0,0,0
8ef67ba31,1,3,1
5b928c0a6,1,3,1
548df7912,1,3,1
f246dec63,1,3,1
6a546bfb7,1,1,1
99859bab7,1,1,1
5d02f91fc,1,3,1
6dd6775e2,1,3,1
c87651546,1,3,1
fcffea7c0,1,3,1
75bc667ae,1,3,1
b1021dc35,1,2,1
c042fa2d5,1,3,1
d68301fb2,1,3,1
f45b98b4f,1,3,1
4c04c9cba,1,2,1
e3f28534a,1,3,1
f0ba86cc6,1,3,1
5701c7885,1,3,1
c7c443855,1,3,1
257a99aa2,1,3,1
94afcd90c,1,3,1
1f34d9c73,1,3,1
26edfaa28,1,3,1
2d7a45689,1,3,1
8f117f08e,1,3,1
c1da8c2de,1,2,1
356a9cf88,1,1,1
d277a0abd,1,3,1
3a4ce4c6e,1,1,1
62d822791,1,2,1
a9294a9ea,1,3,1
986e26eeb,1,3,1
6aaf058b6,1,3,1
a97a679b0,1,3,1
f7bf646ee,1,3,1
849ce39d4,1,3,1
d9f512b8b,1,3,1
fb9833d4b,1,3,1
a4c99a552,1,1,1
652787a1f,1,3,1
c29a364bc,1,3,1
6cc070892,1,3,1
6e61a7b46,1,3,1
fc0952bea,1,1,1
dbfc5a778,1,3,1
ed40421f9,1,1,1
e77dccf0d,1,3,1
06666dc09,1,3,1
31353ed83,1,2,1
d605fa35d,1,2,1
48317c9e5,1,3,1
80bee180a,1,2,1
e5155cda1,1,3,1
cde0d8e8e,1,3,1
6b7f2c603,1,3,1
5548fa6f4,1,3,1
a76937df3,1,3,1
6d945f8ec,1,3,1
095314294,1,3,1
49a867af7,1,3,1
1712ba40e,1,2,1
610ece7bd,1,3,1
8991aff61,1,3,1
89a5e9a9d,1,3,1
9da5c9d23,1,1,1
04c9a643d,1,3,1
9fb0aedb7,1,2,1
30aa1059a,1,3,1
f0a1f2b90,1,2,1
3eb8ef7b3,1,3,1
388bb6170,1,3,1
ef7bdaf3a,1,3,1
f3152276a,1,3,1
f1775b51b,1,3,1
2a2b95086,1,1,1
67db5accd,1,1,1
c001473a1,1,3,1
1b8fee68d,1,3,1
4910ac042,1,3,1
92b6acf73,1,3,1
7e3607e1f,1,1,1
81734dbc4,1,1,1
767907867,1,2,1
0fa6ba30b,1,3,1
5893f7a9e,1,3,1
64a0deeb0,1,3,1
e16bb6356,1,1,1
3dc98128b,1,1,1
8a302ccba,1,1,1
a0f76e19b,1,3,1
e488a36cf,1,2,1
2d5eababe,1,1,1
edb154f1c,1,3,1
9882871d9,1,3,1
8ea9f1228,1,3,1
1df948d0e,1,3,1
c37419ab7,1,3,1
5c3d3fb3d,1,2,1
0dff88b6f,1,3,1
6f18704f7,1,3,1
093cce3a1,1,3,1
aa91c3400,1,3,1
e86af84c5,1,3,1
77a6f71e8,1,3,1
2885ade43,1,3,1
5d3289417,1,1,1
75b726ba0,1,3,1
3521fe7b3,1,3,1
27c0034f8,1,3,1
39ba962ef,1,1,1
31eb7b312,1,3,1
171113c99,1,3,1
acfbc9b71,1,2,1
fa3df8921,1,3,1
c491ec026,1,1,1
16504b328,1,3,1
f5819a31d,1,1,1
5dce619e3,1,3,1
d54759a77,1,2,1
2abfa66d6,1,2,1
e6ae12115,1,3,1
c99e3a906,1,3,1
46df0393a,1,1,1
00e50c7a7,1,3,1
44d722701,1,1,1
3ae326dba,1,3,1
4b148edd2,1,3,1
8f1ccbc6f,1,2,1
03aae5768,1,2,1
ceec02726,1,3,1
9e758c0b0,1,3,1
0308c9eda,1,3,1
7f771cce5,1,3,1
5aced80cd,1,3,1
b4d16b6f6,1,3,1
b2876d101,1,2,1
44f048354,1,3,1
dce0ccf91,1,1,1
ab2c124e7,1,3,1
225f72952,1,3,1
5110ff5f5,1,3,1
af93d5c2b,1,3,1
8e6223402,1,3,1
8de170932,1,1,1
44965fd2c,1,1,1
522d0728c,0,0,0
620ebd7ab,1,3,1
dd074b8ba,1,3,1
07c284733,1,1,1
5e10e3f87,1,1,1
4d34524f7,0,0,0
3cbe65e9a,1,3,1
e6ff63097,1,3,1
2cdc94986,1,3,1
060d1de98,1,3,1
33a9dff78,1,1,1
da9d78f91,1,1,1
70ffcfbcb,1,3,1
ce0412bad,1,1,1
a7560614d,1,2,1
e669e318d,1,2,1
2907a1335,1,1,1
aa686c375,1,2,1
2ddad75c0,1,3,1
7d25ac957,1,2,1
7413a61ae,1,3,1
e7da5a824,1,2,1
326c9c979,1,3,1
8f7433061,1,2,1
8421c66e6,1,3,1
074d26284,1,2,1
23b64fe21,1,3,1
1c128e02a,1,2,1
0aa2ce4a9,1,3,1
9725fc542,1,3,1
7f08520d7,1,3,1
656246ceb,1,1,1
7f352f8dc,1,3,1
94e9e97c4,1,3,1
15956c89f,1,2,1
a3a4e1dd7,1,3,1
dcd8e75d3,1,3,1
682fa5135,1,3,1
a2656874e,1,3,1
fef340804,1,3,1
a8d14470d,1,3,1
afa1e2afb,1,3,1
301a245e6,1,3,1
d16562746,1,3,1
d574448ee,1,3,1
0306e85dd,1,1,1
00f997463,1,3,1
9242ba394,1,1,1
3ff737b0e,1,3,1
fc2925be3,1,3,1
ecf521843,1,3,1
736b228b9,1,3,1
375a0eb3c,1,3,1
50811e391,1,3,1
0a6362374,1,1,1
ca659fd81,1,2,1
ac8fa1b6c,1,1,1
82f95b703,1,1,1
780dff088,1,1,1
352ba3335,1,3,1
b7e8df1a9,1,3,1
e3e66cb5a,1,3,1
40156a896,1,3,1
76a045292,1,3,1
0c5d5968b,1,3,1
6480e3454,1,3,1
493215800,1,3,1
1c2168ffe,1,1,1
fbcf2baea,1,1,1
9951c57fc,1,1,1
8d970238d,1,3,1
95cdbaecc,1,3,1
d0e5d766c,1,1,1
41e4cc1de,1,2,1
7811bdd84,1,1,1
cdf5760e8,1,3,1
2a556d826,1,2,1
2f2301bac,1,3,1
d2eda3337,1,2,1
57dcbe4c9,1,1,1
2b530d418,1,1,1
7c82670f8,1,3,1
9702a20bb,1,1,1
50bbe8e31,1,3,1
e67f7787d,0,0,0
8b5a5458e,1,2,1
c576fd55e,1,2,1
152880177,1,3,1
fabc9bfec,1,3,1
379d5e10d,1,1,1
2f85c03bb,1,3,1
eb5ce7ea2,1,3,1
65b05f438,1,3,1
ed08c717d,1,1,1
084e59fdc,1,2,1
4df0d1886,1,1,1
9a719040f,1,3,1
82216cb2a,1,2,1
318c35c04,1,1,1
881aefbb9,1,3,1
126cfd595,1,3,1
c6e25d716,1,3,1
80599c4f4,1,3,1
069064d1d,1,3,1
991c722c1,1,3,1
ddc2e31c0,1,3,1
d9c6517ae,1,3,1
3b2a0338e,1,1,1
84efe95e8,1,3,1
435f8cb3d,0,0,0
75ca78a5a,1,3,1
2e9ee4be9,1,3,1
8d047d078,1,1,1
2f0abd493,1,3,1
ea0d7522c,1,3,1
3eaa698d3,1,3,1
9cf90beff,1,3,1
597a7afc2,1,3,1
78a1d23c2,1,3,1
c930b139a,1,2,1
42d06aa80,1,3,1
4eae8cc31,1,3,1
65a8f7628,1,3,1
9c777bb01,1,3,1
66a287bdf,1,3,1
1b7d01262,1,3,1
5510ac89a,1,3,1
eff6d721e,1,3,1
5f72e457d,1,2,1
ed1ea1e74,1,3,1
fc0b0843c,1,3,1
e1d86f0b6,1,3,1
7ec0f1e9e,1,3,1
41ee5af3c,1,1,1
703105908,1,3,1
062f73a4b,1,1,1
da2cbec0f,1,2,1
0ea0beb3c,1,2,1
106f7b51d,1,3,1
87a3ef269,1,2,1
bd4404a60,1,2,1
6a5ba2ea7,1,3,1
c7cfbc8e9,1,3,1
31653bea0,1,1,1
14cbb81c8,1,3,1
4a1274da0,1,3,1
efd805ea9,1,1,1
747125bc9,1,3,1
97b2b9935,1,3,1
7b13bde34,1,3,1
5a181c011,1,2,1
6e9e903c6,1,1,1
843d24f0a,1,3,1
53b996932,1,3,1
80c134db8,1,3,1
9fdb3a2a2,1,3,1
979d48d7b,1,3,1
8abb96298,1,3,1
40c204453,1,3,1
66bd449fc,1,3,1
23463f8a8,1,3,1
52d0469f8,1,3,1
1eb7eb47a,1,2,1
4c5db9ed6,1,3,1
95b0b4cd9,1,3,1
262c36889,1,3,1
822b31b85,1,1,1
afd3ded05,1,3,1
147d6fab7,1,3,1
84b297843,1,1,1
26e7f93e8,1,3,1
97b9d93d4,1,1,1
e8261c38c,1,3,1
ea3aa721e,1,3,1
90a7474ec,1,3,1
1a030d758,1,3,1
6a056486e,1,2,1
a366ce2a5,1,3,1
92d0ff357,1,3,1
263598073,1,2,1
dff412d60,1,3,1
323803a9b,1,3,1
7fd44f9f3,1,3,1
481a37c0f,1,3,1
404eb3b06,1,2,1
5dff45cff,1,3,1
77322d6cb,1,3,1
d1052eb2d,1,3,1
bbab88df0,1,1,1
b39f3f7ad,1,2,1
694653d6a,1,3,1
cc22a5abf,1,3,1
8c10b6035,1,3,1
29f5cedc0,1,3,1
d7fd0a30a,1,3,1
8fe11eb90,1,3,1
9868c3935,1,3,1
db8a8df8a,1,1,1
33add94a0,1,3,1
4dc593f4e,1,1,1
420bdee9f,1,1,1
95636a0d9,1,3,1
bfcbca117,1,3,1
a8ba4dfa1,1,2,1
79e0ef004,1,2,1
f29dc8be2,1,1,1
470fba174,1,3,1
56f62a309,1,3,1
9ca5f1891,1,3,1
adc5ada07,1,2,1
82b43d9cd,1,3,1
769579681,1,3,1
77c076881,1,1,1
181823d5f,1,3,1
b3c2305b0,1,3,1
7da9d50b1,1,2,1
00af25fc0,1,3,1
804c6c78d,1,1,1
a8b358af2,1,1,1
8e68a9075,1,3,1
79a6cc443,1,3,1
99a9c9a23,1,1,1
27c5bfcf1,1,3,1
0f9fd5688,1,2,1
c7bb75711,1,1,1
269192694,1,3,1
abafdc972,1,1,1
c8cf205ee,1,3,1
f67786a70,0,0,0
76fefc6ab,1,1,1
51d637766,1,2,1
ec7eecc57,1,3,1
5f9a836f8,1,2,1
efd269df8,1,1,1
39ef18e70,1,2,1
403cf8d32,1,3,1
ed89380a6,1,3,1
73b5c37dd,1,1,1
e507f855b,1,3,1
8f214e361,1,3,1
f037aaccb,1,2,1
6f7b3566f,1,2,1
4748cdef4,1,3,1
df72d8a20,1,3,1
244144067,1,3,1
0493336f7,1,1,1
9e6116358,1,3,1
fd8f64c6d,1,3,1
d1fa13f8d,1,2,1
045d9a498,1,2,1
486f89692,1,2,1
c18106b39,1,3,1
afc71f432,1,3,1
6c5b67698,1,3,1
59e7b5f52,1,3,1
5182392d9,1,1,1
26f026215,0,0,0
72418da1c,0,0,0
6fe7448a5,1,1,1
762a1ef1a,1,1,1
b4446dca3,1,3,1
19cf5ba9d,1,3,1
0e686a63a,1,3,1
e3fa5b2be,1,1,1
6dd12152a,1,3,1
8940dfe55,1,3,1
82905a82e,1,3,1
0d2394669,1,3,1
1716cd645,1,3,1
58d54417f,1,1,1
4d101a0c3,1,3,1
387701d9d,1,3,1
c2016fa08,1,3,1
ee57c8d53,1,3,1
d5c68b3bf,1,3,1
97094f7ec,1,1,1
fb4814fb9,1,1,1
1a6729b6f,1,3,1
4fd97d6fe,1,1,1
632a3742c,1,1,1
015fdb354,1,3,1
c476bb94d,1,3,1
07b2a1416,1,2,1
51398fac1,1,3,1
36a9087d7,1,1,1
fe250bce9,1,3,1
aca81d4a7,1,3,1
96792a909,1,3,1
e62c62127,1,3,1
d33f898e4,0,0,0
4e0d70679,1,3,1
d8727d356,1,2,1
d99c980a9,1,2,1
8aec4488c,1,3,1
c6d378000,1,3,1
345b95213,1,2,1
814740bc3,1,1,1
6bbcc7ea5,1,3,1
befa8a395,1,3,1
a399a151d,1,3,1
b663aafeb,1,2,1
2267e1584,1,3,1
23367e78c,1,3,1
1b8ef81e3,1,3,1
e3e5ffe13,1,1,1
a8d9108c4,1,2,1
7a1d75edd,1,1,1
0659c05d5,1,3,1
1067bd14b,1,2,1
05bb80312,1,1,1
fe6bd5d82,1,2,1
0cde9b460,1,2,1
bcfd80e17,1,1,1
c9dcd3fb3,1,2,1
4c674cc1f,1,3,1
5353b2283,1,3,1
da5d1c5ba,1,3,1
c36860383,1,3,1
7a2ea6461,1,3,1
2023404f9,1,3,1
b599b3fb2,1,2,1
e29fd3f0a,1,3,1
ff361d3b6,1,3,1
786486296,1,1,1
d09a7dda3,1,3,1
14a1d0eb4,1,3,1
3a5b2eb43,1,3,1
42dd3f3ff,1,3,1
1027c621c,1,3,1
b6650d183,1,2,1
513062327,1,2,1
91306f563,1,3,1
b3f83cef6,1,3,1
db5d27601,1,2,1
11c88e3be,1,3,1
bdcd82280,1,3,1
02a8e44b1,1,3,1
1d8d037a2,1,3,1
b8aa48ca7,1,1,1
48899f983,1,3,1
22e507b33,1,1,1
07128a0d8,1,3,1
cd091f4cf,1,3,1
45904d2be,1,3,1
fc50c89d3,1,3,1
f247a5242,1,3,1
c1ca516d7,1,3,1
a86f09670,1,3,1
c82b8b2c4,1,2,1
7803e9e5d,1,3,1
d63d5fe8b,1,3,1
63afbf2f2,1,3,1
89c980093,1,1,1
aecff5a85,1,1,1
699365a99,1,1,1
48d1bb550,1,1,1
b9bf3b7ed,1,1,1
3c9dc7370,1,3,1
701c7e67e,1,1,1
e90e0ffae,1,3,1
411bb17a0,1,2,1
eb1286b1c,1,3,1
53eda13e6,1,3,1
ac7609b80,1,3,1
303696f08,1,3,1
2ef8bed36,1,1,1
cde5f25db,1,3,1
98bb9d9dc,1,1,1
daed4ac40,1,3,1
d6b7b63de,1,3,1
cb9aa1b3a,1,3,1
73d59a848,1,1,1
5c9de0c0a,1,1,1
964b2fec4,1,3,1
8fd0bd843,1,3,1
9e3239219,1,2,1
796781fbb,1,1,1
d3ebee32b,1,3,1
33dda6165,1,3,1
d3bafdff5,1,3,1
c11ca8051,1,1,1
b412a3f6a,1,3,1
c790696c7,1,1,1
af39d67a5,1,3,1
34edfc9d5,1,1,1
6f41847b5,0,0,0
45271caa8,1,2,1
98da79d01,1,2,1
c673e7ed0,1,1,1
b7e584546,1,1,1
4a78a1859,1,3,1
583d4b36c,1,1,1
d806d8c60,0,0,0
1c60a65e8,1,2,1
2fdd78c55,1,3,1
05aaee8ce,1,3,1
cc6ce44c8,1,3,1
1f3e595eb,1,1,1
92fa4a896,1,3,1
4b8b0a817,1,2,1
439aafc10,1,3,1
bb32a589b,1,1,1
330f0e19a,1,3,1
036e015d2,1,3,1
9b5df2f3d,1,2,1
73d65de2d,1,3,1
cd870fb18,1,2,1
2b666036a,1,3,1
98b66836d,1,3,1
aa1add776,1,3,1
fbdf8c03a,1,3,1
e4aa86e0a,1,2,1
fd059b5b6,1,3,1
ee10dbace,1,1,1
2cf4d18e3,1,2,1
db745332f,1,2,1
1e4b7018a,1,3,1
246c3850a,1,1,1
fa4314902,1,1,1
eada14618,1,1,1
49310cec4,1,3,1
2dd6e4186,1,3,1
de591574b,1,3,1
b4fb9949b,1,3,1
c54ab239f,0,0,0
901ff85c1,1,2,1
cbeb9fc1d,1,3,1
10c24c385,1,3,1
004709939,1,3,1
a032cd2e1,1,3,1
b8e6cb9b1,1,2,1
bfdd20655,1,2,1
4b90d8806,1,2,1
31a77d7ba,1,3,1
df9a4b31f,1,3,1
a7baf1366,1,2,1
d8e376a50,1,3,1
181d40c5e,1,3,1
33f056cc7,1,2,1
0e30e8240,1,1,1
d36f47834,0,0,0
886debfe8,1,3,1
6029e0ed0,1,2,1
4dfd61242,1,3,1
2599e55c5,1,2,1
ca40312db,1,3,1
f8d16f3ef,1,1,1
963520a2c,1,3,1
dfc8a8e9c,1,3,1
2c5b817a7,1,3,1
26d17afbd,1,1,1
86ff8539d,1,3,1
45c871da9,1,2,1
0ed23a049,1,3,1
02126e289,1,3,1
9b74f88cf,1,3,1
b5a07b1cf,1,3,1
7b8ea11de,1,1,1
73e86b2fe,1,2,1
8f2c9671d,1,2,1
012a1a396,1,3,1
2986194f1,1,2,1
af7125abe,1,1,1
a09a76aba,1,3,1
aee1ad5e4,1,3,1
e97e4eb52,1,1,1
b7d4318d8,1,3,1
a6c836abe,1,3,1
bdab91b8c,1,3,1
da1899776,1,3,1
be467e42b,1,3,1
d64f2a210,1,3,1
bc9168a46,1,3,1
01e93552a,1,2,1
4a2544358,1,2,1
a5f576bb1,1,3,1
1aa39ed52,1,1,1
393365063,1,3,1
74a9b9a9e,1,1,1
d1a2da8ef,1,3,1
f94d8a2ba,1,2,1
ddbb99929,1,3,1
c1548b685,1,3,1
092b32197,1,1,1
167a6dcf3,1,1,1
356f1ecfb,1,3,1
4b5532afb,1,2,1
ee9c2fd46,1,3,1
b40ce1b96,1,3,1
3c0c76a42,1,1,1
b7b07aaec,1,3,1
db23b96cb,1,3,1
3d663ffeb,1,3,1
55c563104,1,2,1
d3692d2b2,1,2,1
2083834e2,1,3,1
6d089036f,1,3,1
1e1727250,1,3,1
51196cf13,1,3,1
bfc46890f,1,3,1
db9ff390f,1,2,1
56ec0a2ef,1,3,1
2d19917cb,1,1,1
63337324b,1,2,1
b49d7a9db,1,3,1
3d9bb7253,1,1,1
6cd340cfd,1,2,1
c16df543f,1,3,1
d653ae654,1,3,1
3bb5061e6,1,1,1
a4cec9f83,1,1,1
690de80b5,1,2,1
a823f714b,1,2,1
28060651e,1,1,1
570fdcc4d,1,1,1
b4f69489c,1,3,1
8837fcacc,1,3,1
940048b47,1,3,1
165e76ebb,1,3,1
bbd704c14,1,3,1
521320b95,1,3,1
87ef4d3ca,1,1,1
c9364a529,1,3,1
10f4c8d8c,1,3,1
28c3c4264,1,3,1
930dcdef6,1,3,1
7cdd625cc,1,3,1
94aec9453,1,2,1
7a6ef9da1,1,1,1
66125940b,1,2,1
6975353f1,1,1,1
6f0cbc167,1,1,1
fcc2ea490,1,3,1
5925cf3fa,1,3,1
8d3b5e6e9,1,3,1
3b0238af8,1,3,1
e9e9c9efe,1,3,1
53b442005,1,2,1
919ebd16f,1,2,1
578b82f50,1,2,1
a8c555240,1,3,1
edd64fac1,1,1,1
a031e3771,1,2,1
2bf4445c7,1,1,1
996b92780,1,3,1
cfa2afea2,1,3,1
6f1e6e8ed,1,3,1
35c9855f5,1,3,1
1e34e1ebe,1,1,1
a630f3a73,1,2,1
45afc38e4,1,3,1
cfd0757cf,1,1,1
a54202bba,1,3,1
bfa6682ae,1,3,1
e9fa49f8a,1,1,1
a19707195,1,3,1
967ee6c2e,1,1,1
b532e9588,1,1,1
29eda0717,1,3,1
91054dc16,1,1,1
f75724b44,1,3,1
2b3387bd7,1,3,1
1f9a15807,1,3,1
584ba2890,1,2,1
0ac3e7992,1,3,1
d83749129,1,1,1
0864eb66d,1,1,1
f293ae915,1,3,1
24357b578,1,3,1
8ae60c34e,1,3,1
8c2d37546,1,3,1
4f75e3aa2,1,3,1
2c983fe89,1,3,1
01d981c81,1,3,1
1c4d6faac,1,3,1
d6fd7962e,1,3,1
e554a9066,1,2,1
1ddc14ad6,1,3,1
3101d2bba,1,1,1
30610dfe8,1,2,1
01c6d3224,1,3,1
aeb15ed5b,1,1,1
8cae4a15b,1,2,1
e7d595174,1,2,1
9f07e684f,1,3,1
1736706f9,1,3,1
dd8f63c0b,1,3,1
ac1b33d79,1,3,1
298ae7ea4,1,1,1
f792e0ff5,1,3,1
be5f7a129,1,2,1
f3778f601,1,3,1
d0e2d8d15,1,1,1
e3749ff79,1,3,1
9beedceb9,1,3,1
555e742f9,1,3,1
eb81b0503,1,3,1
ab4ab38d7,1,3,1
05492e461,1,3,1
bef49a74b,1,3,1
d08d2829f,1,3,1
39366118c,1,2,1
98fbd3b39,1,3,1
c272d9284,1,3,1
5792107ef,1,1,1
719917454,1,3,1
dac37d01d,1,3,1
9e6d5d0df,1,3,1
742dcad55,1,3,1
f0ac9ee6f,1,3,1
df0a5e6c5,1,3,1
abea0e83e,1,3,1
b072dab16,1,1,1
b6004bb5d,1,3,1
d3975e1bd,1,2,1
4a66f74ff,1,3,1
ac1629362,1,3,1
9945962c3,1,3,1
355048bb7,1,1,1
b62a100d6,1,3,1
7fb5c3b87,1,1,1
ce26d6864,1,3,1
ddc94666d,1,3,1
7a875ef01,1,3,1
3d8a35224,1,3,1
b9da26f0f,1,1,1
a6e1f4504,1,2,1
f124ecf25,1,1,1
b1f31ab87,1,2,1
70f6637c1,1,3,1
d584d51b2,1,3,1
548093fa9,1,1,1
3b92f9684,1,1,1
162e703e6,1,2,1
9120f2894,1,3,1
8f7a44198,1,1,1
cdcd32165,1,3,1
02c39fd73,1,2,1
04eda1e46,1,1,1
989e61978,1,3,1
af3d7c201,1,2,1
9b2316d19,1,2,1
ce6afb606,1,1,1
2b7222d13,0,0,0
44594e996,1,3,1
764837930,1,3,1
3fe9fc6d9,1,3,1
1055034eb,1,1,1
c12ee8ef0,1,3,1
8a811328d,1,1,1
fb2dc3fb7,1,3,1
539177546,1,3,1
46ed43d61,1,2,1
062e2772c,1,2,1
021cb10fb,1,1,1
c6942a43f,1,2,1
0c0214da4,1,1,1
c14a3ac57,1,3,1
3d3f0380a,1,1,1
977104c05,1,3,1
eb350f2bc,1,1,1
b95928aef,1,2,1
929528b36,1,3,1
ffd697903,1,2,1
44da8c2a0,1,1,1
28ef05fe6,1,2,1
785413d29,1,3,1
bdc7db9b6,1,3,1
82d9cd76e,1,3,1
756308d39,1,1,1
bddc0b2c7,1,3,1
387a2639c,1,1,1
2e9e910d4,1,3,1
65266fe36,1,3,1
e00282d72,1,1,1
8b3afe216,1,2,1
d21cfa860,1,3,1
e4b90955c,1,3,1
150bf58e2,1,3,1
6464f2352,1,1,1
fab1170a2,1,3,1
a2fecc9a4,1,3,1
172433b2f,1,1,1
4daad230c,1,3,1
d2f04a19a,1,2,1
a1999eced,1,3,1
e46744bb9,1,3,1
b74c47541,1,3,1
c9cab5e67,1,3,1
6917782f7,1,3,1
b1d0eba1b,1,3,1
1e39a9ea7,1,3,1
69a1b02f6,1,3,1
c62a2a817,1,3,1
c82e4964c,1,3,1
b854220cb,1,3,1
e282d2bdf,1,3,1
fbf954ea2,1,3,1
ec496eb44,1,3,1
9fb186834,1,1,1
7e6d7cbb3,1,1,1
6e06e37bc,1,2,1
aa156faf0,1,1,1
29fd25bc8,1,3,1
fde58f7fa,1,3,1
351d29156,1,2,1
741524a39,1,3,1
2e111f82d,1,2,1
b9d28a286,1,1,1
b7575471f,1,3,1
f7d121b3b,1,3,1
c1c16ac86,1,3,1
cdd815db9,1,3,1
9b3e95995,1,3,1
1635eac9a,1,3,1
14bf62107,0,0,0
802a18435,1,3,1
047c20d1a,1,3,1
831505752,1,3,1
9761c645f,1,3,1
8d4cc2bf9,1,3,1
36fd9e13d,1,3,1
7a87da606,1,3,1
67994352b,1,1,1
3c03a9912,1,3,1
c1aa4142d,1,2,1
b15103b97,1,3,1
df89a82ab,1,3,1
0cb450c62,1,1,1
f7b533990,1,3,1
b6f1e40a5,1,3,1
87e1b0c16,1,3,1
2204729ca,1,1,1
af6364af9,1,3,1
d20a375dd,1,3,1
e8dc8fa13,1,3,1
e333feca8,1,3,1
e653e3c51,1,3,1
a062234cb,1,1,1
fdbc1c567,1,1,1
caf56c307,1,3,1
3d751fe45,1,2,1
6aff78ff8,1,1,1
351d1e748,1,3,1
8f1b39562,1,3,1
e4460cb03,1,3,1
c8f4a2877,1,3,1
0753ad1cd,1,3,1
eb6c84ec0,1,3,1
5884b684d,1,3,1
0697d76d2,1,3,1
5452fea14,1,1,1
75a803430,1,3,1
33826a08a,1,3,1
ec0fd1a7e,1,2,1
17c5ded7d,1,3,1
330943a7e,1,2,1
c1ed602f2,1,3,1
a65b11deb,1,3,1
fc6976a96,1,3,1
c467f8702,1,3,1
ee0e059cb,1,3,1
06fb72c12,1,3,1
44bc5f67c,1,1,1
0256cac2b,1,1,1
239326fd2,1,1,1
6276a846c,1,3,1
d5d4b6f13,1,1,1
870e7158b,1,3,1
7f3f14a72,1,1,1
3983e7c06,1,1,1
f1e99433d,1,3,1
c8264b581,1,1,1
01c3c09df,1,3,1
102c931d8,0,0,0
6b446b436,1,3,1
7af4cab5e,1,3,1
6acd97990,1,1,1
e32c29f03,1,3,1
4eb9088a2,1,1,1
74ca92e79,1,3,1
8f1d6224d,1,3,1
08f40f232,1,3,1
52f439e65,1,3,1
b342437c5,1,2,1
90bfb8cb2,1,2,1
923a03e90,1,3,1
1f33216f7,1,1,1
ef4059fae,1,2,1
ef7c5813c,1,3,1
4e1033fe2,1,3,1
fd48a560c,1,3,1
210b8d077,1,2,1
91b088719,1,2,1
6ba094bf4,1,1,1
96462a567,1,3,1
71be09737,1,3,1
146aa46b3,1,3,1
dff390828,1,2,1
5f5d44f43,1,3,1
3c1370c6a,1,3,1
1930bcf64,1,1,1
b586e1ea4,1,3,1
f14c5a335,1,1,1
428fd4ef7,1,2,1
ef8d291b0,1,1,1
5597af31b,1,2,1
52ec30101,1,3,1
9ee7776db,1,3,1
756025f7c,1,3,1
14dcf6ec8,1,3,1
8db729086,1,3,1
ada465227,1,1,1
58bfbd845,1,3,1
b24b7d23e,1,3,1
109d21b69,1,3,1
b28bc9e65,1,3,1
863947277,1,3,1
2ac3ca459,1,1,1
a3740bea8,1,3,1
cc628c147,1,3,1
0c47e700c,1,3,1
76017363e,1,1,1
8de1c1ca1,1,3,1
c432261a7,1,3,1
df9cc49a1,1,3,1
07e6b5eae,1,3,1
6264e2ffa,1,3,1
9fd0556db,1,1,1
199da9e42,1,3,1
fc8c8d169,1,3,1
0ff50cbd5,1,3,1
21260b18f,1,3,1
8310e47df,1,3,1
269d8414a,1,3,1
b28633b1c,1,3,1
dd4f3b8a8,1,2,1
39816161d,1,3,1
ff4b9b3b4,1,3,1
90983a905,1,3,1
9d70a0499,1,1,1
4a2270c3e,1,3,1
1d4574c90,1,3,1
b8215b5e3,1,3,1
4836bf864,1,3,1
2a6d369bb,1,3,1
8bd82188f,1,3,1
a6e2258f0,1,3,1
10ba7efac,1,3,1
d76e9dedd,1,3,1
d1f80f7d1,1,1,1
d65b5a052,1,3,1
1d4adbcc2,1,1,1
23829dc63,1,3,1
7986a1870,1,3,1
9f8c97661,1,3,1
a9ec75efb,1,3,1
9b6b350c8,1,2,1
aa3ee9d0b,1,3,1
15538a661,1,3,1
6bb85e53d,1,3,1
7a1f83080,1,3,1
752c2658d,1,1,1
bbaa4a431,1,1,1
d6e52b75b,1,3,1
c80041cdf,1,3,1
10bbe5ea4,1,2,1
504134fd6,1,2,1
7af09e92f,1,1,1
91288ac35,1,2,1
ffb33c204,1,3,1
54ec12bf6,1,2,1
ded8d95c0,1,1,1
dc8caa6d2,0,0,0
9ca400496,1,2,1
f8b975c1f,1,3,1
311157c79,1,3,1
4c1adfa96,1,3,1
ad6992c20,1,3,1
1f2d73626,1,3,1
528115548,1,1,1
cb8cce181,1,2,1
c41283409,1,3,1
4c0de1708,1,2,1
f5de721c8,1,2,1
fe2cc3feb,1,3,1
31ac53fd2,1,3,1
24e800fa6,1,3,1
4501c8125,1,3,1
02cf14499,1,1,1
521e214ec,1,2,1
edd25890d,1,2,1
3d9b4bdc1,1,3,1
7dcd7351d,1,3,1
1976719f7,1,3,1
a1eb5f685,1,1,1
7a496733d,1,2,1
76495d7f4,1,3,1
89792afe0,1,3,1
62bf39bdf,1,2,1
e925bdf02,1,3,1
d87bad8d9,1,3,1
c7f20f68c,1,3,1
e2c1b469e,1,3,1
784ec5ba3,1,1,1
b560efa40,1,3,1
d2c9dd7d1,0,0,0
6668ff629,1,3,1
65de38d1d,1,1,1
117059fe3,1,3,1
ac813296c,1,3,1
7cd6556bc,1,1,1
e456bf863,1,3,1
7f432329f,1,3,1
65f311c09,1,2,1
8fd0d7864,1,3,1
6b10d4880,1,2,1
3d0b85658,1,3,1
67839e63d,1,3,1
77014fe37,1,3,1
467bd5bc8,1,3,1
8f1105e2a,1,3,1
3bb43df82,1,3,1
b47ab81c9,1,1,1
55247ed35,1,1,1
6220663ba,1,3,1
b5486d844,1,1,1
48a2123f4,1,1,1
d6ff1af86,1,1,1
27eedd440,1,3,1
24dbfaf39,1,3,1
d76134f00,1,2,1
48594b089,1,2,1
53f434ae8,1,3,1
e1a2d9477,1,3,1
708d4eb55,1,3,1
aba84d40f,1,3,1
40b64aa21,1,3,1
3daf36ca1,1,3,1
630fe24e7,1,3,1
558ca2c00,1,2,1
7321cbf99,1,3,1
5ad497d30,1,3,1
9deb1340f,1,1,1
77544cbd4,1,3,1
3dae967f1,1,3,1
76dae2b3e,0,0,0
fa8cdf62e,1,2,1
6a6e8e4eb,1,3,1
a90161422,1,2,1
9ba05432d,1,1,1
67af2d880,1,3,1
4e76c15d3,1,3,1
6f2ddae0d,1,3,1
1e45f7387,1,3,1
6fbfd7f45,1,3,1
662564431,1,3,1
abe27623b,1,1,1
73ec4c916,1,2,1
416cb5d6d,1,3,1
b26bf64a6,1,1,1
419d296e7,1,3,1
4dff83c9f,1,3,1
196b39897,1,1,1
b0f2a1939,1,3,1
16a371487,1,3,1
cf6000a98,1,3,1
7a7f8a828,1,3,1
07b2296d7,0,0,0
8cee52ff2,1,2,1
8cdad4b1c,1,3,1
0cbe33a44,1,2,1
91c4cb54d,1,3,1
2a6bb49f5,1,2,1
d08efa704,1,1,1
c70867d90,1,3,1
f11772123,1,3,1
eec3cbd6e,1,2,1
ee8bf2efb,1,1,1
44a541574,1,2,1
8bf424910,1,2,1
ce27c0f68,1,3,1
f1da458ce,1,3,1
f135e422d,1,3,1
09ef02857,1,3,1
847a8b31d,1,1,1
6c44c99ef,1,3,1
fc229a9d7,1,2,1
802290aa5,1,1,1
3f10302c7,1,2,1
9160fdb5f,1,1,1
59097271b,1,3,1
65dc47112,1,2,1
8132fabfd,1,3,1
7a72ba3d7,1,1,1
0244298a9,1,3,1
2dc54e9fd,1,3,1
787a8c11d,1,3,1
35d9045fb,1,2,1
b748dc1da,1,2,1
8cc02d983,1,3,1
01928bd13,1,3,1
618bb4def,1,3,1
3a8f24615,1,1,1
bbdcd94a9,1,1,1
848b83b62,1,3,1
d9b63ae80,1,2,1
e239373ff,1,2,1
3517189ab,1,3,1
934546487,1,2,1
b73c5a1b7,1,2,1
7193a5332,1,2,1
81670cf7e,1,3,1
055825f1c,1,3,1
a37a24a58,1,3,1
a12589a09,1,1,1
d41773368,1,3,1
8e343f4df,1,3,1
3c43b7541,1,1,1
2e400a579,1,2,1
c1f16a59a,1,2,1
f35683806,1,3,1
8b1151deb,1,2,1
3e9a56447,1,3,1
dc9557824,1,1,1
4ad9ea6f0,1,2,1
1d5a59ca9,1,3,1
113bc00e8,1,3,1
2ece6b26b,1,3,1
0c200f7a6,1,3,1
967fa3210,1,3,1
9bfddbc4c,1,3,1
416d8761e,1,3,1
db4995bf8,1,2,1
c0d97f130,1,1,1
7b67f6ed6,1,3,1
e67cffa8b,1,3,1
525947b88,1,1,1
a0f3a1cb4,1,3,1
86219b4fe,1,3,1
d4af5cffc,1,2,1
8a45e38c9,1,1,1
62817491e,1,3,1
e77f9e778,1,3,1
a6396a580,1,2,1
a40a8c0ce,1,3,1
a73915bd2,1,3,1
bc7eb8b16,1,1,1
40ea976de,1,3,1
d52c77d14,1,2,1
eb5eb875a,1,3,1
39bff85f9,1,2,1
f4c9a0b24,1,1,1
16d7f208a,1,3,1
a6a0b1762,1,3,1
3ea49aa4f,1,3,1
f51f68a13,1,3,1
a7d65135d,1,1,1
aa88c3b97,1,1,1
adfa73768,1,2,1
b2f21fe63,1,3,1
93bffe78b,1,3,1
5accbdfad,1,3,1
6c7db281b,1,2,1
e736f4022,1,3,1
adb97bde0,1,3,1
ac6adc2e4,1,3,1
4f6029457,1,3,1
67c74483f,1,2,1
1314e3f92,1,3,1
1ada8871e,1,3,1
59903171d,1,2,1
3bedb1ef9,1,3,1
53db5839b,1,3,1
a839e26eb,1,1,1
bf1762a3a,1,3,1
ccf24ab8f,1,3,1
ddafef3c4,1,3,1
f0788c412,1,2,1
094ba0325,1,3,1
cf77fed94,1,3,1
bce2ed853,1,3,1
4cc67e8b3,1,3,1
e79487c5d,1,3,1
38470b3c1,1,3,1
bc22c806a,1,3,1
096c37d99,1,3,1
51cdc726a,1,2,1
e9ac456b3,1,1,1
bb78d1aa5,1,1,1
d55faa0ff,1,3,1
329058ec1,1,1,1
bb2c896c5,1,3,1
03c1e47b4,1,3,1
e6821c448,1,3,1
54cccb3cb,1,1,1
354e9fc50,1,1,1
17fb33fc8,1,1,1
823d5bd7e,1,3,1
4b7f7fcca,1,2,1
4c4ba8c4e,1,2,1
011350faf,1,1,1
c554f052c,1,1,1
a30ec0916,1,1,1
1f7363767,1,1,1
a6c985a00,1,3,1
6230b6c50,1,3,1
2aac3e0ac,1,3,1
7998c5869,1,3,1
1a61a5963,1,3,1
a3e85821d,1,3,1
9e058e06f,1,1,1
e88f72461,1,3,1
7b6629627,0,0,0
6d11e6213,1,2,1
0dd5c500a,1,3,1
cba8264f9,1,2,1
ecd574ddb,1,3,1
bb2a14bd0,1,2,1
e58bebf13,1,3,1
45fd43894,1,3,1
a1543decd,1,3,1
0f27a7baa,1,3,1
15600cfea,1,3,1
6a393b32a,1,2,1
36f07fbe0,1,3,1
836b6e6f3,1,2,1
3863ab300,1,1,1
50682d0f1,1,1,1
840bad15b,1,3,1
b0ad07cfc,1,3,1
af9325798,1,3,1
0632ba05a,1,3,1
c7726d2a4,1,2,1
50af1151a,1,3,1
7b2336880,1,3,1
a7d9451a5,1,3,1
cff311279,1,1,1
51b7034e6,1,2,1
20854e428,1,3,1
e9292cee2,1,3,1
fa87afa7d,1,2,1
6e60043fe,1,2,1
792e8c192,1,2,1
a3d8c3aaa,1,3,1
e3ae90795,1,3,1
7117c4553,1,2,1
87f75c842,1,3,1
86aeb2732,1,3,1
799a41eba,1,3,1
f21f48009,1,3,1
27b272e59,1,3,1
777f82721,1,3,1
7115607a0,1,2,1
fde52ef8f,1,3,1
0c28877b7,1,3,1
b67a29908,1,3,1
e362e64bb,1,3,1
ec30a3b11,1,3,1
81b753aaa,1,1,1
97b469d4b,1,3,1
527071e27,1,3,1
147bd18e0,1,3,1
a1686cafa,0,0,0
fcb565f06,1,3,1
89446d475,1,3,1
c59d7c9f3,1,3,1
f98e4f7b6,1,3,1
b4bf9e247,1,2,1
eda903960,1,3,1
115d6458f,1,3,1
ec4ed9fe6,1,1,1
9b52894bc,1,3,1
28af5e0d3,1,3,1
6ca8ebdbd,1,2,1
9c178d0f4,1,3,1
201ea7802,1,2,1
369d96f21,1,3,1
e73b8f98b,1,3,1
207c30391,1,3,1
461185d51,1,3,1
9726ab93e,1,3,1
843738a2a,1,1,1
a9495309b,1,3,1
ae5f13659,1,1,1
1bf4a2ca7,1,3,1
27a776558,1,3,1
11f773e2f,1,1,1
fd740c8dc,1,3,1
72bfc767c,1,2,1
bde40e198,1,2,1
954243934,1,1,1
703374c74,1,3,1
2ac180e16,0,0,0
9b2aaf395,1,2,1
527b6112b,1,3,1
206dbf18e,1,3,1
4a874872c,0,0,0
e276617a4,1,3,1
358f7abba,1,3,1
bfaca902b,1,3,1
581100fe5,1,3,1
a9c968c38,1,1,1
bab19cc57,1,1,1
409740892,1,2,1
9430042a3,1,2,1
ab67afee5,1,1,1
90489eccb,1,1,1
d3a6a081b,1,3,1
8facdc86a,1,3,1
3d6f14681,1,2,1
45d384cb1,1,2,1
cb8193d43,1,3,1
1b6f92bc2,1,3,1
bd2dc39e7,1,2,1
388cd5b9c,1,3,1
447be811f,1,1,1
88df1460d,0,0,0
8d25867cb,1,2,1
5eb355cea,1,3,1
38360bf6b,0,0,0
ed7cde89e,1,1,1
1c723cf91,1,1,1
73c4d95a2,1,3,1
8685a0b1c,1,1,1
a7402f657,1,3,1
5a17ff971,1,3,1
17be61e34,1,3,1
6edf4f4fb,1,3,1
49bf3272d,1,1,1
a4e56218b,1,3,1
ece82128e,1,3,1
d8b0d6ad9,1,3,1
75a286d8a,1,3,1
3859838cf,1,3,1
74084fa99,1,3,1
b04a0dd9e,1,3,1
410490c8d,1,3,1
081f88f27,1,1,1
a69ee8f61,1,1,1
a40116bf1,1,2,1
1e5aeb31d,1,2,1
295b1eef3,1,1,1
94dac1ddf,1,3,1
252b8d395,1,1,1
85078bc71,1,2,1
5346481de,1,2,1
0d25fb291,1,3,1
34090e9d6,1,3,1
e1c66420e,1,3,1
b833f9624,1,3,1
e5aa922d9,1,2,1
e6292a7b6,1,3,1
cbc7dc778,1,3,1
6c34a5944,1,2,1
6a6756c71,1,3,1
b5295b0e2,1,3,1
91b580948,1,1,1
9f07e2b51,1,3,1
2f05bd40c,1,3,1
c0de58288,1,3,1
239844635,1,1,1
c88eebfdd,1,3,1
b89a89c58,1,1,1
c1a9d98fb,1,3,1
0719de933,1,3,1
6ec9364a7,1,2,1
2d758a13b,1,3,1
cf574d89c,1,3,1
e63a7dd84,1,1,1
98c1efd96,1,3,1
33a8b9601,1,1,1
c69ce3b59,1,2,1
092c46fdd,1,3,1
d5262ce2b,1,3,1
d58ebf3bb,1,1,1
dcdb6907c,1,3,1
279ca5034,1,1,1
14bbc5876,1,3,1
122092781,1,3,1
96b39751e,1,3,1
cf0e2e817,1,2,1
bd05c2f75,1,3,1
813bf169b,1,3,1
b677eae2a,1,3,1
9099eb9ee,1,1,1
e5e06c8dd,1,3,1
113920513,1,1,1
1c0aa9866,1,3,1
0bf9dfa21,1,3,1
4f60e910d,1,3,1
e44bb666d,0,0,0
d7976886b,1,3,1
1d1f2ed1b,1,3,1
2f4eb5847,1,2,1
5781e566b,1,1,1
7e3d0e3f0,1,3,1
a963a6979,1,3,1
97a020fe8,1,3,1
081c2daa0,1,3,1
6878a6fe0,1,2,1
b34a57b41,1,3,1
d560b8003,1,1,1
8b6690d89,1,3,1
02f31f1ba,1,3,1
3cdbf07be,1,3,1
3ea3cf8d4,1,1,1
5f68fcd05,1,3,1
1c7d56a42,1,3,1
acf289a37,1,2,1
863738ca1,1,1,1
32afa462f,1,3,1
b7910b841,1,3,1
e9e82ad8f,1,2,1
39b3fe88f,1,3,1
d672df50c,1,3,1
25fb57849,1,3,1
77e679018,1,3,1
b7656e70f,1,2,1
b23e29c89,1,3,1
b66715e26,1,2,1
f775ef952,1,1,1
502d58dea,1,3,1
a0c15424b,1,3,1
1f72d4b56,1,3,1
d965d6f3a,1,2,1
d8a48180b,1,3,1
489466e53,1,2,1
625543b75,1,3,1
cbefe3979,1,3,1
7b36167be,1,3,1
4f735cd71,1,3,1
0b807a7dd,1,1,1
29a08292f,1,3,1
795a443ea,1,3,1
a2b2abe02,1,3,1
919820452,1,3,1
79186dded,1,1,1
d7fac1aa9,1,1,1
2e9a53eb0,1,2,1
abd7dcf2c,1,3,1
ddc3af1ee,1,3,1
e63e3eba8,1,3,1
ebef2903c,1,3,1
64c2d97a4,1,2,1
bf9fe33d0,1,2,1
4b8ab594e,1,2,1
f64813f9e,1,3,1
e6c3faeed,1,1,1
8d05a7ab1,1,3,1
e2f718e94,1,1,1
1b5e18242,1,1,1
56d6e2c8b,1,2,1
b93a2c373,1,3,1
7a7835503,1,3,1
d596aea32,1,2,1
9feae89ad,1,3,1
f3f8bb113,1,1,1
30bfebc76,1,3,1
1f467ba22,1,3,1
810ae61da,1,3,1
f98d0ea9b,1,3,1
ea2542b58,1,2,1
4d8bf7feb,1,3,1
10554e146,1,1,1
f600bc8d1,1,3,1
f5ebfd099,1,2,1
96b8b56b4,1,3,1
ea2ad17c5,1,3,1
f5e496f46,1,3,1
c4ab38782,1,1,1
d4e96e3ce,1,2,1
de08c8d31,1,3,1
fb9b44c0c,1,1,1
f20390dba,1,2,1
f61e89a28,1,1,1
a0c037929,1,1,1
487f74408,1,3,1
c1116d6c4,1,3,1
49fac4dc6,1,2,1
759e2e94e,1,2,1
98673487c,1,3,1
09d9212f5,1,3,1
277f93a50,1,3,1
6326e5387,1,1,1
19cd32fd6,1,3,1
d4c3abf4c,1,1,1
1368f0b22,1,2,1
ff8e7c016,1,3,1
4a7fe0b83,1,3,1
839aa5fd0,1,3,1
f72ec09ba,1,1,1
c960bb1bd,1,3,1
63647ce22,1,3,1
cadcd5ad8,1,3,1
6d24fab68,1,3,1
8b0310013,1,3,1
d8d014d03,1,3,1
43ff07bab,1,1,1
abd366564,0,0,0
095cba2c7,1,1,1
8760ee6e3,1,1,1
f40de2f6f,1,3,1
eff541eff,1,3,1
f895c20f3,1,2,1
77d7f8364,1,3,1
d2117fd10,1,1,1
5ab714faa,1,3,1
81896d22b,1,3,1
839733624,1,3,1
44867700c,1,2,1
0b4a33baa,1,1,1
f4cf82def,1,3,1
1b0c683e7,1,3,1
3711579ed,1,3,1
ae886e80d,1,2,1
251bace70,1,3,1
8c0273869,1,1,1
8f72b332c,1,3,1
cd565b4f7,1,3,1
ae3ff3cbc,1,3,1
c0b3f2081,1,2,1
5876df456,1,3,1
ab13611c9,1,2,1
071753413,1,2,1
5afa2e561,1,3,1
4464fa621,1,3,1
5e5038eb5,1,3,1
0c05a138b,1,3,1
7b79e52f0,1,2,1
a0fb13b2e,1,1,1
de1a20009,1,3,1
b3fb62c05,1,3,1
f8a2993e7,1,2,1
0e922caab,1,3,1
9d602bd84,1,3,1
9191da7b5,1,3,1
c59c51828,1,3,1
eb4dbddea,1,3,1
db27a0a42,1,1,1
f734bc3b5,1,2,1
0e8a11aaa,1,3,1
8b53dec4c,1,2,1
57b35b749,1,1,1
6518a598b,1,3,1
fc537bc7f,1,1,1
e27cb9ac7,1,3,1
552d8047c,1,1,1
3aa058da5,1,3,1
2786b8c37,1,2,1
5eec2fedc,1,3,1
a3d9bc3aa,1,3,1
b0c2a069c,1,2,1
d7c0647d0,1,1,1
0a1b56e66,1,3,1
c720ee024,1,3,1
3e42f0f7a,1,3,1
ccb658698,1,3,1
cea6df421,1,3,1
ecb6979fa,1,3,1
d18d572dd,1,3,1
105456da4,1,3,1
12c65f314,1,3,1
4771e1226,1,3,1
94aecc3fb,1,3,1
22230a3ea,1,1,1
6eee0e191,1,3,1
d973f1d5c,1,3,1
11bb6fca2,1,3,1
6da091c79,1,3,1
e9c78e9fb,1,1,1
4d0e2bebf,1,2,1
b1fb39ed5,1,2,1
2bfc5658b,1,3,1
763264fa2,1,3,1
29b04f54d,1,3,1
001b1507c,1,3,1
df1d3b1ec,1,1,1
a0be6d2a4,1,1,1
a65ec6d03,1,3,1
971817521,1,2,1
7b75b46ea,1,2,1
8a0a8eec0,1,3,1
9e5672e85,1,3,1
fc2ac0b04,1,1,1
5290a4428,1,3,1
ed8703dd2,1,3,1
8b01f5e06,1,2,1
0627105f6,1,2,1
d2b949618,1,3,1
c5574bf3d,1,3,1
3735485c1,1,2,1
f48b3cebb,1,3,1
c19fa21be,1,3,1
8d5678b98,1,1,1
9ed8dd7a7,1,1,1
ab4ef2577,1,3,1
df07fa1b0,1,3,1
d6d9a938f,1,1,1
804d08f42,1,3,1
1398adca0,1,3,1
26cd1c2ee,1,3,1
02d66a1be,1,1,1
33f89cb83,1,3,1
3f675b345,1,3,1
230f695a9,1,3,1
4470adc62,1,1,1
f824e33a8,1,3,1
f54d6a569,1,3,1
f89f0e01d,1,3,1
401fcc4c5,1,3,1
773243cf2,1,3,1
8ecb9aab0,1,3,1
08037d4bc,1,1,1
0e6b24bc4,1,1,1
4555f9273,1,2,1
9510b7eba,1,3,1
93ae9be69,1,1,1
eac9c6b7a,1,3,1
df706fd55,1,3,1
351586450,1,2,1
828f0e616,1,3,1
d8603dd80,1,2,1
5b7ead040,1,3,1
890127ff5,1,3,1
cdd2cac09,1,3,1
f158bcd9e,1,1,1
71edb3344,1,3,1
308034707,1,3,1
7abf263f7,1,1,1
69c1801cb,1,3,1
a462b563c,1,2,1
1dbcdd322,1,2,1
d69a1f2a1,1,1,1
22e1f3438,1,2,1
ed14eb16e,0,0,0
b589d804e,1,3,1
87e6807c7,1,3,1
ab4407477,1,3,1
dbf2d6b55,1,3,1
0459c7bb7,1,1,1
c74b069ef,0,0,0
fe0a74b2b,1,3,1
3330252db,1,3,1
c2e22f843,1,3,1
0db65104a,1,3,1
8c4488c48,1,3,1
49e140a8e,1,3,1
9f317f2e7,1,3,1
3fd75e77d,1,3,1
3c4b478e1,1,1,1
7b8a09f2d,1,3,1
fa7b75c6c,1,3,1
5b5e81279,1,3,1
9295d02bd,1,3,1
9c8209bae,1,3,1
474294e01,1,3,1
44fff524f,1,2,1
ab87287a4,1,3,1
62c16fa1a,1,3,1
e7f5a8bd0,1,1,1
676b51817,1,3,1
e911008b8,1,3,1
a16f85c6f,1,3,1
a688a434e,1,3,1
77b890534,1,1,1
a6cf89c61,1,3,1
1da3eb996,1,3,1
2a154e41c,1,3,1
006610fe3,1,1,1
7c1a39de5,1,1,1
05fb5b403,1,1,1
b60bc872a,1,3,1
b4f22a5ba,1,1,1
729d8ba72,0,0,0
c4f512d95,1,3,1
3f3e1f288,1,2,1
c3269c5d7,1,3,1
c0b1f82b1,1,3,1
13e385580,1,3,1
ba7d1a755,1,3,1
e9e4424a6,1,2,1
d1a9104a1,1,3,1
939268f8e,1,3,1
d6715d925,1,2,1
7f4b91187,1,3,1
6df1895ea,0,0,0
0e1a2937a,1,2,1
475564ad6,1,3,1
2b1477c3c,1,3,1
d9c0e3284,1,1,1
597ff6946,1,3,1
0c46298f8,1,2,1
3d9784a88,1,2,1
290cdc8ee,1,3,1
151fabf52,1,1,1
44a0c16bc,1,2,1
bb2a61d2b,1,2,1
3050bd8df,1,3,1
d7bb5cf59,1,1,1
782abc2de,1,1,1
3ed4ada33,1,3,1
c6de9b701,1,3,1
cfae2101c,1,3,1
de1f49c9d,1,3,1
e093c4886,1,1,1
cf2e67122,1,3,1
b5931099f,1,3,1
0a4b42306,1,3,1
f04da2f21,1,1,1
1e7e220d7,1,3,1
f0e24b0aa,1,1,1
a4b85d322,1,2,1
0eaa0e3c6,1,1,1
ec39cb917,1,2,1
dbea554c3,1,3,1
ecc64a258,1,1,1
fcdf10cb0,1,1,1
ece99daf7,1,3,1
0714145e6,1,3,1
95af010cb,1,3,1
d86f635fb,1,3,1
7fe0a86f8,1,3,1
1e753137d,1,1,1
d7de7e8fd,1,3,1
3485ea1db,1,3,1
191043d9c,1,1,1
83976eb62,1,3,1
b9893e2fb,1,3,1
d3b4b6a8a,1,3,1
e7176bba4,1,1,1
710126170,1,3,1
75f94bea0,1,3,1
ba72b4212,1,3,1
95f2b5dc1,1,3,1
1adb69797,1,1,1
9351715a9,1,3,1
c18678ce5,1,1,1
08bfdc66f,1,1,1
e8e8a47fd,1,3,1
27e8956dc,1,3,1
cb11e3261,1,3,1
03c6478b9,1,1,1
ce5e6e407,1,3,1
33752346b,1,3,1
133af5fc3,1,3,1
5043a32cb,1,3,1
bbb0a9ac2,1,3,1
ab1777794,1,3,1
2b4017cf2,1,3,1
f2117b204,1,2,1
65ba8b6a0,1,3,1
19a36eaab,1,3,1
c6d91de2b,1,3,1
998488372,1,3,1
cc0eced0d,1,2,1
b01a81451,1,3,1
5458f8a35,1,3,1
a678a4342,1,3,1
0eade2f7c,1,1,1
7f4e5c2a0,1,3,1
063e2d021,1,3,1
8cfcbd9bb,1,3,1
5ccf203a3,1,3,1
677282310,1,2,1
56f7b3216,1,3,1
637186543,1,1,1
2f03dc1f4,1,3,1
ef836c3d3,1,3,1
187b92014,1,3,1
f506d3fd2,1,3,1
7ed568ab9,1,1,1
e468bfbca,1,1,1
69975d223,1,1,1
748ca0bd4,1,3,1
6471c7195,1,3,1
ccbaa4592,1,3,1
a37c82165,1,1,1
4fec4436f,1,3,1
de0202010,0,0,0
d11ac47cb,1,3,1
733b7cb27,1,3,1
9c969d36e,1,3,1
6308b5232,1,3,1
c7e8a87dc,1,3,1
574e7393b,0,0,0
2d2f6b042,1,3,1
7fec0008f,1,1,1
269a6756f,1,3,1
cad25c91b,1,3,1
84057a73d,1,2,1
97b32f734,1,2,1
ac498ad58,1,1,1
f8d3b2e51,1,2,1
6df28d790,1,3,1
282c90ff4,1,1,1
e257f17da,1,2,1
ac9fefd28,1,3,1
b71eb2942,1,3,1
1ff9cda01,1,2,1
30764a1fa,1,3,1
189bb90dc,1,1,1
d9b894731,1,3,1
a929a9f48,1,3,1
391da7c7d,1,1,1
fd60c4aa4,1,3,1
8ad937f6c,1,3,1
f26f1acb2,1,2,1
9edf8fff1,1,1,1
f4e748c72,1,3,1
953e3ebd4,1,3,1
283d93104,1,3,1
726488db4,1,3,1
bbc6d3812,1,3,1
44ddc2e22,1,1,1
0146f6d2c,1,1,1
469bd2504,1,3,1
3021613fd,1,1,1
01958f464,1,3,1
ee8c56246,1,2,1
e248258bb,1,3,1
0090eb457,1,3,1
55b799287,1,3,1
566dcbd9f,1,1,1
eeb377c0b,1,2,1
936fc22ce,1,2,1
92935062a,1,3,1
017eda6dc,1,3,1
e8e461026,1,3,1
c932005f5,1,3,1
4436738dd,1,3,1
ef690f7c1,1,1,1
0ac71c2c1,1,2,1
d4f813a7e,1,3,1
c38d0b5ea,1,2,1
ef30ade75,1,2,1
d026d2fb8,1,3,1
bdeeb6fe2,1,2,1
a99a82e6d,1,3,1
8a15669da,1,1,1
172305d1b,1,3,1
c18984292,1,3,1
fd2d48292,1,2,1
34d903f17,1,3,1
5d3d1070a,1,1,1
245d6e033,1,1,1
935098bbf,1,1,1
7993d67e3,1,3,1
1ca147dd8,1,2,1
63051e3ca,1,1,1
4f9031dce,0,0,0
91389ff80,1,2,1
24e0380f1,1,2,1
13dbd2170,1,1,1
bc7b17cd5,1,3,1
e53933782,1,3,1
746f52206,1,3,1
6b29b45d9,1,1,1
fb999f812,1,3,1
62b8390e7,0,0,0
563854d72,1,3,1
fa73b1181,1,3,1
ab309dd09,1,2,1
64c2d93c9,1,2,1
77e8dfeb9,1,2,1
05ab54e3c,1,3,1
8e8080bbe,1,3,1
41a6a7467,1,1,1
4f3b3314c,1,1,1
1099a5406,1,3,1
ca92437c1,1,3,1
14155e8c0,1,1,1
d7f1381ba,1,3,1
4f629151c,1,3,1
dd55841d4,1,2,1
c6a3de42f,1,3,1
9b6883f3c,1,3,1
ed29f6592,1,1,1
86c35033b,1,3,1
b1239feb4,1,3,1
e1b3455c8,1,3,1
191660250,1,3,1
76c194060,1,2,1
1f4ebd382,1,3,1
c996b2baf,1,2,1
086ed2122,1,2,1
18c45e502,1,3,1
d147c39fb,1,1,1
1e8b70d35,1,3,1
fda733a81,1,3,1
9af8f154b,1,3,1
fbc6507e7,1,3,1
780c099b4,1,3,1
383e5b82e,1,2,1
c1680e63c,1,1,1
5324ef3fb,1,1,1
b0a8a88a0,1,1,1
e50570999,1,3,1
b7e7c5c9b,1,3,1
f663a91e8,1,3,1
5ed5663ae,1,3,1
ccb7df174,1,3,1
0fd1d2d85,1,1,1
a5205f8ab,1,3,1
e18d31575,1,3,1
9497fd08f,1,3,1
942af9028,1,3,1
eba013abc,1,3,1
8cfba1686,1,3,1
23ab1d5b8,1,1,1
063495ecd,1,1,1
798a0cb05,1,1,1
bec6cc26b,1,3,1
02e072cbd,1,2,1
5f8d00436,1,1,1
ad111a12a,1,3,1
7959e3491,1,3,1
a3e7124c8,1,1,1
1882ebd32,1,3,1
467370aaa,1,2,1
aa741b626,1,2,1
aa6fbdf20,1,3,1
e1671ccb9,0,0,0
b91ac808b,1,3,1
b43e7b1fe,1,2,1
8f0468771,1,3,1
a8f17e0de,1,2,1
f64a1a0c4,1,3,1
0955b54fd,1,3,1
b3408d846,1,3,1
e88aaa263,1,1,1
4e47644c8,1,3,1
6fa5384b8,1,3,1
d35c1ab62,1,3,1
227bfa6b8,1,3,1
9f104904f,1,3,1
7ff979d3a,1,3,1
4cdf29720,1,1,1
88448bdc5,1,1,1
818b12621,1,3,1
a6992bbc5,1,2,1
4874347b0,1,1,1
dbcfcf50c,1,3,1
596c81470,1,1,1
4348b169a,1,1,1
3c3b9b731,1,2,1
c64c9e2d4,1,1,1
ebc345fe0,1,3,1
9167921b2,1,3,1
5c9d562ac,1,3,1
f461cc30a,1,1,1
9b53610ea,1,3,1
798ff640c,1,3,1
f3cb6ffea,1,3,1
006ffebaf,1,3,1
215f9a760,1,1,1
b02f2fafa,1,2,1
23f45d56f,1,3,1
03edf613f,1,3,1
b97efdcee,1,3,1
31d921827,1,3,1
e86a055e3,1,1,1
0ca524fbf,1,3,1
f4e2b49f5,1,3,1
2d813cd28,1,3,1
b49012dd4,1,3,1
f982548b8,1,3,1
a59aa3f80,1,2,1
e9cb42d59,1,3,1
248590a63,1,3,1
096a97631,1,3,1
553b61d90,1,3,1
7810092ba,1,3,1
ea3fe3286,1,1,1
50af81612,1,3,1
34d5748f7,1,3,1
c67b1fa40,1,3,1
c7b7dae2f,0,0,0
a63364c39,1,3,1
d229effbf,1,3,1
5c63f1fd5,1,3,1
c16f5a6df,1,3,1
31b919935,1,2,1
0faf7f0ae,1,3,1
d470889c4,1,2,1
cc492b6b5,1,3,1
768fb166d,1,3,1
9c1ec9939,1,3,1
7b8fd895c,1,3,1
a3a0fa212,1,3,1
bf2f87f17,1,3,1
10e723583,1,3,1
e0bf99ea2,1,1,1
91d230036,1,3,1
7a40628fd,1,3,1
871ca78ab,1,3,1
41e824cbe,1,3,1
9495fed48,1,3,1
ad8569001,1,3,1
787f3055b,1,1,1
c68bc0253,1,2,1
4f45bb293,1,3,1
87554ea1f,1,2,1
aa8e2a85d,1,1,1
8a17130c3,1,3,1
eb4dde79e,0,0,0
38e3b6744,1,3,1
3ccdd1a98,1,3,1
326a3c785,1,3,1
014ce5783,1,2,1
fbae7b0d5,1,3,1
eddccf6ff,1,1,1
a669b77aa,1,3,1
0f012474b,1,2,1
9c8459c74,1,3,1
5dddf96e8,1,1,1
53561f52b,1,3,1
8b56fecb8,1,2,1
aded1fafc,1,3,1
675a05fed,1,2,1
7ed14130d,1,2,1
e92d3d4cf,1,3,1
1ce555db8,1,3,1
ed6e38af6,1,3,1
32bc0b4fa,1,1,1
1326c53f9,1,2,1
8cd1d06ab,1,3,1
081301773,1,3,1
38e87cee8,1,3,1
155d18f5f,1,2,1
17c4b0394,1,1,1
0b8e1dd80,1,3,1
e2c365994,1,3,1
1e85c2b18,1,2,1
c3750cec1,1,3,1
96cf0efdb,1,3,1
751412a89,1,3,1
084b7e7eb,1,3,1
bb2e480f4,1,2,1
2e3bec724,1,3,1
bb9ef04d1,1,3,1
0ab4214b4,1,1,1
bed78eb25,1,3,1
8ba1009c6,1,1,1
aa7dc1913,1,3,1
235a61374,1,2,1
b0cc3078c,1,3,1
da928b2cd,1,1,1
e2bcb9213,1,3,1
0286dd665,1,1,1
0cf645af3,1,3,1
ea853814a,1,3,1
01c7411ef,1,1,1
1d9604897,1,3,1
b440a9cf1,1,3,1
e40368c38,1,3,1
15b27df66,1,1,1
b686d33cd,1,3,1
cef75bfab,1,3,1
d0c943132,1,1,1
baf95d8dd,1,1,1
45a59c4e9,1,3,1
1e8187711,1,1,1
b47b947be,1,3,1
dbf8ba091,1,1,1
c24017264,1,3,1
829ba7bfc,1,3,1
e54866fe5,1,1,1
3639e2409,1,1,1
30f92e1ab,1,1,1
5d53d4bfb,1,2,1
a5a240214,1,1,1
8d676283f,1,2,1
6f94c942b,1,2,1
7975df564,1,3,1
1ce37d745,1,3,1
3eaae43f3,1,3,1
0806f9e3f,1,3,1
310045474,1,3,1
48615e613,1,3,1
57ffecfd8,1,3,1
8a3c86cde,1,2,1
1b945f406,1,3,1
78a99e7a9,1,3,1
10f1688d4,1,3,1
af1125994,1,3,1
b64307878,1,3,1
08aad5787,1,2,1
0fa63169f,1,1,1
7ec0fc838,1,3,1
1a47d1c94,1,2,1
ba021efa9,1,3,1
b0aaffcc6,1,1,1
4f34d790b,1,2,1
00b00d5c1,1,3,1
406528ab5,1,3,1
e418eb448,1,1,1
cdfa0548e,1,1,1
63e388a8e,1,3,1
b60a4eb5e,1,3,1
8420d063a,1,2,1
91f87fa27,1,3,1
5c1890dc7,1,3,1
e442c149f,1,3,1
66409739c,1,3,1
d02baef01,1,3,1
802798c57,1,3,1
8a030b8f0,1,1,1
56c329fdf,1,3,1
bbd898405,1,3,1
cdb4a7a7d,1,1,1
2e829ee7c,1,2,1
4f66fa0c3,1,3,1
cc515ec8c,1,3,1
d38fca349,1,3,1
9f341e7af,1,3,1
9e046289f,1,2,1
d5cf1c802,1,3,1
1117a135d,1,3,1
a99968c35,1,1,1
85d242c14,1,3,1
647284f19,1,1,1
fc948a166,1,1,1
ddfea1140,1,3,1
1eeb4ea81,1,3,1
605d07d33,1,3,1
113926f03,1,3,1
fad223ef5,1,3,1
968c82e07,1,1,1
bb61d1c46,1,3,1
2e12f4152,1,3,1
f5c803412,1,3,1
79db05f63,1,3,1
18bc7bf4d,1,3,1
771156bfd,1,1,1
82563b26e,1,1,1
d6bd8b0f6,1,3,1
b4835265a,1,3,1
0e7ca23c9,1,1,1
ba392c802,1,3,1
631a6a27e,1,3,1
9252b5dc8,1,3,1
0597b1859,1,3,1
fe86005a1,1,1,1
5906e36c5,1,3,1
b5475edf9,1,2,1
bf22b5a35,1,1,1
da1e7c53d,1,1,1
4f10d4a75,1,2,1
d96987111,1,3,1
f87c02978,1,3,1
a4de6ea51,1,3,1
c33220375,1,1,1
fe3d33ae1,1,1,1
a02551367,1,1,1
d181cbafa,1,3,1
2209979e1,1,3,1
de43c6ce5,1,3,1
9197674f9,1,3,1
adc51c1a7,1,3,1
5ffd4e822,1,3,1
4133ec13c,1,3,1
d73e917de,1,2,1
acf573d1c,1,1,1
5adb4e661,1,3,1
39adf62b4,1,3,1
477d22816,1,3,1
aca9ddee7,1,3,1
08710204e,1,1,1
f557e9262,1,3,1
c9206bc13,1,3,1
169fc07e1,1,3,1
d6335be38,1,3,1
18e41c818,1,3,1
25e0e0edf,1,3,1
ed5c2d9dd,1,1,1
1c3f75c04,1,1,1
c3b89c2e8,1,3,1
07a3f2bd1,1,3,1
4b0662306,1,3,1
8bc346340,1,3,1
74f16e441,1,3,1
e808828dc,1,2,1
ed5b8276f,1,3,1
dcb42ee1e,1,1,1
148686ce8,1,2,1
82a97cd8d,1,1,1
cfd57abde,1,3,1
cd2fd9be8,1,1,1
81c4d25d6,1,3,1
bfe061b7e,1,3,1
8da3d6fc5,1,3,1
885c668e4,1,1,1
c13da6b92,1,3,1
67ba0fe06,1,1,1
a29dba165,1,3,1
db61b1f31,1,3,1
8dfe71419,1,3,1
3c778df64,1,3,1
ace3a3299,1,1,1
530b7bcec,1,3,1
3f0c30d12,1,3,1
865619d53,1,1,1
1bea097f1,1,1,1
7c542e43e,1,2,1
c55e9baaf,1,3,1
22d381889,1,1,1
3268dcfd0,1,3,1
5a299988c,1,3,1
c8be7beff,1,3,1
57abbd25f,1,3,1
27830acaa,1,1,1
3fbc3fa12,1,1,1
9e5011264,1,1,1
e9dbf1095,1,3,1
a7df878ea,1,3,1
e08c4940e,1,3,1
c09a67b3a,1,2,1
f43a68579,0,0,0
d26ebd584,1,3,1
1883fea05,1,1,1
136f22028,1,1,1
c670993fc,1,3,1
f81264ec6,1,3,1
141a53bee,1,2,1
717b573f8,1,3,1
b543331f4,1,3,1
82530d72e,1,3,1
600049d8e,0,0,0
54e7cfcc5,1,3,1
5ecd80dba,1,3,1
1250404cf,1,2,1
7f434b444,1,3,1
ea9d28227,1,3,1
9f0635623,1,3,1
dd065921b,1,3,1
3b5a8db4f,1,1,1
07227963b,1,3,1
dd056b65a,0,0,0
45cb60190,0,0,0
035992662,1,1,1
bf42a225d,1,3,1
e0cbab08b,1,1,1
5ac0ddea0,1,1,1
86f4297b4,1,3,1
35bbdb5fd,1,3,1
169e5aef1,1,3,1
76042f693,1,3,1
807ba246d,1,1,1
b7c0b9180,1,1,1
fcdfc6cdd,1,3,1
765bd139e,1,3,1
a342f6a85,1,3,1
bb817b755,1,2,1
7117385a0,1,1,1
02387e247,1,3,1
e56dc823a,1,3,1
fee5e43b2,1,3,1
2bd8e5830,1,3,1
672e80119,1,3,1
458e8f61c,1,3,1
22a0baf52,1,3,1
98231df17,1,1,1
4bb09fefb,1,1,1
0bd394ec8,1,2,1
2bf49ebb9,1,1,1
7697109cd,1,1,1
bcd23d8c3,1,1,1
982ffd67f,1,3,1
41be30895,1,2,1
58ee93558,1,3,1
f28c8090d,1,2,1
133234595,0,0,0
2485efd0a,1,1,1
a21f5e84b,1,3,1
bf6cde86f,1,3,1
4fdebca57,1,1,1
9ca31b395,1,3,1
46e25aa2b,1,2,1
b8c1f4d0a,1,3,1
d1f4e3174,1,3,1
58a414b45,1,1,1
75642f3e5,1,3,1
b5b7de4bd,0,0,0
86d20d7e4,1,2,1
39444f259,1,3,1
1d867b8ee,0,0,0
0a2073b86,1,3,1
b991a694f,1,3,1
2fbf2cb7c,1,2,1
638a1f488,1,3,1
bd0a144b0,1,1,1
a009a2f0f,1,2,1
812ec1ab5,1,2,1
76b818bdb,1,2,1
2463e0981,1,1,1
863262193,1,2,1
9eca51592,1,1,1
473280639,1,3,1
f665c5189,1,3,1
b03983a09,1,3,1
0434520ef,1,3,1
cf74891fd,1,3,1
a22cc0413,1,1,1
f5fb430f1,1,3,1
edac3b595,1,1,1
6a633ab6c,1,3,1
1a5e5d34c,1,3,1
d8e2f840e,1,1,1
24bbd04ce,1,3,1
f47679843,1,1,1
4d76c16ab,1,3,1
08dfce1e7,1,3,1
142da3f69,1,3,1
11db3b853,1,3,1
267162afd,1,3,1
88487194e,1,1,1
e0d71d1af,0,0,0
f026fa4b5,1,2,1
43c661026,1,3,1
a1b34954b,1,3,1
e7b201da2,1,3,1
52c15bfee,1,3,1
e6335223e,1,1,1
d92c5c2df,1,3,1
8e3b1dcd1,1,2,1
1ef39cee1,1,3,1
f3ac0a96b,1,3,1
5c48b210e,1,2,1
96ad2141c,1,1,1
a61da96ad,1,1,1
0f38033e1,1,3,1
77035285f,1,3,1
16d4039e7,1,3,1
8b85a3893,1,3,1
5074cf806,1,1,1
49fcc3da1,1,3,1
88b60278f,1,3,1
0d784a800,1,3,1
f6b229568,1,1,1
c4277da90,1,3,1
58e8cb9e1,1,3,1
1eb9e12e8,1,3,1
7dd780fe8,1,3,1
d8de3a329,1,3,1
898ad5d4c,1,3,1
8c7b2f093,1,2,1
a978a37e7,1,3,1
f819c7b65,1,1,1
6e5f03ddf,1,2,1
6b94af372,1,3,1
d52f229d1,1,2,1
003dd2e26,1,3,1
7f40cce5f,1,3,1
b99644a34,1,2,1
6c4af5f08,1,2,1
2352b7f0e,1,1,1
bf8aa8f96,1,1,1
11e6c4d80,1,1,1
2cf9de0a6,1,1,1
dafa3b086,1,3,1
f2ac99dfe,1,2,1
e3a680ce0,1,1,1
fb442ee5e,1,1,1
0045ed62a,1,3,1
618f4931a,1,1,1
43b5d3f4d,1,3,1
2d441a71b,1,2,1
da7fe1120,1,3,1
d4b5c41ac,1,1,1
8daa38a67,1,2,1
730a09014,1,3,1
ddd632a5f,1,1,1
88a5b8318,1,1,1
3ebe9f7af,1,3,1
21bebd773,1,3,1
bc9036716,1,3,1
8d1640f3e,1,3,1
7ac41d8ae,1,1,1
08ee62d43,1,2,1
8e7c16add,1,2,1
363e8df66,1,3,1
64cf73826,1,1,1
e833d08bb,1,3,1
1377d2c0e,1,3,1
943611bd0,1,3,1
cb5ecf136,1,3,1
1e5b2baa8,1,3,1
353187b3d,1,3,1
fa1608a29,1,3,1
dd42b35eb,1,3,1
d18218a56,1,2,1
fb82bfecd,1,2,1
ed2fc6f4f,1,2,1
f3b29563b,1,3,1
01dd8880a,1,3,1
b7f781c99,1,3,1
a62fcea51,1,3,1
1b3dcf712,1,3,1
fe22cc3da,1,1,1
9ff4a6c4f,1,3,1
d0aa84916,1,1,1
f454ac205,1,2,1
cefba5d32,1,3,1
b62fc7bde,1,3,1
64f06dc3b,1,2,1
c91bfb2a1,1,3,1
774de959c,1,3,1
a479a1a6a,1,1,1
1f470d9f4,1,3,1
3c155e05c,1,1,1
6408ec0f7,1,1,1
732b578ff,1,1,1
ad937498b,1,3,1
b89c365c3,1,2,1
40276ec6a,1,3,1
8044a4f7e,1,3,1
5d822305a,1,2,1
451d17b57,1,3,1
9d137bf2e,1,3,1
b5b6b9398,1,1,1
be9c5d746,1,3,1
1b231e001,1,3,1
dfedc8f77,1,3,1
1afdc26fa,1,2,1
e37ad2cc2,1,2,1
a5a71bc27,1,3,1
fe4b30cfb,1,3,1
4199f1957,1,1,1
c81a8045f,1,3,1
9cda44cdf,1,3,1
bda06474b,1,3,1
874e2a3fd,1,3,1
c0b75d155,1,3,1
e1c5d6ba9,1,3,1
5c150efc9,1,3,1
806bcf604,1,2,1
30506e8c1,1,1,1
c0a0a48a0,1,2,1
6b6d2c65f,1,1,1
bd8f94a94,0,0,0
a516d6ea0,1,3,1
cc0d4cec3,1,2,1
ae30d5690,1,2,1
b596f518f,1,2,1
6fc17b073,1,3,1
3c29e8689,1,3,1
bd7b805ba,1,1,1
58711512b,1,3,1
8b9c38ed2,1,3,1
102ed9019,1,3,1
aaca75307,1,3,1
bd70d885d,1,3,1
a76510109,0,0,0
c38afccab,1,1,1
f5e706014,1,1,1
276ce7f3a,1,3,1
ac384792b,1,3,1
be579e6ed,1,3,1
d0bf2b3bf,1,2,1
805461ad6,1,3,1
d867c4016,1,1,1
e9a854207,1,2,1
005afe792,1,3,1
0f2879b04,1,3,1
774289137,1,1,1
42b4b0024,1,2,1
5b1528841,1,3,1
a144cca8c,1,3,1
ecafbb542,1,3,1
4033fee1a,1,1,1
838934661,1,1,1
5f1896e5d,1,3,1
ee6601d0b,1,3,1
79d56bb63,1,3,1
156da1714,1,3,1
8368a0a44,1,3,1
95bf103d8,1,3,1
45858d482,1,1,1
507db6e4f,1,1,1
924373704,1,3,1
fb217af6b,1,2,1
71eac2c5e,1,3,1
4263cc9ed,1,3,1
b516f3b82,1,3,1
2b0298091,1,1,1
0910c13a3,1,3,1
2d70f6a57,1,1,1
5d3ee6378,1,3,1
42a28c241,1,2,1
982c6aa5b,1,3,1
a86bbc71f,1,2,1
5962cfdd9,1,1,1
a7c7ede79,1,3,1
f4d945501,1,3,1
43e4cb788,1,2,1
28c4588e5,1,3,1
bdfe6125d,1,1,1
4e8ae40c0,1,3,1
f022849c2,1,2,1
a46ad5cc3,1,3,1
ddb95945a,1,1,1
453125325,1,2,1
7867f152c,1,3,1
5c92de3f6,1,3,1
41175dcb5,1,3,1
c9a4f831b,1,2,1
7aa0bcef5,1,3,1
e24b153bb,1,3,1
edf74226c,1,3,1
99b263dea,1,2,1
454607f26,1,1,1
b1e8c0afc,1,3,1
30669fef4,1,3,1
3cf06742b,1,1,1
e9d8c098c,1,3,1
059baa037,1,1,1
888c22eb5,1,3,1
9d0406864,1,3,1
d3a92c453,1,3,1
0490c8df1,1,1,1
4482a8d57,1,3,1
bbff91dd9,1,3,1
429019089,1,3,1
f0a4b28f6,1,2,1
56937e269,1,1,1
bc4b95345,1,3,1
5776e3791,1,3,1
8cd149470,1,3,1
553752e54,1,3,1
08767d88e,1,3,1
076ec7e18,1,1,1
fed799a78,1,3,1
426bb5e4c,1,3,1
f08b9d3c3,1,3,1
4999e2693,1,3,1
ca74b17a9,1,2,1
71deb8267,1,2,1
13fcf57ff,1,3,1
f80157011,1,3,1
d412201f6,1,3,1
2898238f2,0,0,0
a5ec4df1d,1,3,1
a6416e28a,1,3,1
03cdd9324,1,2,1
f6510f0c2,1,3,1
23d784a8a,1,3,1
8f639ea65,1,3,1
766c2cd92,1,1,1
2d725d001,1,3,1
6ee8964b0,1,2,1
563eaa005,1,1,1
453cf6271,1,3,1
d2ba9bbf1,1,2,1
c6f877dda,1,1,1
91e663cd2,1,3,1
33f28ad35,1,1,1
80a2e14af,1,3,1
0e736f310,1,3,1
f5768c4e2,1,3,1
2f3bed708,1,3,1
1d4940497,1,2,1
96353db69,1,3,1
2288c4fc6,1,1,1
3a8f89229,1,3,1
5678616cc,1,3,1
3f03da51e,1,3,1
a4550efe5,1,3,1
08048fee2,1,3,1
e77b5a78f,1,1,1
6e1ba1796,1,3,1
a6f768f75,1,1,1
9e172ab13,1,3,1
92d4c1513,1,3,1
e67f4856d,1,3,1
27b708edc,1,3,1
a3e73475f,1,1,1
93219ad95,1,3,1
13426c720,1,3,1
80b25cc78,1,3,1
b207cf9ea,1,2,1
8a0cfdd56,1,2,1
686b90dfc,1,1,1
b188b50cd,1,3,1
36ad4a880,1,3,1
960f1a1d8,1,3,1
22a91e143,0,0,0
31144a6be,1,3,1
699ee7fa6,1,3,1
8c28914a9,1,1,1
a3449e0d0,1,3,1
3ddfb6f66,1,3,1
1f0bb9d58,1,3,1
b1988cdd5,1,3,1
309f63a00,1,2,1
beea1e1dd,1,2,1
01dc16c21,1,3,1
aba03a4c5,1,3,1
111748c15,1,3,1
e78e9736a,1,3,1
827ac9a9f,1,1,1
fe0e76ddf,1,1,1
1dc24448c,1,3,1
8390dbef8,1,1,1
94135f81c,1,2,1
2bcab4c4e,1,2,1
b790a32cf,1,3,1
a2b34e983,1,3,1
3ac0662c8,1,3,1
4450245b0,1,2,1
9df9b11b1,1,1,1
567c1ab71,1,3,1
185ea5010,1,3,1
7b84a3913,1,3,1
951556f0a,1,3,1
d9a2f1a7e,1,3,1
14631d97b,1,3,1
d0b5fece1,1,3,1
bf2f22377,1,3,1
f7b84bc3b,1,2,1
e570d64ac,1,3,1
2185647c2,1,1,1
8111f6d4a,1,1,1
ab10e0e8c,1,2,1
ef5b463d4,1,1,1
45d1d74ca,1,3,1
60e5899e2,1,1,1
5451356cb,1,3,1
884ccfdad,1,2,1
e6dc7116d,1,1,1
949fbd095,1,3,1
d94f98004,1,2,1
9d8e820b0,1,1,1
9316ce78a,1,3,1
b40a8ff86,1,3,1
d4066ef07,1,3,1
916c891aa,1,1,1
db3c2be5c,1,1,1
bb4e0ddb3,1,3,1
6e21edd32,1,3,1
de7905c9c,1,2,1
5d9a6398d,1,3,1
6fc1c066e,1,3,1
8e453a294,1,3,1
5d622bf92,1,3,1
042dfb970,1,3,1
035ff37c6,1,1,1
e6d60a265,1,1,1
0133b2a29,1,3,1
b5cb75a44,1,3,1
36dd5c626,1,3,1
0e5d845dc,1,3,1
67d786538,1,1,1
aece30836,1,3,1
b8750b910,1,3,1
73013560f,1,3,1
fc7f99ad7,1,1,1
c1653516e,1,3,1
02e51a9e2,1,3,1
459729cda,1,1,1
d34b6f762,1,3,1
74c7373bd,1,3,1
7f1bb8d32,1,2,1
75fccfb43,1,3,1
94dc821ee,1,3,1
e32467940,1,1,1
71d36d5c4,1,3,1
82f52a225,1,3,1
cb860243c,1,3,1
f08ee9831,1,3,1
fe74d6173,1,1,1
a116545f6,1,1,1
059a68bf0,1,3,1
5220e701f,1,3,1
85c65d28b,1,3,1
4d3e3a146,1,3,1
0a949618f,1,3,1
4813a0d67,1,2,1
e38f07d89,1,3,1
c5422c04b,1,1,1
ddb8bed60,1,3,1
08a71b8d1,1,2,1
d0c3c032a,1,1,1
acc81bdf5,1,2,1
f6959f1ca,1,3,1
b7f3d97f9,1,3,1
bb6276b35,1,1,1
7b9cd9253,1,1,1
a11245368,1,3,1
dad58d0a7,1,2,1
463be5788,1,3,1
8fee07184,1,3,1
3fbc4677d,1,3,1
3227c4f2e,1,3,1
c93e63352,1,3,1
1217eecab,1,3,1
89f389a59,1,3,1
f69a878a6,1,3,1
91471cf89,1,1,1
76c3b16af,1,1,1
8b84922ac,1,3,1
48dd9f35f,1,3,1
5147c0162,1,2,1
b887b2037,1,3,1
e97446c37,1,3,1
b32aa8dec,1,1,1
4d5e5ad20,1,2,1
5390fc59f,1,1,1
1ab364834,1,1,1
655eaa578,1,3,1
aef2fa931,1,3,1
10fbc9548,1,3,1
332ae5ab2,1,3,1
1bc9bf272,1,2,1
4b4bb2b0a,1,3,1
f391fc44e,1,3,1
c08403e9f,1,3,1
d687c7171,1,3,1
b7a55f716,1,1,1
3166b0f31,1,3,1
afab70239,1,3,1
fc96276a7,1,1,1
32cda3189,1,3,1
616e51d8c,0,0,0
572e98234,1,3,1
ef3fad107,1,3,1
a96856173,1,2,1
a4fe492c2,1,3,1
dad97c60d,1,1,1
9104803d9,1,1,1
81fddeac7,1,2,1
3f4e4f83f,1,2,1
20e4dbf48,1,2,1
66bf65c82,1,3,1
813658b4b,1,1,1
2c1340a91,1,2,1
965b31ba7,1,2,1
b8084fe32,1,1,1
4f6a0e54d,1,3,1
27867018b,1,3,1
4479fdc71,1,3,1
52820e80e,1,3,1
b65fd06e2,1,3,1
c0b5e6036,1,3,1
300c91d3a,1,3,1
b94b99757,1,2,1
c67aca639,1,3,1
71ec53012,1,3,1
9d71eb546,1,3,1
3f169c299,1,3,1
a3853c992,1,3,1
3cb155233,1,3,1
e47aeed72,1,3,1
36e1415c8,1,3,1
02401db5e,1,3,1
dfe361097,1,3,1
d31e4c6c8,1,3,1
f4ab04385,1,2,1
3f3962d65,1,3,1
4747bead4,1,1,1
4cc49be2a,1,3,1
91736f444,1,3,1
104d9b198,1,3,1
64ea72fca,1,1,1
029641a1a,1,3,1
ee24b09bb,1,3,1
fd7f76b49,1,1,1
ba6fee44e,1,3,1
58a79a8a1,1,3,1
453750088,1,3,1
6d1c4a5d5,1,3,1
3913a43f9,1,3,1
38abad64b,1,3,1
b3fa60bc7,1,3,1
6c04edd3c,1,2,1
aa32ec730,1,3,1
75fa09239,1,2,1
cecb3b8ef,1,1,1
4bdbeb107,1,2,1
9141b7803,1,3,1
7f33563b9,1,3,1
04260adf8,0,0,0
470e49e41,1,3,1
1894ab073,1,3,1
61da44459,1,3,1
c787ee619,1,3,1
68f6eb073,1,2,1
ee4cb45ea,1,3,1
1084ba1bd,1,3,1
35dcf4794,1,2,1
ea9ad03dc,1,2,1
cc081896e,1,3,1
346c5abcd,1,3,1
9a1be07d5,1,2,1
2ccf25b91,1,3,1
8648922dd,1,1,1
7dc33902f,1,1,1
1c16e813b,1,1,1
c60193e34,1,3,1
efe27171b,1,3,1
c4d225c88,1,3,1
423c5b45f,1,3,1
f42161740,1,3,1
40f17b3a1,1,3,1
d3dd7e6a7,1,2,1
081c0a12d,1,3,1
369da3ef0,1,1,1
eb30d51aa,1,1,1
f31cebfd0,1,3,1
a5767a3da,0,0,0
3aa13a0b0,1,3,1
ed390241b,1,3,1
6094997dd,1,1,1
40d7cb083,1,3,1
4a762f7ab,1,3,1
ff9ce365b,1,1,1
f000f169a,1,1,1
1ba29c00b,1,3,1
67578d32f,1,3,1
05d10428c,1,2,1
86c131c22,1,3,1
211b0aa56,1,3,1
a118d66aa,1,2,1
0a7798d2b,1,3,1
997653f86,1,3,1
d59322d58,1,3,1
8a90cfe39,1,3,1
ac31057e6,1,3,1
baf543aa6,1,3,1
a25a5ad9e,1,3,1
aaeb4781c,1,2,1
14084c784,1,2,1
3fcf1b40a,1,3,1
4eb30abb2,1,2,1
e18cc7a60,1,3,1
6806f15f3,1,3,1
7aa58b134,1,3,1
c15d26817,1,3,1
a1ba2f016,1,3,1
ba580074c,1,2,1
6da1ee245,1,3,1
4931c712b,1,1,1
3fa277b19,1,2,1
ed5d95d72,1,3,1
6c71db5b5,1,3,1
a8057f0a8,1,1,1
95e92b082,1,3,1
f3c8fda0f,1,1,1
dd4b67059,1,2,1
93329ec1a,1,3,1
a7b53e5ca,1,2,1
8bf918bff,1,1,1
55cdf4eda,1,1,1
2def67952,1,1,1
25f055b91,1,1,1
5c1f1a317,1,3,1
42bec87cd,1,3,1
6e441b406,1,3,1
0fe9d0022,1,3,1
5d7c27d43,1,2,1
19af88854,1,3,1
e994888f3,1,3,1
3fd5af157,1,2,1
0f6488260,1,3,1
52a23ae9d,1,1,1
706d1c836,1,1,1
c4e1afd9e,1,3,1
b623d9449,1,2,1
d99ea593a,1,2,1
4db543276,1,2,1
bf537cdb3,1,1,1
e2aa20dbd,1,1,1
74f987b01,1,3,1
bb9e47b4a,1,3,1
927ee6390,1,3,1
b17f7a1fc,1,3,1
b31d0dd8d,1,3,1
107c30c6d,1,2,1
3122253f4,1,3,1
0833744e6,1,1,1
55ccb364d,1,3,1
c7315e345,1,3,1
92d1612f0,1,3,1
4d8bc908b,1,3,1
41c83dda8,1,1,1
7a5b854f0,1,2,1
d4b2dcfb6,1,2,1
8d39e0fa1,1,3,1
94af242ed,1,3,1
49303270e,1,3,1
9f24a0672,1,3,1
56856fe73,1,3,1
749afb385,1,1,1
b99186353,1,1,1
4ceff22c4,1,3,1
7cfeafbb2,1,3,1
9acd96273,1,1,1
737da18ba,1,3,1
4d8f211f8,1,1,1
ebb74d225,1,3,1
daad5c208,1,1,1
6846c8340,1,1,1
b2e46582a,1,3,1
65650b974,1,3,1
afc933f32,1,3,1
b4d7cbe8b,1,1,1
13d30c173,1,3,1
77d38bd16,1,3,1
44598cf69,1,3,1
cf3491020,1,3,1
a85548db7,1,3,1
36d7fc2c5,1,1,1
39fb68722,1,3,1
ada1e6f38,1,3,1
b3971f06b,1,3,1
b0084b888,1,3,1
eb7fedf92,1,3,1
e7ab271b1,1,3,1
4b31d7b1e,1,3,1
0dfd484a6,1,1,1
dffc44afc,1,3,1
b497fb8eb,1,3,1
a963b8732,1,2,1
faf64d6a6,1,1,1
75f574b0a,1,3,1
a2ec6f8a8,0,0,0
267f0065c,1,3,1
1c07c6ee5,1,1,1
21f4a6abf,1,3,1
72f891e55,1,1,1
854edf08f,1,3,1
bdffad31f,1,3,1
75135cca9,1,1,1
015da0878,1,3,1
29ca8f313,1,3,1
c9d333b09,1,3,1
f5e35ea02,1,1,1
3a93093cc,1,3,1
342400751,1,3,1
b0d54f76e,1,3,1
97ce22dae,1,1,1
0ea337520,1,3,1
209dab64b,1,1,1
2e1fcc8c4,1,1,1
8039a31ae,1,3,1
5208915a3,1,3,1
88b4f478e,1,2,1
abfcb22bc,1,3,1
5b554c6e3,1,3,1
390e0a648,1,2,1
bed5b657b,1,2,1
c2bb6a3be,1,3,1
399856928,1,1,1
30254b35d,1,2,1
6dcb51c02,1,3,1
ea02306b2,1,3,1
b5f9a9c4a,1,3,1
8ad959e57,1,2,1
a4faccedb,1,3,1
2c46efe8f,1,3,1
f600368fb,1,3,1
a6cbd39c2,1,3,1
f3c7e1bf4,1,1,1
f45986630,1,3,1
a906ff5f5,1,3,1
979710375,1,2,1
b100db162,1,1,1
bdc5ffaba,1,1,1
47caf7ad1,1,2,1
d010fb743,1,3,1
4a27c67eb,1,3,1
1ad691ca4,1,2,1
7827eee65,1,2,1
da4da9308,1,3,1
f4bc92fc6,1,3,1
5ff169a48,1,1,1
17fdf5bfc,1,3,1
485bebd4f,1,3,1
514db7301,1,3,1
9c336beb7,1,2,1
1fe400328,1,2,1
b62619afd,1,2,1
8ab904da2,1,3,1
5335bfb38,0,0,0
a543418a3,1,3,1
ceee65059,1,2,1
c5b717bc2,1,3,1
c8b79357a,1,3,1
ec5670386,1,2,1
13fb61859,1,3,1
d4b4f217f,1,3,1
d277ab24d,1,3,1
7519b8b43,1,3,1
461b33f39,1,1,1
7c9dc0791,1,3,1
f53be74bd,1,3,1
acc327f18,1,2,1
9414e54b1,1,1,1
a01ad9084,1,1,1
286afff7c,1,2,1
8685546cb,1,1,1
618430208,1,3,1
74b7d275a,1,2,1
f8b827be1,1,3,1
748943e29,1,3,1
ee9e87618,1,2,1
239047f66,1,3,1
6d84d3a2f,1,3,1
07ee26c3c,1,3,1
4dd89c859,1,1,1
72e76bc9b,1,3,1
c2490d2cf,1,2,1
8e9946952,1,3,1
73d28220c,1,3,1
34d0c00d6,1,2,1
0499e1ea8,1,1,1
f3755376e,1,2,1
9d5f190cf,1,3,1
0d6db9370,1,3,1
74b9e9fc0,1,3,1
8c1fd43ef,1,3,1
ad2b462ee,1,2,1
99af63c63,1,3,1
64b1db30c,1,3,1
bb5162df6,1,2,1
f152b2fd4,1,3,1
eed4b685b,1,3,1
7889399ac,1,2,1
52ffdc6c2,1,1,1
1d13441b9,1,1,1
88f092c58,1,3,1
2ba8bb04a,1,2,1
c4ef3ff97,1,3,1
214dbc1f4,1,2,1
38f6d8ab9,1,1,1
da4a5403d,1,2,1
95d951387,1,3,1
22cf2902d,1,1,1
c6c6adc4a,1,1,1
21c3157e8,1,2,1
a3b415951,1,2,1
fa27f275a,1,3,1
198a73c5e,1,1,1
b2b06e1fc,1,1,1
377d9bef6,1,2,1
e617dd078,1,3,1
380e603cd,1,3,1
c8172e598,1,1,1
576f4893f,1,3,1
cd47ddc13,1,2,1
b0a24f910,1,3,1
3584bf68a,1,1,1
3c008b0b7,1,3,1
d3ac21f5d,1,3,1
615f5dc85,1,3,1
a9914ea40,1,2,1
a9e6b1a1b,1,3,1
2db00a064,1,2,1
a2b226c6c,1,1,1
9827921f8,1,3,1
d1bfba974,1,2,1
61ac348d1,1,1,1
401553149,1,1,1
59cf08ff3,1,1,1
60bc5ce92,1,3,1
9024c21fc,1,1,1
6eab205e6,1,1,1
994450113,1,2,1
2b4003be8,1,2,1
c43ca0a88,1,3,1
7432630e3,1,1,1
6bed4e9d5,1,3,1
5149bb7f8,1,3,1
b780980c1,1,3,1
10b669bea,1,3,1
ee7d6cf3f,1,1,1
5b214efd1,1,3,1
5d00ca4d0,1,3,1
261a88440,1,1,1
e0e241d57,1,3,1
677968b60,1,2,1
3005b75eb,1,2,1
8c75e5189,1,3,1
603dbe569,1,1,1
0e88c1c1c,1,3,1
c17b66965,1,1,1
d0f8b280d,1,3,1
35ce89b5c,1,3,1
01e410583,1,3,1
4bbc7992a,1,3,1
c2ec1becc,1,3,1
b7d2f8186,1,3,1
eb77432cd,1,3,1
5b5b2c882,1,3,1
9a0db11a9,1,2,1
396a2773f,1,3,1
65a7711bd,1,3,1
8ece5f3ba,1,3,1
3497c1ad0,1,3,1
7b25498d6,1,3,1
eb79f1cfa,1,3,1
6b65fa006,1,1,1
e4e128c70,1,3,1
50844e473,1,1,1
76024f2ed,1,3,1
4f3e35156,1,3,1
6edcc1f1b,1,3,1
aba512b8f,1,1,1
dcdf98438,1,3,1
705117847,1,3,1
47d68f63c,1,1,1
9679275a3,1,3,1
e60bbc064,1,3,1
8717133d3,1,3,1
c02a9554d,0,0,0
ef80d0222,1,3,1
da8c280f1,1,3,1
f32959003,1,3,1
fb89569d8,1,3,1
c292a8b67,1,2,1
128293a4d,1,3,1
b256f479c,1,3,1
f3db279d0,1,1,1
c8a528b69,1,3,1
35fc0fd89,1,3,1
3e2fdd907,1,1,1
ac1a70774,1,3,1
8300e943e,1,1,1
a97a37056,1,1,1
c2386bba2,1,3,1
2c401c793,1,3,1
c55f2f503,1,3,1
e03ec2a98,1,2,1
8c7dbce06,1,3,1
d9cf525bb,1,3,1
f85ae1408,1,2,1
0b4a0d698,1,3,1
239b75387,1,1,1
0e1f78a77,1,3,1
1ac22584b,1,3,1
d0a66003d,1,1,1
5d0551d53,1,3,1
d3f157880,1,1,1
de2d4f372,1,1,1
bb2cbdb23,1,3,1
e97e1afc1,1,1,1
018e4d193,1,2,1
867057e77,1,3,1
d2f333b86,1,3,1
248eca1fa,1,3,1
fffd78a11,1,2,1
c8bc66245,1,3,1
d6b0d8aa9,1,3,1
eaf87e39e,1,2,1
24e2a6ff5,1,1,1
e01e4a2fb,1,3,1
8ef541435,1,3,1
c9a21c416,1,3,1
2bf818d30,1,1,1
24379b58d,1,1,1
a7f77b3bd,1,3,1
3666cdd80,1,3,1
25952f8a0,1,1,1
514202b22,1,3,1
7cd4ec150,1,2,1
0a796c967,1,3,1
38ea54f1f,1,3,1
7f6f8b365,1,3,1
f50d4f5bc,1,1,1
d2ac2859f,1,3,1
a0c1384d1,1,3,1
d8df310c9,1,1,1
bd263a880,1,3,1
9e3d235d8,1,3,1
dbe30d86f,1,3,1
46d9b2934,1,3,1
7cbf39f49,1,1,1
1f82b8bf0,1,3,1
1e011d469,1,3,1
9a48cc316,1,3,1
ca90f9062,1,3,1
68d514216,1,2,1
0ace65bc4,1,1,1
076a67405,1,1,1
7ceeeb9f2,1,3,1
e5ea737ec,1,2,1
6bec28b35,1,2,1
3a64a5704,1,3,1
e7c607873,1,3,1
c8c55eb19,1,2,1
8b9a9eac7,1,3,1
880d3c594,1,3,1
870ff72ec,1,2,1
9817c3ef1,1,3,1
506bacb46,1,3,1
ee83e7a09,1,3,1
3bf7bccc9,1,3,1
d8179f4d9,1,2,1
70a7a71fe,1,3,1
d0c1d6b64,1,3,1
67e6db7dc,1,1,1
abf1716a9,1,3,1
846ca7805,1,3,1
5893d408b,1,2,1
df091dc6b,1,1,1
caa16cc3c,1,3,1
ae089cd20,1,2,1
b5e7e4539,1,3,1
838b5c426,1,1,1
67888f9fc,1,3,1
67c9d22df,1,1,1
121abd2ba,1,3,1
b47536db5,1,3,1
daed3d063,1,2,1
b48b65ef2,1,1,1
ef0b07c6b,1,3,1
219bf9c22,1,1,1
38a780df6,1,2,1
3a8770d75,1,3,1
e23c47d1e,1,3,1
e8e054802,1,3,1
a76b1a86a,1,3,1
9070ef426,1,3,1
bf20ac1c9,1,2,1
0a8bc19f6,1,1,1
79786edcd,1,3,1
f05665d6d,1,2,1
7d86df9b0,1,3,1
d8f9d07f2,1,3,1
146f076cf,1,3,1
a8de0737e,1,1,1
fbcadae16,1,3,1
b041aab9f,1,2,1
1efbef49e,1,3,1
e303359a7,1,3,1
440ab06be,1,2,1
26988350b,1,2,1
a371e0164,1,1,1
ec4351554,1,2,1
0133b0214,1,2,1
9f88f23a4,1,2,1
279a5187c,1,2,1
a8267c4eb,1,2,1
c7c99d389,1,3,1
97e08141e,1,1,1
21c955172,1,3,1
6774f84e3,1,2,1
b7d2d752f,1,3,1
141b5d279,1,1,1
858b1443e,1,2,1
cf357f057,1,3,1
b1307cb03,1,1,1
3f5804c61,0,0,0
02c7d1b74,1,3,1
a12222b9e,1,3,1
bf5bf91a2,1,3,1
2b46246db,1,3,1
fa64cfa4e,1,1,1
9f40dbc58,1,3,1
ab3d83bd1,1,3,1
08fb442fa,1,3,1
35b1c5db4,1,3,1
6ea65996b,1,2,1
ef7ffcc3e,1,3,1
68b8dab3b,1,1,1
46687a6d1,1,3,1
84d1eb4ab,1,3,1
357707ba7,1,1,1
506fa1d6e,1,3,1
ab94fb958,0,0,0
e02dbb6d5,1,2,1
aef6836e4,1,1,1
26e02fdeb,1,3,1
6968f86dd,1,1,1
59f987236,1,3,1
b2d7d59c9,1,1,1
31b7a54b6,1,1,1
18b6fc5f0,1,3,1
e2101b7d1,1,3,1
a426ef14d,0,0,0
ea7ef6aee,1,2,1
e0dc745da,1,2,1
b76e8c452,1,3,1
f90575a63,1,2,1
ab35738e4,1,3,1
72519f841,1,3,1
6a908a708,1,1,1
ff618d36f,1,1,1
f14086e70,1,3,1
93b289505,1,2,1
ec6bb5fb6,1,3,1
2fa65607f,1,1,1
f743a63aa,1,3,1
cd2b84b66,1,3,1
507e734af,1,3,1
0340ac5f7,1,3,1
e98e609ac,1,3,1
42d2aa0bf,1,3,1
4a3380641,1,3,1
8f15fc3d8,1,3,1
e1d40ecc1,1,1,1
b66a5bd9d,1,2,1
da424cdd7,1,3,1
34f6111bf,1,3,1
6da753c92,1,1,1
cfbd5c54d,1,2,1
9e9959db4,1,3,1
fc4989906,1,3,1
86228db7e,1,3,1
91fca388a,1,2,1
05aad3b3f,1,3,1
e49b7c262,1,3,1
f526c71a0,1,3,1
0f6b7b928,1,3,1
35296e056,1,1,1
fdb71d0c8,1,1,1
6261c9966,1,3,1
d35b8c727,1,2,1
63f2faf77,1,1,1
43b99bc40,1,3,1
0fd5ff08e,1,3,1
7d7b5bf2f,1,3,1
bfb19deda,1,2,1
1498a5e81,1,3,1
d4beefae9,1,3,1
557f3e130,1,3,1
c84e9ae78,1,1,1
ae3c2cb86,1,3,1
f829fad2b,1,3,1
5da0df190,1,3,1
835fdb873,1,3,1
ec28e0aad,1,2,1
ff127e4d3,1,1,1
550f8a3da,1,3,1
ff891d6b6,1,1,1
7648e56db,1,3,1
23056b4b6,1,1,1
87639ef4c,1,3,1
091a5da01,1,3,1
4b431377d,1,2,1
c59199ff4,1,3,1
edd2ebd5e,1,2,1
b07678538,1,3,1
886d23c56,1,3,1
fac19639c,1,1,1
24fee0cc4,1,2,1
a6b5ed0f7,1,1,1
6272ed019,1,3,1
2eaccd3bf,1,3,1
c0677007e,1,3,1
1882fa24c,1,3,1
0d94f0378,1,2,1
7aae61018,1,3,1
b5d3858ae,1,1,1
01b8e6c14,1,1,1
f87489d3e,1,3,1
33a51709e,1,3,1
e5f76fab6,1,1,1
aaad1ddb5,1,3,1
c45a57747,1,1,1
95e69fe79,1,3,1
a89f8b241,1,3,1
b1bc7e3c7,1,3,1
30d293a39,1,1,1
c8d27db32,1,3,1
6f3f2899c,1,1,1
8cb6dfa5b,1,2,1
906308870,1,1,1
d2f3db726,1,2,1
40de6ecb5,1,3,1
4512e1ea8,1,2,1
98780fbb6,1,3,1
ee36e2198,1,3,1
8d0a7a7ac,1,3,1
c5ff5915a,1,3,1
8f38dbd18,1,3,1
da697d5ba,1,3,1
f9d9f8fd6,1,1,1
a6c9fd936,1,3,1
585a4d5b9,1,3,1
a0322013c,1,1,1
740d9759c,1,2,1
f03af5072,1,3,1
938de268a,1,3,1
28dfa1c39,0,0,0
3bbbccce4,1,3,1
f6ea19029,1,3,1
0dc32d6fd,1,3,1
8398c83ec,1,3,1
61afb7281,1,3,1
d43335198,1,2,1
52602ec39,1,3,1
50ae3720b,1,3,1
de9e7e87d,0,0,0
9ff5a1ca1,0,0,0
24573b56d,1,2,1
61be9a64f,1,3,1
19c0c9d93,1,1,1
915c4ba66,1,2,1
28cc87730,1,3,1
e1d1b893a,1,3,1
2ef82137f,1,2,1
3d8760efc,1,3,1
aa6b8a52b,1,3,1
9a627ad95,1,3,1
fa53dd6cd,1,2,1
6f14bc8cd,1,2,1
570b3eb92,1,2,1
a86ec27e9,1,1,1
c421064dd,1,1,1
dfaf47c11,1,3,1
ae1db9841,1,3,1
53f3e56a3,1,2,1
ef5fcd597,1,1,1
0f6c2d090,1,3,1
4c1f97540,1,3,1
0c5b71bf0,1,2,1
ccbd1f9fc,1,1,1
163133ac9,1,3,1
e7cecd5d2,1,3,1
43894825a,1,3,1
e877b448c,1,3,1
4b8db7cbe,1,1,1
5377c3a3c,1,2,1
0ba16b529,1,2,1
11543e9ce,1,3,1
1a783228c,1,2,1
f95db0cb5,1,2,1
7915144f9,1,3,1
146cd69b3,1,3,1
d08b5b163,1,3,1
4559bd457,1,1,1
85a12f70c,1,1,1
335eacf2d,1,3,1
577d15fea,1,1,1
4756b380a,1,2,1
9d87fbd92,1,3,1
4acf3e30e,1,1,1
36731724b,1,3,1
1b89f5335,0,0,0
f891608d9,0,0,0
9b1b9876d,1,3,1
8c0eb7188,1,3,1
1b1ddc50c,1,1,1
e267af6d8,1,1,1
2e553e40a,1,3,1
218cf1849,1,3,1
ba7ae0448,1,3,1
befafd8d3,1,1,1
f928a7e7f,1,1,1
12c071b30,1,3,1
d2dd7e8c2,1,1,1
89d8b797c,1,1,1
6e09bfe1f,1,3,1
e01f077a7,1,3,1
b47109e90,1,3,1
efeabd288,1,3,1
d1a577692,1,3,1
1f0721fa8,1,1,1
5ab4df736,1,2,1
67d0b57eb,1,2,1
23e49bd2e,1,2,1
268cdb435,1,1,1
8af1b11ce,1,2,1
3f8824a3b,1,1,1
af0494f60,1,3,1
3664119b9,1,2,1
59309ddf6,1,2,1
a5edf3e84,1,1,1
afefc6424,1,3,1
2a52daa7e,1,3,1
bf5d1a04c,1,2,1
d9c8973ea,1,3,1
5a60de180,1,3,1
360215e23,1,3,1
4c2af85fe,1,3,1
04d4ce3a4,1,3,1
d4e9f53c9,1,3,1
4b02a097c,1,1,1
f2716e1e5,1,2,1
35e96ea98,1,1,1
6fd65f90a,1,2,1
1a76d3ffa,1,2,1
bd331b74e,1,3,1
96a35824d,1,2,1
e0811bfc8,1,3,1
2f51acf95,1,1,1
0a8746c09,1,3,1
e3e2fcc71,1,3,1
aa07ee8b8,1,2,1
3275bb3bf,1,2,1
8511f09c2,1,3,1
509180812,1,2,1
061f6b476,1,3,1
a9b7b72b4,1,1,1
0993b5aa2,1,3,1
591909a93,1,3,1
16c53ebf9,1,3,1
e9b641d69,1,3,1
9a6f2f7d3,1,3,1
45b295426,1,2,1
4b932ab38,1,3,1
9adf0f234,1,3,1
aba4e5336,1,2,1
bd9e87899,1,3,1
49ad94a6a,1,3,1
ee459f62d,1,2,1
e7e2b4c4c,1,1,1
a554dbeca,1,2,1
20a9ffb5c,1,3,1
4e3e1ac61,1,2,1
dd579722a,1,3,1
93ea39e5f,1,3,1
e1e2b0af4,1,3,1
d05933e84,1,3,1
8d6f10684,1,3,1
cdcaefa4b,1,1,1
5f64ee888,0,0,0
7a23819c1,1,3,1
e13c47053,1,2,1
bbe2070aa,1,3,1
d23a71937,1,3,1
199fd5d5f,1,3,1
a8eed143b,1,3,1
a4e4b1640,1,2,1
49e7b59e9,1,3,1
83b705aaa,1,3,1
681eb7101,1,3,1
36bb93372,1,3,1
e3a372f31,1,1,1
eab44dad9,1,3,1
ed9daa1ae,1,2,1
2d7b61eb5,1,1,1
eb90062ec,1,1,1
2b9fd4034,1,3,1
35203bd2a,1,3,1
53759835a,1,3,1
cfe66604e,1,3,1
e0667be3b,1,3,1
bbd8a4220,1,3,1
1f4871c30,1,3,1
5f79b840f,1,3,1
e0be7da0d,1,3,1
e298c61fc,1,2,1
a6e7b6870,1,1,1
2c9f807c1,1,1,1
e2198e9c3,1,1,1
c49480455,1,2,1
9b9cadd98,1,3,1
b8715f663,1,1,1
3928a4b23,1,3,1
f4e83a15e,1,3,1
c3768e2be,1,2,1
1eb041ff3,1,2,1
d4223dd4c,1,3,1
20fee2991,1,3,1
baa4b862f,1,3,1
9ad448a42,1,1,1
1811b1412,1,3,1
3dd380ccb,1,3,1
f86c83084,1,2,1
c943ed53a,1,3,1
4ce29bb83,1,2,1
4693e646e,1,3,1
769ad37c5,0,0,0
9d9d9f2cf,1,3,1
6b307a8ec,1,3,1
f51e72db2,1,3,1
cade4f9b9,1,3,1
7f74af51f,1,2,1
72ec92880,1,3,1
1b752d78e,1,3,1
e40a90daa,1,3,1
85327438d,1,3,1
8d2afd85f,1,3,1
176e54ffd,1,3,1
aee21db9b,1,3,1
07b9322e2,1,3,1
2239dee36,1,2,1
477456925,1,3,1
aabd8c0d6,1,1,1
4c2040263,1,2,1
653f94080,1,2,1
8bed563dd,1,1,1
c9feb3eb3,1,1,1
e20a1885f,1,3,1
2e2b3f60c,1,3,1
8f47e7ad3,1,3,1
7d2e1dd01,1,1,1
348a982e2,1,3,1
92bf36222,1,3,1
5c67a27f5,1,3,1
35225eb67,1,3,1
2fd59d272,1,3,1
14f3fbc84,1,3,1
f39938992,1,3,1
91568ddf1,1,1,1
aaf7d5da8,1,3,1
f5a34370d,1,3,1
4a56df934,1,1,1
e241fc7da,1,3,1
f759dc332,1,3,1
208843e22,1,3,1
c71d630d8,1,3,1
ee2def69f,1,3,1
94b6d93ea,1,3,1
54b2051c1,1,3,1
b00ce0fd0,1,2,1
53cfa1a3c,1,1,1
aa0f2c425,1,2,1
216550479,1,2,1
7cd7dc461,1,1,1
283d778d2,1,3,1
2e1853b79,1,3,1
26039ba4f,1,1,1
b1d936001,1,3,1
cf86cc5ea,1,2,1
092418816,1,1,1
4d43092e3,1,3,1
6be26ea05,1,3,1
f0d254628,1,3,1
53b89efb9,1,3,1
cecf7977d,1,3,1
4fac67d06,1,3,1
b2048c71d,1,2,1
2dccbfd25,1,3,1
cff3127ad,1,2,1
26284d23a,0,0,0
65c1d2996,1,3,1
11a30eacf,1,2,1
ad19a6ee0,1,3,1
e8ee48e12,1,3,1
ee01c4e6c,1,3,1
682b7b7d0,1,1,1
9a1a1d801,1,2,1
ee4acef8d,1,3,1
5573e21b6,1,3,1
5297d9ba8,1,3,1
2679a20fe,1,1,1
6c06b0725,1,1,1
e5f54d20e,1,3,1
5f986901c,1,1,1
cbef1e6db,1,3,1
65e601b18,1,1,1
ec5af82ff,1,3,1
10b9af23d,1,2,1
08fc1372f,1,3,1
e681e0cbf,1,3,1
437bda050,1,3,1
0722660e0,1,3,1
1f043910a,1,3,1
22e9d72ce,1,3,1
b65f00ae4,1,3,1
a78dcb663,1,1,1
10741c443,1,3,1
a9092993a,1,3,1
06ee33d56,1,3,1
261fc97ec,1,2,1
0acb3bf7a,1,2,1
6b0da38ae,1,3,1
4ec9289df,1,2,1
8563d2004,1,3,1
2f260b3da,0,0,0
d45e400b8,1,3,1
b9cb2f0fd,1,3,1
6b91edb8b,1,3,1
01a07b591,1,3,1
a809464ca,1,3,1
748207a86,1,3,1
127daa5e3,1,3,1
93c16b08b,1,3,1
4a0a6f8a7,1,1,1
571ce0202,1,3,1
1542ab941,1,3,1
8a464e436,1,3,1
79ac40056,1,1,1
ef1966105,1,3,1
98128b920,1,2,1
5edc72757,1,3,1
23bcfa015,1,2,1
a8d44452c,1,3,1
c5756030f,1,3,1
60786724b,1,1,1
cff111e4e,1,1,1
e0f3c756a,1,2,1
fd015c129,1,3,1
eebee574e,1,3,1
6469a2a4a,1,3,1
ab38d8710,1,3,1
c7f9361f9,1,1,1
85952663a,1,2,1
3335796f3,1,2,1
5f6931436,1,3,1
db9af2894,1,3,1
8abd027df,1,3,1
5e6a7ea61,1,2,1
77bff1468,1,1,1
27f0a51cd,1,3,1
d3f0d22a7,1,3,1
31a2e04d7,1,1,1
30507c621,1,3,1
945a6fa56,1,3,1
e0764fb9a,1,3,1
7316c548e,1,3,1
f3abe5d8c,1,3,1
08b7e05a5,1,1,1
c0d50b9f1,1,3,1
2ad565311,1,1,1
9cf32e2a6,1,3,1
2b5c446cc,1,3,1
b501efb71,1,3,1
c4f05fe80,1,3,1
13be42d0e,1,3,1
b943a95a3,0,0,0
5f44a43f4,1,3,1
ed4604a70,1,3,1
482d05dc8,1,3,1
f22ff0f64,1,3,1
47ee9c210,1,2,1
c5b943ccc,1,3,1
774bd5a80,1,3,1
5cdb90323,1,3,1
7fbd06366,1,1,1
b35c61109,1,3,1
0c859ef92,1,2,1
9b90faeb5,1,2,1
47008c34b,1,2,1
60ddc474c,1,3,1
ffb315803,1,3,1
eac9739c8,1,3,1
e4ab25214,1,3,1
64e7edd37,1,2,1
56ba19506,1,1,1
275df2552,1,3,1
70900313d,1,3,1
c80811400,1,3,1
697c8c6c9,1,1,1
2bdf3471b,1,3,1
4c3bb438d,1,3,1
f53e55959,1,3,1
baa309426,1,3,1
3acfe9fcd,1,2,1
44f198a24,1,3,1
64a3f89ee,1,1,1
76b366645,1,3,1
ada6358f5,1,3,1
ff8e4c708,1,3,1
e5f479999,1,3,1
efa71e34a,1,3,1
46a5f0ba6,1,3,1
3f5405630,1,3,1
15e5b6d26,1,3,1
341420028,1,3,1
b641cecaf,1,2,1
bc5ae0001,1,1,1
f7a37173d,1,1,1
0bf83cc3e,1,2,1
7af35cc82,1,3,1
b98610e10,1,2,1
8d5f95d9a,1,2,1
e6e536800,0,0,0
a4c8f64c1,1,3,1
8fddd8a5b,1,1,1
47ae048a5,1,3,1
34dd3cb69,1,3,1
f291e702a,1,3,1
b5974bdd0,1,3,1
ec7383d83,1,3,1
426662616,1,3,1
b76a6d7fa,1,2,1
afda0a2dd,1,3,1
e26548e11,1,3,1
4a0d03a9f,1,3,1
f4060848e,1,3,1
21a7f4896,1,1,1
3244cff21,1,1,1
dc76a1735,1,1,1
500fdf3b1,1,3,1
cff0d8c7b,1,1,1
9180e09cb,1,2,1
b940cf8b8,1,3,1
0d5d436f4,1,3,1
23cdf5f21,1,3,1
04dc94c39,1,3,1
5a289a426,1,2,1
523af701f,1,3,1
b11103508,1,3,1
8c9d9842b,1,2,1
a07a65495,1,1,1
71a92867d,1,3,1
5bb4cc5d3,1,3,1
881a77dfb,1,3,1
1c6aa4b33,1,3,1
c2eec623c,1,1,1
5eaee2353,1,3,1
7c3423bab,1,1,1
336504b7d,1,1,1
cb33000d9,1,2,1
c484dec95,1,2,1
97d823486,1,2,1
76aba4871,1,3,1
88bffd281,1,3,1
4dc92008d,1,2,1
5d32494f0,1,2,1
baf7a42fd,1,2,1
c76e9857b,1,3,1
0c64363af,1,3,1
048df7861,1,3,1
c014197ab,1,3,1
337405507,1,3,1
b6c59bc1e,1,3,1
2a1bd7d28,1,3,1
0d508e63a,1,2,1
a77045d3b,1,1,1
058f21441,1,1,1
5145c1766,1,2,1
26aa722e1,1,1,1
263f0704d,1,2,1
20ef89810,1,3,1
69c9ba4b3,1,3,1
1940d9eb3,1,3,1
631c813af,1,3,1
180f1ef16,1,2,1
51366110e,1,3,1
d8876247a,1,3,1
0ae247e90,0,0,0
e27fa93d3,0,0,0
5357633c0,1,3,1
c8c8ce5d4,1,3,1
50417cfa8,1,3,1
2b1582f99,1,3,1
bbbeb3ab0,1,3,1
ba4f42314,1,3,1
f2f984796,1,3,1
59d42b6bb,1,3,1
979bab13e,1,3,1
850b0f686,1,3,1
4f5fd467a,1,3,1
34872e9a7,1,2,1
115299f16,1,2,1
4d7578341,1,2,1
079332bdc,1,1,1
240ddd506,1,2,1
8fa705c07,1,2,1
ce971a506,1,3,1
e1af060fb,1,2,1
dd654a9e7,1,2,1
20336bf88,1,3,1
d1274381b,1,1,1
23c8c5957,1,3,1
cd8af1bda,1,3,1
b138f5cc9,1,3,1
9eb6e75e2,1,3,1
d8dd968c6,1,1,1
d057b97bb,1,3,1
cf3bce1cc,1,3,1
4e3586785,1,3,1
7e5d4e317,1,3,1
8834ac7da,1,3,1
00ac364a4,1,1,1
44dcffea3,1,2,1
1c2dfa92d,1,3,1
bf0dd40e3,1,3,1
45217971b,1,3,1
0e58b35b6,1,2,1
c9e2b26c4,1,3,1
90f09b568,1,3,1
451d64f26,1,3,1
bd3087edf,1,3,1
810ff9d37,1,1,1
aa68a3672,1,3,1
a3cc5de2b,1,3,1
b40818da6,1,1,1
8f3235380,1,1,1
dbba10f87,1,3,1
170fa3d49,1,3,1
d15a5363e,1,3,1
b5c0db93a,1,1,1
eb22ed27d,1,3,1
079785984,1,3,1
aeda0ac0d,1,3,1
04f8947f3,1,3,1
c958b75b3,1,1,1
40f1ee340,1,3,1
78cf59390,1,1,1
0e6523901,1,1,1
1258aaebb,0,0,0
f8e1ea097,1,3,1
4c1ac19c2,1,3,1
a892f5fd3,1,3,1
2e5e35de8,1,3,1
98782b403,1,3,1
5b4dd9fb3,1,1,1
a4dd57b11,1,1,1
d353b436f,1,1,1
b65dc15af,1,1,1
684567fc4,1,3,1
632b28a99,1,3,1
ca0bf0760,1,3,1
ba79cfddf,1,3,1
ebdf19959,1,3,1
a52a7c357,1,3,1
b3cf90bd1,1,3,1
6210026f5,1,3,1
a1be4d855,1,3,1
eb4f09e0e,1,3,1
eded59b25,1,3,1
5c881b941,1,1,1
4f39ec246,1,3,1
24d1c128d,1,3,1
f1db33c30,1,2,1
1a4a2e683,1,3,1
8509ad722,1,3,1
21958b8f8,1,3,1
40ca5f1a0,1,3,1
9d4cf29f6,1,3,1
1aabe595c,1,3,1
1bff3e46f,1,3,1
ee50b9066,1,1,1
42af80bc3,1,3,1
a9085cdde,1,1,1
aca6b6256,1,2,1
c81372ddd,1,3,1
8016d3648,0,0,0
f2b8dbfde,1,3,1
b7cb6e33e,1,2,1
1c562d3a8,1,3,1
8111713a2,1,3,1
603e173e1,1,3,1
24abd7725,1,1,1
3cda8c2d7,1,3,1
2cb9ce5ac,1,3,1
96477b249,1,3,1
d14a86fd4,1,1,1
10486a12e,1,2,1
787acfb28,1,3,1
bce0e17b9,1,3,1
d2a1b5401,1,1,1
ca75db93c,1,3,1
9c14d8650,0,0,0
b268202d8,1,3,1
dc4747d5c,1,3,1
705d4f296,1,2,1
221331819,1,3,1
ae30afe08,1,3,1
8f6b92b4d,1,2,1
e8fdeb33e,1,3,1
fdffad0c0,1,3,1
89bdd90b8,1,3,1
973dddde5,1,3,1
2f73851f5,1,3,1
8cce291a9,1,1,1
ffab93d18,1,3,1
5267f524a,1,1,1
4d767b639,1,3,1
6282ddf87,1,3,1
a27a03914,1,3,1
bac8c1a73,1,3,1
304f1260c,1,3,1
880e13787,1,3,1
d35a6449f,1,3,1
52da0c86c,1,3,1
9488e6011,1,3,1
2e5d8fd10,1,2,1
0cce7d218,1,3,1
6f08e9c5f,1,3,1
cbef8d00b,1,3,1
04af86059,1,3,1
0142670c8,1,2,1
e50174698,1,3,1
d4e6a9aab,1,2,1
ec14446ba,1,3,1
316756c4e,1,1,1
d04fbf327,1,2,1
d16c37008,1,1,1
d350f881f,1,3,1
abf02f04c,0,0,0
b8088575c,1,3,1
dc23feccc,1,2,1
b3e897856,1,3,1
a89fd1f1e,1,3,1
473af1ce7,1,3,1
d9b9b0174,1,3,1
9fab4e65f,1,3,1
d8f3da4b6,0,0,0
a98716d75,1,3,1
38d0a0bab,1,3,1
49e00fc7f,1,1,1
a24a102b1,1,3,1
5780fe74a,1,2,1
ef7870add,1,3,1
b58cef42d,1,3,1
ad5692ee7,1,3,1
c318c6ccf,1,3,1
95914d469,1,3,1
fee500b95,1,3,1
5c62b4a8e,1,1,1
f1dc8864e,1,3,1
8cb79284e,1,2,1
3e3743dc7,1,3,1
2d572bc20,1,2,1
edd8e11d2,1,3,1
bf6a56d33,1,2,1
6b42c0d29,1,2,1
cd9d97bc8,1,3,1
a1093437e,1,3,1
a21f183ed,1,3,1
14c70b2c2,1,3,1
e38690387,1,3,1
3750b5365,1,3,1
6c7fc08e6,1,3,1
f8d98877d,1,3,1
2b95747f3,1,1,1
6632022cd,1,2,1
1ea9285ea,1,2,1
c4be004d4,1,1,1
c39793853,1,1,1
d1531602c,1,3,1
50ad19176,1,1,1
a0c584c54,1,2,1
78e5e19b6,1,3,1
f810c2cae,1,3,1
b517c8c90,1,1,1
edac63019,1,1,1
c99720dbb,1,3,1
c0a4d02cc,1,3,1
d2fa0b0df,1,1,1
1fd1d2349,1,2,1
9b7f2424f,1,3,1
5b31b0fa4,1,1,1
1ba7bdbe6,1,3,1
c63dc4adb,1,1,1
9edb2d79a,1,3,1
767a3b706,1,3,1
54b687d7c,1,3,1
bef897b2b,1,2,1
e4b1b7afe,1,1,1
056bf1b17,1,3,1
69f986aaf,1,2,1
911464bd8,1,3,1
918471707,1,3,1
b567ca662,1,3,1
f03a41229,1,2,1
feb06d776,1,3,1
a2c98c186,1,3,1
ac45f71e3,1,3,1
ebae250e9,1,2,1
84ce5f32b,1,3,1
e808d9fee,1,2,1
94f9f7789,1,2,1
5aeba94a3,1,1,1
05bbc9111,1,3,1
3af6477aa,1,3,1
d01112d4a,1,2,1
99a0196aa,1,3,1
ecba83b43,1,2,1
485cff597,1,3,1
162195d38,1,3,1
295dac1ce,1,3,1
258fe3053,1,2,1
b09ecfb53,1,1,1
331a14422,1,3,1
c383e3e7b,1,3,1
36c4871dc,1,3,1
82f1872bf,1,3,1
38a7b1842,1,3,1
2fe1eb7b8,1,2,1
23a1e62d8,1,1,1
d3ec31e51,1,3,1
32ac38a9f,1,3,1
35bbb3a85,1,3,1
784e466b1,1,3,1
425804cd2,1,1,1
f68bec222,1,3,1
c5baf5497,1,1,1
16ffedcf8,1,3,1
cf68421ff,1,3,1
18286db6a,1,2,1
e66a993a5,1,3,1
addb9bc2d,1,1,1
c8e2a9092,1,2,1
4a5a05ef7,1,1,1
11fa9d216,1,3,1
6d22192b4,1,3,1
e80b8d2d9,1,1,1
5abbde253,1,2,1
9468e2ed1,1,3,1
e27adf529,1,1,1
85f63b533,1,3,1
cbd6b3064,1,1,1
e84771c5d,1,1,1
c278935de,1,3,1
8599dc67a,1,1,1
603fa62e1,1,1,1
6c64dd197,1,2,1
f1b4a123f,1,3,1
99cbd42dc,1,3,1
1ea31c6df,1,3,1
4a8f49ac8,1,3,1
8f22842c0,1,3,1
e3c2316ef,1,3,1
db4165316,1,3,1
3bb49d7d9,1,3,1
0e12b9baa,1,3,1
7e1a6a1f0,1,3,1
186779691,1,1,1
daf955524,1,2,1
bf99a973b,0,0,0
5009ff19c,1,1,1
f9464ddbf,1,1,1
5113edf84,1,1,1
63f2be2e0,1,3,1
15d4c0bad,1,3,1
5d9feff2e,1,2,1
7ec261d88,1,3,1
7a0746a1f,1,3,1
fa253c6e7,1,3,1
e92b33580,1,3,1
ea087d248,1,1,1
86f41cec9,1,3,1
df89cc1e0,1,3,1
0c5fe8151,1,2,1
d4ae1eedd,1,1,1
e4a48ef49,1,3,1
cad1405fc,1,2,1
fea9183f6,1,1,1
8fc9d6c1a,1,2,1
0820696a3,1,2,1
0e1b8bb74,1,3,1
c6df796ba,1,2,1
dfa39b9f1,1,2,1
605eca728,1,1,1
b70ec3788,1,1,1
47ec9e919,1,3,1
7dcbe3383,1,3,1
d5f441f79,1,1,1
fe2757847,1,1,1
de4de2e7c,1,2,1
09e64ce2b,1,2,1
fd1cd576c,1,1,1
1adc56d3c,1,3,1
b533529a6,1,3,1
ac9feb346,1,1,1
b460a9761,1,1,1
062b387cf,1,2,1
bf6dedb55,1,3,1
917ca93b3,1,3,1
1b36762d2,1,3,1
7f7080e6b,1,3,1
1c107ce2b,1,3,1
f3f8d5097,1,3,1
f7550219b,1,3,1
c03b8b2db,1,3,1
12b47b4e8,1,3,1
fe1c36fb1,1,2,1
40b1839ea,1,3,1
553d1ee3b,1,3,1
8b9739cef,1,2,1
e464e666d,1,1,1
8ca49ce85,1,3,1
ab083aa2a,1,1,1
321c14446,1,3,1
4db45721a,1,3,1
237551493,1,3,1
a40a230be,1,2,1
c7e3c3270,1,3,1
f1d86e6ea,1,2,1
cfb8b6b93,1,3,1
a6171ee98,1,2,1
56147c737,1,1,1
36a5b3b3e,1,2,1
f0bfe80e3,1,3,1
6c14f7807,1,2,1
1da4026cd,1,3,1
00a1a8af4,1,3,1
662f8c2a9,1,3,1
c2deaf1e4,1,3,1
7d967671a,1,3,1
03f8a64fe,1,1,1
03f130f5f,1,3,1
abebcf1e4,1,3,1
5e5f1623c,1,1,1
165e11d30,0,0,0
07cf7d230,1,3,1
39f1d116e,1,3,1
00f3a3993,1,3,1
e8e2a6a8d,1,1,1
d1de97c49,1,3,1
27cf74bf1,1,1,1
38fb7c50c,1,3,1
9bd0992bc,1,3,1
3b15c42d3,1,3,1
39c654eaa,1,3,1
09d7272ad,1,2,1
cbaabed93,1,2,1
e0b36580b,1,2,1
623111d43,1,3,1
573900346,1,1,1
59bedbb97,1,3,1
2172fb9fa,1,3,1
c86e1aab2,1,3,1
e809de3b9,1,3,1
6f665c704,1,3,1
fa2c37e6a,1,3,1
7d6d03de2,1,2,1
8240f1522,1,3,1
6666265da,1,3,1
eea42fc56,0,0,0
8ee6dae8d,1,3,1
ffe5a0271,1,3,1
51c4018b8,1,3,1
3433731c5,1,1,1
9e5344b71,1,2,1
74f15e0fd,1,1,1
bd763ab11,1,2,1
c0e37eccd,1,3,1
df880995b,1,1,1
5546a54ef,1,3,1
8019d0c63,1,3,1
7276be56b,1,3,1
f64fd2354,1,1,1
4dcee3363,1,3,1
3b3349318,1,1,1
a14f8bd53,1,3,1
2befe2607,1,2,1
c3c6b71c8,1,1,1
467faacc0,1,3,1
edbffc8cf,1,1,1
6fc2970d6,1,3,1
a32e58f2f,1,3,1
3695274de,1,3,1
e30bac76c,1,3,1
04aa54436,1,2,1
546957a8b,1,3,1
1e6970298,1,3,1
01c62e03b,1,3,1
c9595d1f6,1,3,1
7759517e2,1,1,1
a226d8246,1,1,1
46c5fd256,1,3,1
2fc5c49c1,1,3,1
f19658d12,1,3,1
8913e5b27,1,3,1
e4efae0f1,1,3,1
6460390c0,1,3,1
3cc6084ca,1,1,1
ab1ed5c13,1,2,1
0ced977d7,1,1,1
affeb8b58,1,2,1
affc18183,1,1,1
b3a42fc4a,1,3,1
5366eff00,1,2,1
caf786c94,1,3,1
570fb2f6c,1,3,1
151481179,1,2,1
705ce0ebd,1,3,1
2fcbb6376,1,3,1
7dfa1e78c,1,3,1
c69af3423,1,2,1
e809f1cb5,1,3,1
9f41a024f,1,2,1
538b47698,1,1,1
3a7b85800,1,1,1
abb847f55,1,2,1
4c237475f,1,3,1
1a3c44785,1,1,1
40f9864d9,0,0,0
0ca5a506e,1,3,1
c6189ea84,1,2,1
3afb76273,1,3,1
7a785a607,1,1,1
385b5b8fc,1,3,1
263e34731,1,3,1
4cdb41608,1,3,1
000fb9572,1,3,1
a2e22831f,1,3,1
2628915bb,1,1,1
608a58c8e,1,3,1
11b3fd45f,1,3,1
ac34b6e29,1,3,1
1f7bf1b32,1,1,1
f5dc6f316,1,2,1
737413132,1,2,1
b05d0484f,1,3,1
be2119ed0,1,3,1
57ac7373a,1,1,1
75332917e,1,1,1
0fc52b599,0,0,0
057e5347f,1,3,1
da7895cbd,1,3,1
358517d09,1,3,1
d0ef38cff,1,2,1
634f65242,1,3,1
196d58932,1,1,1
01a7b719c,1,3,1
8e01a6de2,1,3,1
d60dbdd7a,1,3,1
3effb8d44,1,2,1
71ef1c6c4,1,2,1
d3ef2ebef,1,3,1
9f2e4a2e1,1,3,1
dbd4f79ef,1,3,1
5ca36463c,1,1,1
ca8306c33,1,2,1
31c12668d,1,3,1
d4850786d,1,1,1
ea3ebc38a,1,3,1
e7b5ed1a2,1,3,1
84d7ac922,1,1,1
f4316f2bc,1,3,1
db2d1ccaf,1,3,1
7cc9b21fd,1,2,1
7d4f585b5,1,3,1
a2cd8b4ae,1,3,1
c82f54ef6,1,3,1
92d2ebdff,1,2,1
8189ff9ac,1,1,1
5d792dd24,1,3,1
93b1ca32c,1,3,1
80b657db1,1,1,1
7bb136045,1,2,1
cc9f9c4c1,1,3,1
66038a4b3,1,2,1
cb5e73024,1,1,1
0caa3437b,1,3,1
8c1658988,1,3,1
451d18ba3,1,3,1
05d2022eb,1,2,1
6aa9012fd,1,1,1
e5a2e7156,1,3,1
68e6f19f5,1,1,1
808144591,1,1,1
c9efae474,1,3,1
ec2bb7160,1,3,1
b26374255,1,2,1
c2f8022f3,1,2,1
a113449ce,1,1,1
7c3481fda,1,3,1
ffdad97e5,1,2,1
f5bf7aabd,1,2,1
9f1ba804c,1,3,1
9e6abcf6c,1,3,1
2ba66d1e1,1,3,1
cf74322de,1,2,1
7d0aedfb3,1,1,1
ae6db87d4,1,2,1
d336e6953,1,3,1
a2d87dd35,1,1,1
cace2b412,1,3,1
d1632981e,1,3,1
10a093758,0,0,0
cf419ae71,1,2,1
ca1df3f71,1,3,1
5bae0f028,1,3,1
a674a0bd7,1,2,1
22e73ac3a,1,3,1
5fb30c1f8,1,3,1
d37659c5d,1,3,1
ddd7cc601,1,2,1
1b9cedf4a,1,2,1
c91873618,1,2,1
9b9976e20,1,3,1
7d52177d6,1,3,1
b37d04bd6,1,1,1
839d4d8cb,1,2,1
0a536633a,1,3,1
e6e4a6f37,1,2,1
9c17624f8,1,1,1
1ae4a77ba,1,1,1
fc46e61c5,1,3,1
61f0927c3,1,1,1
e09c0a3be,1,1,1
5e3dc5d76,1,1,1
f6d2c9972,1,3,1
d6a84a290,0,0,0
18427ab22,1,3,1
92a038846,1,3,1
818df5a9f,1,3,1
9a65d163b,1,3,1
da9339584,1,3,1
6c9aeeb27,1,3,1
f235e6a5a,1,3,1
1ac7dad15,1,3,1
38c5d4e0e,1,3,1
69f4a00df,1,3,1
c9d8b22d0,1,1,1
60923a60d,1,3,1
ce0e8f18f,1,3,1
ce9332934,1,3,1
49ad7909d,1,1,1
b488dc067,1,3,1
104910cb4,1,3,1
0eb219818,1,2,1
b5b9c3c05,1,2,1
caa5d1e6b,1,2,1
d77a66a2f,1,3,1
f5d60ca48,1,1,1
dffa25e61,1,1,1
a845ba4d6,1,3,1
8988d22a5,1,3,1
f6003c18b,1,2,1
f262fd637,1,3,1
e01bb78f2,1,1,1
bb5917ca8,1,2,1
bc6abd32e,1,3,1
7c5a912a5,1,3,1
d061bc124,1,2,1
420f5cd9c,1,2,1
0d150e90c,1,3,1
e276a9ad1,1,1,1
af9279a3f,1,3,1
b310f969f,1,3,1
cc563b215,1,2,1
6e60c80ab,1,3,1
cbfaa79cb,1,3,1
6a3607d09,1,2,1
04391c798,1,3,1
dd7ab4e26,1,3,1
a8ce7d647,1,1,1
1d79d37b3,1,3,1
e4424b719,1,1,1
c0ab24656,0,0,0
bf9bd91e1,1,3,1
5c82c5903,1,2,1
ec59f8c50,1,1,1
20b7e24b2,1,1,1
b60e920db,1,3,1
0f6f980c9,1,3,1
a22ddc666,1,2,1
ae52ea5c4,1,1,1
993113176,1,1,1
33715275e,1,3,1
df03e957d,1,1,1
c4b316827,1,3,1
6d4f64bb7,1,1,1
1e2cca514,1,1,1
2a9223451,1,3,1
2ff35ef73,1,3,1
552bb16e5,1,1,1
6434d0273,1,2,1
4f94e2b5a,1,3,1
e6645c764,1,3,1
1c40fd781,1,2,1
015b8b722,1,3,1
bcda757a8,1,1,1
2f4c22fec,1,3,1
6a7310588,1,3,1
f7be274e0,1,3,1
360f2c8b9,1,1,1
4dc6822f8,1,3,1
21206933c,1,3,1
373f757c7,1,1,1
ee2e82f01,1,3,1
58e368a56,1,3,1
3ce0f0aa5,1,3,1
01142a354,1,3,1
615df1d7d,1,3,1
133ca8c90,1,1,1
299e17017,1,1,1
8a615bfca,1,3,1
32f617eda,1,3,1
2f532707f,1,3,1
8a4e70a21,1,3,1
3f518238a,1,3,1
9427b3749,1,3,1
9cc36a057,1,1,1
35542ae3e,1,3,1
f9d621157,1,3,1
0291e8ca0,1,3,1
10e26690b,1,3,1
27a7a1795,1,2,1
9fe4f4b78,1,3,1
9795ce5b0,1,1,1
6f1a516f4,0,0,0
f0193b572,0,0,0
48f2b0d54,1,3,1
7bf5ab7bd,1,3,1
72bd22c9e,1,3,1
95ee4775c,1,3,1
2f6cde44b,1,3,1
0b243ba27,1,3,1
45ea16ef8,1,3,1
730393b07,1,3,1
1c411730a,1,3,1
9e935b385,1,3,1
c8a6c0351,1,3,1
d8af1e7a3,1,2,1
c56dc5726,1,1,1
ffa5c6c35,1,1,1
493ab5d96,1,3,1
3a0ebb3d1,1,1,1
53c0ebe89,1,3,1
511b245a5,1,3,1
f1ceeda99,1,2,1
3a9f1c036,1,3,1
89bcd0921,1,2,1
062633cb1,1,3,1
42d565331,1,2,1
b1db8335c,1,3,1
a89af346d,1,3,1
81614060c,1,3,1
daa7f33d4,1,3,1
4b4f32911,1,1,1
cae5c7ef1,1,1,1
e90930a27,1,3,1
c60a12958,1,3,1
0f15ed6ab,1,3,1
959064f3c,1,1,1
788ea6e94,1,3,1
0d116bb3f,1,1,1
5b07e0e6a,1,3,1
26a1a063b,1,3,1
7d2811dc5,1,1,1
0bd83ba72,1,1,1
248c027cb,1,3,1
9795221d0,1,3,1
75b13bc88,1,3,1
c44215cc8,1,3,1
9e51267f5,1,2,1
f749cd744,1,2,1
92e87765e,1,3,1
3f9b11590,1,1,1
0995bd489,1,3,1
cea2544a7,1,3,1
8e6e57951,1,3,1
6a9f15d94,1,3,1
40dfeeb65,1,2,1
0605aab21,1,3,1
25a834a2e,1,3,1
6caab3194,1,3,1
2e77e1c78,1,3,1
13485ebf1,1,1,1
27e649547,0,0,0
ad5118660,1,3,1
d31cc5eb8,1,3,1
d596234fc,1,3,1
fca79ffbf,1,3,1
73de2789e,1,3,1
750f8baba,1,1,1
e62224eeb,1,3,1
72389d266,1,2,1
5112b0c92,1,3,1
5e1c81876,1,1,1
1a53ed96d,1,1,1
fee0b4da6,1,3,1
4982cc983,1,3,1
47da8bc00,0,0,0
046256943,1,3,1
0a8fc6614,1,3,1
1d164a82a,1,3,1
4374d6f52,1,2,1
393198f9d,1,3,1
9625d0998,1,3,1
b0d64a249,1,3,1
93d43258b,1,3,1
63a4f8b8a,1,3,1
a2e82a58a,1,2,1
a645311ed,1,3,1
f10643d7e,1,2,1
3501d8f4f,1,3,1
ac35bae60,1,1,1
21d26302c,1,2,1
e08e93f16,1,1,1
2619f003d,1,3,1
0edb4e3b2,1,2,1
e6d358f70,1,2,1
9593c0350,1,3,1
530aac28c,1,3,1
bd53ebc9a,1,3,1
54ab4b5d2,1,3,1
621b83ac7,1,3,1
c335ad2df,1,3,1
038d06218,1,3,1
a76cbec89,1,3,1
a7b91a377,1,2,1
32287a62f,1,3,1
9cb5c5f68,1,1,1
d2330704c,1,3,1
dfdbfce71,1,2,1
4248ee26d,1,3,1
8a7860ee2,1,1,1
3e242ed8c,1,3,1
d8e7caaff,1,3,1
52ad1225c,1,3,1
68e46ed0e,1,3,1
ecc626163,1,1,1
9aa0e02ef,1,3,1
dcaae830b,1,2,1
544c16564,1,3,1
0aa767c04,1,1,1
19efe1616,1,3,1
710dc1661,1,3,1
87b715441,1,1,1
85ef0faa4,1,3,1
b879a154c,1,1,1
a61776aba,1,3,1
c00b7ba5d,1,3,1
850cb2e50,1,2,1
4645fcfae,0,0,0
818faec45,1,1,1
08006836a,1,3,1
6f43738b5,1,3,1
5a3113fdd,1,3,1
cd3cd5fcc,1,3,1
14c70761a,1,1,1
63a5af53c,1,3,1
9403bf0ec,0,0,0
3f2d1ff6c,1,2,1
4d7dd6115,1,3,1
dcd75bfdb,1,3,1
9f4a72311,1,2,1
85f71876c,1,3,1
50ef65df7,1,1,1
c7561189e,1,3,1
e678bcc42,1,1,1
f58424835,1,3,1
e2db9e1eb,1,3,1
c70dc1bd1,1,1,1
ec794cf89,1,2,1
d2fa7a847,1,3,1
3f4d6a956,1,3,1
ea4cea375,1,3,1
b0b9f2902,1,1,1
941eb9304,1,1,1
e830259ca,1,3,1
bd74f5ce8,1,1,1
06fda20a2,1,1,1
88af83705,1,3,1
8b9d9a18b,1,3,1
da2cdb505,1,1,1
e31df86bc,1,2,1
2039114f1,1,2,1
8e3473e81,1,3,1
dc39b80f6,1,2,1
1a90a4805,1,3,1
005bb92d8,1,1,1
aa7548beb,1,3,1
469894776,1,3,1
a355a6873,1,3,1
79e5de9a7,1,1,1
532b5a798,1,3,1
f569b3a29,1,3,1
1380b76cf,1,3,1
347be28a8,1,3,1
ccd14639f,1,2,1
1effd827e,1,3,1
669a5865f,1,2,1
71297d780,1,1,1
4ec3a7275,1,2,1
146b9d6e7,1,3,1
727b7e63a,1,3,1
b66cae579,1,3,1
b5010c15b,1,3,1
3ee594f5a,1,3,1
0902b6664,1,3,1
44aafd1b1,1,1,1
17d90c2d9,1,3,1
32ad56035,1,3,1
5a12ecdfc,1,2,1
7d0fcdd6d,1,1,1
205dd56e1,1,1,1
295a99691,0,0,0
cccd16111,1,3,1
13a1e27a5,1,3,1
45dea4033,1,3,1
859b1b236,1,3,1
ba5526238,1,1,1
73ab55e8c,1,1,1
d02feb234,1,1,1
f6dc58442,1,3,1
7b974ca01,1,3,1
2105b697d,1,1,1
1eb1f56ed,1,3,1
e2daa33db,1,3,1
193781ef0,1,3,1
9d356b9f6,1,1,1
66064ba80,1,3,1
8c2aae63b,1,3,1
4e58931ea,1,1,1
2b4c4793d,1,1,1
adfd0f0bc,1,3,1
55c827f51,1,3,1
9999b8c82,1,3,1
4445fb72d,1,3,1
fc7706b56,1,3,1
687ddcca9,1,2,1
49ba2ccff,1,3,1
b97569bc9,1,3,1
2fab464fb,1,3,1
f9e3a51c1,1,2,1
c34b20922,1,1,1
51d880078,1,2,1
da405f364,1,1,1
bd006f963,1,1,1
6333963fe,1,3,1
6730a4a60,1,3,1
283d0763f,1,1,1
80b7c910d,1,3,1
6438c6b3f,1,1,1
560232264,1,3,1
0e9a2fed4,1,2,1
ac2f56dbf,1,1,1
6ae92889d,1,3,1
9f48a8fe6,1,3,1
c63b71f0d,1,1,1
37cec5261,1,2,1
cfe8c6bef,1,3,1
e2fbb0332,1,3,1
f9934b985,1,3,1
93cfea76a,1,3,1
dbe634a4c,1,2,1
a39ad6dc7,1,3,1
48a44eac5,1,1,1
3fc2f9495,1,3,1
4a609b82b,1,3,1
9bc084196,1,3,1
e2b428f75,1,3,1
40e578da4,1,1,1
315d0e254,1,3,1
99d5d4d41,1,2,1
9aee8fe5a,1,3,1
5ad9215c4,1,1,1
a385cb92a,1,2,1
ccc88931c,1,3,1
d6be47a3c,1,2,1
0b6022baa,1,3,1
76d3ef2a4,1,3,1
cce8fa6c2,1,3,1
573ebc9a8,1,3,1
b01c8995e,1,3,1
ee9ba4990,1,3,1
03f0fc32f,1,3,1
3a3d4f5dc,1,3,1
64f5e2165,1,3,1
394c13865,1,3,1
421ea515e,1,3,1
3f2785c07,1,3,1
b8d96cdd0,1,3,1
0be5af159,1,3,1
206c304d1,1,3,1
004c2f355,1,2,1
0fcc3cefe,1,3,1
fc63194d1,1,3,1
af8cd40e0,1,2,1
ee2c40165,1,2,1
017d966eb,1,3,1
7d8ffca23,1,3,1
fc02869d9,1,3,1
8ca64b428,1,3,1
269db95d5,1,1,1
5071e525c,1,3,1
70a33ed88,1,3,1
8f20e24ef,1,3,1
3313aa06f,1,1,1
2de425c1b,1,3,1
a8c19a325,1,3,1
babf0f6cd,1,3,1
2d6e2292d,1,3,1
6b240dd0b,1,3,1
a0c9daa0a,1,1,1
628fd5227,1,3,1
e80066a19,1,1,1
b2d464e39,1,3,1
474db10df,1,3,1
48a2630a1,1,3,1
72bb30805,1,1,1
b6f77d754,1,3,1
5b480d559,1,2,1
316f30229,1,1,1
cb14d1ba1,1,1,1
802b1f331,1,3,1
b9dd5cfcf,1,3,1
422059173,1,3,1
7eae805cd,1,3,1
325d0e364,1,3,1
813a6335b,1,3,1
cd4624a1a,1,3,1
f5cfb76b3,1,2,1
2bb2a981b,1,3,1
7b60f948e,1,2,1
27b5a9db5,1,3,1
b178f36d1,1,3,1
5d8568dbd,1,1,1
ccd20906b,1,2,1
4c9cd051a,1,3,1
e78a33d4a,1,1,1
5c60f7300,1,3,1
335aacd34,1,1,1
ece153328,1,1,1
c6c14a824,1,3,1
47787f847,1,1,1
05dc47bda,1,3,1
1a12e3633,1,1,1
c46e29741,1,3,1
47dda9537,1,3,1
b2e3cf5a0,1,1,1
d5b6f17f5,1,1,1
d9fca8be8,1,3,1
672ddf4a9,1,3,1
8dd8e4a4f,1,3,1
3fccff52b,1,2,1
40fdde0aa,1,3,1
a22a8a017,1,2,1
8cbae6e2a,1,2,1
3679001f5,1,3,1
12e711074,1,3,1
8f31c806f,1,3,1
d6691251b,1,3,1
0a6b9433e,1,3,1
bf1b733a7,1,1,1
01919fe72,1,3,1
456c7a365,1,3,1
ff706f8cc,1,1,1
06afa3c64,1,3,1
c753c9bd8,1,3,1
3ad53090d,1,3,1
a080c1037,1,3,1
504e4ec84,1,3,1
048cd8bc0,1,3,1
2416a2da1,1,1,1
ba13c272f,1,1,1
62332ea2c,1,2,1
6341e0577,1,3,1
98bcfde91,1,3,1
57b1f782b,1,2,1
63a1fb887,1,3,1
e4eccb132,1,3,1
5e5d1fc6d,1,3,1
0fe419dc3,0,0,0
c7f4e4fb5,1,2,1
9dae4e297,1,3,1
f7f9eacc9,1,3,1
e8d0eedf7,1,1,1
3a016a6a0,1,3,1
f31090450,1,2,1
c72cb0d9b,1,3,1
5e711ed8d,1,3,1
615f2f661,1,3,1
a64e4905d,1,3,1
c626f2f93,1,3,1
87aff0121,1,3,1
2136a3c04,1,1,1
8f9010452,1,1,1
0fb6881ae,1,2,1
9d466bbca,1,3,1
bed675184,1,3,1
3ba4ccb80,1,3,1
ded648294,1,1,1
bec2fe7ad,1,3,1
e3883d4f0,1,2,1
7caa6d216,1,3,1
a99b34f95,1,3,1
a87f5839e,1,3,1
ed97f6919,1,3,1
06bfadf29,1,3,1
f344595d7,1,3,1
1d0a5c20a,1,1,1
dffc5cef6,1,3,1
1e6130d74,1,3,1
4fedc2eb6,1,2,1
db71b8b85,1,3,1
27ef6e605,1,1,1
bdf958227,1,3,1
603d1d51c,1,3,1
3280fa256,1,3,1
437d65d38,1,2,1
ba654b229,1,3,1
bd54dcfd0,1,3,1
71b8ca636,0,0,0
975cf510c,1,3,1
bc1319810,1,2,1
e945a1e04,1,3,1
fb6c5726f,1,3,1
fd7c54ba8,1,3,1
e90137a54,1,2,1
2caa6639a,1,1,1
fa0295935,1,3,1
54e731fab,1,3,1
884c82597,1,3,1
2d72ef0c4,1,2,1
b96d69dc8,1,2,1
546aef659,1,1,1
acb108730,1,3,1
ac4c28677,1,3,1
3060d192f,1,3,1
fe726b9d1,1,3,1
f410b0841,1,3,1
573ee1a1f,1,1,1
34dc86aae,1,1,1
ab7ccc7df,1,3,1
a0401d349,1,2,1
1f58a286e,1,1,1
5909a21cc,1,2,1
e3672355d,1,1,1
01ba86830,1,1,1
b165fe8b1,1,3,1
8d7a8a5c0,1,3,1
409ad5a23,1,1,1
94e45a1a7,0,0,0
52db8f887,1,1,1
6ef02d7e9,1,3,1
98c08df17,1,2,1
b8c54bc91,1,1,1
29ffe21fe,1,3,1
1c1bb3cd4,1,3,1
db957842b,1,3,1
ca4a8f0c2,1,3,1
86c7b7486,1,3,1
a4999bce7,1,3,1
c0edff1e1,1,3,1
e4406b18a,1,1,1
3d985e1bf,1,3,1
1be58123d,1,1,1
af8fdab18,1,1,1
8b396d0f4,1,3,1
abd80f666,1,3,1
26d0bfe44,1,1,1
2fb22dd88,1,3,1
5a21eec6d,1,3,1
107864aeb,1,3,1
9cd7bfaa6,1,1,1
11d3a4c0f,1,3,1
72ae87d2b,1,3,1
fc7f7797c,1,1,1
4802207be,1,1,1
af75249aa,1,3,1
0d7f7a155,1,1,1
5aff9022b,1,1,1
09bc86c05,1,3,1
5bbf44cea,1,2,1
7b50f927c,1,3,1
b79275092,1,3,1
e40073625,1,3,1
56d3aa3ac,1,1,1
13757a086,1,3,1
2f29e9d88,1,1,1
6e3631a29,1,2,1
90fb6e125,1,1,1
fe1edf930,1,3,1
09f75d8e1,1,3,1
b08e63db8,1,3,1
407af6f7d,1,3,1
df4354823,1,1,1
bca099371,1,3,1
a0b82db0e,1,3,1
8425c2a48,1,3,1
97e47e7c0,1,3,1
e72a77ee4,1,1,1
41d6c5f90,1,3,1
b7c4936a9,1,3,1
80092bbd9,1,3,1
02c40b53c,1,3,1
3f016dcab,1,3,1
e3b6b7d2e,1,3,1
21c281e66,1,1,1
32387ac37,1,3,1
350208e1a,1,1,1
3c8468196,1,3,1
dabcf0e55,1,3,1
96607bca0,1,3,1
35149528a,1,3,1
89c2d660c,1,1,1
0a83235b2,1,1,1
03f217352,1,3,1
481cbcedb,1,2,1
83d15cf4d,1,3,1
23d3ea5b8,0,0,0
05974bc36,0,0,0
6f8ae496e,1,3,1
34c4e74a9,1,1,1
b06d39b09,1,3,1
b3a6f353d,1,3,1
485887f4c,1,3,1
92085e776,1,1,1
74f3293ad,1,3,1
a9391d398,1,3,1
8efcfe9c6,1,1,1
09a024035,1,1,1
734123308,1,3,1
6097a5c1d,0,0,0
5a358b56f,1,3,1
2562fec96,1,1,1
81bc89458,1,3,1
4909dc5af,1,2,1
c0b704c99,1,3,1
9e9a3285d,1,2,1
1f70f8112,1,3,1
75bfbc825,1,2,1
a3dfe1991,1,1,1
9123c847a,1,1,1
05a839a89,1,3,1
811b66c3e,1,3,1
edcaed3a4,1,3,1
8c96f8ed3,1,3,1
c27c5a029,1,3,1
7e9308e0e,1,3,1
3ef9ac2a6,1,3,1
71d3ecea7,1,3,1
7db48c47a,1,3,1
9ab8dddba,1,3,1
a9772bfa3,1,3,1
bcee746ce,1,3,1
2689341e7,1,2,1
b4f476ab1,1,3,1
e09807e6e,1,1,1
e039f2392,1,1,1
af32c8be0,1,3,1
c6d39a0fa,1,3,1
26a07719d,1,2,1
3163e9acf,1,3,1
d3faf6a0e,0,0,0
745facb3c,1,3,1
ac71e856b,1,3,1
444d1c6d6,1,2,1
2c5f2907a,1,3,1
a5c5278b8,1,3,1
91bcb5a0a,1,2,1
a2317e5b0,0,0,0
c0f651276,1,2,1
3b3b37546,1,2,1
36e02d379,1,3,1
9ca247f84,0,0,0
8dc7b3ffa,1,1,1
fddd6ef11,1,1,1
e50d881a7,1,2,1
a237fba21,1,3,1
82ee2f3e9,1,3,1
0deeed2d9,1,1,1
b3101cf5c,1,3,1
941880ea3,1,3,1
c4bc89962,1,3,1
c7d02bfca,1,3,1
98ae7d88d,1,3,1
472e86a83,1,2,1
ac6d69d99,1,3,1
b7fcfa1e6,1,3,1
fc601e041,1,1,1
23874f644,1,2,1
54b6c1d72,1,3,1
cca88204d,1,3,1
f5dc70d35,1,1,1
e7f7066b6,0,0,0
36e7f8d83,1,1,1
4d163b731,1,1,1
dc0935a84,1,3,1
a01ab5b30,1,3,1
d981b6395,1,3,1
e4da1c9e4,1,3,1
a83d95ead,1,1,1
