InvoiceNo,StockCode,Description,Quantity,InvoiceDate,UnitPrice,CustomerID,Country
536365,71056,LARGE DESK PAD BLACK,3,2025-03-23 03:36:43,16.31,14168.0,United Kingdom
536365,71053,WIRELESS ERGONOMIC MOUSE,6,2025-03-23 03:36:43,30.77,14168.0,United Kingdom
536365,21228,WALL CLOCK RETRO RED,1,2025-03-23 03:36:43,18.99,14168.0,United Kingdom
536366,71057,MONITOR LIGHT BAR,1,2025-09-03 00:37:59,39.15,,United Kingdom
536366,71055,USB-C MULTIPORT ADAPTER,1,2025-09-03 00:37:59,25.33,,United Kingdom
536367,20729,BLUEBERRY SCONE,1,2025-12-01 19:04:46,2.29,17330.0,EIRE
536367,20726,PAIN AU CHOCOLAT,6,2025-12-01 19:04:46,2.59,17330.0,EIRE
536368,71054,MECHANICAL KEYBOARD,1,2025-10-25 00:46:47,70.88,14360.0,United Kingdom
536368,71057,MONITOR LIGHT BAR,2,2025-10-25 00:46:47,41.97,14360.0,United Kingdom
C536369,20725,CROISSANT ALL BUTTER,-2,2025-05-27 05:11:21,2.33,16738.0,United Kingdom
C536369,20727,ALMOND DANISH,-3,2025-05-27 05:11:21,2.72,16738.0,United Kingdom
536370,71053,WIRELESS ERGONOMIC MOUSE,2,2025-07-15 04:49:15,30.31,13256.0,United Kingdom
536370,71056,LARGE DESK PAD BLACK,3,2025-07-15 04:49:15,16.33,13256.0,United Kingdom
536370,71057,MONITOR LIGHT BAR,6,2025-07-15 04:49:15,39.8,13256.0,United Kingdom
536370,71055,USB-C MULTIPORT ADAPTER,2,2025-07-15 04:49:15,25.21,13256.0,United Kingdom
536370,71054,MECHANICAL KEYBOARD,1,2025-07-15 04:49:15,66.71,13256.0,United Kingdom
536371,20725,CROISSANT ALL BUTTER,1,2025-11-01 23:45:50,2.23,17017.0,United Kingdom
536371,20728,CAPPUCCINO CUP & SAUCER,1,2025-11-01 23:45:50,8.46,17017.0,United Kingdom
536371,21213,MINI PAINT SET 9 COLOURS,6,2025-11-01 23:45:50,1.24,17017.0,United Kingdom
536372,20726,PAIN AU CHOCOLAT,24,2025-04-05 23:01:30,2.51,14276.0,United Kingdom
536372,20728,CAPPUCCINO CUP & SAUCER,12,2025-04-05 23:01:30,8.57,14276.0,United Kingdom
536372,20725,CROISSANT ALL BUTTER,2,2025-04-05 23:01:30,2.25,14276.0,United Kingdom
536372,20729,BLUEBERRY SCONE,1,2025-04-05 23:01:30,2.32,14276.0,United Kingdom
536372,21226,CHILLI LIGHTS STRING,1,2025-04-05 23:01:30,8.83,14276.0,United Kingdom
536372,21221,RETRO SPOT TEA TOWEL,2,2025-04-05 23:01:30,2.52,14276.0,United Kingdom
536373,22427,ORGANIC EGGS DOZEN,2,2025-12-06 20:59:20,4.82,17842.0,United Kingdom
536373,22423,ORGANIC WHOLE MILK,24,2025-12-06 20:59:20,3.54,17842.0,United Kingdom
536373,22426,STRAWBERRY PRESERVES,3,2025-12-06 20:59:20,4.06,17842.0,United Kingdom
536373,22961,HEART OF WICKER LARGE,2,2025-12-06 20:59:20,2.88,17842.0,United Kingdom
536373,22720,SET OF 3 CAKE TINS PANTRY,3,2025-12-06 20:59:20,4.83,17842.0,United Kingdom
536373,85099B,WHITE HANGING HEART T-LIGHT HOLDER,1,2025-12-06 20:59:20,2.53,17842.0,United Kingdom
536374,21223,SET OF 6 SPICE JARS,4,2025-08-17 00:30:07,10.31,16859.0,United Kingdom
536375,22423,REGENCY CAKESTAND 3 TIER,6,2025-11-24 03:39:59,12.4,15669.0,United Kingdom
536375,22960,HEART OF WICKER SMALL,4,2025-11-24 03:39:59,1.61,15669.0,United Kingdom
536375,85099B,WHITE HANGING HEART T-LIGHT HOLDER,6,2025-11-24 03:39:59,2.67,15669.0,United Kingdom
536375,22720,SET OF 3 CAKE TINS PANTRY,24,2025-11-24 03:39:59,4.97,15669.0,United Kingdom
536375,22961,HEART OF WICKER LARGE,1,2025-11-24 03:39:59,3.09,15669.0,United Kingdom
536375,85123D,FRENCH VANILLA SYRUP,3,2025-11-24 03:39:59,5.88,15669.0,United Kingdom
536375,85123B,  PURE CANE SUGAR   ,2,2025-11-24 03:39:59,2.43,15669.0,United Kingdom
536375,85123E,CERAMIC COFFEE MUG,2,2025-11-24 03:39:59,6.64,15669.0,United Kingdom
536375,85123A,COLOMBIAN ROAST COFFEE,1,2025-11-24 03:39:59,9.14,15669.0,United Kingdom
536376,85123D,FRENCH VANILLA SYRUP,1,2025-06-26 23:14:18,5.82,15685.0,United Kingdom
536376,85123B,PURE CANE SUGAR,2,2025-06-26 23:14:18,2.53,15685.0,United Kingdom
536376,85123C,DARK CHOCOLATE BAR 85%,3,2025-06-26 23:14:18,3.56,15685.0,United Kingdom
536377,85123E,CERAMIC COFFEE MUG,1,2025-05-06 04:42:09,6.62,14882.0,Spain
536377,85123A,COLOMBIAN ROAST COFFEE,4,2025-05-06 04:42:09,8.74,14882.0,Spain
536377,85123B,PURE CANE SUGAR,2,2025-05-06 04:42:09,2.59,14882.0,Spain
536377,85123C,DARK CHOCOLATE BAR 85%,2,2025-05-06 04:42:09,3.52,14882.0,Spain
536377,85123D,FRENCH VANILLA SYRUP,4,2025-05-06 04:42:09,6.22,14882.0,Spain
536378,84882,GARDENING GLOVES PAIR,6,2025-12-02 21:19:49,4.78,14365.0,Germany
536378,84879,CERAMIC PLANT POT WHITE,1,2025-12-02 21:19:49,9.9,14365.0,Germany
536379,21736,ORGANIC TOMATO BASIL SAUCE,6,2025-01-21 05:06:24,4.48,18037.0,United Kingdom
536379,21737,GARLIC HERB BREADSTICKS,3,2025-01-21 05:06:24,3.08,18037.0,United Kingdom
536380,85123B,PURE CANE SUGAR,4,2025-10-26 02:31:05,2.57,17188.0,United Kingdom
536380,85123A,COLOMBIAN ROAST COFFEE,2,2025-10-26 02:31:05,9.44,17188.0,United Kingdom
536380,85123E,CERAMIC COFFEE MUG,3,2025-10-26 02:31:05,6.67,17188.0,United Kingdom
536380,85123C,DARK CHOCOLATE BAR 85%,1,2025-10-26 02:31:05,3.37,17188.0,United Kingdom
536380,21222,RETRO SPOT APRON,3,2025-10-26 02:31:05,7.14,17188.0,United Kingdom
536381,20726,PAIN AU CHOCOLAT,3,2025-11-02 17:29:19,2.45,13225.0,United Kingdom
536381,20725,CROISSANT ALL BUTTER,2,2025-11-02 17:29:19,2.15,13225.0,United Kingdom
536382,20726,PAIN AU CHOCOLAT,6,2025-03-05 22:53:40,2.58,16355.0,United Kingdom
536382,20727,ALMOND DANISH,2,2025-03-05 22:53:40,2.78,16355.0,United Kingdom
536382,84883,LED GROW LIGHT BULB,1,2025-03-05 22:53:40,14.56,16355.0,United Kingdom
536382,84882,GARDENING GLOVES PAIR,3,2025-03-05 22:53:40,4.88,16355.0,United Kingdom
536382,84880,WATERING CAN GREEN 2L,3,2025-03-05 22:53:40,11.49,16355.0,United Kingdom
536383,71057,MONITOR LIGHT BAR,3,2025-05-03 23:14:15,39.07,,United Kingdom
536383,71055,USB-C MULTIPORT ADAPTER,1,2025-05-03 23:14:15,25.08,,United Kingdom
536384,85123C,DARK CHOCOLATE BAR 85%,1,2025-11-11 20:36:53,3.43,16637.0,United Kingdom
536384,85123A,COLOMBIAN ROAST COFFEE,1,2025-11-11 20:36:53,8.55,16637.0,United Kingdom
536385,84880,WATERING CAN GREEN 2L,4,2025-02-12 23:01:04,11.18,13274.0,United Kingdom
536385,84881,ORGANIC POTTING SOIL 10L,6,2025-02-12 23:01:04,7.33,13274.0,United Kingdom
536385,21229,HAND WARMER BIRD DESIGN,3,2025-02-12 23:01:04,2.04,13274.0,United Kingdom
536386,21735,AGED PARMESAN REGGIANO,6,2025-01-11 22:58:44,8.12,,United Kingdom
536386,21737,GARLIC HERB BREADSTICKS,2,2025-01-11 22:58:44,3.0,,United Kingdom
536387,84881,ORGANIC POTTING SOIL 10L,1,2025-06-06 23:37:29,6.8,17002.0,United Kingdom
536387,84882,GARDENING GLOVES PAIR,1,2025-06-06 23:37:29,5.12,17002.0,United Kingdom
536387,84880,WATERING CAN GREEN 2L,1,2025-06-06 23:37:29,11.52,17002.0,United Kingdom
536387,21225,GLASS STORAGE JAR LARGE,2,2025-06-06 23:37:29,4.07,17002.0,United Kingdom
536388,20729,BLUEBERRY SCONE,1,2025-08-09 04:01:18,2.49,,United Kingdom
536388,20725,CROISSANT ALL BUTTER,3,2025-08-09 04:01:18,2.25,,United Kingdom
536388,20726,PAIN AU CHOCOLAT,1,2025-08-09 04:01:18,2.45,,United Kingdom
536388,20728,CAPPUCCINO CUP & SAUCER,3,2025-08-09 04:01:18,8.75,,United Kingdom
536388,21224,GLASS STORAGE JAR SMALL,2,2025-08-09 04:01:18,2.19,,United Kingdom
536389,20726,,4,2025-09-28 03:47:26,2.44,14730.0,United Kingdom
536389,20728,CAPPUCCINO CUP & SAUCER,4,2025-09-28 03:47:26,8.57,14730.0,United Kingdom
536389,20725,CROISSANT ALL BUTTER,2,2025-09-28 03:47:26,2.21,14730.0,United Kingdom
536389,85123E,CERAMIC COFFEE MUG,6,2025-09-28 03:47:26,6.81,14730.0,United Kingdom
536389,85123B,PURE CANE SUGAR,2,2025-09-28 03:47:26,2.44,14730.0,United Kingdom
536389,85123A,COLOMBIAN ROAST COFFEE,24,2025-09-28 03:47:26,9.25,14730.0,United Kingdom
536389,85123D,FRENCH VANILLA SYRUP,1,2025-09-28 03:47:26,6.27,14730.0,United Kingdom
536390,22426,STRAWBERRY PRESERVES,1,2025-03-24 23:25:41,3.94,,France
536390,22423,ORGANIC WHOLE MILK,6,2025-03-24 23:25:41,3.33,,France
536390,20729,BLUEBERRY SCONE,1,2025-03-24 23:25:41,2.41,,France
536390,20728,CAPPUCCINO CUP & SAUCER,1,2025-03-24 23:25:41,8.82,,France
536390,20726,PAIN AU CHOCOLAT,1,2025-03-24 23:25:41,2.49,,France
536390,20727,ALMOND DANISH,4,2025-03-24 23:25:41,2.86,,France
536390,21733,ITALIAN EXTRA VIRGIN OLIVE OIL,1,2025-03-24 23:25:41,13.1,,France
536390,21737,GARLIC HERB BREADSTICKS,4,2025-03-24 23:25:41,2.9,,France
536390,21736,ORGANIC TOMATO BASIL SAUCE,2,2025-03-24 23:25:41,4.52,,France
536390,21734,ARTISAN PASTA PENNE,3,2025-03-24 23:25:41,3.22,,France
536391,85123B,PURE CANE SUGAR,2,2025-05-08 02:21:22,2.55,14684.0,United Kingdom
536391,85123A,COLOMBIAN ROAST COFFEE,1,2025-05-08 02:21:22,8.66,14684.0,United Kingdom
536391,85123C,DARK CHOCOLATE BAR 85%,6,2025-05-08 02:21:22,3.62,14684.0,United Kingdom
536392,22961,HEART OF WICKER LARGE,1,2025-09-06 17:39:48,2.81,13283.0,United Kingdom
536392,22720,SET OF 3 CAKE TINS PANTRY,1,2025-09-06 17:39:48,4.73,13283.0,United Kingdom
536392,85099B,WHITE HANGING HEART T-LIGHT HOLDER,2,2025-09-06 17:39:48,2.46,13283.0,United Kingdom
536392,22423,REGENCY CAKESTAND 3 TIER,1,2025-09-06 17:39:48,13.24,13283.0,United Kingdom
536392,22960,HEART OF WICKER SMALL,3,2025-09-06 17:39:48,1.72,13283.0,United Kingdom
536392,84879,CERAMIC PLANT POT WHITE,2,2025-09-06 17:39:48,9.59,13283.0,United Kingdom
536392,84882,GARDENING GLOVES PAIR,1,2025-09-06 17:39:48,4.93,13283.0,United Kingdom
536392,20727,ALMOND DANISH,1,2025-09-06 17:39:48,2.8,13283.0,United Kingdom
536392,20728,CAPPUCCINO CUP & SAUCER,2,2025-09-06 17:39:48,8.24,13283.0,United Kingdom
536393,22961,HEART OF WICKER LARGE,1,2025-02-05 04:51:15,3.06,12514.0,United Kingdom
536393,22423,REGENCY CAKESTAND 3 TIER,2,2025-02-05 04:51:15,12.13,12514.0,United Kingdom
536393,71054,MECHANICAL KEYBOARD,1,2025-02-05 04:51:15,66.94,12514.0,United Kingdom
536393,71055,USB-C MULTIPORT ADAPTER,2,2025-02-05 04:51:15,24.29,12514.0,United Kingdom
536393,71053,WIRELESS ERGONOMIC MOUSE,3,2025-02-05 04:51:15,29.4,12514.0,United Kingdom
536393,85123E,CERAMIC COFFEE MUG,4,2025-02-05 04:51:15,6.45,12514.0,United Kingdom
536393,85123A,COLOMBIAN ROAST COFFEE,6,2025-02-05 04:51:15,8.83,12514.0,United Kingdom
536393,85123B,PURE CANE SUGAR,2,2025-02-05 04:51:15,2.54,12514.0,United Kingdom
536393,85123D,FRENCH VANILLA SYRUP,2,2025-02-05 04:51:15,5.95,12514.0,United Kingdom
536394,21214,RECIPE BOX PANTRY DESIGN,1,2025-08-29 19:56:21,8.14,15863.0,United Kingdom
536395,84883,LED GROW LIGHT BULB,1,2025-07-11 03:18:27,14.66,,United Kingdom
536395,84881,ORGANIC POTTING SOIL 10L,4,2025-07-11 03:18:27,7.08,,United Kingdom
536395,84880,WATERING CAN GREEN 2L,3,2025-07-11 03:18:27,11.72,,United Kingdom
536395,84879,CERAMIC PLANT POT WHITE,6,2025-07-11 03:18:27,9.84,,United Kingdom
536395,84882,GARDENING GLOVES PAIR,1,2025-07-11 03:18:27,5.11,,United Kingdom
536395,22426,STRAWBERRY PRESERVES,2,2025-07-11 03:18:27,3.87,,United Kingdom
536395,22424,WHOLE WHEAT BREAD,6,2025-07-11 03:18:27,3.02,,United Kingdom
536396,22720,SET OF 3 CAKE TINS PANTRY,1,2025-09-16 01:58:26,5.19,15813.0,United Kingdom
536396,22960,HEART OF WICKER SMALL,4,2025-09-16 01:58:26,1.69,15813.0,United Kingdom
536396,85099B,WHITE HANGING HEART T-LIGHT HOLDER,2,2025-09-16 01:58:26,2.46,15813.0,United Kingdom
536396,21227,VINTAGE UNION JACK CUSHION,3,2025-09-16 01:58:26,14.73,15813.0,United Kingdom
536397,22425,SWEET CREAM BUTTER,2,2025-10-30 23:15:40,4.08,15856.0,United Kingdom
536397,22424,WHOLE WHEAT BREAD,6,2025-10-30 23:15:40,3.06,15856.0,United Kingdom
536397,22427,ORGANIC EGGS DOZEN,3,2025-10-30 23:15:40,5.01,15856.0,United Kingdom
536398,85123A,COLOMBIAN ROAST COFFEE,3,2025-03-03 18:46:12,9.33,,United Kingdom
536398,85123B,PURE CANE SUGAR,12,2025-03-03 18:46:12,2.44,,United Kingdom
536398,85123C,DARK CHOCOLATE BAR 85%,4,2025-03-03 18:46:12,3.53,,United Kingdom
536398,85123D,FRENCH VANILLA SYRUP,1,2025-03-03 18:46:12,5.91,,United Kingdom
536399,22423,REGENCY CAKESTAND 3 TIER,1,2025-10-21 05:17:57,13.26,17094.0,United Kingdom
536399,22720,SET OF 3 CAKE TINS PANTRY,1,2025-10-21 05:17:57,4.83,17094.0,United Kingdom
536399,22960,HEART OF WICKER SMALL,1,2025-10-21 05:17:57,1.63,17094.0,United Kingdom
536400,21737,GARLIC HERB BREADSTICKS,3,2025-06-27 18:05:43,2.88,12879.0,United Kingdom
536400,21734,ARTISAN PASTA PENNE,3,2025-06-27 18:05:43,3.23,12879.0,United Kingdom
536400,21736,ORGANIC TOMATO BASIL SAUCE,24,2025-06-27 18:05:43,4.68,12879.0,United Kingdom
536400,21223,SET OF 6 SPICE JARS,1,2025-06-27 18:05:43,9.76,12879.0,United Kingdom
536401,85099B,WHITE HANGING HEART T-LIGHT HOLDER,1,2025-06-11 04:36:32,2.53,,Switzerland
536401,22720,SET OF 3 CAKE TINS PANTRY,2,2025-06-11 04:36:32,4.84,,Switzerland
536401,22960,HEART OF WICKER SMALL,1,2025-06-11 04:36:32,1.7,,Switzerland
536401,22961,HEART OF WICKER LARGE,6,2025-06-11 04:36:32,3.09,,Switzerland
536401,84880,WATERING CAN GREEN 2L,2,2025-06-11 04:36:32,12.04,,Switzerland
536401,84883,LED GROW LIGHT BULB,1,2025-06-11 04:36:32,15.2,,Switzerland
536401,84879,CERAMIC PLANT POT WHITE,4,2025-06-11 04:36:32,10.34,,Switzerland
536402,20726,PAIN AU CHOCOLAT,4,2025-08-28 22:29:01,2.41,14158.0,United Kingdom
536402,20728,CAPPUCCINO CUP & SAUCER,1,2025-08-28 22:29:01,8.67,14158.0,United Kingdom
536402,20725,CROISSANT ALL BUTTER,1,2025-08-28 22:29:01,2.33,14158.0,United Kingdom
536402,21215,WOODEN PICTURE FRAME,1,2025-08-28 22:29:01,5.38,14158.0,United Kingdom
536403,71054,MECHANICAL KEYBOARD,2,2025-09-23 02:04:01,71.14,,United Kingdom
536403,71055,USB-C MULTIPORT ADAPTER,2,2025-09-23 02:04:01,25.01,,United Kingdom
536404,84879,CERAMIC PLANT POT WHITE,24,2025-01-18 22:20:04,9.97,14417.0,United Kingdom
536404,84881,ORGANIC POTTING SOIL 10L,6,2025-01-18 22:20:04,6.67,14417.0,United Kingdom
536404,84883,LED GROW LIGHT BULB,1,2025-01-18 22:20:04,14.71,14417.0,United Kingdom
536404,21217,PACK OF 20 NAPKINS,1,2025-01-18 22:20:04,1.47,14417.0,United Kingdom
536405,21735,AGED PARMESAN REGGIANO,3,2025-08-03 03:58:57,7.77,15919.0,United Kingdom
536405,21737,GARLIC HERB BREADSTICKS,24,2025-08-03 03:58:57,2.92,15919.0,United Kingdom
536405,21733,ITALIAN EXTRA VIRGIN OLIVE OIL,3,2025-08-03 03:58:57,12.81,15919.0,United Kingdom
536405,85123A,COLOMBIAN ROAST COFFEE,1,2025-08-03 03:58:57,9.09,15919.0,United Kingdom
536405,85123D,FRENCH VANILLA SYRUP,4,2025-08-03 03:58:57,5.91,15919.0,United Kingdom
536405,85123C,DARK CHOCOLATE BAR 85%,3,2025-08-03 03:58:57,3.66,15919.0,United Kingdom
536405,20726,PAIN AU CHOCOLAT,2,2025-08-03 03:58:57,2.47,15919.0,United Kingdom
536405,20727,ALMOND DANISH,3,2025-08-03 03:58:57,2.75,15919.0,United Kingdom
536405,20729,BLUEBERRY SCONE,1,2025-08-03 03:58:57,2.39,15919.0,United Kingdom
536405,20725,CROISSANT ALL BUTTER,2,2025-08-03 03:58:57,2.17,15919.0,United Kingdom
536405,20728,CAPPUCCINO CUP & SAUCER,2,2025-08-03 03:58:57,8.15,15919.0,United Kingdom
536405,21226,CHILLI LIGHTS STRING,1,2025-08-03 03:58:57,8.13,15919.0,United Kingdom
536406,21224,GLASS STORAGE JAR SMALL,3,2025-09-27 19:37:12,2.26,15301.0,France
536407,71054,MECHANICAL KEYBOARD,6,2025-10-01 21:38:56,72.41,17911.0,United Kingdom
536407,71056,LARGE DESK PAD BLACK,1,2025-10-01 21:38:56,15.67,17911.0,United Kingdom
536407,71055,USB-C MULTIPORT ADAPTER,6,2025-10-01 21:38:56,24.13,17911.0,United Kingdom
536407,84879,CERAMIC PLANT POT WHITE,4,2025-10-01 21:38:56,10.05,17911.0,United Kingdom
536407,84883,LED GROW LIGHT BULB,3,2025-10-01 21:38:56,15.11,17911.0,United Kingdom
536407,84881,ORGANIC POTTING SOIL 10L,3,2025-10-01 21:38:56,6.99,17911.0,United Kingdom
536407,84882,GARDENING GLOVES PAIR,2,2025-10-01 21:38:56,5.14,17911.0,United Kingdom
536407,21219,TRAVEL SEWING KIT,1,2025-10-01 21:38:56,2.09,17911.0,United Kingdom
536408,21224,GLASS STORAGE JAR SMALL,2,2025-08-02 19:18:23,2.35,15169.0,United Kingdom
536409,22426,STRAWBERRY PRESERVES,1,2025-10-01 00:01:56,3.89,,United Kingdom
536409,22427,ORGANIC EGGS DOZEN,2,2025-10-01 00:01:56,5.16,,United Kingdom
536410,20729,BLUEBERRY SCONE,2,2025-10-24 19:53:35,2.47,17011.0,United Kingdom
536410,20727,ALMOND DANISH,1,2025-10-24 19:53:35,2.75,17011.0,United Kingdom
536410,20728,CAPPUCCINO CUP & SAUCER,1,2025-10-24 19:53:35,8.48,17011.0,United Kingdom
536411,21222,RETRO SPOT APRON,12,2025-11-22 04:23:19,7.01,,United Kingdom
C536412,85123E,CERAMIC COFFEE MUG,-12,2025-11-01 20:16:03,6.25,17078.0,United Kingdom
C536412,85123D,FRENCH VANILLA SYRUP,-12,2025-11-01 20:16:03,5.81,17078.0,United Kingdom
C536412,85123A,COLOMBIAN ROAST COFFEE,-12,2025-11-01 20:16:03,9.19,17078.0,United Kingdom
536413,22720,SET OF 3 CAKE TINS PANTRY,3,2025-09-03 00:51:34,4.94,13758.0,United Kingdom
536413,22960,HEART OF WICKER SMALL,3,2025-09-03 00:51:34,1.61,13758.0,United Kingdom
536413,85099B,WHITE HANGING HEART T-LIGHT HOLDER,2,2025-09-03 00:51:34,2.51,13758.0,United Kingdom
536413,22961,HEART OF WICKER LARGE,12,2025-09-03 00:51:34,2.83,13758.0,United Kingdom
536413,21221,RETRO SPOT TEA TOWEL,1,2025-09-03 00:51:34,2.58,13758.0,United Kingdom
536414,21229,HAND WARMER BIRD DESIGN,1,2025-12-19 00:44:40,1.98,12755.0,United Kingdom
536415,21224,GLASS STORAGE JAR SMALL,1,2025-02-25 03:06:14,2.31,12824.0,United Kingdom
536416,21222,RETRO SPOT APRON,2,2025-06-05 00:11:34,7.13,15084.0,United Kingdom
536417,85123D,FRENCH VANILLA SYRUP,2,2025-12-18 17:41:08,6.03,,United Kingdom
536417,85123B,PURE CANE SUGAR,3,2025-12-18 17:41:08,2.48,,United Kingdom
536418,85123D,FRENCH VANILLA SYRUP,4,2025-06-10 22:09:14,6.19,17572.0,United Kingdom
536418,85123C,DARK CHOCOLATE BAR 85%,4,2025-06-10 22:09:14,3.51,17572.0,United Kingdom
536418,85123B,PURE CANE SUGAR,1,2025-06-10 22:09:14,2.57,17572.0,United Kingdom
536419,71053,WIRELESS ERGONOMIC MOUSE,2,2025-04-26 04:07:31,30.91,17912.0,Germany
536419,71056,LARGE DESK PAD BLACK,3,2025-04-26 04:07:31,16.12,17912.0,Germany
536419,71057,MONITOR LIGHT BAR,24,2025-04-26 04:07:31,41.73,17912.0,Germany
536420,20729,BLUEBERRY SCONE,2,2025-08-13 22:27:24,2.41,17631.0,United Kingdom
536420,20726,PAIN AU CHOCOLAT,1,2025-08-13 22:27:24,2.45,17631.0,United Kingdom
536421,84879,CERAMIC PLANT POT WHITE,1,2025-04-17 04:18:07,10.23,14598.0,United Kingdom
536421,84880,WATERING CAN GREEN 2L,6,2025-04-17 04:18:07,10.99,14598.0,United Kingdom
536421,84883,LED GROW LIGHT BULB,3,2025-04-17 04:18:07,14.72,14598.0,United Kingdom
536421,21226,CHILLI LIGHTS STRING,1,2025-04-17 04:18:07,8.2,14598.0,United Kingdom
536422,21736,ORGANIC TOMATO BASIL SAUCE,1,2025-11-27 02:57:35,4.58,13774.0,EIRE
536422,21735,AGED PARMESAN REGGIANO,12,2025-11-27 02:57:35,7.94,13774.0,EIRE
536422,21737,GARLIC HERB BREADSTICKS,3,2025-11-27 02:57:35,3.12,13774.0,EIRE
536422,21734,ARTISAN PASTA PENNE,1,2025-11-27 02:57:35,3.21,13774.0,EIRE
536422,21733,ITALIAN EXTRA VIRGIN OLIVE OIL,1,2025-11-27 02:57:35,13.33,13774.0,EIRE
536422,21229,HAND WARMER BIRD DESIGN,6,2025-11-27 02:57:35,1.92,13774.0,EIRE
536423,85123C,DARK CHOCOLATE BAR 85%,2,2025-05-15 04:08:45,3.5,16263.0,United Kingdom
536423,85123D,FRENCH VANILLA SYRUP,4,2025-05-15 04:08:45,6.24,16263.0,United Kingdom
536423,85123B,PURE CANE SUGAR,1,2025-05-15 04:08:45,2.4,16263.0,United Kingdom
536424,84882,GARDENING GLOVES PAIR,1,2025-10-28 20:01:35,5.01,15451.0,United Kingdom
536424,84883,LED GROW LIGHT BULB,12,2025-10-28 20:01:35,15.03,15451.0,United Kingdom
536425,85123C,DARK CHOCOLATE BAR 85%,3,2025-11-28 19:34:45,3.33,,United Kingdom
536425,85123A,COLOMBIAN ROAST COFFEE,3,2025-11-28 19:34:45,9.02,,United Kingdom
536425,85123E,CERAMIC COFFEE MUG,2,2025-11-28 19:34:45,6.79,,United Kingdom
536426,20726,PAIN AU CHOCOLAT,6,2025-05-27 04:55:05,2.56,15243.0,United Kingdom
536426,20729,BLUEBERRY SCONE,1,2025-05-27 04:55:05,2.28,15243.0,United Kingdom
536426,20728,CAPPUCCINO CUP & SAUCER,4,2025-05-27 04:55:05,8.56,15243.0,United Kingdom
536427,21737,GARLIC HERB BREADSTICKS,2,2025-09-10 20:32:59,2.86,16983.0,United Kingdom
536427,21733,ITALIAN EXTRA VIRGIN OLIVE OIL,2,2025-09-10 20:32:59,13.51,16983.0,United Kingdom
536427,21736,ORGANIC TOMATO BASIL SAUCE,24,2025-09-10 20:32:59,4.59,16983.0,United Kingdom
536427,21734,ARTISAN PASTA PENNE,2,2025-09-10 20:32:59,3.4,16983.0,United Kingdom
536427,21216,EMERGENCY FIRST AID TIN,2,2025-09-10 20:32:59,3.85,16983.0,United Kingdom
536428,22423,REGENCY CAKESTAND 3 TIER,1,2025-04-16 03:07:42,12.12,15877.0,United Kingdom
536428,85099B,WHITE HANGING HEART T-LIGHT HOLDER,1,2025-04-16 03:07:42,2.47,15877.0,United Kingdom
536428,22960,HEART OF WICKER SMALL,1,2025-04-16 03:07:42,1.63,15877.0,United Kingdom
536428,21216,EMERGENCY FIRST AID TIN,2,2025-04-16 03:07:42,3.67,15877.0,United Kingdom
536429,21733,ITALIAN EXTRA VIRGIN OLIVE OIL,3,2025-12-26 22:40:08,12.98,13729.0,Netherlands
536429,21734,ARTISAN PASTA PENNE,1,2025-12-26 22:40:08,3.26,13729.0,Netherlands
536429,21736,ORGANIC TOMATO BASIL SAUCE,2,2025-12-26 22:40:08,4.46,13729.0,Netherlands
536429,21214,RECIPE BOX PANTRY DESIGN,1,2025-12-26 22:40:08,8.03,13729.0,Netherlands
536430,21736,ORGANIC TOMATO BASIL SAUCE,2,2025-09-19 02:20:15,4.69,17524.0,United Kingdom
536430,21735,AGED PARMESAN REGGIANO,1,2025-09-19 02:20:15,8.04,17524.0,United Kingdom
536430,21733,ITALIAN EXTRA VIRGIN OLIVE OIL,2,2025-09-19 02:20:15,13.16,17524.0,United Kingdom
536430,21737,GARLIC HERB BREADSTICKS,4,2025-09-19 02:20:15,2.86,17524.0,United Kingdom
536431,71053,WIRELESS ERGONOMIC MOUSE,3,2025-01-29 04:53:44,31.39,16793.0,France
536431,71057,MONITOR LIGHT BAR,1,2025-01-29 04:53:44,38.88,16793.0,France
536431,71056,LARGE DESK PAD BLACK,1,2025-01-29 04:53:44,15.79,16793.0,France
536431,22720,SET OF 3 CAKE TINS PANTRY,1,2025-01-29 04:53:44,5.2,16793.0,France
536431,22423,REGENCY CAKESTAND 3 TIER,1,2025-01-29 04:53:44,13.17,16793.0,France
536431,22961,HEART OF WICKER LARGE,4,2025-01-29 04:53:44,2.96,16793.0,France
536432,84880,WATERING CAN GREEN 2L,1,2025-03-09 17:24:21,11.66,,United Kingdom
536432,84883,LED GROW LIGHT BULB,1,2025-03-09 17:24:21,15.13,,United Kingdom
536432,84881,ORGANIC POTTING SOIL 10L,4,2025-03-09 17:24:21,7.21,,United Kingdom
536432,84879,CERAMIC PLANT POT WHITE,1,2025-03-09 17:24:21,9.82,,United Kingdom
536432,21226,CHILLI LIGHTS STRING,2,2025-03-09 17:24:21,8.62,,United Kingdom
536433,21735,AGED PARMESAN REGGIANO,2,2025-06-12 02:07:05,7.83,17858.0,United Kingdom
536433,21733,ITALIAN EXTRA VIRGIN OLIVE OIL,6,2025-06-12 02:07:05,12.57,17858.0,United Kingdom
536433,21228,WALL CLOCK RETRO RED,4,2025-06-12 02:07:05,18.72,17858.0,United Kingdom
536434,22423,REGENCY CAKESTAND 3 TIER,1,2025-09-20 23:13:31,12.7,17689.0,United Kingdom
536434,85099B,WHITE HANGING HEART T-LIGHT HOLDER,1,2025-09-20 23:13:31,2.45,17689.0,United Kingdom
536434,22720,SET OF 3 CAKE TINS PANTRY,4,2025-09-20 23:13:31,4.72,17689.0,United Kingdom
536434,21221,RETRO SPOT TEA TOWEL,1,2025-09-20 23:13:31,2.58,17689.0,United Kingdom
536434,21213,MINI PAINT SET 9 COLOURS,2,2025-09-20 23:13:31,1.23,17689.0,United Kingdom
536435,20726,PAIN AU CHOCOLAT,2,2025-12-28 22:25:45,2.52,17156.0,United Kingdom
536435,20729,BLUEBERRY SCONE,2,2025-12-28 22:25:45,2.51,17156.0,United Kingdom
536436,85123B,PURE CANE SUGAR,3,2025-06-01 02:38:44,2.58,12825.0,United Kingdom
536436,85123D,FRENCH VANILLA SYRUP,6,2025-06-01 02:38:44,6.2,12825.0,United Kingdom
536436,85123E,CERAMIC COFFEE MUG,3,2025-06-01 02:38:44,6.73,12825.0,United Kingdom
536436,22720,SET OF 3 CAKE TINS PANTRY,4,2025-06-01 02:38:44,4.95,12825.0,United Kingdom
536436,22960,HEART OF WICKER SMALL,1,2025-06-01 02:38:44,1.71,12825.0,United Kingdom
536436,21214,RECIPE BOX PANTRY DESIGN,1,2025-06-01 02:38:44,8.05,12825.0,United Kingdom
536437,21735,AGED PARMESAN REGGIANO,1,2025-04-24 04:28:08,7.66,15844.0,United Kingdom
536437,21733,ITALIAN EXTRA VIRGIN OLIVE OIL,2,2025-04-24 04:28:08,12.35,15844.0,United Kingdom
536437,21737,GARLIC HERB BREADSTICKS,3,2025-04-24 04:28:08,2.98,15844.0,United Kingdom
536437,21734,ARTISAN PASTA PENNE,1,2025-04-24 04:28:08,3.25,15844.0,United Kingdom
536437,85123C,DARK CHOCOLATE BAR 85%,6,2025-04-24 04:28:08,3.55,15844.0,United Kingdom
536437,85123B,PURE CANE SUGAR,3,2025-04-24 04:28:08,2.41,15844.0,United Kingdom
536437,21219,TRAVEL SEWING KIT,6,2025-04-24 04:28:08,2.12,15844.0,United Kingdom
536438,84883,LED GROW LIGHT BULB,3,2025-08-17 22:20:08,14.69,15219.0,United Kingdom
536438,84881,ORGANIC POTTING SOIL 10L,1,2025-08-17 22:20:08,6.68,15219.0,United Kingdom
536439,22960,HEART OF WICKER SMALL,1,2025-01-16 22:29:20,1.58,16667.0,United Kingdom
536439,22720,SET OF 3 CAKE TINS PANTRY,4,2025-01-16 22:29:20,4.95,16667.0,United Kingdom
536439,22961,HEART OF WICKER LARGE,3,2025-01-16 22:29:20,2.83,16667.0,United Kingdom
536439,85099B,WHITE HANGING HEART T-LIGHT HOLDER,1,2025-01-16 22:29:20,2.55,16667.0,United Kingdom
536440,22423,REGENCY CAKESTAND 3 TIER,1,2025-12-05 17:49:44,12.96,17919.0,United Kingdom
536440,85099B,WHITE HANGING HEART T-LIGHT HOLDER,1,2025-12-05 17:49:44,2.43,17919.0,United Kingdom
536441,20725,CROISSANT ALL BUTTER,2,2025-03-12 05:27:01,2.22,14541.0,United Kingdom
536441,20727,ALMOND DANISH,1,2025-03-12 05:27:01,2.64,14541.0,United Kingdom
536442,85123D,FRENCH VANILLA SYRUP,3,2025-02-02 23:53:24,5.72,14343.0,United Kingdom
536442,85123B,PURE CANE SUGAR,2,2025-02-02 23:53:24,2.58,14343.0,United Kingdom
536442,85123E,CERAMIC COFFEE MUG,1,2025-02-02 23:53:24,6.47,14343.0,United Kingdom
536442,22425,SWEET CREAM BUTTER,3,2025-02-02 23:53:24,4.14,14343.0,United Kingdom
536442,22427,ORGANIC EGGS DOZEN,4,2025-02-02 23:53:24,5.11,14343.0,United Kingdom
536443,20725,CROISSANT ALL BUTTER,2,2025-12-31 16:51:00,2.25,17549.0,United Kingdom
536443,20726,PAIN AU CHOCOLAT,1,2025-12-31 16:51:00,2.54,17549.0,United Kingdom
536443,20727,ALMOND DANISH,6,2025-12-31 16:51:00,2.72,17549.0,United Kingdom
536443,84882,GARDENING GLOVES PAIR,1,2025-12-31 16:51:00,5.21,17549.0,United Kingdom
536443,84883,LED GROW LIGHT BULB,1,2025-12-31 16:51:00,14.91,17549.0,United Kingdom
536443,84879,CERAMIC PLANT POT WHITE,4,2025-12-31 16:51:00,9.94,17549.0,United Kingdom
536443,84881,ORGANIC POTTING SOIL 10L,4,2025-12-31 16:51:00,6.85,17549.0,United Kingdom
536443,84880,WATERING CAN GREEN 2L,6,2025-12-31 16:51:00,11.1,17549.0,United Kingdom
536443,21228,WALL CLOCK RETRO RED,1,2025-12-31 16:51:00,18.13,17549.0,United Kingdom
536443,21225,GLASS STORAGE JAR LARGE,6,2025-12-31 16:51:00,3.97,17549.0,United Kingdom
536443,21223,SET OF 6 SPICE JARS,4,2025-12-31 16:51:00,9.57,17549.0,United Kingdom
536444,22424,WHOLE WHEAT BREAD,2,2025-02-23 02:07:16,2.95,17621.0,United Kingdom
536444,22426,STRAWBERRY PRESERVES,1,2025-02-23 02:07:16,3.93,17621.0,United Kingdom
536444,22423,ORGANIC WHOLE MILK,6,2025-02-23 02:07:16,3.48,17621.0,United Kingdom
536444,22425,SWEET CREAM BUTTER,3,2025-02-23 02:07:16,4.38,17621.0,United Kingdom
536444,22427,ORGANIC EGGS DOZEN,1,2025-02-23 02:07:16,4.93,17621.0,United Kingdom
536444,22960,HEART OF WICKER SMALL,1,2025-02-23 02:07:16,1.66,17621.0,United Kingdom
536444,85099B,WHITE HANGING HEART T-LIGHT HOLDER,2,2025-02-23 02:07:16,2.43,17621.0,United Kingdom
536444,21224,GLASS STORAGE JAR SMALL,2,2025-02-23 02:07:16,2.22,17621.0,United Kingdom
536445,21223,SET OF 6 SPICE JARS,2,2025-05-03 02:24:51,10.01,12798.0,United Kingdom
536446,20729,BLUEBERRY SCONE,4,2025-02-07 20:08:14,2.49,13079.0,United Kingdom
536446,20726,PAIN AU CHOCOLAT,1,2025-02-07 20:08:14,2.4,13079.0,United Kingdom
536447,20728,,1,2025-06-13 21:38:10,8.23,15097.0,United Kingdom
536447,20727,ALMOND DANISH,2,2025-06-13 21:38:10,2.85,15097.0,United Kingdom
536447,20725,CROISSANT ALL BUTTER,1,2025-06-13 21:38:10,2.32,15097.0,United Kingdom
536447,20726,PAIN AU CHOCOLAT,2,2025-06-13 21:38:10,2.46,15097.0,United Kingdom
536447,21217,PACK OF 20 NAPKINS,3,2025-06-13 21:38:10,1.52,15097.0,United Kingdom
536448,22426,STRAWBERRY PRESERVES,2,2025-02-13 21:46:50,3.91,18018.0,United Kingdom
536448,22427,ORGANIC EGGS DOZEN,3,2025-02-13 21:46:50,5.08,18018.0,United Kingdom
536449,22423,ORGANIC WHOLE MILK,2,2025-07-04 19:26:24,3.54,12947.0,United Kingdom
536449,22425,SWEET CREAM BUTTER,1,2025-07-04 19:26:24,4.45,12947.0,United Kingdom
536449,22426,STRAWBERRY PRESERVES,2,2025-07-04 19:26:24,3.95,12947.0,United Kingdom
536450,84879,CERAMIC PLANT POT WHITE,2,2025-01-11 22:35:18,10.38,,United Kingdom
536450,84883,LED GROW LIGHT BULB,2,2025-01-11 22:35:18,14.81,,United Kingdom
536450,84882,GARDENING GLOVES PAIR,1,2025-01-11 22:35:18,5.16,,United Kingdom
536450,71055,USB-C MULTIPORT ADAPTER,1,2025-01-11 22:35:18,25.41,,United Kingdom
536450,71053,WIRELESS ERGONOMIC MOUSE,1,2025-01-11 22:35:18,28.67,,United Kingdom
536451,84883,LED GROW LIGHT BULB,1,2025-09-10 20:35:25,15.13,14270.0,EIRE
536451,84880,WATERING CAN GREEN 2L,1,2025-09-10 20:35:25,11.56,14270.0,EIRE
536451,84879,CERAMIC PLANT POT WHITE,6,2025-09-10 20:35:25,9.5,14270.0,EIRE
536451,22426,STRAWBERRY PRESERVES,1,2025-09-10 20:35:25,3.75,14270.0,EIRE
536451,22424,WHOLE WHEAT BREAD,1,2025-09-10 20:35:25,2.87,14270.0,EIRE
536451,22423,ORGANIC WHOLE MILK,6,2025-09-10 20:35:25,3.62,14270.0,EIRE
536451,22425,SWEET CREAM BUTTER,2,2025-09-10 20:35:25,4.11,14270.0,EIRE
536451,22427,ORGANIC EGGS DOZEN,2,2025-09-10 20:35:25,4.94,14270.0,EIRE
536451,21225,GLASS STORAGE JAR LARGE,2,2025-09-10 20:35:25,3.86,14270.0,EIRE
536452,20729,BLUEBERRY SCONE,2,2025-03-01 19:38:19,2.42,17950.0,United Kingdom
536452,20725,CROISSANT ALL BUTTER,1,2025-03-01 19:38:19,2.14,17950.0,United Kingdom
536452,20728,CAPPUCCINO CUP & SAUCER,2,2025-03-01 19:38:19,8.47,17950.0,United Kingdom
536452,21736,ORGANIC TOMATO BASIL SAUCE,1,2025-03-01 19:38:19,4.48,17950.0,United Kingdom
536452,21737,GARLIC HERB BREADSTICKS,2,2025-03-01 19:38:19,2.94,17950.0,United Kingdom
536452,21735,AGED PARMESAN REGGIANO,1,2025-03-01 19:38:19,7.52,17950.0,United Kingdom
536452,84879,CERAMIC PLANT POT WHITE,1,2025-03-01 19:38:19,9.71,17950.0,United Kingdom
536452,84880,WATERING CAN GREEN 2L,2,2025-03-01 19:38:19,11.92,17950.0,United Kingdom
536452,84883,LED GROW LIGHT BULB,1,2025-03-01 19:38:19,14.5,17950.0,United Kingdom
536452,84882,GARDENING GLOVES PAIR,6,2025-03-01 19:38:19,5.1,17950.0,United Kingdom
536453,22425,SWEET CREAM BUTTER,1,2025-12-23 01:22:39,4.16,14815.0,United Kingdom
536453,22427,ORGANIC EGGS DOZEN,1,2025-12-23 01:22:39,5.0,14815.0,United Kingdom
536453,21214,RECIPE BOX PANTRY DESIGN,4,2025-12-23 01:22:39,7.87,14815.0,United Kingdom
536454,71055,USB-C MULTIPORT ADAPTER,4,2025-07-28 03:32:37,25.84,15654.0,United Kingdom
536454,71054,MECHANICAL KEYBOARD,1,2025-07-28 03:32:37,68.3,15654.0,United Kingdom
536454,71057,MONITOR LIGHT BAR,3,2025-07-28 03:32:37,39.33,15654.0,United Kingdom
536454,71056,LARGE DESK PAD BLACK,1,2025-07-28 03:32:37,16.45,15654.0,United Kingdom
536455,71056,LARGE DESK PAD BLACK,2,2025-11-04 01:34:30,15.7,17120.0,United Kingdom
536455,71055,USB-C MULTIPORT ADAPTER,3,2025-11-04 01:34:30,24.18,17120.0,United Kingdom
536455,71054,MECHANICAL KEYBOARD,4,2025-11-04 01:34:30,67.67,17120.0,United Kingdom
536455,71053,WIRELESS ERGONOMIC MOUSE,1,2025-11-04 01:34:30,30.33,17120.0,United Kingdom
536455,22424,WHOLE WHEAT BREAD,2,2025-11-04 01:34:30,2.85,17120.0,United Kingdom
536455,22427,ORGANIC EGGS DOZEN,1,2025-11-04 01:34:30,5.16,17120.0,United Kingdom
536455,22423,ORGANIC WHOLE MILK,1,2025-11-04 01:34:30,3.56,17120.0,United Kingdom
536455,22426,STRAWBERRY PRESERVES,2,2025-11-04 01:34:30,3.76,17120.0,United Kingdom
536456,85123D,FRENCH VANILLA SYRUP,1,2025-03-19 22:27:31,5.91,17966.0,United Kingdom
536456,85123A,COLOMBIAN ROAST COFFEE,1,2025-03-19 22:27:31,9.02,17966.0,United Kingdom
536456,21216,EMERGENCY FIRST AID TIN,3,2025-03-19 22:27:31,3.57,17966.0,United Kingdom
536456,21218,SCENTED CANDLE LAVENDER,2,2025-03-19 22:27:31,4.19,17966.0,United Kingdom
536457,22427,ORGANIC EGGS DOZEN,4,2025-11-25 02:14:08,5.23,14551.0,United Kingdom
536457,22423,ORGANIC WHOLE MILK,2,2025-11-25 02:14:08,3.63,14551.0,United Kingdom
536457,22424,WHOLE WHEAT BREAD,1,2025-11-25 02:14:08,2.87,14551.0,United Kingdom
536457,21218,SCENTED CANDLE LAVENDER,6,2025-11-25 02:14:08,4.32,14551.0,United Kingdom
536458,22425,SWEET CREAM BUTTER,1,2025-09-04 16:36:52,4.19,14503.0,United Kingdom
536458,22427,ORGANIC EGGS DOZEN,1,2025-09-04 16:36:52,5.15,14503.0,United Kingdom
536458,22424,WHOLE WHEAT BREAD,1,2025-09-04 16:36:52,2.96,14503.0,United Kingdom
536458,22423,ORGANIC WHOLE MILK,4,2025-09-04 16:36:52,3.35,14503.0,United Kingdom
536458,21213,MINI PAINT SET 9 COLOURS,1,2025-09-04 16:36:52,1.24,14503.0,United Kingdom
536458,21212,VINTAGE SNAP CARDS,1,2025-09-04 16:36:52,0.84,14503.0,United Kingdom
536459,22425,SWEET CREAM BUTTER,2,2025-09-16 18:26:26,4.28,,Netherlands
536459,22423,ORGANIC WHOLE MILK,2,2025-09-16 18:26:26,3.56,,Netherlands
536460,71054,MECHANICAL KEYBOARD,4,2025-11-19 16:30:41,67.04,16913.0,United Kingdom
536460,71053,WIRELESS ERGONOMIC MOUSE,2,2025-11-19 16:30:41,29.44,16913.0,United Kingdom
536460,71057,MONITOR LIGHT BAR,2,2025-11-19 16:30:41,38.13,16913.0,United Kingdom
536460,71055,USB-C MULTIPORT ADAPTER,12,2025-11-19 16:30:41,25.33,16913.0,United Kingdom
536460,20727,ALMOND DANISH,2,2025-11-19 16:30:41,2.71,16913.0,United Kingdom
536460,20725,CROISSANT ALL BUTTER,1,2025-11-19 16:30:41,2.31,16913.0,United Kingdom
536461,21733,ITALIAN EXTRA VIRGIN OLIVE OIL,1,2025-07-03 22:23:40,13.32,12357.0,United Kingdom
536461,21737,GARLIC HERB BREADSTICKS,1,2025-07-03 22:23:40,3.11,12357.0,United Kingdom
536461,71056,LARGE DESK PAD BLACK,12,2025-07-03 22:23:40,15.2,12357.0,United Kingdom
536461,71054,MECHANICAL KEYBOARD,2,2025-07-03 22:23:40,72.96,12357.0,United Kingdom
536461,71055,USB-C MULTIPORT ADAPTER,1,2025-07-03 22:23:40,25.78,12357.0,United Kingdom
536461,71057,MONITOR LIGHT BAR,1,2025-07-03 22:23:40,41.52,12357.0,United Kingdom
536461,84883,LED GROW LIGHT BULB,1,2025-07-03 22:23:40,14.84,12357.0,United Kingdom
536461,84880,WATERING CAN GREEN 2L,1,2025-07-03 22:23:40,11.62,12357.0,United Kingdom
536461,21224,GLASS STORAGE JAR SMALL,2,2025-07-03 22:23:40,2.21,12357.0,United Kingdom
536461,21218,SCENTED CANDLE LAVENDER,1,2025-07-03 22:23:40,4.29,12357.0,United Kingdom
536461,21226,CHILLI LIGHTS STRING,3,2025-07-03 22:23:40,8.9,12357.0,United Kingdom
536462,22960,HEART OF WICKER SMALL,4,2025-10-30 03:15:26,1.59,17114.0,United Kingdom
536462,85099B,WHITE HANGING HEART T-LIGHT HOLDER,3,2025-10-30 03:15:26,2.5,17114.0,United Kingdom
536462,22720,SET OF 3 CAKE TINS PANTRY,1,2025-10-30 03:15:26,5.13,17114.0,United Kingdom
536462,21213,MINI PAINT SET 9 COLOURS,2,2025-10-30 03:15:26,1.22,17114.0,United Kingdom
536463,85123D,FRENCH VANILLA SYRUP,2,2025-06-20 00:33:00,6.05,17952.0,France
536463,85123B,PURE CANE SUGAR,1,2025-06-20 00:33:00,2.54,17952.0,France
536463,85123C,DARK CHOCOLATE BAR 85%,2,2025-06-20 00:33:00,3.47,17952.0,France
536464,22961,HEART OF WICKER LARGE,1,2025-01-30 19:29:20,2.82,13608.0,United Kingdom
536464,22720,SET OF 3 CAKE TINS PANTRY,1,2025-01-30 19:29:20,4.81,13608.0,United Kingdom
536464,22423,REGENCY CAKESTAND 3 TIER,1,2025-01-30 19:29:20,13.07,13608.0,United Kingdom
536464,22960,HEART OF WICKER SMALL,24,2025-01-30 19:29:20,1.57,13608.0,United Kingdom
536464,85099B,WHITE HANGING HEART T-LIGHT HOLDER,3,2025-01-30 19:29:20,2.58,13608.0,United Kingdom
536465,21736,ORGANIC TOMATO BASIL SAUCE,2,2025-06-03 17:28:33,4.27,16765.0,EIRE
536465,21737,GARLIC HERB BREADSTICKS,6,2025-06-03 17:28:33,2.97,16765.0,EIRE
536465,21733,ITALIAN EXTRA VIRGIN OLIVE OIL,12,2025-06-03 17:28:33,13.35,16765.0,EIRE
536465,21734,ARTISAN PASTA PENNE,1,2025-06-03 17:28:33,3.28,16765.0,EIRE
536465,71054,MECHANICAL KEYBOARD,4,2025-06-03 17:28:33,70.4,16765.0,EIRE
536465,71055,USB-C MULTIPORT ADAPTER,2,2025-06-03 17:28:33,25.32,16765.0,EIRE
536465,71056,LARGE DESK PAD BLACK,2,2025-06-03 17:28:33,16.22,16765.0,EIRE
536465,71053,WIRELESS ERGONOMIC MOUSE,3,2025-06-03 17:28:33,28.71,16765.0,EIRE
536466,85123B,PURE CANE SUGAR,4,2025-07-24 23:22:42,2.55,15925.0,United Kingdom
536466,85123D,FRENCH VANILLA SYRUP,2,2025-07-24 23:22:42,5.76,15925.0,United Kingdom
536466,85123C,DARK CHOCOLATE BAR 85%,6,2025-07-24 23:22:42,3.43,15925.0,United Kingdom
536466,21221,RETRO SPOT TEA TOWEL,2,2025-07-24 23:22:42,2.54,15925.0,United Kingdom
536467,71053,WIRELESS ERGONOMIC MOUSE,1,2025-10-27 17:24:48,30.46,,United Kingdom
536467,71055,USB-C MULTIPORT ADAPTER,1,2025-10-27 17:24:48,24.87,,United Kingdom
536467,71056,LARGE DESK PAD BLACK,2,2025-10-27 17:24:48,15.77,,United Kingdom
536467,20725,CROISSANT ALL BUTTER,1,2025-10-27 17:24:48,2.19,,United Kingdom
536467,20726,PAIN AU CHOCOLAT,1,2025-10-27 17:24:48,2.56,,United Kingdom
536468,85123A,COLOMBIAN ROAST COFFEE,1,2025-11-16 18:23:17,9.34,,United Kingdom
536468,85123E,CERAMIC COFFEE MUG,2,2025-11-16 18:23:17,6.75,,United Kingdom
536468,71057,MONITOR LIGHT BAR,2,2025-11-16 18:23:17,38.35,,United Kingdom
536468,71053,WIRELESS ERGONOMIC MOUSE,12,2025-11-16 18:23:17,31.44,,United Kingdom
536468,71055,USB-C MULTIPORT ADAPTER,1,2025-11-16 18:23:17,25.16,,United Kingdom
536468,71054,MECHANICAL KEYBOARD,3,2025-11-16 18:23:17,73.06,,United Kingdom
536469,22425,SWEET CREAM BUTTER,4,2025-07-13 23:00:58,4.15,16582.0,United Kingdom
536469,22423,ORGANIC WHOLE MILK,2,2025-07-13 23:00:58,3.54,16582.0,United Kingdom
536470,71056,LARGE DESK PAD BLACK,1,2025-09-17 05:00:56,16.15,15166.0,United Kingdom
536470,71054,MECHANICAL KEYBOARD,1,2025-09-17 05:00:56,67.28,15166.0,United Kingdom
536470,71053,WIRELESS ERGONOMIC MOUSE,3,2025-09-17 05:00:56,29.72,15166.0,United Kingdom
536470,71055,USB-C MULTIPORT ADAPTER,1,2025-09-17 05:00:56,25.02,15166.0,United Kingdom
536471,85099B,WHITE HANGING HEART T-LIGHT HOLDER,1,2025-12-02 17:26:46,2.63,16957.0,United Kingdom
536471,22423,REGENCY CAKESTAND 3 TIER,1,2025-12-02 17:26:46,12.95,16957.0,United Kingdom
536472,71054,MECHANICAL KEYBOARD,4,2025-03-18 17:31:12,70.01,15497.0,United Kingdom
536472,71053,WIRELESS ERGONOMIC MOUSE,3,2025-03-18 17:31:12,30.97,15497.0,United Kingdom
536472,71056,LARGE DESK PAD BLACK,2,2025-03-18 17:31:12,15.78,15497.0,United Kingdom
536473,20725,CROISSANT ALL BUTTER,1,2026-01-02 01:36:27,2.28,17165.0,United Kingdom
536473,20727,ALMOND DANISH,1,2026-01-02 01:36:27,2.79,17165.0,United Kingdom
536473,20728,CAPPUCCINO CUP & SAUCER,2,2026-01-02 01:36:27,8.31,17165.0,United Kingdom
536473,20726,PAIN AU CHOCOLAT,4,2026-01-02 01:36:27,2.5,17165.0,United Kingdom
536473,21212,VINTAGE SNAP CARDS,1,2026-01-02 01:36:27,0.84,17165.0,United Kingdom
536474,21214,RECIPE BOX PANTRY DESIGN,2,2025-04-02 17:43:32,8.03,18068.0,United Kingdom
536475,71054,MECHANICAL KEYBOARD,4,2025-11-21 03:03:18,68.49,15622.0,United Kingdom
536475,71056,LARGE DESK PAD BLACK,1,2025-11-21 03:03:18,0.0,15622.0,United Kingdom
536476,22423,ORGANIC WHOLE MILK,1,2025-12-18 22:55:37,3.65,15232.0,Switzerland
536476,22427,ORGANIC EGGS DOZEN,1,2025-12-18 22:55:37,4.99,15232.0,Switzerland
536476,22425,SWEET CREAM BUTTER,1,2025-12-18 22:55:37,4.26,15232.0,Switzerland
536476,21230,BATHROOM SCALE VINTAGE,1,2025-12-18 22:55:37,21.87,15232.0,Switzerland
536476,21223,SET OF 6 SPICE JARS,1,2025-12-18 22:55:37,10.22,15232.0,Switzerland
536477,21217,PACK OF 20 NAPKINS,2,2025-12-23 03:44:51,1.51,14145.0,United Kingdom
536478,85123C,DARK CHOCOLATE BAR 85%,3,2025-05-13 20:43:14,3.59,,United Kingdom
536478,85123B,PURE CANE SUGAR,3,2025-05-13 20:43:14,2.49,,United Kingdom
536478,85123A,COLOMBIAN ROAST COFFEE,2,2025-05-13 20:43:14,9.43,,United Kingdom
536478,85123E,CERAMIC COFFEE MUG,2,2025-05-13 20:43:14,6.21,,United Kingdom
536479,84880,WATERING CAN GREEN 2L,1,2025-09-01 18:14:33,11.56,13771.0,United Kingdom
536479,84882,GARDENING GLOVES PAIR,2,2025-09-01 18:14:33,4.99,13771.0,United Kingdom
536480,84883,LED GROW LIGHT BULB,24,2025-03-19 02:13:14,15.51,,United Kingdom
536480,84882,GARDENING GLOVES PAIR,1,2025-03-19 02:13:14,5.02,,United Kingdom
536480,84880,WATERING CAN GREEN 2L,1,2025-03-19 02:13:14,11.86,,United Kingdom
536480,84879,CERAMIC PLANT POT WHITE,1,2025-03-19 02:13:14,9.85,,United Kingdom
536480,21734,ARTISAN PASTA PENNE,1,2025-03-19 02:13:14,3.17,,United Kingdom
536480,21736,ORGANIC TOMATO BASIL SAUCE,2,2025-03-19 02:13:14,4.56,,United Kingdom
536481,21217,PACK OF 20 NAPKINS,1,2025-07-25 01:48:29,1.47,12982.0,United Kingdom
536482,22424,WHOLE WHEAT BREAD,1,2025-10-03 23:56:10,2.87,17148.0,United Kingdom
536482,22425,SWEET CREAM BUTTER,1,2025-10-03 23:56:10,4.21,17148.0,United Kingdom
536483,85123B,PURE CANE SUGAR,6,2025-05-07 20:17:18,2.6,14874.0,United Kingdom
536483,85123A,COLOMBIAN ROAST COFFEE,2,2025-05-07 20:17:18,9.07,14874.0,United Kingdom
536483,21222,RETRO SPOT APRON,2,2025-05-07 20:17:18,7.05,14874.0,United Kingdom
536484,22423,REGENCY CAKESTAND 3 TIER,4,2025-05-23 18:49:00,12.49,15716.0,United Kingdom
536484,22720,SET OF 3 CAKE TINS PANTRY,4,2025-05-23 18:49:00,4.97,15716.0,United Kingdom
536484,22961,HEART OF WICKER LARGE,1,2025-05-23 18:49:00,3.01,15716.0,United Kingdom
536484,22960,HEART OF WICKER SMALL,1,2025-05-23 18:49:00,1.67,15716.0,United Kingdom
536485,85123D,FRENCH VANILLA SYRUP,12,2025-05-27 22:42:54,5.7,16697.0,United Kingdom
536485,85123E,CERAMIC COFFEE MUG,2,2025-05-27 22:42:54,6.18,16697.0,United Kingdom
536485,21218,SCENTED CANDLE LAVENDER,2,2025-05-27 22:42:54,4.32,16697.0,United Kingdom
536486,20727,ALMOND DANISH,1,2025-02-07 21:19:25,2.82,13536.0,United Kingdom
536486,20728,CAPPUCCINO CUP & SAUCER,2,2025-02-07 21:19:25,8.73,13536.0,United Kingdom
536487,21735,AGED PARMESAN REGGIANO,1,2025-02-01 04:29:35,7.99,17494.0,United Kingdom
536487,21734,ARTISAN PASTA PENNE,1,2025-02-01 04:29:35,3.39,17494.0,United Kingdom
536487,21736,ORGANIC TOMATO BASIL SAUCE,2,2025-02-01 04:29:35,4.53,17494.0,United Kingdom
536488,71054,MECHANICAL KEYBOARD,4,2025-02-09 16:52:41,69.56,17461.0,United Kingdom
536488,71056,LARGE DESK PAD BLACK,1,2025-02-09 16:52:41,16.63,17461.0,United Kingdom
536488,71053,WIRELESS ERGONOMIC MOUSE,3,2025-02-09 16:52:41,29.06,17461.0,United Kingdom
536488,71057,MONITOR LIGHT BAR,1,2025-02-09 16:52:41,41.32,17461.0,United Kingdom
536489,84879,CERAMIC PLANT POT WHITE,3,2025-08-30 17:19:40,10.03,15347.0,United Kingdom
536489,84881,ORGANIC POTTING SOIL 10L,2,2025-08-30 17:19:40,7.07,15347.0,United Kingdom
536490,22426,STRAWBERRY PRESERVES,2,2025-04-11 16:42:06,3.93,13403.0,United Kingdom
536490,22427,ORGANIC EGGS DOZEN,2,2025-04-11 16:42:06,5.18,13403.0,United Kingdom
536491,22423,ORGANIC WHOLE MILK,1,2025-02-09 01:47:33,3.53,15363.0,EIRE
536491,22424,WHOLE WHEAT BREAD,1,2025-02-09 01:47:33,3.03,15363.0,EIRE
536491,22425,SWEET CREAM BUTTER,6,2025-02-09 01:47:33,4.11,15363.0,EIRE
536491,22427,ORGANIC EGGS DOZEN,1,2025-02-09 01:47:33,5.24,15363.0,EIRE
536491,21224,GLASS STORAGE JAR SMALL,24,2025-02-09 01:47:33,2.21,15363.0,EIRE
536492,21736,ORGANIC TOMATO BASIL SAUCE,1,2025-07-22 05:05:59,4.4,14092.0,United Kingdom
536492,21737,GARLIC HERB BREADSTICKS,4,2025-07-22 05:05:59,3.05,14092.0,United Kingdom
536492,21733,ITALIAN EXTRA VIRGIN OLIVE OIL,6,2025-07-22 05:05:59,12.54,14092.0,United Kingdom
536492,21735,AGED PARMESAN REGGIANO,2,2025-07-22 05:05:59,7.95,14092.0,United Kingdom
536492,21734,ARTISAN PASTA PENNE,2,2025-07-22 05:05:59,3.43,14092.0,United Kingdom
536493,85099B,WHITE HANGING HEART T-LIGHT HOLDER,3,2025-02-28 02:11:19,2.58,17060.0,United Kingdom
536493,22961,HEART OF WICKER LARGE,1,2025-02-28 02:11:19,2.81,17060.0,United Kingdom
536493,22423,REGENCY CAKESTAND 3 TIER,1,2025-02-28 02:11:19,12.18,17060.0,United Kingdom
536493,21225,GLASS STORAGE JAR LARGE,2,2025-02-28 02:11:19,3.95,17060.0,United Kingdom
536493,21215,WOODEN PICTURE FRAME,1,2025-02-28 02:11:19,5.27,17060.0,United Kingdom
536494,84883,LED GROW LIGHT BULB,2,2025-03-21 00:05:12,14.76,13408.0,United Kingdom
536494,84880,WATERING CAN GREEN 2L,1,2025-03-21 00:05:12,12.06,13408.0,United Kingdom
536494,84879,CERAMIC PLANT POT WHITE,1,2025-03-21 00:05:12,9.54,13408.0,United Kingdom
536494,21222,RETRO SPOT APRON,4,2025-03-21 00:05:12,7.2,13408.0,United Kingdom
536494,21230,BATHROOM SCALE VINTAGE,6,2025-03-21 00:05:12,22.81,13408.0,United Kingdom
536495,71057,MONITOR LIGHT BAR,6,2025-04-28 04:04:13,40.1,,United Kingdom
536495,71056,LARGE DESK PAD BLACK,3,2025-04-28 04:04:13,15.62,,United Kingdom
536495,71055,USB-C MULTIPORT ADAPTER,3,2025-04-28 04:04:13,25.4,,United Kingdom
536495,71053,WIRELESS ERGONOMIC MOUSE,1,2025-04-28 04:04:13,31.14,,United Kingdom
536496,20725,CROISSANT ALL BUTTER,3,2025-10-09 17:41:12,2.14,17231.0,France
536496,20729,BLUEBERRY SCONE,24,2025-10-09 17:41:12,2.51,17231.0,France
536496,20728,CAPPUCCINO CUP & SAUCER,2,2025-10-09 17:41:12,8.92,17231.0,France
536497,71057,MONITOR LIGHT BAR,4,2025-02-24 03:54:33,40.61,13464.0,United Kingdom
536497,71054,MECHANICAL KEYBOARD,2,2025-02-24 03:54:33,71.53,13464.0,United Kingdom
536497,71056,LARGE DESK PAD BLACK,1,2025-02-24 03:54:33,15.7,13464.0,United Kingdom
536497,84883,LED GROW LIGHT BULB,3,2025-02-24 03:54:33,15.47,13464.0,United Kingdom
536497,84881,ORGANIC POTTING SOIL 10L,1,2025-02-24 03:54:33,6.73,13464.0,United Kingdom
536497,84880,WATERING CAN GREEN 2L,3,2025-02-24 03:54:33,11.63,13464.0,United Kingdom
536497,84879,CERAMIC PLANT POT WHITE,1,2025-02-24 03:54:33,10.27,13464.0,United Kingdom
536497,84882,GARDENING GLOVES PAIR,3,2025-02-24 03:54:33,4.83,13464.0,United Kingdom
536497,85123E,CERAMIC COFFEE MUG,1,2025-02-24 03:54:33,6.44,13464.0,United Kingdom
536497,85123B,PURE CANE SUGAR,1,2025-02-24 03:54:33,2.53,13464.0,United Kingdom
536497,85123A,COLOMBIAN ROAST COFFEE,12,2025-02-24 03:54:33,8.94,13464.0,United Kingdom
536497,21228,WALL CLOCK RETRO RED,6,2025-02-24 03:54:33,18.37,13464.0,United Kingdom
536497,21216,EMERGENCY FIRST AID TIN,3,2025-02-24 03:54:33,3.71,13464.0,United Kingdom
536498,85123A,COLOMBIAN ROAST COFFEE,3,2025-03-06 23:59:52,8.59,,United Kingdom
536498,85123D,FRENCH VANILLA SYRUP,2,2025-03-06 23:59:52,6.12,,United Kingdom
536498,85123C,DARK CHOCOLATE BAR 85%,3,2025-03-06 23:59:52,3.37,,United Kingdom
536498,71053,WIRELESS ERGONOMIC MOUSE,2,2025-03-06 23:59:52,30.63,,United Kingdom
536498,71054,MECHANICAL KEYBOARD,3,2025-03-06 23:59:52,72.84,,United Kingdom
536498,71056,LARGE DESK PAD BLACK,1,2025-03-06 23:59:52,15.91,,United Kingdom
536498,71055,USB-C MULTIPORT ADAPTER,4,2025-03-06 23:59:52,25.02,,United Kingdom
536498,21221,RETRO SPOT TEA TOWEL,4,2025-03-06 23:59:52,2.6,,United Kingdom
536499,21734,ARTISAN PASTA PENNE,2,2025-06-16 21:16:49,3.26,15777.0,United Kingdom
536499,21737,GARLIC HERB BREADSTICKS,2,2025-06-16 21:16:49,3.03,15777.0,United Kingdom
536499,84881,ORGANIC POTTING SOIL 10L,1,2025-06-16 21:16:49,7.1,15777.0,United Kingdom
536499,84879,CERAMIC PLANT POT WHITE,4,2025-06-16 21:16:49,9.79,15777.0,United Kingdom
536499,85123D,FRENCH VANILLA SYRUP,1,2025-06-16 21:16:49,6.09,15777.0,United Kingdom
536499,85123A,COLOMBIAN ROAST COFFEE,4,2025-06-16 21:16:49,8.7,15777.0,United Kingdom
536499,85123C,DARK CHOCOLATE BAR 85%,1,2025-06-16 21:16:49,3.43,15777.0,United Kingdom
536500,20726,PAIN AU CHOCOLAT,1,2025-03-14 04:25:17,2.56,13442.0,United Kingdom
536500,20725,CROISSANT ALL BUTTER,2,2025-03-14 04:25:17,2.33,13442.0,United Kingdom
536500,20728,CAPPUCCINO CUP & SAUCER,6,2025-03-14 04:25:17,8.6,13442.0,United Kingdom
536501,22423,REGENCY CAKESTAND 3 TIER,3,2025-04-19 16:37:01,12.13,14719.0,Germany
536501,22960,HEART OF WICKER SMALL,1,2025-04-19 16:37:01,1.65,14719.0,Germany
536502,84882,GARDENING GLOVES PAIR,1,2025-04-09 19:51:53,5.13,12578.0,United Kingdom
536502,84879,CERAMIC PLANT POT WHITE,1,2025-04-09 19:51:53,10.21,12578.0,United Kingdom
536502,84881,ORGANIC POTTING SOIL 10L,3,2025-04-09 19:51:53,7.2,12578.0,United Kingdom
536502,21226,CHILLI LIGHTS STRING,1,2025-04-09 19:51:53,8.1,12578.0,United Kingdom
536503,20727,ALMOND DANISH,1,2025-06-21 03:32:17,2.67,14865.0,United Kingdom
536503,20728,CAPPUCCINO CUP & SAUCER,6,2025-06-21 03:32:17,8.21,14865.0,United Kingdom
536503,20726,PAIN AU CHOCOLAT,1,2025-06-21 03:32:17,2.46,14865.0,United Kingdom
536503,20725,CROISSANT ALL BUTTER,2,2025-06-21 03:32:17,2.36,14865.0,United Kingdom
536504,22425,SWEET CREAM BUTTER,1,2025-12-28 02:25:05,4.12,12700.0,United Kingdom
536504,22423,ORGANIC WHOLE MILK,1,2025-12-28 02:25:05,3.37,12700.0,United Kingdom
536505,21212,VINTAGE SNAP CARDS,3,2025-05-28 19:15:51,0.82,14949.0,United Kingdom
536506,85123E,CERAMIC COFFEE MUG,3,2025-08-27 01:52:19,6.24,18069.0,United Kingdom
536506,85123A,COLOMBIAN ROAST COFFEE,2,2025-08-27 01:52:19,9.39,18069.0,United Kingdom
536506,85123B,PURE CANE SUGAR,2,2025-08-27 01:52:19,2.41,18069.0,United Kingdom
536507,21734,ARTISAN PASTA PENNE,2,2025-03-08 22:00:29,3.33,,United Kingdom
536507,21733,ITALIAN EXTRA VIRGIN OLIVE OIL,1,2025-03-08 22:00:29,13.4,,United Kingdom
536507,21737,GARLIC HERB BREADSTICKS,4,2025-03-08 22:00:29,3.0,,United Kingdom
536507,85099B,WHITE HANGING HEART T-LIGHT HOLDER,6,2025-03-08 22:00:29,2.57,,United Kingdom
536507,22720,SET OF 3 CAKE TINS PANTRY,2,2025-03-08 22:00:29,5.11,,United Kingdom
536507,22960,HEART OF WICKER SMALL,1,2025-03-08 22:00:29,1.7,,United Kingdom
536507,22961,HEART OF WICKER LARGE,3,2025-03-08 22:00:29,2.83,,United Kingdom
536508,71054,MECHANICAL KEYBOARD,6,2025-03-28 00:04:18,69.53,,United Kingdom
536508,71055,USB-C MULTIPORT ADAPTER,1,2025-03-28 00:04:18,26.21,,United Kingdom
536508,71057,MONITOR LIGHT BAR,2,2025-03-28 00:04:18,40.19,,United Kingdom
536509,84882,GARDENING GLOVES PAIR,1,2025-08-20 04:07:25,4.93,14267.0,Germany
536509,84883,LED GROW LIGHT BULB,24,2025-08-20 04:07:25,15.24,14267.0,Germany
536510,20729,BLUEBERRY SCONE,2,2025-02-22 19:11:51,2.33,13452.0,United Kingdom
536510,20728,CAPPUCCINO CUP & SAUCER,3,2025-02-22 19:11:51,8.68,13452.0,United Kingdom
536510,20727,ALMOND DANISH,1,2025-02-22 19:11:51,2.62,13452.0,United Kingdom
536510,20725,CROISSANT ALL BUTTER,12,2025-02-22 19:11:51,2.16,13452.0,United Kingdom
536511,21226,CHILLI LIGHTS STRING,2,2025-11-18 17:45:30,8.7,16627.0,United Kingdom
536512,85123C,DARK CHOCOLATE BAR 85%,4,2025-10-25 20:33:40,3.41,14830.0,United Kingdom
536512,85123A,COLOMBIAN ROAST COFFEE,3,2025-10-25 20:33:40,9.08,14830.0,United Kingdom
536512,85123B,PURE CANE SUGAR,2,2025-10-25 20:33:40,2.41,14830.0,United Kingdom
536513,20728,CAPPUCCINO CUP & SAUCER,1,2025-11-10 19:23:31,8.41,13528.0,United Kingdom
536513,20726,PAIN AU CHOCOLAT,2,2025-11-10 19:23:31,2.47,13528.0,United Kingdom
536513,22720,SET OF 3 CAKE TINS PANTRY,6,2025-11-10 19:23:31,4.71,13528.0,United Kingdom
536513,85099B,WHITE HANGING HEART T-LIGHT HOLDER,12,2025-11-10 19:23:31,2.6,13528.0,United Kingdom
536514,84882,GARDENING GLOVES PAIR,3,2025-06-30 20:47:51,5.24,14573.0,United Kingdom
536514,84880,WATERING CAN GREEN 2L,1,2025-06-30 20:47:51,11.4,14573.0,United Kingdom
536514,84881,ORGANIC POTTING SOIL 10L,3,2025-06-30 20:47:51,6.82,14573.0,United Kingdom
536515,71057,MONITOR LIGHT BAR,2,2025-12-02 18:15:07,41.73,17250.0,France
536515,71054,MECHANICAL KEYBOARD,2,2025-12-02 18:15:07,72.81,17250.0,France
536516,22424,WHOLE WHEAT BREAD,2,2025-02-09 21:22:16,3.02,15065.0,United Kingdom
536516,22426,STRAWBERRY PRESERVES,1,2025-02-09 21:22:16,3.72,15065.0,United Kingdom
536516,22423,,2,2025-02-09 21:22:16,3.54,15065.0,United Kingdom
536517,20725,CROISSANT ALL BUTTER,3,2025-10-31 17:02:45,2.23,15545.0,United Kingdom
536517,20726,PAIN AU CHOCOLAT,2,2025-10-31 17:02:45,2.62,15545.0,United Kingdom
536517,20729,BLUEBERRY SCONE,3,2025-10-31 17:02:45,2.32,15545.0,United Kingdom
536517,22960,HEART OF WICKER SMALL,3,2025-10-31 17:02:45,1.72,15545.0,United Kingdom
536517,85099B,WHITE HANGING HEART T-LIGHT HOLDER,3,2025-10-31 17:02:45,2.61,15545.0,United Kingdom
536518,85099B,WHITE HANGING HEART T-LIGHT HOLDER,2,2025-10-14 02:49:31,2.66,,United Kingdom
536518,22961,HEART OF WICKER LARGE,1,2025-10-14 02:49:31,2.82,,United Kingdom
536518,22423,REGENCY CAKESTAND 3 TIER,6,2025-10-14 02:49:31,12.9,,United Kingdom
536518,22960,HEART OF WICKER SMALL,3,2025-10-14 02:49:31,1.72,,United Kingdom
536518,21224,GLASS STORAGE JAR SMALL,4,2025-10-14 02:49:31,2.15,,United Kingdom
536518,21215,WOODEN PICTURE FRAME,3,2025-10-14 02:49:31,5.26,,United Kingdom
536519,85099B,WHITE HANGING HEART T-LIGHT HOLDER,2,2025-12-27 02:04:08,2.46,,United Kingdom
536519,22423,REGENCY CAKESTAND 3 TIER,4,2025-12-27 02:04:08,12.92,,United Kingdom
536519,21216,EMERGENCY FIRST AID TIN,1,2025-12-27 02:04:08,3.57,,United Kingdom
536520,71054,MECHANICAL KEYBOARD,3,2025-12-30 18:43:09,67.11,16239.0,United Kingdom
536520,71057,MONITOR LIGHT BAR,2,2025-12-30 18:43:09,38.76,16239.0,United Kingdom
536520,71055,USB-C MULTIPORT ADAPTER,6,2025-12-30 18:43:09,26.21,16239.0,United Kingdom
536521,85123A,COLOMBIAN ROAST COFFEE,1,2025-03-28 03:24:58,9.26,,United Kingdom
536521,85123E,CERAMIC COFFEE MUG,6,2025-03-28 03:24:58,6.29,,United Kingdom
536522,85123A,COLOMBIAN ROAST COFFEE,6,2025-08-12 20:17:43,8.95,15010.0,United Kingdom
536522,85123B,PURE CANE SUGAR,3,2025-08-12 20:17:43,2.61,15010.0,United Kingdom
536522,22424,WHOLE WHEAT BREAD,1,2025-08-12 20:17:43,2.88,15010.0,United Kingdom
536522,22426,STRAWBERRY PRESERVES,1,2025-08-12 20:17:43,4.04,15010.0,United Kingdom
536522,22423,ORGANIC WHOLE MILK,3,2025-08-12 20:17:43,3.37,15010.0,United Kingdom
536522,21213,MINI PAINT SET 9 COLOURS,6,2025-08-12 20:17:43,1.25,15010.0,United Kingdom
536523,71057,MONITOR LIGHT BAR,2,2025-05-16 21:57:37,39.57,14360.0,United Kingdom
536523,71053,WIRELESS ERGONOMIC MOUSE,2,2025-05-16 21:57:37,28.74,14360.0,United Kingdom
536523,71054,MECHANICAL KEYBOARD,1,2025-05-16 21:57:37,69.0,14360.0,United Kingdom
536523,71056,LARGE DESK PAD BLACK,3,2025-05-16 21:57:37,15.45,14360.0,United Kingdom
536523,71055,USB-C MULTIPORT ADAPTER,12,2025-05-16 21:57:37,24.9,14360.0,United Kingdom
536524,71056,LARGE DESK PAD BLACK,1,2025-11-27 17:54:57,16.29,12351.0,United Kingdom
536524,71055,USB-C MULTIPORT ADAPTER,2,2025-11-27 17:54:57,26.01,12351.0,United Kingdom
536525,85123C,DARK CHOCOLATE BAR 85%,4,2025-10-24 03:34:35,3.63,17649.0,United Kingdom
536525,85123B,PURE CANE SUGAR,1,2025-10-24 03:34:35,2.59,17649.0,United Kingdom
536526,21733,ITALIAN EXTRA VIRGIN OLIVE OIL,1,2025-09-08 04:04:43,12.61,13345.0,United Kingdom
536526,21734,ARTISAN PASTA PENNE,3,2025-09-08 04:04:43,3.43,13345.0,United Kingdom
536526,21736,ORGANIC TOMATO BASIL SAUCE,1,2025-09-08 04:04:43,4.35,13345.0,United Kingdom
536526,20728,CAPPUCCINO CUP & SAUCER,2,2025-09-08 04:04:43,8.36,13345.0,United Kingdom
536526,20726,PAIN AU CHOCOLAT,2,2025-09-08 04:04:43,2.54,13345.0,United Kingdom
536526,21215,WOODEN PICTURE FRAME,2,2025-09-08 04:04:43,5.72,13345.0,United Kingdom
536526,21217,PACK OF 20 NAPKINS,2,2025-09-08 04:04:43,1.42,13345.0,United Kingdom
536526,21220,BICYCLE PUNCTURE REPAIR KIT,12,2025-09-08 04:04:43,3.04,13345.0,United Kingdom
536527,71054,MECHANICAL KEYBOARD,6,2025-04-02 19:37:02,71.87,13597.0,United Kingdom
536527,71057,MONITOR LIGHT BAR,12,2025-04-02 19:37:02,40.17,13597.0,United Kingdom
536527,85123A,COLOMBIAN ROAST COFFEE,6,2025-04-02 19:37:02,9.41,13597.0,United Kingdom
536527,85123C,DARK CHOCOLATE BAR 85%,4,2025-04-02 19:37:02,3.58,13597.0,United Kingdom
536527,85123B,PURE CANE SUGAR,2,2025-04-02 19:37:02,2.38,13597.0,United Kingdom
536527,20728,CAPPUCCINO CUP & SAUCER,3,2025-04-02 19:37:02,8.26,13597.0,United Kingdom
536527,20726,PAIN AU CHOCOLAT,1,2025-04-02 19:37:02,2.51,13597.0,United Kingdom
536528,71053,WIRELESS ERGONOMIC MOUSE,2,2025-09-29 22:42:31,31.42,13055.0,United Kingdom
536528,71055,USB-C MULTIPORT ADAPTER,2,2025-09-29 22:42:31,26.22,13055.0,United Kingdom
536528,71054,MECHANICAL KEYBOARD,12,2025-09-29 22:42:31,69.46,13055.0,United Kingdom
536528,21223,SET OF 6 SPICE JARS,1,2025-09-29 22:42:31,9.66,13055.0,United Kingdom
536528,21224,GLASS STORAGE JAR SMALL,1,2025-09-29 22:42:31,2.35,13055.0,United Kingdom
536529,22961,HEART OF WICKER LARGE,1,2025-10-28 05:28:08,3.04,18158.0,United Kingdom
536529,22960,HEART OF WICKER SMALL,3,2025-10-28 05:28:08,1.59,18158.0,United Kingdom
536529,21230,BATHROOM SCALE VINTAGE,6,2025-10-28 05:28:08,22.32,18158.0,United Kingdom
536529,21221,RETRO SPOT TEA TOWEL,12,2025-10-28 05:28:08,2.52,18158.0,United Kingdom
536530,21733,ITALIAN EXTRA VIRGIN OLIVE OIL,2,2025-07-21 01:16:36,13.53,13319.0,United Kingdom
536530,21734,ARTISAN PASTA PENNE,6,2025-07-21 01:16:36,3.29,13319.0,United Kingdom
536530,21216,EMERGENCY FIRST AID TIN,4,2025-07-21 01:16:36,3.77,13319.0,United Kingdom
536530,21223,SET OF 6 SPICE JARS,1,2025-07-21 01:16:36,10.13,13319.0,United Kingdom
536531,22424,WHOLE WHEAT BREAD,1,2025-09-15 22:51:58,2.94,15395.0,United Kingdom
536531,22427,ORGANIC EGGS DOZEN,24,2025-09-15 22:51:58,5.0,15395.0,United Kingdom
536531,85123E,CERAMIC COFFEE MUG,3,2025-09-15 22:51:58,6.25,15395.0,United Kingdom
536531,85123A,COLOMBIAN ROAST COFFEE,1,2025-09-15 22:51:58,8.73,15395.0,United Kingdom
536531,85123B,PURE CANE SUGAR,1,2025-09-15 22:51:58,2.37,15395.0,United Kingdom
536531,85123C,DARK CHOCOLATE BAR 85%,1,2025-09-15 22:51:58,3.56,15395.0,United Kingdom
536532,71054,MECHANICAL KEYBOARD,2,2025-03-01 04:37:58,71.59,,United Kingdom
536532,71055,USB-C MULTIPORT ADAPTER,2,2025-03-01 04:37:58,23.78,,United Kingdom
536532,71053,WIRELESS ERGONOMIC MOUSE,6,2025-03-01 04:37:58,30.1,,United Kingdom
536532,71056,LARGE DESK PAD BLACK,2,2025-03-01 04:37:58,16.32,,United Kingdom
536532,21220,BICYCLE PUNCTURE REPAIR KIT,12,2025-03-01 04:37:58,2.9,,United Kingdom
536532,21230,BATHROOM SCALE VINTAGE,1,2025-03-01 04:37:58,21.15,,United Kingdom
536533,21735,AGED PARMESAN REGGIANO,1,2025-01-30 17:50:31,7.55,16904.0,United Kingdom
536533,21736,ORGANIC TOMATO BASIL SAUCE,1,2025-01-30 17:50:31,4.71,16904.0,United Kingdom
536533,21733,ITALIAN EXTRA VIRGIN OLIVE OIL,3,2025-01-30 17:50:31,12.45,16904.0,United Kingdom
536534,20728,CAPPUCCINO CUP & SAUCER,3,2025-07-15 19:51:12,8.42,12870.0,France
536534,20729,BLUEBERRY SCONE,2,2025-07-15 19:51:12,2.35,12870.0,France
536534,21230,BATHROOM SCALE VINTAGE,2,2025-07-15 19:51:12,22.28,12870.0,France
536534,21231,FELTCRAFT DOLL ROSIE,1,2025-07-15 19:51:12,3.0,12870.0,France
536535,22960,HEART OF WICKER SMALL,2,2025-02-19 03:18:33,1.72,,United Kingdom
536535,22961,HEART OF WICKER LARGE,2,2025-02-19 03:18:33,2.81,,United Kingdom
536535,20729,BLUEBERRY SCONE,3,2025-02-19 03:18:33,2.4,,United Kingdom
536535,20727,ALMOND DANISH,1,2025-02-19 03:18:33,2.8,,United Kingdom
536535,20728,CAPPUCCINO CUP & SAUCER,2,2025-02-19 03:18:33,8.8,,United Kingdom
536536,22961,HEART OF WICKER LARGE,2,2025-06-23 16:31:37,3.1,14670.0,United Kingdom
536536,85099B,WHITE HANGING HEART T-LIGHT HOLDER,1,2025-06-23 16:31:37,2.5,14670.0,United Kingdom
536537,20728,CAPPUCCINO CUP & SAUCER,2,2025-09-03 03:25:27,8.76,12646.0,United Kingdom
536537,20725,CROISSANT ALL BUTTER,2,2025-09-03 03:25:27,2.31,12646.0,United Kingdom
536538,71054,MECHANICAL KEYBOARD,1,2025-10-11 19:48:16,72.1,12957.0,United Kingdom
536538,71053,WIRELESS ERGONOMIC MOUSE,3,2025-10-11 19:48:16,29.4,12957.0,United Kingdom
536538,71055,USB-C MULTIPORT ADAPTER,1,2025-10-11 19:48:16,24.75,12957.0,United Kingdom
536539,84883,LED GROW LIGHT BULB,3,2025-11-01 23:43:42,15.51,13868.0,United Kingdom
536539,84882,GARDENING GLOVES PAIR,3,2025-11-01 23:43:42,4.86,13868.0,United Kingdom
536539,84881,ORGANIC POTTING SOIL 10L,4,2025-11-01 23:43:42,6.86,13868.0,United Kingdom
536539,84879,CERAMIC PLANT POT WHITE,6,2025-11-01 23:43:42,9.69,13868.0,United Kingdom
536539,84880,WATERING CAN GREEN 2L,1,2025-11-01 23:43:42,11.56,13868.0,United Kingdom
536539,20726,PAIN AU CHOCOLAT,4,2025-11-01 23:43:42,2.39,13868.0,United Kingdom
536539,20729,BLUEBERRY SCONE,1,2025-11-01 23:43:42,2.51,13868.0,United Kingdom
536539,21735,AGED PARMESAN REGGIANO,2,2025-11-01 23:43:42,8.16,13868.0,United Kingdom
536539,21736,ORGANIC TOMATO BASIL SAUCE,2,2025-11-01 23:43:42,4.32,13868.0,United Kingdom
536540,22960,HEART OF WICKER SMALL,1,2025-11-13 18:19:51,1.66,,United Kingdom
536540,22423,REGENCY CAKESTAND 3 TIER,1,2025-11-13 18:19:51,12.65,,United Kingdom
536540,22961,HEART OF WICKER LARGE,6,2025-11-13 18:19:51,2.91,,United Kingdom
536540,21218,SCENTED CANDLE LAVENDER,12,2025-11-13 18:19:51,4.24,,United Kingdom
536541,22961,HEART OF WICKER LARGE,1,2025-07-25 21:10:44,2.86,16867.0,United Kingdom
536541,22423,REGENCY CAKESTAND 3 TIER,6,2025-07-25 21:10:44,13.09,16867.0,United Kingdom
536541,22960,HEART OF WICKER SMALL,4,2025-07-25 21:10:44,1.72,16867.0,United Kingdom
536541,21224,GLASS STORAGE JAR SMALL,3,2025-07-25 21:10:44,2.33,16867.0,United Kingdom
536541,21220,BICYCLE PUNCTURE REPAIR KIT,2,2025-07-25 21:10:44,2.96,16867.0,United Kingdom
536541,21221,RETRO SPOT TEA TOWEL,2,2025-07-25 21:10:44,2.38,16867.0,United Kingdom
536542,85123B,PURE CANE SUGAR,1,2025-06-15 22:06:05,2.51,17487.0,United Kingdom
536542,85123D,FRENCH VANILLA SYRUP,2,2025-06-15 22:06:05,5.93,17487.0,United Kingdom
536542,85123E,CERAMIC COFFEE MUG,1,2025-06-15 22:06:05,6.19,17487.0,United Kingdom
536543,85123C,DARK CHOCOLATE BAR 85%,2,2025-02-04 23:09:27,3.65,13722.0,United Kingdom
536543,85123B,PURE CANE SUGAR,3,2025-02-04 23:09:27,2.41,13722.0,United Kingdom
536544,85123B,PURE CANE SUGAR,1,2025-04-30 21:16:43,2.51,17255.0,United Kingdom
536544,85123A,COLOMBIAN ROAST COFFEE,6,2025-04-30 21:16:43,9.42,17255.0,United Kingdom
536544,85123E,CERAMIC COFFEE MUG,2,2025-04-30 21:16:43,6.56,17255.0,United Kingdom
536545,22427,ORGANIC EGGS DOZEN,1,2025-12-20 05:08:45,4.83,17307.0,United Kingdom
536545,22426,STRAWBERRY PRESERVES,2,2025-12-20 05:08:45,3.73,17307.0,United Kingdom
536545,21223,SET OF 6 SPICE JARS,1,2025-12-20 05:08:45,10.43,17307.0,United Kingdom
536546,20727,ALMOND DANISH,1,2025-11-20 05:29:16,2.74,14496.0,United Kingdom
536546,20728,CAPPUCCINO CUP & SAUCER,2,2025-11-20 05:29:16,8.92,14496.0,United Kingdom
536546,20725,CROISSANT ALL BUTTER,3,2025-11-20 05:29:16,2.17,14496.0,United Kingdom
536546,20726,PAIN AU CHOCOLAT,4,2025-11-20 05:29:16,2.56,14496.0,United Kingdom
536546,21219,TRAVEL SEWING KIT,1,2025-11-20 05:29:16,2.2,14496.0,United Kingdom
536547,22423,ORGANIC WHOLE MILK,1,2025-06-27 16:48:43,3.57,13112.0,United Kingdom
536547,22425,SWEET CREAM BUTTER,1,2025-06-27 16:48:43,4.06,13112.0,United Kingdom
536547,22427,ORGANIC EGGS DOZEN,1,2025-06-27 16:48:43,5.22,13112.0,United Kingdom
536547,20728,CAPPUCCINO CUP & SAUCER,12,2025-06-27 16:48:43,8.81,13112.0,United Kingdom
536547,20729,BLUEBERRY SCONE,4,2025-06-27 16:48:43,2.35,13112.0,United Kingdom
536547,21735,AGED PARMESAN REGGIANO,2,2025-06-27 16:48:43,7.84,13112.0,United Kingdom
536547,21733,ITALIAN EXTRA VIRGIN OLIVE OIL,1,2025-06-27 16:48:43,13.21,13112.0,United Kingdom
536547,21734,ARTISAN PASTA PENNE,6,2025-06-27 16:48:43,3.28,13112.0,United Kingdom
536548,84883,LED GROW LIGHT BULB,1,2025-02-26 17:02:21,14.36,15829.0,United Kingdom
536548,84879,CERAMIC PLANT POT WHITE,1,2025-02-26 17:02:21,10.15,15829.0,United Kingdom
536548,84880,WATERING CAN GREEN 2L,1,2025-02-26 17:02:21,11.5,15829.0,United Kingdom
536548,84881,ORGANIC POTTING SOIL 10L,1,2025-02-26 17:02:21,6.92,15829.0,United Kingdom
536548,84882,GARDENING GLOVES PAIR,2,2025-02-26 17:02:21,4.97,15829.0,United Kingdom
536548,85123D,FRENCH VANILLA SYRUP,12,2025-02-26 17:02:21,6.21,15829.0,United Kingdom
536548,85123C,DARK CHOCOLATE BAR 85%,3,2025-02-26 17:02:21,3.63,15829.0,United Kingdom
536548,22423,REGENCY CAKESTAND 3 TIER,1,2025-02-26 17:02:21,12.33,15829.0,United Kingdom
536548,22720,SET OF 3 CAKE TINS PANTRY,12,2025-02-26 17:02:21,5.0,15829.0,United Kingdom
536549,22424,WHOLE WHEAT BREAD,3,2025-06-13 17:38:08,3.08,15575.0,United Kingdom
536549,22423,ORGANIC WHOLE MILK,2,2025-06-13 17:38:08,3.32,15575.0,United Kingdom
536549,22426,STRAWBERRY PRESERVES,12,2025-06-13 17:38:08,3.88,15575.0,United Kingdom
536549,22427,ORGANIC EGGS DOZEN,2,2025-06-13 17:38:08,5.16,15575.0,United Kingdom
536550,20729,BLUEBERRY SCONE,1,2025-11-12 04:05:18,2.3,17080.0,Netherlands
536550,20728,CAPPUCCINO CUP & SAUCER,2,2025-11-12 04:05:18,8.87,17080.0,Netherlands
536550,20725,CROISSANT ALL BUTTER,1,2025-11-12 04:05:18,2.18,17080.0,Netherlands
536551,84882,GARDENING GLOVES PAIR,3,2025-12-12 23:38:56,4.88,18198.0,United Kingdom
536551,84881,ORGANIC POTTING SOIL 10L,1,2025-12-12 23:38:56,7.06,18198.0,United Kingdom
536552,85123E,CERAMIC COFFEE MUG,1,2025-01-19 22:26:16,6.54,,United Kingdom
536552,85123A,COLOMBIAN ROAST COFFEE,4,2025-01-19 22:26:16,9.23,,United Kingdom
536553,22961,HEART OF WICKER LARGE,1,2025-02-05 00:21:29,2.91,,United Kingdom
536553,85099B,WHITE HANGING HEART T-LIGHT HOLDER,12,2025-02-05 00:21:29,2.62,,United Kingdom
536553,22720,SET OF 3 CAKE TINS PANTRY,1,2025-02-05 00:21:29,4.79,,United Kingdom
536553,22960,HEART OF WICKER SMALL,3,2025-02-05 00:21:29,1.61,,United Kingdom
536553,22424,WHOLE WHEAT BREAD,1,2025-02-05 00:21:29,2.97,,United Kingdom
536553,22423,ORGANIC WHOLE MILK,2,2025-02-05 00:21:29,3.55,,United Kingdom
536553,22426,STRAWBERRY PRESERVES,3,2025-02-05 00:21:29,3.9,,United Kingdom
536553,84880,WATERING CAN GREEN 2L,4,2025-02-05 00:21:29,11.42,,United Kingdom
536553,84881,ORGANIC POTTING SOIL 10L,1,2025-02-05 00:21:29,7.04,,United Kingdom
536553,84882,GARDENING GLOVES PAIR,6,2025-02-05 00:21:29,5.23,,United Kingdom
536553,84883,LED GROW LIGHT BULB,6,2025-02-05 00:21:29,15.32,,United Kingdom
536554,71055,USB-C MULTIPORT ADAPTER,1,2025-08-05 00:11:13,25.12,,United Kingdom
536554,71056,LARGE DESK PAD BLACK,1,2025-08-05 00:11:13,16.46,,United Kingdom
536554,71053,WIRELESS ERGONOMIC MOUSE,3,2025-08-05 00:11:13,31.45,,United Kingdom
536554,85099B,WHITE HANGING HEART T-LIGHT HOLDER,3,2025-08-05 00:11:13,2.51,,United Kingdom
536554,22961,HEART OF WICKER LARGE,1,2025-08-05 00:11:13,3.02,,United Kingdom
536554,22720,SET OF 3 CAKE TINS PANTRY,24,2025-08-05 00:11:13,4.98,,United Kingdom
536554,22423,REGENCY CAKESTAND 3 TIER,2,2025-08-05 00:11:13,12.56,,United Kingdom
536554,21216,EMERGENCY FIRST AID TIN,3,2025-08-05 00:11:13,3.83,,United Kingdom
536554,21228,WALL CLOCK RETRO RED,2,2025-08-05 00:11:13,19.1,,United Kingdom
536555,84883,LED GROW LIGHT BULB,3,2025-03-17 23:43:28,15.66,,United Kingdom
536555,84882,GARDENING GLOVES PAIR,2,2025-03-17 23:43:28,4.98,,United Kingdom
536555,84880,WATERING CAN GREEN 2L,2,2025-03-17 23:43:28,11.72,,United Kingdom
536556,22423,ORGANIC WHOLE MILK,4,2025-08-07 17:37:23,3.37,,France
536556,22425,SWEET CREAM BUTTER,6,2025-08-07 17:37:23,4.13,,France
536556,22424,WHOLE WHEAT BREAD,1,2025-08-07 17:37:23,3.1,,France
536557,20728,CAPPUCCINO CUP & SAUCER,2,2025-11-16 19:18:08,8.53,18238.0,United Kingdom
536557,20726,PAIN AU CHOCOLAT,3,2025-11-16 19:18:08,2.59,18238.0,United Kingdom
536557,20727,ALMOND DANISH,3,2025-11-16 19:18:08,2.77,18238.0,United Kingdom
536557,20729,BLUEBERRY SCONE,3,2025-11-16 19:18:08,2.42,18238.0,United Kingdom
536557,21231,FELTCRAFT DOLL ROSIE,2,2025-11-16 19:18:08,3.07,18238.0,United Kingdom
C536558,21733,ITALIAN EXTRA VIRGIN OLIVE OIL,-5,2025-11-02 23:35:51,12.46,18120.0,United Kingdom
C536558,21736,ORGANIC TOMATO BASIL SAUCE,-3,2025-11-02 23:35:51,4.38,18120.0,United Kingdom
C536558,21737,GARLIC HERB BREADSTICKS,-3,2025-11-02 23:35:51,2.86,18120.0,United Kingdom
C536558,21212,VINTAGE SNAP CARDS,-5,2025-11-02 23:35:51,0.84,18120.0,United Kingdom
536559,20729,BLUEBERRY SCONE,2,2025-04-23 20:18:38,2.34,,United Kingdom
536559,20728,CAPPUCCINO CUP & SAUCER,3,2025-04-23 20:18:38,8.28,,United Kingdom
536559,20725,CROISSANT ALL BUTTER,2,2025-04-23 20:18:38,2.16,,United Kingdom
536559,21229,HAND WARMER BIRD DESIGN,2,2025-04-23 20:18:38,2.04,,United Kingdom
536560,22425,SWEET CREAM BUTTER,6,2025-09-05 01:48:41,4.13,,United Kingdom
536560,22426,STRAWBERRY PRESERVES,6,2025-09-05 01:48:41,3.94,,United Kingdom
536560,22423,REGENCY CAKESTAND 3 TIER,3,2025-09-05 01:48:41,12.52,,United Kingdom
536560,22720,SET OF 3 CAKE TINS PANTRY,6,2025-09-05 01:48:41,4.77,,United Kingdom
536560,85099B,WHITE HANGING HEART T-LIGHT HOLDER,1,2025-09-05 01:48:41,2.47,,United Kingdom
536560,22960,HEART OF WICKER SMALL,2,2025-09-05 01:48:41,1.58,,United Kingdom
536560,22961,HEART OF WICKER LARGE,6,2025-09-05 01:48:41,3.04,,United Kingdom
536560,20728,CAPPUCCINO CUP & SAUCER,2,2025-09-05 01:48:41,8.59,,United Kingdom
536560,20725,CROISSANT ALL BUTTER,24,2025-09-05 01:48:41,2.17,,United Kingdom
536561,21734,ARTISAN PASTA PENNE,4,2025-07-12 19:35:52,3.26,18149.0,United Kingdom
536561,21737,GARLIC HERB BREADSTICKS,2,2025-07-12 19:35:52,3.04,18149.0,United Kingdom
536561,21736,ORGANIC TOMATO BASIL SAUCE,1,2025-07-12 19:35:52,4.32,18149.0,United Kingdom
536561,21735,AGED PARMESAN REGGIANO,1,2025-07-12 19:35:52,7.91,18149.0,United Kingdom
536561,21231,FELTCRAFT DOLL ROSIE,24,2025-07-12 19:35:52,3.01,18149.0,United Kingdom
536562,21735,AGED PARMESAN REGGIANO,1,2025-02-05 21:57:54,8.04,17665.0,EIRE
536562,21733,ITALIAN EXTRA VIRGIN OLIVE OIL,1,2025-02-05 21:57:54,12.42,17665.0,EIRE
536562,21737,GARLIC HERB BREADSTICKS,1,2025-02-05 21:57:54,3.08,17665.0,EIRE
536562,22425,SWEET CREAM BUTTER,2,2025-02-05 21:57:54,4.44,17665.0,EIRE
536562,22426,STRAWBERRY PRESERVES,1,2025-02-05 21:57:54,3.72,17665.0,EIRE
536562,71055,USB-C MULTIPORT ADAPTER,2,2025-02-05 21:57:54,24.05,17665.0,EIRE
536562,71053,WIRELESS ERGONOMIC MOUSE,6,2025-02-05 21:57:54,30.57,17665.0,EIRE
536562,71054,MECHANICAL KEYBOARD,1,2025-02-05 21:57:54,70.77,17665.0,EIRE
536562,21230,BATHROOM SCALE VINTAGE,1,2025-02-05 21:57:54,22.77,17665.0,EIRE
536563,71053,WIRELESS ERGONOMIC MOUSE,6,2025-07-26 00:20:27,28.87,16054.0,United Kingdom
536563,71056,LARGE DESK PAD BLACK,3,2025-07-26 00:20:27,15.49,16054.0,United Kingdom
536563,22427,ORGANIC EGGS DOZEN,2,2025-07-26 00:20:27,5.0,16054.0,United Kingdom
536563,22424,WHOLE WHEAT BREAD,2,2025-07-26 00:20:27,2.88,16054.0,United Kingdom
536563,22423,ORGANIC WHOLE MILK,12,2025-07-26 00:20:27,3.5,16054.0,United Kingdom
536563,21214,RECIPE BOX PANTRY DESIGN,4,2025-07-26 00:20:27,8.0,16054.0,United Kingdom
536564,20727,ALMOND DANISH,1,2025-04-17 03:00:44,2.67,,United Kingdom
536564,20729,BLUEBERRY SCONE,3,2025-04-17 03:00:44,2.34,,United Kingdom
536564,20728,CAPPUCCINO CUP & SAUCER,3,2025-04-17 03:00:44,8.25,,United Kingdom
536564,21215,WOODEN PICTURE FRAME,1,2025-04-17 03:00:44,5.24,,United Kingdom
536565,21735,AGED PARMESAN REGGIANO,3,2025-01-25 19:42:18,7.79,,United Kingdom
536565,21734,ARTISAN PASTA PENNE,1,2025-01-25 19:42:18,3.2,,United Kingdom
536565,21733,ITALIAN EXTRA VIRGIN OLIVE OIL,12,2025-01-25 19:42:18,13.64,,United Kingdom
536565,21220,BICYCLE PUNCTURE REPAIR KIT,1,2025-01-25 19:42:18,3.13,,United Kingdom
536566,71054,MECHANICAL KEYBOARD,12,2025-02-03 05:09:37,72.69,14343.0,United Kingdom
536566,71055,USB-C MULTIPORT ADAPTER,3,2025-02-03 05:09:37,23.9,14343.0,United Kingdom
536566,21220,BICYCLE PUNCTURE REPAIR KIT,2,2025-02-03 05:09:37,3.0,14343.0,United Kingdom
536567,84880,WATERING CAN GREEN 2L,2,2025-11-03 23:10:58,11.56,14538.0,United Kingdom
536567,84882,GARDENING GLOVES PAIR,2,2025-11-03 23:10:58,5.03,14538.0,United Kingdom
536567,22426,STRAWBERRY PRESERVES,2,2025-11-03 23:10:58,3.85,14538.0,United Kingdom
536567,22424,WHOLE WHEAT BREAD,1,2025-11-03 23:10:58,2.91,14538.0,United Kingdom
536567,22427,ORGANIC EGGS DOZEN,4,2025-11-03 23:10:58,5.0,14538.0,United Kingdom
536567,22425,SWEET CREAM BUTTER,1,2025-11-03 23:10:58,4.07,14538.0,United Kingdom
536568,85099B,WHITE HANGING HEART T-LIGHT HOLDER,2,2025-05-30 20:15:38,2.54,17939.0,United Kingdom
536568,22720,SET OF 3 CAKE TINS PANTRY,4,2025-05-30 20:15:38,4.91,17939.0,United Kingdom
536568,22423,REGENCY CAKESTAND 3 TIER,6,2025-05-30 20:15:38,12.15,17939.0,United Kingdom
536568,22960,HEART OF WICKER SMALL,3,2025-05-30 20:15:38,1.65,17939.0,United Kingdom
536568,84882,GARDENING GLOVES PAIR,2,2025-05-30 20:15:38,5.12,17939.0,United Kingdom
536568,84883,LED GROW LIGHT BULB,2,2025-05-30 20:15:38,15.09,17939.0,United Kingdom
536568,84881,ORGANIC POTTING SOIL 10L,24,2025-05-30 20:15:38,7.04,17939.0,United Kingdom
536568,84879,CERAMIC PLANT POT WHITE,2,2025-05-30 20:15:38,9.87,17939.0,United Kingdom
536568,71057,MONITOR LIGHT BAR,2,2025-05-30 20:15:38,39.31,17939.0,United Kingdom
536568,71054,MECHANICAL KEYBOARD,1,2025-05-30 20:15:38,71.21,17939.0,United Kingdom
536568,71056,LARGE DESK PAD BLACK,1,2025-05-30 20:15:38,15.51,17939.0,United Kingdom
536568,21218,SCENTED CANDLE LAVENDER,1,2025-05-30 20:15:38,4.21,17939.0,United Kingdom
536568,21227,VINTAGE UNION JACK CUSHION,1,2025-05-30 20:15:38,15.56,17939.0,United Kingdom
536569,84883,LED GROW LIGHT BULB,1,2025-03-17 19:49:27,15.09,14031.0,United Kingdom
536569,84881,ORGANIC POTTING SOIL 10L,1,2025-03-17 19:49:27,7.09,14031.0,United Kingdom
536569,20729,BLUEBERRY SCONE,4,2025-03-17 19:49:27,2.37,14031.0,United Kingdom
536569,20728,CAPPUCCINO CUP & SAUCER,1,2025-03-17 19:49:27,8.6,14031.0,United Kingdom
536569,20726,PAIN AU CHOCOLAT,3,2025-03-17 19:49:27,2.4,14031.0,United Kingdom
536569,21226,CHILLI LIGHTS STRING,1,2025-03-17 19:49:27,8.83,14031.0,United Kingdom
536569,21214,RECIPE BOX PANTRY DESIGN,3,2025-03-17 19:49:27,8.27,14031.0,United Kingdom
536569,21224,GLASS STORAGE JAR SMALL,1,2025-03-17 19:49:27,2.22,14031.0,United Kingdom
536570,84881,ORGANIC POTTING SOIL 10L,3,2025-09-03 16:34:40,6.97,12705.0,United Kingdom
536570,84882,GARDENING GLOVES PAIR,3,2025-09-03 16:34:40,4.96,12705.0,United Kingdom
536570,84879,CERAMIC PLANT POT WHITE,4,2025-09-03 16:34:40,10.1,12705.0,United Kingdom
536570,21215,WOODEN PICTURE FRAME,1,2025-09-03 16:34:40,5.59,12705.0,United Kingdom
536571,85099B,WHITE HANGING HEART T-LIGHT HOLDER,1,2025-05-01 00:14:03,2.45,16700.0,United Kingdom
536571,22960,HEART OF WICKER SMALL,1,2025-05-01 00:14:03,1.68,16700.0,United Kingdom
536571,22720,SET OF 3 CAKE TINS PANTRY,4,2025-05-01 00:14:03,4.79,16700.0,United Kingdom
536571,71053,WIRELESS ERGONOMIC MOUSE,1,2025-05-01 00:14:03,30.18,16700.0,United Kingdom
536571,71057,MONITOR LIGHT BAR,6,2025-05-01 00:14:03,38.47,16700.0,United Kingdom
536571,21218,SCENTED CANDLE LAVENDER,2,2025-05-01 00:14:03,4.12,16700.0,United Kingdom
536572,22427,ORGANIC EGGS DOZEN,3,2025-05-01 22:49:49,5.08,12891.0,United Kingdom
536572,22424,WHOLE WHEAT BREAD,3,2025-05-01 22:49:49,3.1,12891.0,United Kingdom
536572,22426,STRAWBERRY PRESERVES,1,2025-05-01 22:49:49,3.93,12891.0,United Kingdom
536573,85123B,PURE CANE SUGAR,1,2025-01-21 02:18:57,2.6,14245.0,United Kingdom
536573,85123A,COLOMBIAN ROAST COFFEE,1,2025-01-21 02:18:57,8.79,14245.0,United Kingdom
536573,85123D,FRENCH VANILLA SYRUP,12,2025-01-21 02:18:57,6.08,14245.0,United Kingdom
536573,21218,SCENTED CANDLE LAVENDER,1,2025-01-21 02:18:57,4.09,14245.0,United Kingdom
536574,21216,EMERGENCY FIRST AID TIN,1,2025-07-25 00:50:11,3.63,17321.0,United Kingdom
536575,21736,ORGANIC TOMATO BASIL SAUCE,2,2025-04-21 19:57:11,4.49,13684.0,United Kingdom
536575,21734,ARTISAN PASTA PENNE,4,2025-04-21 19:57:11,3.13,13684.0,United Kingdom
536575,21214,RECIPE BOX PANTRY DESIGN,6,2025-04-21 19:57:11,8.03,13684.0,United Kingdom
536575,21223,SET OF 6 SPICE JARS,2,2025-04-21 19:57:11,9.9,13684.0,United Kingdom
536576,84882,GARDENING GLOVES PAIR,2,2025-04-17 16:30:55,5.06,,United Kingdom
536576,84883,LED GROW LIGHT BULB,6,2025-04-17 16:30:55,14.82,,United Kingdom
536577,84882,GARDENING GLOVES PAIR,3,2025-09-18 03:14:23,5.06,16514.0,France
536577,84880,WATERING CAN GREEN 2L,1,2025-09-18 03:14:23,11.62,16514.0,France
536577,21223,SET OF 6 SPICE JARS,4,2025-09-18 03:14:23,10.09,16514.0,France
536578,21737,GARLIC HERB BREADSTICKS,4,2025-08-14 19:23:27,3.08,,United Kingdom
536578,21736,ORGANIC TOMATO BASIL SAUCE,3,2025-08-14 19:23:27,4.27,,United Kingdom
536578,21735,AGED PARMESAN REGGIANO,4,2025-08-14 19:23:27,7.83,,United Kingdom
536578,21214,RECIPE BOX PANTRY DESIGN,1,2025-08-14 19:23:27,7.7,,United Kingdom
536579,21219,TRAVEL SEWING KIT,3,2025-02-10 03:41:51,2.02,13986.0,United Kingdom
536580,22960,HEART OF WICKER SMALL,3,2025-10-05 04:30:24,1.62,,Belgium
536580,22961,HEART OF WICKER LARGE,2,2025-10-05 04:30:24,2.98,,Belgium
C536581,84880,WATERING CAN GREEN 2L,-1,2025-01-24 01:37:55,11.65,13477.0,Germany
C536581,84881,ORGANIC POTTING SOIL 10L,-11,2025-01-24 01:37:55,6.95,13477.0,Germany
C536581,84883,LED GROW LIGHT BULB,-2,2025-01-24 01:37:55,14.76,13477.0,Germany
C536581,84882,GARDENING GLOVES PAIR,-11,2025-01-24 01:37:55,5.17,13477.0,Germany
C536581,BANK CHARGES,BANK CHARGES,-4,2025-01-24 01:37:55,15.32,13477.0,Germany
536582,20728,CAPPUCCINO CUP & SAUCER,2,2025-06-14 03:05:55,8.68,13053.0,United Kingdom
536582,20726,PAIN AU CHOCOLAT,4,2025-06-14 03:05:55,2.43,13053.0,United Kingdom
536582,20725,CROISSANT ALL BUTTER,1,2025-06-14 03:05:55,2.17,13053.0,United Kingdom
536582,20727,ALMOND DANISH,3,2025-06-14 03:05:55,2.85,13053.0,United Kingdom
536582,20729,BLUEBERRY SCONE,3,2025-06-14 03:05:55,2.37,13053.0,United Kingdom
536583,22427,  ORGANIC EGGS DOZEN   ,6,2025-05-04 20:37:18,5.22,14251.0,United Kingdom
536583,22424,WHOLE WHEAT BREAD,2,2025-05-04 20:37:18,3.09,14251.0,United Kingdom
536584,22423,REGENCY CAKESTAND 3 TIER,1,2025-11-08 19:36:25,12.96,17268.0,United Kingdom
536584,22720,SET OF 3 CAKE TINS PANTRY,1,2025-11-08 19:36:25,5.19,17268.0,United Kingdom
536584,85099B,WHITE HANGING HEART T-LIGHT HOLDER,2,2025-11-08 19:36:25,2.63,17268.0,United Kingdom
536585,22960,HEART OF WICKER SMALL,2,2025-05-06 04:17:03,1.61,14065.0,United Kingdom
536585,22720,SET OF 3 CAKE TINS PANTRY,2,2025-05-06 04:17:03,4.77,14065.0,United Kingdom
536585,22961,HEART OF WICKER LARGE,4,2025-05-06 04:17:03,3.01,14065.0,United Kingdom
536585,85099B,WHITE HANGING HEART T-LIGHT HOLDER,3,2025-05-06 04:17:03,2.5,14065.0,United Kingdom
536585,85123E,CERAMIC COFFEE MUG,3,2025-05-06 04:17:03,6.18,14065.0,United Kingdom
536585,85123D,FRENCH VANILLA SYRUP,24,2025-05-06 04:17:03,5.78,14065.0,United Kingdom
536585,85123B,PURE CANE SUGAR,6,2025-05-06 04:17:03,2.39,14065.0,United Kingdom
536585,85123C,DARK CHOCOLATE BAR 85%,24,2025-05-06 04:17:03,3.55,14065.0,United Kingdom
536585,85123A,COLOMBIAN ROAST COFFEE,2,2025-05-06 04:17:03,8.57,14065.0,United Kingdom
536586,22720,SET OF 3 CAKE TINS PANTRY,2,2025-12-20 02:35:49,4.71,18007.0,United Kingdom
536586,22960,HEART OF WICKER SMALL,3,2025-12-20 02:35:49,1.7,18007.0,United Kingdom
536586,22423,REGENCY CAKESTAND 3 TIER,2,2025-12-20 02:35:49,12.84,18007.0,United Kingdom
536586,21215,WOODEN PICTURE FRAME,4,2025-12-20 02:35:49,5.33,18007.0,United Kingdom
536587,22423,ORGANIC WHOLE MILK,4,2025-11-06 01:15:52,3.35,16590.0,United Kingdom
536587,22424,WHOLE WHEAT BREAD,1,2025-11-06 01:15:52,3.13,16590.0,United Kingdom
536587,22425,SWEET CREAM BUTTER,6,2025-11-06 01:15:52,4.42,16590.0,United Kingdom
536587,22427,ORGANIC EGGS DOZEN,2,2025-11-06 01:15:52,4.9,16590.0,United Kingdom
536587,22426,STRAWBERRY PRESERVES,2,2025-11-06 01:15:52,3.96,16590.0,United Kingdom
536587,85123C,DARK CHOCOLATE BAR 85%,1,2025-11-06 01:15:52,3.62,16590.0,United Kingdom
536587,85123A,COLOMBIAN ROAST COFFEE,2,2025-11-06 01:15:52,8.79,16590.0,United Kingdom
536587,85123D,FRENCH VANILLA SYRUP,1,2025-11-06 01:15:52,6.08,16590.0,United Kingdom
536587,21217,PACK OF 20 NAPKINS,3,2025-11-06 01:15:52,1.51,16590.0,United Kingdom
536588,71054,MECHANICAL KEYBOARD,1,2025-07-20 02:12:41,67.11,18192.0,United Kingdom
536588,71055,USB-C MULTIPORT ADAPTER,4,2025-07-20 02:12:41,24.42,18192.0,United Kingdom
536588,71057,MONITOR LIGHT BAR,12,2025-07-20 02:12:41,41.12,18192.0,United Kingdom
536588,85123E,CERAMIC COFFEE MUG,2,2025-07-20 02:12:41,6.7,18192.0,United Kingdom
536588,85123B,PURE CANE SUGAR,1,2025-07-20 02:12:41,2.43,18192.0,United Kingdom
536588,21215,WOODEN PICTURE FRAME,4,2025-07-20 02:12:41,5.32,18192.0,United Kingdom
536589,21223,SET OF 6 SPICE JARS,1,2025-03-16 20:30:43,10.06,17192.0,Germany
536590,21735,AGED PARMESAN REGGIANO,6,2025-10-04 04:26:59,8.25,15844.0,United Kingdom
536590,21736,ORGANIC TOMATO BASIL SAUCE,2,2025-10-04 04:26:59,4.5,15844.0,United Kingdom
536590,21734,ARTISAN PASTA PENNE,2,2025-10-04 04:26:59,3.33,15844.0,United Kingdom
536590,21733,ITALIAN EXTRA VIRGIN OLIVE OIL,3,2025-10-04 04:26:59,13.31,15844.0,United Kingdom
536590,84879,CERAMIC PLANT POT WHITE,4,2025-10-04 04:26:59,10.37,15844.0,United Kingdom
536590,84880,WATERING CAN GREEN 2L,12,2025-10-04 04:26:59,11.7,15844.0,United Kingdom
536590,84883,LED GROW LIGHT BULB,1,2025-10-04 04:26:59,15.5,15844.0,United Kingdom
536590,21221,RETRO SPOT TEA TOWEL,2,2025-10-04 04:26:59,2.47,15844.0,United Kingdom
536591,84882,GARDENING GLOVES PAIR,6,2025-06-12 23:48:16,5.21,,United Kingdom
536591,84880,WATERING CAN GREEN 2L,1,2025-06-12 23:48:16,11.45,,United Kingdom
536591,84883,LED GROW LIGHT BULB,3,2025-06-12 23:48:16,14.84,,United Kingdom
536592,20727,ALMOND DANISH,1,2025-01-13 19:19:42,2.73,16332.0,France
536592,20729,BLUEBERRY SCONE,2,2025-01-13 19:19:42,2.37,16332.0,France
536593,21736,ORGANIC TOMATO BASIL SAUCE,1,2025-04-03 02:42:30,4.7,12598.0,United Kingdom
536593,21734,ARTISAN PASTA PENNE,2,2025-04-03 02:42:30,3.38,12598.0,United Kingdom
536593,21737,GARLIC HERB BREADSTICKS,1,2025-04-03 02:42:30,3.07,12598.0,United Kingdom
536593,22426,STRAWBERRY PRESERVES,4,2025-04-03 02:42:30,3.77,12598.0,United Kingdom
536593,22427,ORGANIC EGGS DOZEN,2,2025-04-03 02:42:30,4.83,12598.0,United Kingdom
536593,22423,ORGANIC WHOLE MILK,1,2025-04-03 02:42:30,3.36,12598.0,United Kingdom
536593,22425,SWEET CREAM BUTTER,2,2025-04-03 02:42:30,4.3,12598.0,United Kingdom
536593,20725,CROISSANT ALL BUTTER,1,2025-04-03 02:42:30,2.28,12598.0,United Kingdom
536593,20726,PAIN AU CHOCOLAT,2,2025-04-03 02:42:30,2.54,12598.0,United Kingdom
536593,20729,BLUEBERRY SCONE,2,2025-04-03 02:42:30,2.38,12598.0,United Kingdom
536593,20728,CAPPUCCINO CUP & SAUCER,1,2025-04-03 02:42:30,8.71,12598.0,United Kingdom
536593,20727,ALMOND DANISH,1,2025-04-03 02:42:30,2.66,12598.0,United Kingdom
536594,22961,HEART OF WICKER LARGE,6,2025-06-28 22:17:51,2.84,13407.0,United Kingdom
536594,22720,SET OF 3 CAKE TINS PANTRY,6,2025-06-28 22:17:51,5.03,13407.0,United Kingdom
536594,85099B,WHITE HANGING HEART T-LIGHT HOLDER,1,2025-06-28 22:17:51,2.56,13407.0,United Kingdom
536595,22961,HEART OF WICKER LARGE,2,2025-04-18 23:05:45,2.96,,United Kingdom
536595,22720,SET OF 3 CAKE TINS PANTRY,1,2025-04-18 23:05:45,5.18,,United Kingdom
536595,22423,REGENCY CAKESTAND 3 TIER,12,2025-04-18 23:05:45,12.35,,United Kingdom
536595,22960,HEART OF WICKER SMALL,2,2025-04-18 23:05:45,1.58,,United Kingdom
536596,22961,HEART OF WICKER LARGE,1,2025-04-02 01:43:37,2.87,12369.0,United Kingdom
536596,22720,SET OF 3 CAKE TINS PANTRY,6,2025-04-02 01:43:37,4.84,12369.0,United Kingdom
536596,22423,REGENCY CAKESTAND 3 TIER,24,2025-04-02 01:43:37,13.37,12369.0,United Kingdom
536597,71053,WIRELESS ERGONOMIC MOUSE,1,2025-10-18 21:16:08,31.4,18119.0,Netherlands
536597,71057,MONITOR LIGHT BAR,4,2025-10-18 21:16:08,38.42,18119.0,Netherlands
536598,22960,HEART OF WICKER SMALL,2,2025-05-02 21:47:13,1.65,15962.0,United Kingdom
536598,22423,REGENCY CAKESTAND 3 TIER,2,2025-05-02 21:47:13,13.32,15962.0,United Kingdom
536598,22961,HEART OF WICKER LARGE,6,2025-05-02 21:47:13,3.04,15962.0,United Kingdom
536598,85099B,WHITE HANGING HEART T-LIGHT HOLDER,2,2025-05-02 21:47:13,2.54,15962.0,United Kingdom
536599,22423,ORGANIC WHOLE MILK,3,2025-03-02 22:54:01,3.43,,United Kingdom
536599,22424,WHOLE WHEAT BREAD,2,2025-03-02 22:54:01,2.97,,United Kingdom
536599,22427,ORGANIC EGGS DOZEN,1,2025-03-02 22:54:01,5.09,,United Kingdom
536599,22425,SWEET CREAM BUTTER,1,2025-03-02 22:54:01,4.16,,United Kingdom
536599,21231,FELTCRAFT DOLL ROSIE,6,2025-03-02 22:54:01,2.81,,United Kingdom
536599,21212,VINTAGE SNAP CARDS,1,2025-03-02 22:54:01,0.88,,United Kingdom
536599,21230,BATHROOM SCALE VINTAGE,1,2025-03-02 22:54:01,21.27,,United Kingdom
536600,71054,MECHANICAL KEYBOARD,6,2025-02-22 17:08:09,68.39,,United Kingdom
536600,71056,LARGE DESK PAD BLACK,6,2025-02-22 17:08:09,16.47,,United Kingdom
536600,21221,RETRO SPOT TEA TOWEL,4,2025-02-22 17:08:09,2.41,,United Kingdom
536601,85123D,FRENCH VANILLA SYRUP,1,2025-08-17 03:47:09,6.26,,United Kingdom
536601,85123C,DARK CHOCOLATE BAR 85%,2,2025-08-17 03:47:09,3.5,,United Kingdom
536601,21225,GLASS STORAGE JAR LARGE,3,2025-08-17 03:47:09,3.96,,United Kingdom
536602,22424,WHOLE WHEAT BREAD,1,2025-07-15 01:00:08,3.06,12480.0,United Kingdom
536602,22425,SWEET CREAM BUTTER,1,2025-07-15 01:00:08,4.28,12480.0,United Kingdom
536602,21737,GARLIC HERB BREADSTICKS,1,2025-07-15 01:00:08,2.88,12480.0,United Kingdom
536602,21736,ORGANIC TOMATO BASIL SAUCE,2,2025-07-15 01:00:08,4.61,12480.0,United Kingdom
536602,21733,ITALIAN EXTRA VIRGIN OLIVE OIL,6,2025-07-15 01:00:08,12.95,12480.0,United Kingdom
536602,21216,EMERGENCY FIRST AID TIN,1,2025-07-15 01:00:08,3.6,12480.0,United Kingdom
536603,71054,MECHANICAL KEYBOARD,2,2025-12-25 00:05:45,72.25,15810.0,United Kingdom
536603,71056,LARGE DESK PAD BLACK,3,2025-12-25 00:05:45,15.95,15810.0,United Kingdom
536603,22720,SET OF 3 CAKE TINS PANTRY,1,2025-12-25 00:05:45,4.89,15810.0,United Kingdom
536603,85099B,WHITE HANGING HEART T-LIGHT HOLDER,2,2025-12-25 00:05:45,2.62,15810.0,United Kingdom
536603,22961,HEART OF WICKER LARGE,1,2025-12-25 00:05:45,2.87,15810.0,United Kingdom
536603,22423,REGENCY CAKESTAND 3 TIER,1,2025-12-25 00:05:45,13.3,15810.0,United Kingdom
536603,22960,HEART OF WICKER SMALL,1,2025-12-25 00:05:45,1.73,15810.0,United Kingdom
536604,21733,ITALIAN EXTRA VIRGIN OLIVE OIL,1,2025-09-23 19:50:48,13.23,15601.0,Netherlands
536604,21735,AGED PARMESAN REGGIANO,1,2025-09-23 19:50:48,7.67,15601.0,Netherlands
536604,21734,ARTISAN PASTA PENNE,24,2025-09-23 19:50:48,3.29,15601.0,Netherlands
536604,21737,GARLIC HERB BREADSTICKS,4,2025-09-23 19:50:48,2.97,15601.0,Netherlands
536604,21736,ORGANIC TOMATO BASIL SAUCE,6,2025-09-23 19:50:48,4.28,15601.0,Netherlands
536604,21227,VINTAGE UNION JACK CUSHION,24,2025-09-23 19:50:48,15.11,15601.0,Netherlands
536604,21230,BATHROOM SCALE VINTAGE,1,2025-09-23 19:50:48,20.93,15601.0,Netherlands
536605,21735,AGED PARMESAN REGGIANO,2,2025-06-19 19:29:18,8.22,16065.0,France
536605,21733,ITALIAN EXTRA VIRGIN OLIVE OIL,2,2025-06-19 19:29:18,12.71,16065.0,France
536605,21736,ORGANIC TOMATO BASIL SAUCE,2,2025-06-19 19:29:18,4.5,16065.0,France
536605,21220,BICYCLE PUNCTURE REPAIR KIT,2,2025-06-19 19:29:18,2.99,16065.0,France
536605,21227,VINTAGE UNION JACK CUSHION,12,2025-06-19 19:29:18,14.29,16065.0,France
536606,84882,GARDENING GLOVES PAIR,1,2025-08-02 17:44:24,4.9,17010.0,United Kingdom
536606,84883,LED GROW LIGHT BULB,3,2025-08-02 17:44:24,14.95,17010.0,United Kingdom
536606,22424,WHOLE WHEAT BREAD,2,2025-08-02 17:44:24,3.03,17010.0,United Kingdom
536606,22423,ORGANIC WHOLE MILK,2,2025-08-02 17:44:24,3.64,17010.0,United Kingdom
536607,85123D,FRENCH VANILLA SYRUP,1,2025-08-14 20:46:40,5.72,17940.0,Germany
536607,85123A,COLOMBIAN ROAST COFFEE,1,2025-08-14 20:46:40,8.72,17940.0,Germany
536607,21225,GLASS STORAGE JAR LARGE,4,2025-08-14 20:46:40,4.13,17940.0,Germany
536607,21228,WALL CLOCK RETRO RED,4,2025-08-14 20:46:40,18.61,17940.0,Germany
536608,20728,CAPPUCCINO CUP & SAUCER,1,2025-01-17 19:27:29,8.71,14932.0,United Kingdom
536608,20727,ALMOND DANISH,3,2025-01-17 19:27:29,2.67,14932.0,United Kingdom
536608,21733,ITALIAN EXTRA VIRGIN OLIVE OIL,12,2025-01-17 19:27:29,12.82,14932.0,United Kingdom
536608,21736,ORGANIC TOMATO BASIL SAUCE,4,2025-01-17 19:27:29,4.32,14932.0,United Kingdom
536608,21737,GARLIC HERB BREADSTICKS,2,2025-01-17 19:27:29,3.09,14932.0,United Kingdom
536609,22960,HEART OF WICKER SMALL,24,2025-11-10 19:04:27,1.7,16868.0,United Kingdom
536609,22720,SET OF 3 CAKE TINS PANTRY,2,2025-11-10 19:04:27,4.95,16868.0,United Kingdom
536609,22961,HEART OF WICKER LARGE,2,2025-11-10 19:04:27,2.97,16868.0,United Kingdom
536610,20728,CAPPUCCINO CUP & SAUCER,1,2025-09-07 17:52:50,8.21,13942.0,United Kingdom
536610,20725,CROISSANT ALL BUTTER,2,2025-09-07 17:52:50,2.21,13942.0,United Kingdom
536610,20726,PAIN AU CHOCOLAT,12,2025-09-07 17:52:50,2.42,13942.0,United Kingdom
536610,84883,LED GROW LIGHT BULB,2,2025-09-07 17:52:50,14.43,13942.0,United Kingdom
536610,84881,ORGANIC POTTING SOIL 10L,6,2025-09-07 17:52:50,7.0,13942.0,United Kingdom
536610,84880,WATERING CAN GREEN 2L,2,2025-09-07 17:52:50,11.65,13942.0,United Kingdom
536610,84882,GARDENING GLOVES PAIR,1,2025-09-07 17:52:50,5.02,13942.0,United Kingdom
536610,21225,GLASS STORAGE JAR LARGE,2,2025-09-07 17:52:50,4.0,13942.0,United Kingdom
536610,21219,TRAVEL SEWING KIT,6,2025-09-07 17:52:50,2.01,13942.0,United Kingdom
536610,21212,VINTAGE SNAP CARDS,2,2025-09-07 17:52:50,0.86,13942.0,United Kingdom
536611,85123E,CERAMIC COFFEE MUG,1,2025-05-24 02:33:17,6.76,15437.0,United Kingdom
536611,85123A,COLOMBIAN ROAST COFFEE,4,2025-05-24 02:33:17,8.89,15437.0,United Kingdom
536611,85123D,FRENCH VANILLA SYRUP,12,2025-05-24 02:33:17,5.74,15437.0,United Kingdom
536612,22720,SET OF 3 CAKE TINS PANTRY,1,2025-01-15 19:12:36,5.07,,United Kingdom
536612,22961,HEART OF WICKER LARGE,1,2025-01-15 19:12:36,2.95,,United Kingdom
536613,22427,ORGANIC EGGS DOZEN,6,2025-03-15 20:47:30,5.2,18005.0,United Kingdom
536613,22425,SWEET CREAM BUTTER,3,2025-03-15 20:47:30,4.45,18005.0,United Kingdom
536614,21737,GARLIC HERB BREADSTICKS,12,2025-08-26 23:08:47,2.92,15890.0,United Kingdom
536614,21736,ORGANIC TOMATO BASIL SAUCE,12,2025-08-26 23:08:47,4.5,15890.0,United Kingdom
536614,21734,ARTISAN PASTA PENNE,2,2025-08-26 23:08:47,3.19,15890.0,United Kingdom
536614,21214,RECIPE BOX PANTRY DESIGN,1,2025-08-26 23:08:47,7.8,15890.0,United Kingdom
536615,71057,MONITOR LIGHT BAR,3,2025-10-24 17:54:18,40.29,14245.0,United Kingdom
536615,71055,USB-C MULTIPORT ADAPTER,4,2025-10-24 17:54:18,24.24,14245.0,United Kingdom
536616,21737,GARLIC HERB BREADSTICKS,2,2025-06-27 01:54:15,3.11,17266.0,United Kingdom
536616,21733,ITALIAN EXTRA VIRGIN OLIVE OIL,1,2025-06-27 01:54:15,12.46,17266.0,United Kingdom
536617,20725,CROISSANT ALL BUTTER,6,2025-09-20 01:33:25,2.3,14905.0,United Kingdom
536617,20727,ALMOND DANISH,4,2025-09-20 01:33:25,2.84,14905.0,United Kingdom
536617,20728,CAPPUCCINO CUP & SAUCER,1,2025-09-20 01:33:25,8.83,14905.0,United Kingdom
536617,21212,VINTAGE SNAP CARDS,1,2025-09-20 01:33:25,0.87,14905.0,United Kingdom
536618,20725,CROISSANT ALL BUTTER,4,2025-06-22 19:18:37,2.3,,United Kingdom
536618,20726,PAIN AU CHOCOLAT,3,2025-06-22 19:18:37,2.59,,United Kingdom
536618,20727,ALMOND DANISH,1,2025-06-22 19:18:37,2.8,,United Kingdom
536618,84882,GARDENING GLOVES PAIR,1,2025-06-22 19:18:37,5.15,,United Kingdom
536618,84881,ORGANIC POTTING SOIL 10L,6,2025-06-22 19:18:37,7.14,,United Kingdom
536618,84880,WATERING CAN GREEN 2L,1,2025-06-22 19:18:37,11.98,,United Kingdom
536619,71053,WIRELESS ERGONOMIC MOUSE,1,2025-08-14 19:13:19,30.0,,United Kingdom
536619,71057,MONITOR LIGHT BAR,1,2025-08-14 19:13:19,40.58,,United Kingdom
536619,84882,GARDENING GLOVES PAIR,2,2025-08-14 19:13:19,5.04,,United Kingdom
536619,84880,WATERING CAN GREEN 2L,3,2025-08-14 19:13:19,11.67,,United Kingdom
536619,22426,STRAWBERRY PRESERVES,1,2025-08-14 19:13:19,3.8,,United Kingdom
536619,22427,ORGANIC EGGS DOZEN,3,2025-08-14 19:13:19,5.1,,United Kingdom
536619,21229,HAND WARMER BIRD DESIGN,6,2025-08-14 19:13:19,1.9,,United Kingdom
536620,84880,WATERING CAN GREEN 2L,12,2025-04-15 01:28:44,11.69,13112.0,United Kingdom
536620,84883,LED GROW LIGHT BULB,6,2025-04-15 01:28:44,14.5,13112.0,United Kingdom
536620,21217,PACK OF 20 NAPKINS,2,2025-04-15 01:28:44,1.38,13112.0,United Kingdom
C536621,22425,SWEET CREAM BUTTER,-11,2025-10-06 00:40:48,4.24,14210.0,United Kingdom
C536621,22426,STRAWBERRY PRESERVES,-12,2025-10-06 00:40:48,3.83,14210.0,United Kingdom
536622,84879,CERAMIC PLANT POT WHITE,3,2025-12-03 16:39:26,10.45,16594.0,United Kingdom
536622,84880,WATERING CAN GREEN 2L,2,2025-12-03 16:39:26,12.03,16594.0,United Kingdom
536622,85123D,FRENCH VANILLA SYRUP,6,2025-12-03 16:39:26,5.92,16594.0,United Kingdom
536622,85123C,DARK CHOCOLATE BAR 85%,1,2025-12-03 16:39:26,3.51,16594.0,United Kingdom
536622,85123A,COLOMBIAN ROAST COFFEE,2,2025-12-03 16:39:26,9.41,16594.0,United Kingdom
536623,21733,ITALIAN EXTRA VIRGIN OLIVE OIL,1,2025-10-04 21:09:35,12.97,13570.0,United Kingdom
536623,21735,AGED PARMESAN REGGIANO,1,2025-10-04 21:09:35,7.6,13570.0,United Kingdom
536623,21737,GARLIC HERB BREADSTICKS,12,2025-10-04 21:09:35,3.01,13570.0,United Kingdom
536624,22960,HEART OF WICKER SMALL,1,2025-05-02 17:00:59,1.62,14722.0,United Kingdom
536624,22961,HEART OF WICKER LARGE,2,2025-05-02 17:00:59,3.0,14722.0,United Kingdom
536624,22423,REGENCY CAKESTAND 3 TIER,1,2025-05-02 17:00:59,12.22,14722.0,United Kingdom
536625,84882,GARDENING GLOVES PAIR,6,2025-10-07 00:14:20,4.75,13475.0,Germany
536625,84881,ORGANIC POTTING SOIL 10L,6,2025-10-07 00:14:20,7.19,13475.0,Germany
536625,84880,WATERING CAN GREEN 2L,6,2025-10-07 00:14:20,11.93,13475.0,Germany
536626,84883,LED GROW LIGHT BULB,6,2025-09-02 16:35:03,14.42,16583.0,United Kingdom
536626,84879,CERAMIC PLANT POT WHITE,3,2025-09-02 16:35:03,10.01,16583.0,United Kingdom
536627,20726,PAIN AU CHOCOLAT,1,2025-11-27 21:16:59,2.38,,United Kingdom
536627,20725,CROISSANT ALL BUTTER,1,2025-11-27 21:16:59,2.25,,United Kingdom
536627,20728,CAPPUCCINO CUP & SAUCER,1,2025-11-27 21:16:59,8.6,,United Kingdom
536627,21215,WOODEN PICTURE FRAME,1,2025-11-27 21:16:59,5.24,,United Kingdom
536628,20725,CROISSANT ALL BUTTER,2,2025-06-07 21:12:06,2.17,16275.0,United Kingdom
536628,20728,CAPPUCCINO CUP & SAUCER,1,2025-06-07 21:12:06,8.5,16275.0,United Kingdom
536628,21736,ORGANIC TOMATO BASIL SAUCE,2,2025-06-07 21:12:06,4.5,16275.0,United Kingdom
536628,21734,ARTISAN PASTA PENNE,2,2025-06-07 21:12:06,3.28,16275.0,United Kingdom
536628,21733,ITALIAN EXTRA VIRGIN OLIVE OIL,3,2025-06-07 21:12:06,13.54,16275.0,United Kingdom
536628,84879,CERAMIC PLANT POT WHITE,12,2025-06-07 21:12:06,10.1,16275.0,United Kingdom
536628,84882,GARDENING GLOVES PAIR,3,2025-06-07 21:12:06,4.87,16275.0,United Kingdom
536628,21231,FELTCRAFT DOLL ROSIE,2,2025-06-07 21:12:06,3.05,16275.0,United Kingdom
536629,22423,REGENCY CAKESTAND 3 TIER,6,2025-09-10 22:18:14,12.52,17905.0,United Kingdom
536629,22960,HEART OF WICKER SMALL,2,2025-09-10 22:18:14,1.6,17905.0,United Kingdom
536629,84882,GARDENING GLOVES PAIR,1,2025-09-10 22:18:14,4.82,17905.0,United Kingdom
536629,84879,CERAMIC PLANT POT WHITE,2,2025-09-10 22:18:14,10.12,17905.0,United Kingdom
536629,84883,LED GROW LIGHT BULB,6,2025-09-10 22:18:14,14.78,17905.0,United Kingdom
536629,84880,WATERING CAN GREEN 2L,1,2025-09-10 22:18:14,11.76,17905.0,United Kingdom
536629,85123A,COLOMBIAN ROAST COFFEE,4,2025-09-10 22:18:14,9.05,17905.0,United Kingdom
536629,85123D,FRENCH VANILLA SYRUP,2,2025-09-10 22:18:14,5.77,17905.0,United Kingdom
536630,71054,MECHANICAL KEYBOARD,1,2025-03-02 18:01:14,72.59,14783.0,United Kingdom
536630,71055,USB-C MULTIPORT ADAPTER,6,2025-03-02 18:01:14,26.07,14783.0,United Kingdom
536631,85123A,COLOMBIAN ROAST COFFEE,6,2025-12-10 16:32:21,9.35,14494.0,United Kingdom
536631,85123B,PURE CANE SUGAR,24,2025-12-10 16:32:21,2.6,14494.0,United Kingdom
536631,21222,RETRO SPOT APRON,2,2025-12-10 16:32:21,7.26,14494.0,United Kingdom
536631,21213,MINI PAINT SET 9 COLOURS,2,2025-12-10 16:32:21,1.27,14494.0,United Kingdom
536632,84883,LED GROW LIGHT BULB,1,2025-04-21 01:08:55,14.9,,United Kingdom
536632,84882,GARDENING GLOVES PAIR,1,2025-04-21 01:08:55,4.96,,United Kingdom
536632,84879,CERAMIC PLANT POT WHITE,1,2025-04-21 01:08:55,10.24,,United Kingdom
536632,21216,EMERGENCY FIRST AID TIN,24,2025-04-21 01:08:55,3.57,,United Kingdom
536633,21736,ORGANIC TOMATO BASIL SAUCE,6,2025-07-09 02:11:56,4.36,,United Kingdom
536633,21737,GARLIC HERB BREADSTICKS,6,2025-07-09 02:11:56,2.97,,United Kingdom
536634,20729,BLUEBERRY SCONE,2,2026-01-03 01:02:06,2.48,14952.0,United Kingdom
536634,20728,CAPPUCCINO CUP & SAUCER,3,2026-01-03 01:02:06,8.46,14952.0,United Kingdom
536634,20726,PAIN AU CHOCOLAT,1,2026-01-03 01:02:06,2.47,14952.0,United Kingdom
536634,21228,WALL CLOCK RETRO RED,3,2026-01-03 01:02:06,18.49,14952.0,United Kingdom
536634,21219,TRAVEL SEWING KIT,1,2026-01-03 01:02:06,2.03,14952.0,United Kingdom
536634,21221,RETRO SPOT TEA TOWEL,2,2026-01-03 01:02:06,2.46,14952.0,United Kingdom
536635,71056,LARGE DESK PAD BLACK,1,2025-05-01 04:31:21,16.77,17181.0,France
536635,71053,WIRELESS ERGONOMIC MOUSE,4,2025-05-01 04:31:21,29.27,17181.0,France
536635,71057,MONITOR LIGHT BAR,1,2025-05-01 04:31:21,41.62,17181.0,France
536636,84883,LED GROW LIGHT BULB,2,2025-07-31 17:09:17,14.27,17018.0,United Kingdom
536636,84879,CERAMIC PLANT POT WHITE,3,2025-07-31 17:09:17,10.05,17018.0,United Kingdom
536636,21222,RETRO SPOT APRON,6,2025-07-31 17:09:17,6.99,17018.0,United Kingdom
536637,22423,ORGANIC WHOLE MILK,1,2025-11-28 18:39:55,3.57,14203.0,United Kingdom
536637,22424,WHOLE WHEAT BREAD,1,2025-11-28 18:39:55,3.04,14203.0,United Kingdom
536638,21736,ORGANIC TOMATO BASIL SAUCE,3,2025-08-25 18:02:04,4.43,,United Kingdom
536638,21733,ITALIAN EXTRA VIRGIN OLIVE OIL,6,2025-08-25 18:02:04,12.72,,United Kingdom
536638,21735,AGED PARMESAN REGGIANO,1,2025-08-25 18:02:04,7.96,,United Kingdom
536639,84882,GARDENING GLOVES PAIR,24,2025-07-05 19:54:53,5.06,18179.0,United Kingdom
536639,84879,CERAMIC PLANT POT WHITE,6,2025-07-05 19:54:53,10.29,18179.0,United Kingdom
536639,84883,LED GROW LIGHT BULB,1,2025-07-05 19:54:53,14.53,18179.0,United Kingdom
536640,20727,ALMOND DANISH,2,2025-03-11 03:45:28,2.73,14918.0,Netherlands
536640,20725,CROISSANT ALL BUTTER,2,2025-03-11 03:45:28,2.31,14918.0,Netherlands
536641,84880,WATERING CAN GREEN 2L,1,2025-08-07 23:02:09,11.92,13007.0,United Kingdom
536641,84883,LED GROW LIGHT BULB,1,2025-08-07 23:02:09,15.01,13007.0,United Kingdom
536641,84882,GARDENING GLOVES PAIR,1,2025-08-07 23:02:09,5.09,13007.0,United Kingdom
536641,84879,CERAMIC PLANT POT WHITE,4,2025-08-07 23:02:09,9.83,13007.0,United Kingdom
536641,21229,HAND WARMER BIRD DESIGN,1,2025-08-07 23:02:09,2.03,13007.0,United Kingdom
536642,85099B,WHITE HANGING HEART T-LIGHT HOLDER,6,2025-03-20 03:41:46,2.45,18075.0,United Kingdom
536642,22720,SET OF 3 CAKE TINS PANTRY,6,2025-03-20 03:41:46,4.99,18075.0,United Kingdom
536642,71056,LARGE DESK PAD BLACK,1,2025-03-20 03:41:46,15.48,18075.0,United Kingdom
536642,71057,MONITOR LIGHT BAR,24,2025-03-20 03:41:46,38.83,18075.0,United Kingdom
536642,71054,MECHANICAL KEYBOARD,1,2025-03-20 03:41:46,68.48,18075.0,United Kingdom
536643,21229,HAND WARMER BIRD DESIGN,1,2025-03-05 20:12:17,1.95,17305.0,United Kingdom
536644,22960,HEART OF WICKER SMALL,3,2025-08-30 21:28:07,1.6,13373.0,United Kingdom
536644,22961,HEART OF WICKER LARGE,2,2025-08-30 21:28:07,3.02,13373.0,United Kingdom
536644,21220,BICYCLE PUNCTURE REPAIR KIT,6,2025-08-30 21:28:07,2.86,13373.0,United Kingdom
536644,21215,WOODEN PICTURE FRAME,1,2025-08-30 21:28:07,5.53,13373.0,United Kingdom
536645,22960,HEART OF WICKER SMALL,3,2025-12-20 19:46:30,1.57,14143.0,United Kingdom
536645,22720,SET OF 3 CAKE TINS PANTRY,1,2025-12-20 19:46:30,4.91,14143.0,United Kingdom
536645,21214,RECIPE BOX PANTRY DESIGN,3,2025-12-20 19:46:30,7.94,14143.0,United Kingdom
536646,22425,SWEET CREAM BUTTER,1,2025-07-30 01:52:34,4.24,17501.0,United Kingdom
536646,22426,STRAWBERRY PRESERVES,3,2025-07-30 01:52:34,4.0,17501.0,United Kingdom
536647,21735,AGED PARMESAN REGGIANO,2,2025-05-01 04:56:03,7.67,16497.0,United Kingdom
536647,21736,ORGANIC TOMATO BASIL SAUCE,1,2025-05-01 04:56:03,4.66,16497.0,United Kingdom
536647,21224,GLASS STORAGE JAR SMALL,12,2025-05-01 04:56:03,2.27,16497.0,United Kingdom
C536648,22425,SWEET CREAM BUTTER,-5,2025-07-10 05:19:35,4.38,15070.0,United Kingdom
C536648,22424,WHOLE WHEAT BREAD,-12,2025-07-10 05:19:35,2.91,15070.0,United Kingdom
C536648,22423,ORGANIC WHOLE MILK,-9,2025-07-10 05:19:35,3.35,15070.0,United Kingdom
536649,20727,ALMOND DANISH,2,2025-01-27 21:17:07,2.84,14365.0,United Kingdom
536649,20725,CROISSANT ALL BUTTER,3,2025-01-27 21:17:07,2.21,14365.0,United Kingdom
536649,20728,CAPPUCCINO CUP & SAUCER,2,2025-01-27 21:17:07,8.4,14365.0,United Kingdom
536649,84882,GARDENING GLOVES PAIR,1,2025-01-27 21:17:07,4.88,14365.0,United Kingdom
536649,84879,CERAMIC PLANT POT WHITE,24,2025-01-27 21:17:07,10.22,14365.0,United Kingdom
536649,21231,FELTCRAFT DOLL ROSIE,2,2025-01-27 21:17:07,2.97,14365.0,United Kingdom
536649,21216,EMERGENCY FIRST AID TIN,2,2025-01-27 21:17:07,3.6,14365.0,United Kingdom
536650,22961,HEART OF WICKER LARGE,1,2025-11-09 19:35:09,2.85,16352.0,United Kingdom
536650,22423,REGENCY CAKESTAND 3 TIER,1,2025-11-09 19:35:09,12.99,16352.0,United Kingdom
536650,85099B,WHITE HANGING HEART T-LIGHT HOLDER,1,2025-11-09 19:35:09,2.59,16352.0,United Kingdom
536651,21225,GLASS STORAGE JAR LARGE,3,2025-03-04 23:14:04,3.96,,Belgium
C536652,21734,ARTISAN PASTA PENNE,-12,2025-12-22 21:03:20,3.25,18237.0,United Kingdom
C536652,21737,GARLIC HERB BREADSTICKS,-6,2025-12-22 21:03:20,3.12,18237.0,United Kingdom
C536652,21736,ORGANIC TOMATO BASIL SAUCE,-9,2025-12-22 21:03:20,4.59,18237.0,United Kingdom
536653,21229,HAND WARMER BIRD DESIGN,1,2026-01-04 19:42:44,1.86,,Belgium
536654,22423,ORGANIC WHOLE MILK,4,2025-05-21 01:04:41,3.43,15643.0,United Kingdom
536654,22424,WHOLE WHEAT BREAD,4,2025-05-21 01:04:41,3.1,15643.0,United Kingdom
536654,22426,STRAWBERRY PRESERVES,4,2025-05-21 01:04:41,4.08,15643.0,United Kingdom
536654,21216,EMERGENCY FIRST AID TIN,1,2025-05-21 01:04:41,3.89,15643.0,United Kingdom
536655,21231,FELTCRAFT DOLL ROSIE,12,2025-06-14 01:18:07,3.08,15019.0,United Kingdom
536656,85123C,DARK CHOCOLATE BAR 85%,3,2025-03-13 01:27:27,3.63,17954.0,United Kingdom
536656,85123D,FRENCH VANILLA SYRUP,6,2025-03-13 01:27:27,6.29,17954.0,United Kingdom
536657,21736,ORGANIC TOMATO BASIL SAUCE,2,2025-09-24 17:08:17,4.28,14418.0,United Kingdom
536657,21733,ITALIAN EXTRA VIRGIN OLIVE OIL,2,2025-09-24 17:08:17,12.57,14418.0,United Kingdom
536657,21735,AGED PARMESAN REGGIANO,1,2025-09-24 17:08:17,7.79,14418.0,United Kingdom
536658,21737,GARLIC HERB BREADSTICKS,1,2025-03-12 16:58:40,3.09,,Germany
536658,21735,AGED PARMESAN REGGIANO,6,2025-03-12 16:58:40,7.96,,Germany
536659,22423,ORGANIC WHOLE MILK,3,2025-04-19 05:02:09,3.61,12872.0,United Kingdom
536659,22425,SWEET CREAM BUTTER,1,2025-04-19 05:02:09,4.24,12872.0,United Kingdom
536660,22423,ORGANIC WHOLE MILK,1,2025-02-23 18:50:37,3.55,,France
536660,22424,WHOLE WHEAT BREAD,3,2025-02-23 18:50:37,2.93,,France
536660,22425,SWEET CREAM BUTTER,2,2025-02-23 18:50:37,4.21,,France
536660,22426,STRAWBERRY PRESERVES,12,2025-02-23 18:50:37,3.8,,France
536661,85123B,PURE CANE SUGAR,1,2025-12-27 18:32:53,2.61,17509.0,United Kingdom
536661,85123D,FRENCH VANILLA SYRUP,2,2025-12-27 18:32:53,5.82,17509.0,United Kingdom
536661,85123E,CERAMIC COFFEE MUG,2,2025-12-27 18:32:53,6.59,17509.0,United Kingdom
536662,22425,SWEET CREAM BUTTER,4,2026-01-04 18:10:22,4.23,14980.0,United Kingdom
536662,22427,ORGANIC EGGS DOZEN,4,2026-01-04 18:10:22,4.87,14980.0,United Kingdom
536662,22426,STRAWBERRY PRESERVES,1,2026-01-04 18:10:22,4.07,14980.0,United Kingdom
536662,85123B,PURE CANE SUGAR,2,2026-01-04 18:10:22,2.47,14980.0,United Kingdom
536662,85123C,DARK CHOCOLATE BAR 85%,1,2026-01-04 18:10:22,3.5,14980.0,United Kingdom
536662,85123E,CERAMIC COFFEE MUG,6,2026-01-04 18:10:22,6.3,14980.0,United Kingdom
536662,85123A,COLOMBIAN ROAST COFFEE,1,2026-01-04 18:10:22,9.4,14980.0,United Kingdom
536663,21734,ARTISAN PASTA PENNE,1,2025-01-11 02:39:12,3.28,,United Kingdom
536663,21737,GARLIC HERB BREADSTICKS,3,2025-01-11 02:39:12,3.09,,United Kingdom
536663,22423,REGENCY CAKESTAND 3 TIER,1,2025-01-11 02:39:12,13.09,,United Kingdom
536663,22961,HEART OF WICKER LARGE,4,2025-01-11 02:39:12,3.02,,United Kingdom
536663,22720,SET OF 3 CAKE TINS PANTRY,2,2025-01-11 02:39:12,5.07,,United Kingdom
536663,M,MANUAL,4,2025-01-11 02:39:12,2.47,,United Kingdom
536664,21225,GLASS STORAGE JAR LARGE,2,2025-09-22 19:32:13,3.96,13471.0,France
536665,84882,GARDENING GLOVES PAIR,3,2025-04-02 21:38:36,5.04,12440.0,United Kingdom
536665,84883,LED GROW LIGHT BULB,2,2025-04-02 21:38:36,14.74,12440.0,United Kingdom
536665,84880,WATERING CAN GREEN 2L,24,2025-04-02 21:38:36,11.54,12440.0,United Kingdom
536666,21231,FELTCRAFT DOLL ROSIE,1,2025-10-01 02:16:55,2.9,13958.0,EIRE
536667,21737,GARLIC HERB BREADSTICKS,2,2025-06-25 21:10:02,2.92,,United Kingdom
536667,21736,ORGANIC TOMATO BASIL SAUCE,4,2025-06-25 21:10:02,4.64,,United Kingdom
536667,21733,ITALIAN EXTRA VIRGIN OLIVE OIL,1,2025-06-25 21:10:02,12.82,,United Kingdom
536667,21216,EMERGENCY FIRST AID TIN,6,2025-06-25 21:10:02,3.71,,United Kingdom
536668,22423,REGENCY CAKESTAND 3 TIER,4,2025-05-22 04:11:47,12.47,,United Kingdom
536668,22720,SET OF 3 CAKE TINS PANTRY,3,2025-05-22 04:11:47,4.84,,United Kingdom
536668,22961,HEART OF WICKER LARGE,1,2025-05-22 04:11:47,2.88,,United Kingdom
536668,85099B,WHITE HANGING HEART T-LIGHT HOLDER,1,2025-05-22 04:11:47,2.43,,United Kingdom
536668,22960,HEART OF WICKER SMALL,3,2025-05-22 04:11:47,1.7,,United Kingdom
536668,20728,CAPPUCCINO CUP & SAUCER,2,2025-05-22 04:11:47,8.87,,United Kingdom
536668,20726,PAIN AU CHOCOLAT,2,2025-05-22 04:11:47,2.49,,United Kingdom
536669,21231,FELTCRAFT DOLL ROSIE,3,2025-10-29 18:10:31,2.97,,United Kingdom
536670,22424,WHOLE WHEAT BREAD,1,2025-10-12 18:54:38,3.11,15414.0,United Kingdom
536670,22423,ORGANIC WHOLE MILK,3,2025-10-12 18:54:38,3.56,15414.0,United Kingdom
536670,22423,REGENCY CAKESTAND 3 TIER,2,2025-10-12 18:54:38,12.4,15414.0,United Kingdom
536670,22961,HEART OF WICKER LARGE,6,2025-10-12 18:54:38,2.85,15414.0,United Kingdom
536670,22720,SET OF 3 CAKE TINS PANTRY,4,2025-10-12 18:54:38,5.08,15414.0,United Kingdom
536671,71053,WIRELESS ERGONOMIC MOUSE,12,2025-12-01 17:09:14,28.56,13887.0,United Kingdom
536671,71056,LARGE DESK PAD BLACK,2,2025-12-01 17:09:14,15.5,13887.0,United Kingdom
536671,71057,MONITOR LIGHT BAR,1,2025-12-01 17:09:14,39.88,13887.0,United Kingdom
536671,21230,BATHROOM SCALE VINTAGE,1,2025-12-01 17:09:14,20.97,13887.0,United Kingdom
536672,22423,REGENCY CAKESTAND 3 TIER,1,2025-09-04 01:11:07,12.64,,United Kingdom
536672,22961,HEART OF WICKER LARGE,4,2025-09-04 01:11:07,2.99,,United Kingdom
536672,22960,HEART OF WICKER SMALL,3,2025-09-04 01:11:07,1.62,,United Kingdom
536672,85099B,WHITE HANGING HEART T-LIGHT HOLDER,2,2025-09-04 01:11:07,2.61,,United Kingdom
536672,21733,ITALIAN EXTRA VIRGIN OLIVE OIL,1,2025-09-04 01:11:07,12.53,,United Kingdom
536672,21736,ORGANIC TOMATO BASIL SAUCE,1,2025-09-04 01:11:07,4.34,,United Kingdom
536673,20727,ALMOND DANISH,1,2025-12-05 03:34:29,2.69,,United Kingdom
536673,20729,BLUEBERRY SCONE,1,2025-12-05 03:34:29,2.51,,United Kingdom
536673,20728,CAPPUCCINO CUP & SAUCER,2,2025-12-05 03:34:29,8.33,,United Kingdom
536673,20726,PAIN AU CHOCOLAT,1,2025-12-05 03:34:29,2.47,,United Kingdom
536673,85123D,FRENCH VANILLA SYRUP,1,2025-12-05 03:34:29,6.04,,United Kingdom
536673,85123C,DARK CHOCOLATE BAR 85%,24,2025-12-05 03:34:29,3.47,,United Kingdom
536674,20728,CAPPUCCINO CUP & SAUCER,2,2025-07-23 00:11:10,8.85,15406.0,Germany
536674,20725,CROISSANT ALL BUTTER,4,2025-07-23 00:11:10,2.26,15406.0,Germany
536674,20727,ALMOND DANISH,2,2025-07-23 00:11:10,2.64,15406.0,Germany
536674,85123C,DARK CHOCOLATE BAR 85%,2,2025-07-23 00:11:10,3.58,15406.0,Germany
536674,85123B,PURE CANE SUGAR,2,2025-07-23 00:11:10,2.43,15406.0,Germany
536674,85123D,FRENCH VANILLA SYRUP,3,2025-07-23 00:11:10,5.84,15406.0,Germany
536674,85123A,COLOMBIAN ROAST COFFEE,3,2025-07-23 00:11:10,9.04,15406.0,Germany
536674,85123E,CERAMIC COFFEE MUG,1,2025-07-23 00:11:10,6.76,15406.0,Germany
536674,21215,WOODEN PICTURE FRAME,2,2025-07-23 00:11:10,5.54,15406.0,Germany
536675,71057,MONITOR LIGHT BAR,1,2025-03-10 23:35:30,41.54,,United Kingdom
536675,71056,,3,2025-03-10 23:35:30,15.92,,United Kingdom
536675,71054,MECHANICAL KEYBOARD,3,2025-03-10 23:35:30,69.94,,United Kingdom
536676,84880,WATERING CAN GREEN 2L,3,2025-07-03 21:13:35,11.03,14379.0,United Kingdom
536676,84882,GARDENING GLOVES PAIR,4,2025-07-03 21:13:35,4.84,14379.0,United Kingdom
536676,84879,CERAMIC PLANT POT WHITE,1,2025-07-03 21:13:35,10.26,14379.0,United Kingdom
536676,21227,VINTAGE UNION JACK CUSHION,1,2025-07-03 21:13:35,15.21,14379.0,United Kingdom
536676,21231,FELTCRAFT DOLL ROSIE,1,2025-07-03 21:13:35,2.85,14379.0,United Kingdom
536676,21217,PACK OF 20 NAPKINS,2,2025-07-03 21:13:35,1.46,14379.0,United Kingdom
536677,84881,ORGANIC POTTING SOIL 10L,1,2025-03-25 20:51:46,6.93,15377.0,EIRE
536677,84882,GARDENING GLOVES PAIR,1,2025-03-25 20:51:46,5.15,15377.0,EIRE
536677,D,Discount,4,2025-03-25 20:51:46,-10.0,15377.0,EIRE
536678,85123D,FRENCH VANILLA SYRUP,2,2025-09-25 00:24:17,6.27,17399.0,United Kingdom
536678,85123E,CERAMIC COFFEE MUG,2,2025-09-25 00:24:17,6.21,17399.0,United Kingdom
536679,22961,HEART OF WICKER LARGE,2,2025-06-26 05:16:26,2.89,12946.0,United Kingdom
536679,22423,REGENCY CAKESTAND 3 TIER,4,2025-06-26 05:16:26,13.02,12946.0,United Kingdom
536679,22720,SET OF 3 CAKE TINS PANTRY,2,2025-06-26 05:16:26,5.14,12946.0,United Kingdom
536679,85123B,PURE CANE SUGAR,1,2025-06-26 05:16:26,2.53,12946.0,United Kingdom
536679,85123C,DARK CHOCOLATE BAR 85%,1,2025-06-26 05:16:26,3.37,12946.0,United Kingdom
536680,71057,MONITOR LIGHT BAR,4,2025-07-20 17:06:27,39.71,16536.0,United Kingdom
536680,71055,USB-C MULTIPORT ADAPTER,3,2025-07-20 17:06:27,25.37,16536.0,United Kingdom
536680,71056,LARGE DESK PAD BLACK,2,2025-07-20 17:06:27,16.3,16536.0,United Kingdom
536680,21733,ITALIAN EXTRA VIRGIN OLIVE OIL,2,2025-07-20 17:06:27,12.35,16536.0,United Kingdom
536680,21737,GARLIC HERB BREADSTICKS,2,2025-07-20 17:06:27,2.92,16536.0,United Kingdom
536680,85099B,WHITE HANGING HEART T-LIGHT HOLDER,2,2025-07-20 17:06:27,2.59,16536.0,United Kingdom
536680,22423,REGENCY CAKESTAND 3 TIER,6,2025-07-20 17:06:27,13.22,16536.0,United Kingdom
536680,22720,SET OF 3 CAKE TINS PANTRY,1,2025-07-20 17:06:27,4.72,16536.0,United Kingdom
536680,22961,HEART OF WICKER LARGE,2,2025-07-20 17:06:27,3.08,16536.0,United Kingdom
536680,22960,HEART OF WICKER SMALL,1,2025-07-20 17:06:27,1.62,16536.0,United Kingdom
536681,22423,REGENCY CAKESTAND 3 TIER,2,2025-08-23 18:23:24,13.15,,United Kingdom
536681,22960,HEART OF WICKER SMALL,3,2025-08-23 18:23:24,1.59,,United Kingdom
536681,85099B,WHITE HANGING HEART T-LIGHT HOLDER,3,2025-08-23 18:23:24,2.61,,United Kingdom
536682,20727,ALMOND DANISH,12,2025-08-31 16:30:24,2.81,13257.0,United Kingdom
536682,20725,CROISSANT ALL BUTTER,1,2025-08-31 16:30:24,2.14,13257.0,United Kingdom
536682,22425,SWEET CREAM BUTTER,1,2025-08-31 16:30:24,4.29,13257.0,United Kingdom
536682,22424,WHOLE WHEAT BREAD,3,2025-08-31 16:30:24,3.09,13257.0,United Kingdom
536682,22427,ORGANIC EGGS DOZEN,1,2025-08-31 16:30:24,5.14,13257.0,United Kingdom
536682,21224,GLASS STORAGE JAR SMALL,4,2025-08-31 16:30:24,2.14,13257.0,United Kingdom
536683,84882,GARDENING GLOVES PAIR,1,2025-01-23 21:31:56,4.91,,United Kingdom
536683,84879,CERAMIC PLANT POT WHITE,12,2025-01-23 21:31:56,9.95,,United Kingdom
536683,84881,,6,2025-01-23 21:31:56,7.21,,United Kingdom
536683,84880,WATERING CAN GREEN 2L,6,2025-01-23 21:31:56,11.22,,United Kingdom
536684,85123A,COLOMBIAN ROAST COFFEE,1,2025-04-20 18:44:32,8.77,17019.0,United Kingdom
536684,85123E,CERAMIC COFFEE MUG,2,2025-04-20 18:44:32,6.56,17019.0,United Kingdom
536685,21213,MINI PAINT SET 9 COLOURS,1,2025-11-03 04:29:54,1.24,13529.0,United Kingdom
536686,20727,ALMOND DANISH,2,2025-08-29 19:59:39,2.79,15663.0,Germany
536686,20729,BLUEBERRY SCONE,1,2025-08-29 19:59:39,2.37,15663.0,Germany
536686,21220,BICYCLE PUNCTURE REPAIR KIT,1,2025-08-29 19:59:39,2.99,15663.0,Germany
536686,21222,RETRO SPOT APRON,6,2025-08-29 19:59:39,6.82,15663.0,Germany
536687,22425,SWEET CREAM BUTTER,2,2025-04-19 19:23:43,4.27,16525.0,United Kingdom
536687,22424,WHOLE WHEAT BREAD,1,2025-04-19 19:23:43,3.04,16525.0,United Kingdom
536688,21225,GLASS STORAGE JAR LARGE,2,2025-08-15 19:47:03,3.82,17334.0,United Kingdom
536689,21736,ORGANIC TOMATO BASIL SAUCE,1,2025-04-19 20:23:22,4.33,17184.0,United Kingdom
536689,21733,ITALIAN EXTRA VIRGIN OLIVE OIL,2,2025-04-19 20:23:22,13.02,17184.0,United Kingdom
536690,84879,CERAMIC PLANT POT WHITE,2,2025-08-30 18:34:56,10.36,17337.0,United Kingdom
536690,84882,GARDENING GLOVES PAIR,2,2025-08-30 18:34:56,5.06,17337.0,United Kingdom
536690,84880,WATERING CAN GREEN 2L,1,2025-08-30 18:34:56,11.21,17337.0,United Kingdom
536690,84883,LED GROW LIGHT BULB,24,2025-08-30 18:34:56,14.37,17337.0,United Kingdom
536690,84881,ORGANIC POTTING SOIL 10L,2,2025-08-30 18:34:56,7.05,17337.0,United Kingdom
536690,21734,ARTISAN PASTA PENNE,3,2025-08-30 18:34:56,3.31,17337.0,United Kingdom
536690,21736,ORGANIC TOMATO BASIL SAUCE,6,2025-08-30 18:34:56,4.44,17337.0,United Kingdom
536690,21737,GARLIC HERB BREADSTICKS,12,2025-08-30 18:34:56,3.01,17337.0,United Kingdom
536690,85099B,WHITE HANGING HEART T-LIGHT HOLDER,3,2025-08-30 18:34:56,2.65,17337.0,United Kingdom
536690,22961,HEART OF WICKER LARGE,1,2025-08-30 18:34:56,3.04,17337.0,United Kingdom
536691,84879,CERAMIC PLANT POT WHITE,1,2025-12-18 16:43:36,10.46,15877.0,United Kingdom
536691,84881,ORGANIC POTTING SOIL 10L,2,2025-12-18 16:43:36,7.33,15877.0,United Kingdom
536691,84880,WATERING CAN GREEN 2L,4,2025-12-18 16:43:36,11.55,15877.0,United Kingdom
536691,84883,LED GROW LIGHT BULB,4,2025-12-18 16:43:36,15.51,15877.0,United Kingdom
536691,84882,GARDENING GLOVES PAIR,3,2025-12-18 16:43:36,5.16,15877.0,United Kingdom
536692,22720,SET OF 3 CAKE TINS PANTRY,1,2025-12-03 19:18:24,4.76,16413.0,United Kingdom
536692,22961,HEART OF WICKER LARGE,2,2025-12-03 19:18:24,3.03,16413.0,United Kingdom
536692,22423,REGENCY CAKESTAND 3 TIER,1,2025-12-03 19:18:24,12.23,16413.0,United Kingdom
536693,85099B,WHITE HANGING HEART T-LIGHT HOLDER,1,2025-03-19 22:36:54,2.48,15590.0,United Kingdom
536693,22720,SET OF 3 CAKE TINS PANTRY,1,2025-03-19 22:36:54,4.71,15590.0,United Kingdom
536693,22961,HEART OF WICKER LARGE,2,2025-03-19 22:36:54,2.97,15590.0,United Kingdom
536693,21733,ITALIAN EXTRA VIRGIN OLIVE OIL,3,2025-03-19 22:36:54,13.49,15590.0,United Kingdom
536693,21734,ARTISAN PASTA PENNE,24,2025-03-19 22:36:54,3.39,15590.0,United Kingdom
536693,21735,AGED PARMESAN REGGIANO,6,2025-03-19 22:36:54,7.75,15590.0,United Kingdom
536693,71055,USB-C MULTIPORT ADAPTER,6,2025-03-19 22:36:54,26.21,15590.0,United Kingdom
536693,71053,WIRELESS ERGONOMIC MOUSE,24,2025-03-19 22:36:54,30.84,15590.0,United Kingdom
536694,20728,CAPPUCCINO CUP & SAUCER,2,2026-01-05 03:05:52,8.89,18218.0,United Kingdom
536694,20729,BLUEBERRY SCONE,1,2026-01-05 03:05:52,2.42,18218.0,United Kingdom
536694,20726,PAIN AU CHOCOLAT,2,2026-01-05 03:05:52,2.54,18218.0,United Kingdom
536694,20727,ALMOND DANISH,1,2026-01-05 03:05:52,2.83,18218.0,United Kingdom
536694,21734,ARTISAN PASTA PENNE,24,2026-01-05 03:05:52,3.32,18218.0,United Kingdom
536694,21733,ITALIAN EXTRA VIRGIN OLIVE OIL,4,2026-01-05 03:05:52,13.1,18218.0,United Kingdom
536694,71057,MONITOR LIGHT BAR,2,2026-01-05 03:05:52,38.64,18218.0,United Kingdom
536694,71053,WIRELESS ERGONOMIC MOUSE,24,2026-01-05 03:05:52,31.0,18218.0,United Kingdom
536694,71054,MECHANICAL KEYBOARD,1,2026-01-05 03:05:52,67.15,18218.0,United Kingdom
536695,20728,CAPPUCCINO CUP & SAUCER,3,2025-04-13 17:49:22,8.36,15152.0,United Kingdom
536695,20725,CROISSANT ALL BUTTER,3,2025-04-13 17:49:22,2.36,15152.0,United Kingdom
536695,20729,BLUEBERRY SCONE,12,2025-04-13 17:49:22,2.41,15152.0,United Kingdom
536695,20726,PAIN AU CHOCOLAT,6,2025-04-13 17:49:22,2.52,15152.0,United Kingdom
536696,71056,LARGE DESK PAD BLACK,3,2025-03-01 03:28:09,16.69,15168.0,United Kingdom
536696,71054,MECHANICAL KEYBOARD,6,2025-03-01 03:28:09,73.03,15168.0,United Kingdom
536697,21213,MINI PAINT SET 9 COLOURS,6,2025-03-31 02:28:21,1.29,,United Kingdom
536698,20726,PAIN AU CHOCOLAT,2,2025-10-07 02:06:44,2.48,14965.0,United Kingdom
536698,20727,ALMOND DANISH,2,2025-10-07 02:06:44,2.78,14965.0,United Kingdom
536698,20729,BLUEBERRY SCONE,4,2025-10-07 02:06:44,2.45,14965.0,United Kingdom
536698,20725,CROISSANT ALL BUTTER,1,2025-10-07 02:06:44,2.27,14965.0,United Kingdom
536699,21218,SCENTED CANDLE LAVENDER,2,2025-06-14 22:42:22,4.25,,United Kingdom
536700,22423,REGENCY CAKESTAND 3 TIER,6,2025-06-28 18:54:52,12.51,17743.0,United Kingdom
536700,22961,HEART OF WICKER LARGE,2,2025-06-28 18:54:52,2.81,17743.0,United Kingdom
536700,22720,SET OF 3 CAKE TINS PANTRY,1,2025-06-28 18:54:52,5.09,17743.0,United Kingdom
536700,21225,GLASS STORAGE JAR LARGE,1,2025-06-28 18:54:52,4.06,17743.0,United Kingdom
536701,21736,ORGANIC TOMATO BASIL SAUCE,2,2025-04-14 00:50:10,4.32,12884.0,United Kingdom
536701,21735,AGED PARMESAN REGGIANO,1,2025-04-14 00:50:10,8.15,12884.0,United Kingdom
536701,21737,GARLIC HERB BREADSTICKS,1,2025-04-14 00:50:10,3.02,12884.0,United Kingdom
536701,84883,LED GROW LIGHT BULB,1,2025-04-14 00:50:10,15.64,12884.0,United Kingdom
536701,84881,ORGANIC POTTING SOIL 10L,1,2025-04-14 00:50:10,7.04,12884.0,United Kingdom
536701,21218,SCENTED CANDLE LAVENDER,6,2025-04-14 00:50:10,4.14,12884.0,United Kingdom
536702,20728,CAPPUCCINO CUP & SAUCER,1,2025-04-15 02:42:21,8.54,,United Kingdom
536702,20725,CROISSANT ALL BUTTER,2,2025-04-15 02:42:21,2.14,,United Kingdom
536703,22423,REGENCY CAKESTAND 3 TIER,2,2025-07-24 17:06:03,12.99,12388.0,France
536703,85099B,WHITE HANGING HEART T-LIGHT HOLDER,2,2025-07-24 17:06:03,2.49,12388.0,France
536703,71053,WIRELESS ERGONOMIC MOUSE,6,2025-07-24 17:06:03,29.85,12388.0,France
536703,71057,MONITOR LIGHT BAR,3,2025-07-24 17:06:03,41.84,12388.0,France
536703,71055,USB-C MULTIPORT ADAPTER,3,2025-07-24 17:06:03,24.82,12388.0,France
536704,20728,CAPPUCCINO CUP & SAUCER,1,2025-11-26 21:43:25,8.53,13364.0,Germany
536704,20729,BLUEBERRY SCONE,6,2025-11-26 21:43:25,2.46,13364.0,Germany
536704,20726,PAIN AU CHOCOLAT,6,2025-11-26 21:43:25,2.57,13364.0,Germany
536705,21218,SCENTED CANDLE LAVENDER,3,2025-08-09 16:42:13,4.1,17448.0,United Kingdom
536706,85123E,CERAMIC COFFEE MUG,6,2025-08-08 21:59:15,6.31,,United Kingdom
536706,85123A,COLOMBIAN ROAST COFFEE,2,2025-08-08 21:59:15,9.36,,United Kingdom
536706,20725,CROISSANT ALL BUTTER,3,2025-08-08 21:59:15,2.2,,United Kingdom
536706,20729,BLUEBERRY SCONE,1,2025-08-08 21:59:15,2.38,,United Kingdom
536706,20728,CAPPUCCINO CUP & SAUCER,2,2025-08-08 21:59:15,8.47,,United Kingdom
536706,21213,MINI PAINT SET 9 COLOURS,12,2025-08-08 21:59:15,1.27,,United Kingdom
536706,21222,RETRO SPOT APRON,1,2025-08-08 21:59:15,6.87,,United Kingdom
536707,20729,BLUEBERRY SCONE,1,2025-10-29 18:58:57,2.5,17131.0,United Kingdom
536707,20727,ALMOND DANISH,1,2025-10-29 18:58:57,2.83,17131.0,United Kingdom
536707,20726,PAIN AU CHOCOLAT,2,2025-10-29 18:58:57,2.53,17131.0,United Kingdom
536707,20725,CROISSANT ALL BUTTER,1,2025-10-29 18:58:57,2.25,17131.0,United Kingdom
536707,20728,CAPPUCCINO CUP & SAUCER,1,2025-10-29 18:58:57,8.22,17131.0,United Kingdom
536707,21221,RETRO SPOT TEA TOWEL,24,2025-10-29 18:58:57,2.46,17131.0,United Kingdom
536708,20728,CAPPUCCINO CUP & SAUCER,4,2025-11-25 17:17:36,8.8,,United Kingdom
536708,20729,BLUEBERRY SCONE,6,2025-11-25 17:17:36,2.45,,United Kingdom
536708,21220,BICYCLE PUNCTURE REPAIR KIT,6,2025-11-25 17:17:36,3.13,,United Kingdom
536709,71053,WIRELESS ERGONOMIC MOUSE,1,2025-05-14 17:41:23,30.24,13216.0,United Kingdom
536709,71057,MONITOR LIGHT BAR,1,2025-05-14 17:41:23,40.65,13216.0,United Kingdom
536709,71056,LARGE DESK PAD BLACK,6,2025-05-14 17:41:23,16.67,13216.0,United Kingdom
536709,71055,USB-C MULTIPORT ADAPTER,2,2025-05-14 17:41:23,25.45,13216.0,United Kingdom
536710,21218,SCENTED CANDLE LAVENDER,6,2025-09-21 02:15:11,4.23,18141.0,United Kingdom
536711,71055,USB-C MULTIPORT ADAPTER,12,2025-04-03 23:10:53,24.37,14205.0,United Kingdom
536711,71054,MECHANICAL KEYBOARD,1,2025-04-03 23:10:53,71.62,14205.0,United Kingdom
536711,71056,LARGE DESK PAD BLACK,4,2025-04-03 23:10:53,16.34,14205.0,United Kingdom
536711,21219,TRAVEL SEWING KIT,2,2025-04-03 23:10:53,2.19,14205.0,United Kingdom
536712,21735,AGED PARMESAN REGGIANO,4,2025-07-13 04:21:30,8.24,16032.0,United Kingdom
536712,21734,ARTISAN PASTA PENNE,1,2025-07-13 04:21:30,3.37,16032.0,United Kingdom
536712,21733,ITALIAN EXTRA VIRGIN OLIVE OIL,4,2025-07-13 04:21:30,12.84,16032.0,United Kingdom
536712,21737,GARLIC HERB BREADSTICKS,2,2025-07-13 04:21:30,3.08,16032.0,United Kingdom
536712,21226,CHILLI LIGHTS STRING,1,2025-07-13 04:21:30,8.09,16032.0,United Kingdom
536713,20726,PAIN AU CHOCOLAT,2,2025-06-01 19:42:31,2.5,16840.0,United Kingdom
536713,20728,CAPPUCCINO CUP & SAUCER,3,2025-06-01 19:42:31,8.36,16840.0,United Kingdom
536713,20727,ALMOND DANISH,2,2025-06-01 19:42:31,2.76,16840.0,United Kingdom
536713,21214,RECIPE BOX PANTRY DESIGN,1,2025-06-01 19:42:31,8.0,16840.0,United Kingdom
536713,21222,RETRO SPOT APRON,1,2025-06-01 19:42:31,7.26,16840.0,United Kingdom
536713,21227,VINTAGE UNION JACK CUSHION,3,2025-06-01 19:42:31,15.55,16840.0,United Kingdom
536714,71054,MECHANICAL KEYBOARD,6,2025-11-30 02:28:14,69.18,14976.0,United Kingdom
536714,71056,LARGE DESK PAD BLACK,2,2025-11-30 02:28:14,16.63,14976.0,United Kingdom
536715,85123A,COLOMBIAN ROAST COFFEE,1,2025-03-24 22:24:49,9.43,18171.0,United Kingdom
536715,85123C,DARK CHOCOLATE BAR 85%,3,2025-03-24 22:24:49,3.66,18171.0,United Kingdom
536715,21229,HAND WARMER BIRD DESIGN,3,2025-03-24 22:24:49,1.89,18171.0,United Kingdom
536716,84882,GARDENING GLOVES PAIR,3,2025-05-23 19:39:18,5.02,,United Kingdom
536716,84879,CERAMIC PLANT POT WHITE,1,2025-05-23 19:39:18,9.77,,United Kingdom
536716,84880,WATERING CAN GREEN 2L,1,2025-05-23 19:39:18,12.02,,United Kingdom
536717,21216,EMERGENCY FIRST AID TIN,6,2025-01-24 02:57:41,3.61,16846.0,United Kingdom
536718,71056,LARGE DESK PAD BLACK,1,2025-08-09 22:18:04,15.44,13004.0,United Kingdom
536718,71057,MONITOR LIGHT BAR,1,2025-08-09 22:18:04,40.72,13004.0,United Kingdom
536719,21218,SCENTED CANDLE LAVENDER,1,2025-03-22 00:50:20,4.23,13590.0,United Kingdom
536720,84883,LED GROW LIGHT BULB,2,2025-04-28 19:04:00,14.91,,France
536720,84881,ORGANIC POTTING SOIL 10L,1,2025-04-28 19:04:00,6.72,,France
536720,71054,MECHANICAL KEYBOARD,1,2025-04-28 19:04:00,71.81,,France
536720,71057,MONITOR LIGHT BAR,1,2025-04-28 19:04:00,40.36,,France
536720,71055,USB-C MULTIPORT ADAPTER,1,2025-04-28 19:04:00,25.97,,France
536720,21220,BICYCLE PUNCTURE REPAIR KIT,1,2025-04-28 19:04:00,3.1,,France
536721,22423,REGENCY CAKESTAND 3 TIER,6,2025-04-05 00:00:35,13.3,17270.0,United Kingdom
536721,85099B,WHITE HANGING HEART T-LIGHT HOLDER,1,2025-04-05 00:00:35,2.44,17270.0,United Kingdom
536721,22720,SET OF 3 CAKE TINS PANTRY,6,2025-04-05 00:00:35,4.74,17270.0,United Kingdom
536721,22960,HEART OF WICKER SMALL,6,2025-04-05 00:00:35,1.62,17270.0,United Kingdom
536721,22961,HEART OF WICKER LARGE,4,2025-04-05 00:00:35,2.86,17270.0,United Kingdom
536722,71055,USB-C MULTIPORT ADAPTER,1,2025-03-08 18:16:15,23.9,12457.0,EIRE
536722,71057,MONITOR LIGHT BAR,4,2025-03-08 18:16:15,39.64,12457.0,EIRE
536722,71053,WIRELESS ERGONOMIC MOUSE,1,2025-03-08 18:16:15,30.8,12457.0,EIRE
536723,84883,LED GROW LIGHT BULB,3,2025-05-11 03:58:51,15.35,13880.0,United Kingdom
536723,84882,GARDENING GLOVES PAIR,4,2025-05-11 03:58:51,5.01,13880.0,United Kingdom
536724,21734,ARTISAN PASTA PENNE,6,2025-04-10 01:55:23,3.34,15674.0,United Kingdom
536724,21736,ORGANIC TOMATO BASIL SAUCE,6,2025-04-10 01:55:23,4.42,15674.0,United Kingdom
536724,21735,AGED PARMESAN REGGIANO,1,2025-04-10 01:55:23,7.99,15674.0,United Kingdom
536724,21737,GARLIC HERB BREADSTICKS,12,2025-04-10 01:55:23,3.08,15674.0,United Kingdom
536724,21231,FELTCRAFT DOLL ROSIE,6,2025-04-10 01:55:23,3.09,15674.0,United Kingdom
536725,21735,AGED PARMESAN REGGIANO,3,2025-12-27 04:20:21,8.04,14197.0,United Kingdom
536725,21736,ORGANIC TOMATO BASIL SAUCE,1,2025-12-27 04:20:21,4.58,14197.0,United Kingdom
536725,21737,GARLIC HERB BREADSTICKS,12,2025-12-27 04:20:21,3.08,14197.0,United Kingdom
536726,22423,ORGANIC WHOLE MILK,2,2025-10-15 02:36:52,3.44,14054.0,United Kingdom
536726,22424,WHOLE WHEAT BREAD,2,2025-10-15 02:36:52,2.9,14054.0,United Kingdom
536726,21214,RECIPE BOX PANTRY DESIGN,3,2025-10-15 02:36:52,7.59,14054.0,United Kingdom
536726,21231,FELTCRAFT DOLL ROSIE,1,2025-10-15 02:36:52,3.01,14054.0,United Kingdom
536727,20725,CROISSANT ALL BUTTER,3,2025-12-26 23:31:24,2.24,15215.0,United Kingdom
536727,20728,CAPPUCCINO CUP & SAUCER,2,2025-12-26 23:31:24,8.6,15215.0,United Kingdom
536727,20726,PAIN AU CHOCOLAT,3,2025-12-26 23:31:24,2.38,15215.0,United Kingdom
536727,20729,BLUEBERRY SCONE,1,2025-12-26 23:31:24,2.42,15215.0,United Kingdom
536727,21215,WOODEN PICTURE FRAME,1,2025-12-26 23:31:24,5.29,15215.0,United Kingdom
536727,21226,CHILLI LIGHTS STRING,6,2025-12-26 23:31:24,8.11,15215.0,United Kingdom
536728,85123B,PURE CANE SUGAR,3,2025-01-12 23:19:47,2.6,14380.0,United Kingdom
536728,85123E,CERAMIC COFFEE MUG,3,2025-01-12 23:19:47,6.19,14380.0,United Kingdom
536728,20729,BLUEBERRY SCONE,1,2025-01-12 23:19:47,2.39,14380.0,United Kingdom
536728,20728,CAPPUCCINO CUP & SAUCER,1,2025-01-12 23:19:47,8.3,14380.0,United Kingdom
536728,21215,WOODEN PICTURE FRAME,6,2025-01-12 23:19:47,5.72,14380.0,United Kingdom
536729,22961,HEART OF WICKER LARGE,1,2025-07-21 00:46:30,3.01,16812.0,United Kingdom
536729,22960,HEART OF WICKER SMALL,1,2025-07-21 00:46:30,1.68,16812.0,United Kingdom
536729,85099B,WHITE HANGING HEART T-LIGHT HOLDER,1,2025-07-21 00:46:30,2.66,16812.0,United Kingdom
536730,21228,WALL CLOCK RETRO RED,1,2025-07-28 01:10:40,17.88,,United Kingdom
536731,84881,ORGANIC POTTING SOIL 10L,1,2025-01-31 22:19:25,7.07,15877.0,United Kingdom
536731,84882,GARDENING GLOVES PAIR,4,2025-01-31 22:19:25,4.82,15877.0,United Kingdom
536731,84880,WATERING CAN GREEN 2L,2,2025-01-31 22:19:25,10.96,15877.0,United Kingdom
536732,21735,AGED PARMESAN REGGIANO,3,2025-06-03 00:11:51,8.23,15561.0,United Kingdom
536732,21736,ORGANIC TOMATO BASIL SAUCE,6,2025-06-03 00:11:51,4.41,15561.0,United Kingdom
536732,21737,GARLIC HERB BREADSTICKS,1,2025-06-03 00:11:51,2.94,15561.0,United Kingdom
536732,22961,HEART OF WICKER LARGE,3,2025-06-03 00:11:51,2.86,15561.0,United Kingdom
536732,22423,REGENCY CAKESTAND 3 TIER,3,2025-06-03 00:11:51,12.35,15561.0,United Kingdom
536732,22960,HEART OF WICKER SMALL,1,2025-06-03 00:11:51,1.64,15561.0,United Kingdom
536732,71056,LARGE DESK PAD BLACK,1,2025-06-03 00:11:51,15.59,15561.0,United Kingdom
536732,71055,USB-C MULTIPORT ADAPTER,6,2025-06-03 00:11:51,25.76,15561.0,United Kingdom
536733,22423,REGENCY CAKESTAND 3 TIER,2,2025-11-16 17:46:07,12.51,14426.0,United Kingdom
536733,22720,SET OF 3 CAKE TINS PANTRY,24,2025-11-16 17:46:07,4.72,14426.0,United Kingdom
536733,71056,LARGE DESK PAD BLACK,1,2025-11-16 17:46:07,15.34,14426.0,United Kingdom
536733,71055,USB-C MULTIPORT ADAPTER,3,2025-11-16 17:46:07,23.89,14426.0,United Kingdom
536733,71057,MONITOR LIGHT BAR,1,2025-11-16 17:46:07,38.95,14426.0,United Kingdom
536733,71054,MECHANICAL KEYBOARD,6,2025-11-16 17:46:07,68.97,14426.0,United Kingdom
536733,20725,CROISSANT ALL BUTTER,4,2025-11-16 17:46:07,2.18,14426.0,United Kingdom
536733,20728,CAPPUCCINO CUP & SAUCER,1,2025-11-16 17:46:07,8.21,14426.0,United Kingdom
536734,85123C,DARK CHOCOLATE BAR 85%,4,2025-05-03 19:59:39,3.48,15669.0,United Kingdom
536734,85123A,COLOMBIAN ROAST COFFEE,2,2025-05-03 19:59:39,8.68,15669.0,United Kingdom
536734,85123D,FRENCH VANILLA SYRUP,1,2025-05-03 19:59:39,6.15,15669.0,United Kingdom
536734,85123E,CERAMIC COFFEE MUG,6,2025-05-03 19:59:39,6.4,15669.0,United Kingdom
536735,85123B,PURE CANE SUGAR,1,2025-02-19 02:23:44,2.52,,United Kingdom
536735,85123E,CERAMIC COFFEE MUG,1,2025-02-19 02:23:44,6.63,,United Kingdom
536735,85123D,FRENCH VANILLA SYRUP,1,2025-02-19 02:23:44,5.92,,United Kingdom
536735,85123C,DARK CHOCOLATE BAR 85%,1,2025-02-19 02:23:44,3.41,,United Kingdom
536736,22425,SWEET CREAM BUTTER,1,2025-10-02 02:03:51,4.1,17623.0,United Kingdom
536736,22423,ORGANIC WHOLE MILK,1,2025-10-02 02:03:51,3.46,17623.0,United Kingdom
536736,22426,STRAWBERRY PRESERVES,3,2025-10-02 02:03:51,3.92,17623.0,United Kingdom
536736,22427,ORGANIC EGGS DOZEN,3,2025-10-02 02:03:51,4.88,17623.0,United Kingdom
536736,22424,WHOLE WHEAT BREAD,1,2025-10-02 02:03:51,3.13,17623.0,United Kingdom
536736,21213,MINI PAINT SET 9 COLOURS,1,2025-10-02 02:03:51,1.29,17623.0,United Kingdom
536737,85099B,WHITE HANGING HEART T-LIGHT HOLDER,1,2025-05-16 04:30:20,2.49,13870.0,United Kingdom
536737,22961,HEART OF WICKER LARGE,3,2025-05-16 04:30:20,0.0,13870.0,United Kingdom
536737,22423,REGENCY CAKESTAND 3 TIER,2,2025-05-16 04:30:20,13.13,13870.0,United Kingdom
536737,21733,ITALIAN EXTRA VIRGIN OLIVE OIL,2,2025-05-16 04:30:20,13.02,13870.0,United Kingdom
536737,21736,ORGANIC TOMATO BASIL SAUCE,3,2025-05-16 04:30:20,4.59,13870.0,United Kingdom
536737,21231,FELTCRAFT DOLL ROSIE,2,2025-05-16 04:30:20,2.95,13870.0,United Kingdom
536738,21733,ITALIAN EXTRA VIRGIN OLIVE OIL,2,2025-08-09 22:54:19,13.33,17291.0,United Kingdom
536738,21734,ARTISAN PASTA PENNE,1,2025-08-09 22:54:19,3.42,17291.0,United Kingdom
536738,21736,ORGANIC TOMATO BASIL SAUCE,3,2025-08-09 22:54:19,4.43,17291.0,United Kingdom
536739,21227,VINTAGE UNION JACK CUSHION,1,2025-06-10 21:33:22,14.67,13169.0,United Kingdom
536740,20729,BLUEBERRY SCONE,2,2025-09-27 20:10:33,2.31,,United Kingdom
536740,20728,CAPPUCCINO CUP & SAUCER,1,2025-09-27 20:10:33,8.74,,United Kingdom
536740,20726,PAIN AU CHOCOLAT,12,2025-09-27 20:10:33,2.61,,United Kingdom
536741,85123C,DARK CHOCOLATE BAR 85%,2,2025-04-20 18:09:24,3.61,,United Kingdom
536741,85123A,COLOMBIAN ROAST COFFEE,6,2025-04-20 18:09:24,8.54,,United Kingdom
536742,22961,HEART OF WICKER LARGE,3,2025-12-20 23:37:05,2.99,13696.0,United Kingdom
536742,22720,SET OF 3 CAKE TINS PANTRY,3,2025-12-20 23:37:05,4.96,13696.0,United Kingdom
536742,22423,REGENCY CAKESTAND 3 TIER,1,2025-12-20 23:37:05,12.14,13696.0,United Kingdom
536742,22960,HEART OF WICKER SMALL,2,2025-12-20 23:37:05,1.69,13696.0,United Kingdom
536743,20729,BLUEBERRY SCONE,6,2025-05-05 04:44:56,2.29,,United Kingdom
536743,20727,ALMOND DANISH,12,2025-05-05 04:44:56,2.7,,United Kingdom
536743,20726,PAIN AU CHOCOLAT,24,2025-05-05 04:44:56,2.61,,United Kingdom
536743,85123D,FRENCH VANILLA SYRUP,1,2025-05-05 04:44:56,5.84,,United Kingdom
536743,85123C,DARK CHOCOLATE BAR 85%,2,2025-05-05 04:44:56,3.62,,United Kingdom
536743,85123B,PURE CANE SUGAR,1,2025-05-05 04:44:56,2.47,,United Kingdom
536743,22424,WHOLE WHEAT BREAD,3,2025-05-05 04:44:56,2.89,,United Kingdom
536743,22426,STRAWBERRY PRESERVES,1,2025-05-05 04:44:56,4.02,,United Kingdom
536744,22424,WHOLE WHEAT BREAD,4,2025-06-17 21:36:02,2.99,,United Kingdom
536744,22427,ORGANIC EGGS DOZEN,2,2025-06-17 21:36:02,4.91,,United Kingdom
536744,22960,HEART OF WICKER SMALL,12,2025-06-17 21:36:02,1.62,,United Kingdom
536744,85099B,WHITE HANGING HEART T-LIGHT HOLDER,6,2025-06-17 21:36:02,2.63,,United Kingdom
536744,22423,REGENCY CAKESTAND 3 TIER,2,2025-06-17 21:36:02,13.01,,United Kingdom
536744,22720,SET OF 3 CAKE TINS PANTRY,1,2025-06-17 21:36:02,5.2,,United Kingdom
536744,71057,MONITOR LIGHT BAR,1,2025-06-17 21:36:02,39.27,,United Kingdom
536744,71053,WIRELESS ERGONOMIC MOUSE,6,2025-06-17 21:36:02,30.49,,United Kingdom
536744,71055,USB-C MULTIPORT ADAPTER,3,2025-06-17 21:36:02,25.98,,United Kingdom
536744,21231,FELTCRAFT DOLL ROSIE,1,2025-06-17 21:36:02,2.82,,United Kingdom
536745,84881,ORGANIC POTTING SOIL 10L,1,2025-06-24 23:38:52,7.25,18149.0,United Kingdom
536745,84880,WATERING CAN GREEN 2L,2,2025-06-24 23:38:52,11.49,18149.0,United Kingdom
536745,84879,CERAMIC PLANT POT WHITE,1,2025-06-24 23:38:52,9.5,18149.0,United Kingdom
536746,22961,HEART OF WICKER LARGE,2,2025-04-23 19:39:21,3.08,16444.0,United Kingdom
536746,22720,SET OF 3 CAKE TINS PANTRY,2,2025-04-23 19:39:21,4.97,16444.0,United Kingdom
536746,22960,HEART OF WICKER SMALL,2,2025-04-23 19:39:21,1.67,16444.0,United Kingdom
536746,21230,BATHROOM SCALE VINTAGE,6,2025-04-23 19:39:21,22.91,16444.0,United Kingdom
536747,21213,MINI PAINT SET 9 COLOURS,4,2025-01-29 20:12:57,1.22,17681.0,United Kingdom
536748,71057,MONITOR LIGHT BAR,2,2025-06-16 05:08:42,40.89,17583.0,Spain
536748,71055,USB-C MULTIPORT ADAPTER,2,2025-06-16 05:08:42,24.56,17583.0,Spain
536749,20726,PAIN AU CHOCOLAT,1,2025-06-09 02:46:26,2.41,,United Kingdom
536749,20727,ALMOND DANISH,4,2025-06-09 02:46:26,2.82,,United Kingdom
536749,21221,RETRO SPOT TEA TOWEL,1,2025-06-09 02:46:26,2.5,,United Kingdom
536749,21229,HAND WARMER BIRD DESIGN,2,2025-06-09 02:46:26,1.97,,United Kingdom
536749,21230,BATHROOM SCALE VINTAGE,1,2025-06-09 02:46:26,22.67,,United Kingdom
536750,22423,REGENCY CAKESTAND 3 TIER,4,2025-02-11 18:39:21,13.1,13047.0,United Kingdom
536750,22960,HEART OF WICKER SMALL,2,2025-02-11 18:39:21,1.66,13047.0,United Kingdom
536750,22720,SET OF 3 CAKE TINS PANTRY,4,2025-02-11 18:39:21,5.16,13047.0,United Kingdom
536750,21224,GLASS STORAGE JAR SMALL,1,2025-02-11 18:39:21,2.22,13047.0,United Kingdom
536751,21733,ITALIAN EXTRA VIRGIN OLIVE OIL,3,2025-12-08 21:56:47,12.38,15391.0,United Kingdom
536751,21737,GARLIC HERB BREADSTICKS,4,2025-12-08 21:56:47,2.93,15391.0,United Kingdom
536751,20728,CAPPUCCINO CUP & SAUCER,12,2025-12-08 21:56:47,8.19,15391.0,United Kingdom
536751,20729,BLUEBERRY SCONE,1,2025-12-08 21:56:47,2.38,15391.0,United Kingdom
536751,20727,ALMOND DANISH,1,2025-12-08 21:56:47,2.69,15391.0,United Kingdom
536752,21213,MINI PAINT SET 9 COLOURS,4,2025-11-12 17:53:07,1.26,17279.0,Germany
536753,22960,HEART OF WICKER SMALL,4,2025-10-20 02:49:06,1.63,14774.0,United Kingdom
536753,85099B,WHITE HANGING HEART T-LIGHT HOLDER,6,2025-10-20 02:49:06,2.49,14774.0,United Kingdom
536753,22425,SWEET CREAM BUTTER,3,2025-10-20 02:49:06,4.08,14774.0,United Kingdom
536753,22423,ORGANIC WHOLE MILK,1,2025-10-20 02:49:06,3.57,14774.0,United Kingdom
536753,22426,STRAWBERRY PRESERVES,2,2025-10-20 02:49:06,3.96,14774.0,United Kingdom
536753,21230,BATHROOM SCALE VINTAGE,4,2025-10-20 02:49:06,21.98,14774.0,United Kingdom
536753,21212,VINTAGE SNAP CARDS,2,2025-10-20 02:49:06,0.88,14774.0,United Kingdom
536753,21215,WOODEN PICTURE FRAME,2,2025-10-20 02:49:06,5.54,14774.0,United Kingdom
536754,84880,WATERING CAN GREEN 2L,1,2025-03-09 23:07:12,11.21,12351.0,United Kingdom
536754,84879,  CERAMIC PLANT POT WHITE   ,12,2025-03-09 23:07:12,9.77,12351.0,United Kingdom
536755,22720,SET OF 3 CAKE TINS PANTRY,1,2025-04-25 23:39:09,5.03,15136.0,United Kingdom
536755,22961,HEART OF WICKER LARGE,1,2025-04-25 23:39:09,3.0,15136.0,United Kingdom
536756,22425,SWEET CREAM BUTTER,1,2025-09-04 18:33:50,4.23,,United Kingdom
536756,22424,WHOLE WHEAT BREAD,6,2025-09-04 18:33:50,3.09,,United Kingdom
536756,22426,STRAWBERRY PRESERVES,2,2025-09-04 18:33:50,3.75,,United Kingdom
536756,84881,ORGANIC POTTING SOIL 10L,24,2025-09-04 18:33:50,7.03,,United Kingdom
536756,84880,WATERING CAN GREEN 2L,2,2025-09-04 18:33:50,11.22,,United Kingdom
536756,21212,VINTAGE SNAP CARDS,1,2025-09-04 18:33:50,0.84,,United Kingdom
536757,85123E,CERAMIC COFFEE MUG,3,2025-10-22 02:06:51,6.45,17815.0,United Kingdom
536757,85123A,COLOMBIAN ROAST COFFEE,2,2025-10-22 02:06:51,9.3,17815.0,United Kingdom
536757,85123D,FRENCH VANILLA SYRUP,2,2025-10-22 02:06:51,5.81,17815.0,United Kingdom
536757,84881,ORGANIC POTTING SOIL 10L,2,2025-10-22 02:06:51,6.81,17815.0,United Kingdom
536757,84882,GARDENING GLOVES PAIR,1,2025-10-22 02:06:51,4.78,17815.0,United Kingdom
536757,84883,LED GROW LIGHT BULB,1,2025-10-22 02:06:51,14.94,17815.0,United Kingdom
536757,84880,WATERING CAN GREEN 2L,24,2025-10-22 02:06:51,11.56,17815.0,United Kingdom
536757,84879,CERAMIC PLANT POT WHITE,2,2025-10-22 02:06:51,9.53,17815.0,United Kingdom
536758,22427,ORGANIC EGGS DOZEN,3,2025-02-26 22:29:15,4.74,14052.0,United Kingdom
536758,22424,WHOLE WHEAT BREAD,2,2025-02-26 22:29:15,2.94,14052.0,United Kingdom
536758,22423,ORGANIC WHOLE MILK,1,2025-02-26 22:29:15,3.46,14052.0,United Kingdom
536758,22426,STRAWBERRY PRESERVES,3,2025-02-26 22:29:15,3.71,14052.0,United Kingdom
536759,85123A,COLOMBIAN ROAST COFFEE,3,2025-02-03 03:41:12,9.29,,United Kingdom
536759,85123D,FRENCH VANILLA SYRUP,1,2025-02-03 03:41:12,5.8,,United Kingdom
536759,22423,REGENCY CAKESTAND 3 TIER,1,2025-02-03 03:41:12,12.21,,United Kingdom
536759,85099B,WHITE HANGING HEART T-LIGHT HOLDER,1,2025-02-03 03:41:12,2.6,,United Kingdom
536759,21218,SCENTED CANDLE LAVENDER,6,2025-02-03 03:41:12,4.24,,United Kingdom
536759,21223,SET OF 6 SPICE JARS,2,2025-02-03 03:41:12,10.28,,United Kingdom
536759,21221,RETRO SPOT TEA TOWEL,2,2025-02-03 03:41:12,2.42,,United Kingdom
536760,20725,CROISSANT ALL BUTTER,3,2025-04-20 22:48:24,2.17,12504.0,France
536760,20726,PAIN AU CHOCOLAT,1,2025-04-20 22:48:24,2.6,12504.0,France
536760,20729,BLUEBERRY SCONE,1,2025-04-20 22:48:24,2.41,12504.0,France
536760,20727,ALMOND DANISH,1,2025-04-20 22:48:24,2.65,12504.0,France
536760,22427,ORGANIC EGGS DOZEN,1,2025-04-20 22:48:24,5.14,12504.0,France
536760,22423,ORGANIC WHOLE MILK,3,2025-04-20 22:48:24,3.34,12504.0,France
536760,22425,SWEET CREAM BUTTER,1,2025-04-20 22:48:24,4.11,12504.0,France
536761,85123E,CERAMIC COFFEE MUG,6,2025-01-23 05:16:01,6.6,17999.0,United Kingdom
536761,85123A,COLOMBIAN ROAST COFFEE,1,2025-01-23 05:16:01,8.68,17999.0,United Kingdom
536761,85123D,FRENCH VANILLA SYRUP,6,2025-01-23 05:16:01,6.08,17999.0,United Kingdom
536761,85123C,DARK CHOCOLATE BAR 85%,4,2025-01-23 05:16:01,3.54,17999.0,United Kingdom
536762,20729,BLUEBERRY SCONE,2,2025-06-07 01:09:50,2.43,,United Kingdom
536762,20728,CAPPUCCINO CUP & SAUCER,1,2025-06-07 01:09:50,8.4,,United Kingdom
536762,20726,PAIN AU CHOCOLAT,2,2025-06-07 01:09:50,2.62,,United Kingdom
536762,21212,VINTAGE SNAP CARDS,1,2025-06-07 01:09:50,0.86,,United Kingdom
536763,22427,ORGANIC EGGS DOZEN,6,2025-11-21 00:59:39,5.2,17272.0,United Kingdom
536763,22424,WHOLE WHEAT BREAD,12,2025-11-21 00:59:39,3.03,17272.0,United Kingdom
536763,22423,ORGANIC WHOLE MILK,1,2025-11-21 00:59:39,3.38,17272.0,United Kingdom
536763,22425,SWEET CREAM BUTTER,2,2025-11-21 00:59:39,4.14,17272.0,United Kingdom
536763,21215,WOODEN PICTURE FRAME,3,2025-11-21 00:59:39,5.62,17272.0,United Kingdom
536763,21224,GLASS STORAGE JAR SMALL,1,2025-11-21 00:59:39,2.2,17272.0,United Kingdom
536764,20728,CAPPUCCINO CUP & SAUCER,3,2025-04-29 17:49:49,8.39,15869.0,United Kingdom
536764,20727,ALMOND DANISH,6,2025-04-29 17:49:49,2.81,15869.0,United Kingdom
536764,20729,BLUEBERRY SCONE,4,2025-04-29 17:49:49,2.49,15869.0,United Kingdom
536764,20726,PAIN AU CHOCOLAT,6,2025-04-29 17:49:49,2.38,15869.0,United Kingdom
536764,21223,SET OF 6 SPICE JARS,3,2025-04-29 17:49:49,9.97,15869.0,United Kingdom
536764,21221,RETRO SPOT TEA TOWEL,1,2025-04-29 17:49:49,2.53,15869.0,United Kingdom
536764,21213,MINI PAINT SET 9 COLOURS,1,2025-04-29 17:49:49,1.27,15869.0,United Kingdom
536765,22424,WHOLE WHEAT BREAD,2,2025-10-06 21:07:20,3.02,13931.0,Spain
536765,22423,ORGANIC WHOLE MILK,1,2025-10-06 21:07:20,3.39,13931.0,Spain
536765,22426,STRAWBERRY PRESERVES,6,2025-10-06 21:07:20,4.03,13931.0,Spain
536765,20729,BLUEBERRY SCONE,3,2025-10-06 21:07:20,2.4,13931.0,Spain
536765,20728,CAPPUCCINO CUP & SAUCER,2,2025-10-06 21:07:20,8.5,13931.0,Spain
536766,21224,GLASS STORAGE JAR SMALL,3,2025-01-24 04:31:37,2.25,,United Kingdom
536767,21733,ITALIAN EXTRA VIRGIN OLIVE OIL,2,2025-12-24 19:55:23,12.48,17427.0,France
536767,21737,GARLIC HERB BREADSTICKS,1,2025-12-24 19:55:23,2.85,17427.0,France
536767,21215,WOODEN PICTURE FRAME,4,2025-12-24 19:55:23,5.31,17427.0,France
536768,22423,REGENCY CAKESTAND 3 TIER,2,2025-02-26 21:29:02,12.62,12968.0,United Kingdom
536768,22960,HEART OF WICKER SMALL,3,2025-02-26 21:29:02,1.59,12968.0,United Kingdom
536768,22720,SET OF 3 CAKE TINS PANTRY,1,2025-02-26 21:29:02,4.8,12968.0,United Kingdom
536768,21212,VINTAGE SNAP CARDS,2,2025-02-26 21:29:02,0.88,12968.0,United Kingdom
536769,21736,ORGANIC TOMATO BASIL SAUCE,2,2025-03-02 19:19:13,4.61,14083.0,United Kingdom
536769,21734,ARTISAN PASTA PENNE,2,2025-03-02 19:19:13,3.21,14083.0,United Kingdom
536770,84883,LED GROW LIGHT BULB,3,2025-04-19 21:49:15,14.92,16005.0,United Kingdom
536770,84880,WATERING CAN GREEN 2L,2,2025-04-19 21:49:15,11.57,16005.0,United Kingdom
536770,84882,GARDENING GLOVES PAIR,1,2025-04-19 21:49:15,4.75,16005.0,United Kingdom
536770,84879,CERAMIC PLANT POT WHITE,1,2025-04-19 21:49:15,10.25,16005.0,United Kingdom
536770,21231,FELTCRAFT DOLL ROSIE,4,2025-04-19 21:49:15,2.97,16005.0,United Kingdom
536771,71057,MONITOR LIGHT BAR,1,2025-12-24 05:24:29,40.25,17877.0,United Kingdom
536771,71055,USB-C MULTIPORT ADAPTER,2,2025-12-24 05:24:29,25.72,17877.0,United Kingdom
536772,20725,CROISSANT ALL BUTTER,6,2025-06-10 04:39:49,2.28,14167.0,United Kingdom
536772,20728,CAPPUCCINO CUP & SAUCER,2,2025-06-10 04:39:49,8.09,14167.0,United Kingdom
536772,20727,ALMOND DANISH,1,2025-06-10 04:39:49,2.72,14167.0,United Kingdom
536772,20729,BLUEBERRY SCONE,2,2025-06-10 04:39:49,2.38,14167.0,United Kingdom
536772,20726,PAIN AU CHOCOLAT,2,2025-06-10 04:39:49,2.57,14167.0,United Kingdom
536772,71053,WIRELESS ERGONOMIC MOUSE,1,2025-06-10 04:39:49,30.14,14167.0,United Kingdom
536772,71056,LARGE DESK PAD BLACK,6,2025-06-10 04:39:49,15.54,14167.0,United Kingdom
536772,84879,CERAMIC PLANT POT WHITE,4,2025-06-10 04:39:49,10.37,14167.0,United Kingdom
536772,84882,GARDENING GLOVES PAIR,1,2025-06-10 04:39:49,5.2,14167.0,United Kingdom
536772,84883,LED GROW LIGHT BULB,2,2025-06-10 04:39:49,14.46,14167.0,United Kingdom
536772,84881,ORGANIC POTTING SOIL 10L,1,2025-06-10 04:39:49,7.27,14167.0,United Kingdom
536772,21219,TRAVEL SEWING KIT,4,2025-06-10 04:39:49,2.0,14167.0,United Kingdom
536772,21228,WALL CLOCK RETRO RED,6,2025-06-10 04:39:49,18.3,14167.0,United Kingdom
536772,21231,FELTCRAFT DOLL ROSIE,2,2025-06-10 04:39:49,2.86,14167.0,United Kingdom
536773,21737,GARLIC HERB BREADSTICKS,4,2025-02-12 23:03:03,3.1,,United Kingdom
536773,21733,ITALIAN EXTRA VIRGIN OLIVE OIL,3,2025-02-12 23:03:03,13.15,,United Kingdom
536774,20728,CAPPUCCINO CUP & SAUCER,1,2025-06-03 22:40:03,8.82,17245.0,France
536774,20729,BLUEBERRY SCONE,6,2025-06-03 22:40:03,2.52,17245.0,France
536774,20727,ALMOND DANISH,4,2025-06-03 22:40:03,2.62,17245.0,France
536774,20725,CROISSANT ALL BUTTER,12,2025-06-03 22:40:03,2.18,17245.0,France
536775,22424,WHOLE WHEAT BREAD,2,2025-07-05 22:36:29,3.09,13999.0,United Kingdom
536775,22427,ORGANIC EGGS DOZEN,2,2025-07-05 22:36:29,5.23,13999.0,United Kingdom
536775,22425,SWEET CREAM BUTTER,6,2025-07-05 22:36:29,4.27,13999.0,United Kingdom
536775,21212,VINTAGE SNAP CARDS,1,2025-07-05 22:36:29,0.86,13999.0,United Kingdom
536776,22960,HEART OF WICKER SMALL,2,2025-02-06 19:58:13,1.65,14672.0,United Kingdom
536776,85099B,WHITE HANGING HEART T-LIGHT HOLDER,3,2025-02-06 19:58:13,2.65,14672.0,United Kingdom
536777,20729,BLUEBERRY SCONE,1,2025-04-08 02:04:21,2.31,15779.0,United Kingdom
536777,20728,CAPPUCCINO CUP & SAUCER,2,2025-04-08 02:04:21,8.36,15779.0,United Kingdom
536777,20725,CROISSANT ALL BUTTER,2,2025-04-08 02:04:21,2.3,15779.0,United Kingdom
536777,20726,PAIN AU CHOCOLAT,6,2025-04-08 02:04:21,2.4,15779.0,United Kingdom
536778,85123B,PURE CANE SUGAR,6,2025-01-17 22:18:00,2.46,13540.0,France
536778,85123E,CERAMIC COFFEE MUG,1,2025-01-17 22:18:00,6.35,13540.0,France
536778,21217,PACK OF 20 NAPKINS,4,2025-01-17 22:18:00,1.4,13540.0,France
536779,20729,BLUEBERRY SCONE,6,2025-11-09 01:19:43,2.48,16907.0,United Kingdom
536779,20727,ALMOND DANISH,1,2025-11-09 01:19:43,2.84,16907.0,United Kingdom
536779,20728,CAPPUCCINO CUP & SAUCER,1,2025-11-09 01:19:43,8.9,16907.0,United Kingdom
536780,71053,WIRELESS ERGONOMIC MOUSE,1,2025-12-07 17:48:22,30.8,12880.0,United Kingdom
536780,71056,LARGE DESK PAD BLACK,1,2025-12-07 17:48:22,16.44,12880.0,United Kingdom
536780,71057,MONITOR LIGHT BAR,12,2025-12-07 17:48:22,39.97,12880.0,United Kingdom
536780,21229,HAND WARMER BIRD DESIGN,3,2025-12-07 17:48:22,2.03,12880.0,United Kingdom
536781,71054,MECHANICAL KEYBOARD,4,2025-01-30 05:11:34,69.22,16386.0,United Kingdom
536781,71057,MONITOR LIGHT BAR,1,2025-01-30 05:11:34,40.68,16386.0,United Kingdom
536781,21212,VINTAGE SNAP CARDS,3,2025-01-30 05:11:34,0.88,16386.0,United Kingdom
536782,85123E,CERAMIC COFFEE MUG,2,2025-11-19 20:41:40,6.76,,United Kingdom
536782,85123C,DARK CHOCOLATE BAR 85%,1,2025-11-19 20:41:40,3.56,,United Kingdom
536782,85123B,PURE CANE SUGAR,3,2025-11-19 20:41:40,2.6,,United Kingdom
536783,84880,WATERING CAN GREEN 2L,12,2025-12-31 19:51:33,11.49,14155.0,United Kingdom
536783,84879,CERAMIC PLANT POT WHITE,1,2025-12-31 19:51:33,10.1,14155.0,United Kingdom
536784,22427,ORGANIC EGGS DOZEN,1,2025-03-13 03:27:32,4.97,17445.0,United Kingdom
536784,22426,STRAWBERRY PRESERVES,3,2025-03-13 03:27:32,3.84,17445.0,United Kingdom
536784,22423,ORGANIC WHOLE MILK,4,2025-03-13 03:27:32,3.5,17445.0,United Kingdom
536784,22425,SWEET CREAM BUTTER,1,2025-03-13 03:27:32,4.45,17445.0,United Kingdom
536784,22720,SET OF 3 CAKE TINS PANTRY,3,2025-03-13 03:27:32,4.76,17445.0,United Kingdom
536784,22423,REGENCY CAKESTAND 3 TIER,2,2025-03-13 03:27:32,12.69,17445.0,United Kingdom
536784,21223,SET OF 6 SPICE JARS,2,2025-03-13 03:27:32,9.92,17445.0,United Kingdom
536785,20727,ALMOND DANISH,24,2025-10-01 01:05:54,2.86,,United Kingdom
536785,20728,CAPPUCCINO CUP & SAUCER,2,2025-10-01 01:05:54,8.38,,United Kingdom
536785,20726,PAIN AU CHOCOLAT,1,2025-10-01 01:05:54,2.5,,United Kingdom
536785,20725,CROISSANT ALL BUTTER,1,2025-10-01 01:05:54,2.29,,United Kingdom
536785,85123E,CERAMIC COFFEE MUG,1,2025-10-01 01:05:54,6.2,,United Kingdom
536785,85123D,FRENCH VANILLA SYRUP,2,2025-10-01 01:05:54,6.22,,United Kingdom
536785,85123B,PURE CANE SUGAR,4,2025-10-01 01:05:54,2.61,,United Kingdom
536785,85123C,DARK CHOCOLATE BAR 85%,1,2025-10-01 01:05:54,3.44,,United Kingdom
536785,85123A,COLOMBIAN ROAST COFFEE,2,2025-10-01 01:05:54,9.2,,United Kingdom
536785,21227,VINTAGE UNION JACK CUSHION,2,2025-10-01 01:05:54,15.12,,United Kingdom
536786,84880,WATERING CAN GREEN 2L,1,2025-08-15 00:27:40,11.18,14159.0,Spain
536786,84879,CERAMIC PLANT POT WHITE,1,2025-08-15 00:27:40,9.62,14159.0,Spain
536786,84882,GARDENING GLOVES PAIR,6,2025-08-15 00:27:40,5.06,14159.0,Spain
536786,21737,GARLIC HERB BREADSTICKS,3,2025-08-15 00:27:40,3.11,14159.0,Spain
536786,21734,ARTISAN PASTA PENNE,1,2025-08-15 00:27:40,3.31,14159.0,Spain
536787,84883,LED GROW LIGHT BULB,2,2025-04-12 22:00:29,15.4,13789.0,United Kingdom
536787,84881,ORGANIC POTTING SOIL 10L,2,2025-04-12 22:00:29,7.15,13789.0,United Kingdom
536787,84880,WATERING CAN GREEN 2L,2,2025-04-12 22:00:29,11.06,13789.0,United Kingdom
536787,84879,CERAMIC PLANT POT WHITE,1,2025-04-12 22:00:29,10.28,13789.0,United Kingdom
536787,84882,GARDENING GLOVES PAIR,12,2025-04-12 22:00:29,5.22,13789.0,United Kingdom
536787,21213,MINI PAINT SET 9 COLOURS,2,2025-04-12 22:00:29,1.26,13789.0,United Kingdom
536788,71054,MECHANICAL KEYBOARD,2,2025-11-05 18:10:19,72.75,17724.0,United Kingdom
536788,71055,USB-C MULTIPORT ADAPTER,2,2025-11-05 18:10:19,24.96,17724.0,United Kingdom
536789,21213,MINI PAINT SET 9 COLOURS,3,2025-10-29 21:46:55,1.26,12500.0,United Kingdom
536790,85123A,COLOMBIAN ROAST COFFEE,6,2025-11-03 01:28:33,9.03,13472.0,United Kingdom
536790,85123B,PURE CANE SUGAR,2,2025-11-03 01:28:33,2.52,13472.0,United Kingdom
536791,84880,WATERING CAN GREEN 2L,1,2025-12-31 04:16:45,11.58,14065.0,United Kingdom
536791,84882,GARDENING GLOVES PAIR,1,2025-12-31 04:16:45,5.18,14065.0,United Kingdom
536791,71053,WIRELESS ERGONOMIC MOUSE,6,2025-12-31 04:16:45,28.77,14065.0,United Kingdom
536791,71054,MECHANICAL KEYBOARD,6,2025-12-31 04:16:45,73.08,14065.0,United Kingdom
536791,71057,MONITOR LIGHT BAR,1,2025-12-31 04:16:45,39.1,14065.0,United Kingdom
536791,71056,LARGE DESK PAD BLACK,4,2025-12-31 04:16:45,16.65,14065.0,United Kingdom
536792,85123B,PURE CANE SUGAR,2,2025-03-25 22:33:40,2.55,13283.0,United Kingdom
536792,85123A,COLOMBIAN ROAST COFFEE,3,2025-03-25 22:33:40,8.64,13283.0,United Kingdom
536793,71054,MECHANICAL KEYBOARD,1,2025-03-21 03:51:42,67.74,,United Kingdom
536793,71057,MONITOR LIGHT BAR,2,2025-03-21 03:51:42,38.59,,United Kingdom
536793,71055,USB-C MULTIPORT ADAPTER,1,2025-03-21 03:51:42,25.14,,United Kingdom
536793,71053,WIRELESS ERGONOMIC MOUSE,6,2025-03-21 03:51:42,30.22,,United Kingdom
536793,21225,GLASS STORAGE JAR LARGE,2,2025-03-21 03:51:42,3.76,,United Kingdom
536794,84881,ORGANIC POTTING SOIL 10L,1,2025-12-11 17:21:59,6.96,12880.0,United Kingdom
536794,84880,WATERING CAN GREEN 2L,2,2025-12-11 17:21:59,11.55,12880.0,United Kingdom
536794,84883,LED GROW LIGHT BULB,4,2025-12-11 17:21:59,14.63,12880.0,United Kingdom
536795,71053,WIRELESS ERGONOMIC MOUSE,1,2025-03-14 22:09:10,29.77,,United Kingdom
536795,71054,MECHANICAL KEYBOARD,6,2025-03-14 22:09:10,70.21,,United Kingdom
536795,71055,USB-C MULTIPORT ADAPTER,12,2025-03-14 22:09:10,24.14,,United Kingdom
536796,20729,BLUEBERRY SCONE,4,2025-02-09 17:31:39,2.36,,Germany
536796,20728,CAPPUCCINO CUP & SAUCER,1,2025-02-09 17:31:39,8.79,,Germany
536796,20726,PAIN AU CHOCOLAT,1,2025-02-09 17:31:39,2.39,,Germany
536796,20727,ALMOND DANISH,1,2025-02-09 17:31:39,2.67,,Germany
536796,20725,CROISSANT ALL BUTTER,1,2025-02-09 17:31:39,2.24,,Germany
536797,22423,ORGANIC WHOLE MILK,1,2025-03-01 05:16:42,3.33,,United Kingdom
536797,22427,ORGANIC EGGS DOZEN,1,2025-03-01 05:16:42,4.78,,United Kingdom
536798,71055,USB-C MULTIPORT ADAPTER,1,2025-04-09 18:15:12,24.04,15621.0,United Kingdom
536798,71057,MONITOR LIGHT BAR,6,2025-04-09 18:15:12,38.79,15621.0,United Kingdom
536798,71054,MECHANICAL KEYBOARD,2,2025-04-09 18:15:12,68.27,15621.0,United Kingdom
536799,21736,ORGANIC TOMATO BASIL SAUCE,1,2026-01-03 23:31:02,4.32,13472.0,United Kingdom
536799,21733,ITALIAN EXTRA VIRGIN OLIVE OIL,6,2026-01-03 23:31:02,12.39,13472.0,United Kingdom
536799,21734,ARTISAN PASTA PENNE,4,2026-01-03 23:31:02,3.31,13472.0,United Kingdom
536800,85123E,CERAMIC COFFEE MUG,4,2025-05-18 03:15:04,6.78,14920.0,United Kingdom
536800,85123A,COLOMBIAN ROAST COFFEE,3,2025-05-18 03:15:04,9.12,14920.0,United Kingdom
536801,85123A,COLOMBIAN ROAST COFFEE,2,2025-03-03 23:28:24,9.06,14737.0,United Kingdom
536801,85123D,FRENCH VANILLA SYRUP,1,2025-03-03 23:28:24,6.12,14737.0,United Kingdom
536801,22720,SET OF 3 CAKE TINS PANTRY,24,2025-03-03 23:28:24,5.03,14737.0,United Kingdom
536801,22423,REGENCY CAKESTAND 3 TIER,4,2025-03-03 23:28:24,12.8,14737.0,United Kingdom
536801,85099B,WHITE HANGING HEART T-LIGHT HOLDER,1,2025-03-03 23:28:24,2.59,14737.0,United Kingdom
536801,20727,ALMOND DANISH,1,2025-03-03 23:28:24,2.87,14737.0,United Kingdom
536801,20728,CAPPUCCINO CUP & SAUCER,1,2025-03-03 23:28:24,8.66,14737.0,United Kingdom
536801,20725,CROISSANT ALL BUTTER,6,2025-03-03 23:28:24,2.31,14737.0,United Kingdom
536801,20729,BLUEBERRY SCONE,12,2025-03-03 23:28:24,2.51,14737.0,United Kingdom
536802,85123A,COLOMBIAN ROAST COFFEE,3,2025-10-16 23:27:16,8.75,12918.0,France
536802,85123D,FRENCH VANILLA SYRUP,6,2025-10-16 23:27:16,6.01,12918.0,France
536803,20725,CROISSANT ALL BUTTER,1,2025-04-16 23:06:05,2.17,13813.0,United Kingdom
536803,20726,PAIN AU CHOCOLAT,2,2025-04-16 23:06:05,2.56,13813.0,United Kingdom
536804,22961,HEART OF WICKER LARGE,1,2025-07-10 20:15:07,2.89,17163.0,United Kingdom
536804,22960,HEART OF WICKER SMALL,1,2025-07-10 20:15:07,1.63,17163.0,United Kingdom
536804,21227,VINTAGE UNION JACK CUSHION,6,2025-07-10 20:15:07,15.19,17163.0,United Kingdom
536805,21736,ORGANIC TOMATO BASIL SAUCE,1,2025-11-18 22:54:34,4.71,14658.0,France
536805,21733,ITALIAN EXTRA VIRGIN OLIVE OIL,2,2025-11-18 22:54:34,13.05,14658.0,France
536805,21734,ARTISAN PASTA PENNE,4,2025-11-18 22:54:34,3.2,14658.0,France
536805,21735,AGED PARMESAN REGGIANO,3,2025-11-18 22:54:34,8.19,14658.0,France
536805,21737,GARLIC HERB BREADSTICKS,24,2025-11-18 22:54:34,3.07,14658.0,France
536805,21216,EMERGENCY FIRST AID TIN,3,2025-11-18 22:54:34,3.59,14658.0,France
536806,85099B,WHITE HANGING HEART T-LIGHT HOLDER,2,2025-12-15 05:08:40,2.62,15270.0,United Kingdom
536806,22423,REGENCY CAKESTAND 3 TIER,12,2025-12-15 05:08:40,13.07,15270.0,United Kingdom
536806,22961,HEART OF WICKER LARGE,2,2025-12-15 05:08:40,2.99,15270.0,United Kingdom
536806,85123D,FRENCH VANILLA SYRUP,4,2025-12-15 05:08:40,5.94,15270.0,United Kingdom
536806,85123A,COLOMBIAN ROAST COFFEE,6,2025-12-15 05:08:40,9.38,15270.0,United Kingdom
536806,85123B,PURE CANE SUGAR,2,2025-12-15 05:08:40,2.51,15270.0,United Kingdom
536806,21220,BICYCLE PUNCTURE REPAIR KIT,6,2025-12-15 05:08:40,2.85,15270.0,United Kingdom
536807,84883,LED GROW LIGHT BULB,6,2025-05-05 22:09:11,14.38,13196.0,United Kingdom
536807,84882,GARDENING GLOVES PAIR,3,2025-05-05 22:09:11,4.8,13196.0,United Kingdom
536807,84881,ORGANIC POTTING SOIL 10L,1,2025-05-05 22:09:11,7.12,13196.0,United Kingdom
536807,84879,CERAMIC PLANT POT WHITE,2,2025-05-05 22:09:11,10.18,13196.0,United Kingdom
536807,84880,WATERING CAN GREEN 2L,3,2025-05-05 22:09:11,11.0,13196.0,United Kingdom
536807,20729,BLUEBERRY SCONE,4,2025-05-05 22:09:11,2.33,13196.0,United Kingdom
536807,20728,CAPPUCCINO CUP & SAUCER,1,2025-05-05 22:09:11,8.51,13196.0,United Kingdom
536807,20726,PAIN AU CHOCOLAT,2,2025-05-05 22:09:11,2.39,13196.0,United Kingdom
536808,84882,GARDENING GLOVES PAIR,1,2025-02-03 21:28:24,5.19,13805.0,United Kingdom
536808,84883,LED GROW LIGHT BULB,1,2025-02-03 21:28:24,14.57,13805.0,United Kingdom
536808,84880,WATERING CAN GREEN 2L,1,2025-02-03 21:28:24,11.91,13805.0,United Kingdom
536808,21736,ORGANIC TOMATO BASIL SAUCE,4,2025-02-03 21:28:24,4.65,13805.0,United Kingdom
536808,21735,AGED PARMESAN REGGIANO,1,2025-02-03 21:28:24,7.81,13805.0,United Kingdom
536808,71055,USB-C MULTIPORT ADAPTER,1,2025-02-03 21:28:24,25.48,13805.0,United Kingdom
536808,71057,MONITOR LIGHT BAR,1,2025-02-03 21:28:24,39.17,13805.0,United Kingdom
536809,22424,WHOLE WHEAT BREAD,12,2025-03-20 04:50:39,2.99,15626.0,United Kingdom
536809,22425,SWEET CREAM BUTTER,2,2025-03-20 04:50:39,4.06,15626.0,United Kingdom
536810,85123C,DARK CHOCOLATE BAR 85%,1,2025-09-21 00:38:12,3.36,18164.0,United Kingdom
536810,85123D,FRENCH VANILLA SYRUP,3,2025-09-21 00:38:12,6.22,18164.0,United Kingdom
536810,85123A,COLOMBIAN ROAST COFFEE,3,2025-09-21 00:38:12,9.32,18164.0,United Kingdom
536810,71055,USB-C MULTIPORT ADAPTER,4,2025-09-21 00:38:12,24.16,18164.0,United Kingdom
536810,71056,LARGE DESK PAD BLACK,1,2025-09-21 00:38:12,16.26,18164.0,United Kingdom
536810,71053,WIRELESS ERGONOMIC MOUSE,1,2025-09-21 00:38:12,30.88,18164.0,United Kingdom
536810,71054,MECHANICAL KEYBOARD,6,2025-09-21 00:38:12,68.27,18164.0,United Kingdom
536810,71057,MONITOR LIGHT BAR,3,2025-09-21 00:38:12,41.47,18164.0,United Kingdom
536811,20729,BLUEBERRY SCONE,1,2025-10-13 02:18:47,2.35,14678.0,EIRE
536811,20725,CROISSANT ALL BUTTER,1,2025-10-13 02:18:47,2.33,14678.0,EIRE
536811,20726,PAIN AU CHOCOLAT,1,2025-10-13 02:18:47,2.49,14678.0,EIRE
536812,22424,WHOLE WHEAT BREAD,3,2025-01-31 20:51:45,2.91,14362.0,United Kingdom
536812,22425,SWEET CREAM BUTTER,6,2025-01-31 20:51:45,4.4,14362.0,United Kingdom
536813,85123C,DARK CHOCOLATE BAR 85%,2,2025-09-30 18:23:27,3.35,14687.0,United Kingdom
536813,85123E,CERAMIC COFFEE MUG,2,2025-09-30 18:23:27,6.19,14687.0,United Kingdom
536813,21229,HAND WARMER BIRD DESIGN,3,2025-09-30 18:23:27,1.9,14687.0,United Kingdom
536814,71057,MONITOR LIGHT BAR,2,2025-11-25 02:07:27,41.84,15502.0,United Kingdom
536814,71053,WIRELESS ERGONOMIC MOUSE,1,2025-11-25 02:07:27,30.16,15502.0,United Kingdom
536814,71054,MECHANICAL KEYBOARD,1,2025-11-25 02:07:27,72.04,15502.0,United Kingdom
536814,71055,USB-C MULTIPORT ADAPTER,2,2025-11-25 02:07:27,23.82,15502.0,United Kingdom
536814,22423,REGENCY CAKESTAND 3 TIER,1,2025-11-25 02:07:27,12.33,15502.0,United Kingdom
536814,22960,HEART OF WICKER SMALL,2,2025-11-25 02:07:27,1.6,15502.0,United Kingdom
536814,85099B,,1,2025-11-25 02:07:27,2.47,15502.0,United Kingdom
536814,85123D,FRENCH VANILLA SYRUP,2,2025-11-25 02:07:27,5.97,15502.0,United Kingdom
536814,85123B,PURE CANE SUGAR,4,2025-11-25 02:07:27,2.51,15502.0,United Kingdom
536814,21214,RECIPE BOX PANTRY DESIGN,3,2025-11-25 02:07:27,7.65,15502.0,United Kingdom
536815,85123A,COLOMBIAN ROAST COFFEE,6,2025-05-11 00:48:59,9.07,,United Kingdom
536815,85123E,CERAMIC COFFEE MUG,1,2025-05-11 00:48:59,6.68,,United Kingdom
536815,85123B,PURE CANE SUGAR,1,2025-05-11 00:48:59,2.46,,United Kingdom
536815,21229,HAND WARMER BIRD DESIGN,2,2025-05-11 00:48:59,1.94,,United Kingdom
536815,21216,EMERGENCY FIRST AID TIN,2,2025-05-11 00:48:59,3.93,,United Kingdom
C536816,85123D,FRENCH VANILLA SYRUP,-1,2025-02-24 03:35:45,5.91,14790.0,United Kingdom
C536816,85123C,DARK CHOCOLATE BAR 85%,-4,2025-02-24 03:35:45,3.43,14790.0,United Kingdom
C536816,21737,GARLIC HERB BREADSTICKS,-10,2025-02-24 03:35:45,2.96,14790.0,United Kingdom
C536816,21735,AGED PARMESAN REGGIANO,-4,2025-02-24 03:35:45,7.92,14790.0,United Kingdom
536817,21736,ORGANIC TOMATO BASIL SAUCE,1,2025-09-16 05:09:04,4.53,17589.0,United Kingdom
536817,21734,ARTISAN PASTA PENNE,6,2025-09-16 05:09:04,3.38,17589.0,United Kingdom
536817,21737,GARLIC HERB BREADSTICKS,2,2025-09-16 05:09:04,3.09,17589.0,United Kingdom
536817,21735,AGED PARMESAN REGGIANO,2,2025-09-16 05:09:04,7.5,17589.0,United Kingdom
536818,21734,ARTISAN PASTA PENNE,4,2025-09-28 21:37:29,3.31,15089.0,United Kingdom
536818,21736,ORGANIC TOMATO BASIL SAUCE,6,2025-09-28 21:37:29,4.46,15089.0,United Kingdom
536818,21737,GARLIC HERB BREADSTICKS,1,2025-09-28 21:37:29,3.02,15089.0,United Kingdom
536818,21214,RECIPE BOX PANTRY DESIGN,6,2025-09-28 21:37:29,7.76,15089.0,United Kingdom
536819,22424,WHOLE WHEAT BREAD,3,2025-02-02 21:57:49,2.86,16322.0,United Kingdom
536819,22427,ORGANIC EGGS DOZEN,2,2025-02-02 21:57:49,5.21,16322.0,United Kingdom
536819,22426,STRAWBERRY PRESERVES,4,2025-02-02 21:57:49,3.88,16322.0,United Kingdom
536819,22425,SWEET CREAM BUTTER,1,2025-02-02 21:57:49,4.34,16322.0,United Kingdom
536820,21223,SET OF 6 SPICE JARS,3,2025-04-03 03:46:45,10.2,13837.0,EIRE
C536821,84881,ORGANIC POTTING SOIL 10L,-8,2025-12-12 17:50:11,6.69,13234.0,United Kingdom
C536821,84880,WATERING CAN GREEN 2L,-8,2025-12-12 17:50:11,11.22,13234.0,United Kingdom
C536821,84882,GARDENING GLOVES PAIR,-9,2025-12-12 17:50:11,5.03,13234.0,United Kingdom
C536821,84879,CERAMIC PLANT POT WHITE,-4,2025-12-12 17:50:11,10.3,13234.0,United Kingdom
536822,20728,CAPPUCCINO CUP & SAUCER,2,2025-07-05 19:08:16,8.26,15716.0,United Kingdom
536822,20725,CROISSANT ALL BUTTER,1,2025-07-05 19:08:16,2.17,15716.0,United Kingdom
536822,20727,ALMOND DANISH,3,2025-07-05 19:08:16,2.63,15716.0,United Kingdom
536822,20729,BLUEBERRY SCONE,4,2025-07-05 19:08:16,2.37,15716.0,United Kingdom
536823,20729,BLUEBERRY SCONE,2,2025-08-05 21:04:27,2.41,12835.0,France
536823,20726,PAIN AU CHOCOLAT,6,2025-08-05 21:04:27,2.57,12835.0,France
536823,20727,ALMOND DANISH,1,2025-08-05 21:04:27,2.63,12835.0,France
536824,85123A,COLOMBIAN ROAST COFFEE,1,2025-06-30 21:35:23,8.62,17418.0,United Kingdom
536824,85123E,CERAMIC COFFEE MUG,1,2025-06-30 21:35:23,6.82,17418.0,United Kingdom
536824,22720,SET OF 3 CAKE TINS PANTRY,6,2025-06-30 21:35:23,5.04,17418.0,United Kingdom
536824,22961,HEART OF WICKER LARGE,1,2025-06-30 21:35:23,3.01,17418.0,United Kingdom
536824,85099B,WHITE HANGING HEART T-LIGHT HOLDER,6,2025-06-30 21:35:23,0.0,17418.0,United Kingdom
536824,71055,USB-C MULTIPORT ADAPTER,1,2025-06-30 21:35:23,24.08,17418.0,United Kingdom
536824,71053,WIRELESS ERGONOMIC MOUSE,2,2025-06-30 21:35:23,31.11,17418.0,United Kingdom
536825,85123C,DARK CHOCOLATE BAR 85%,1,2025-03-07 21:43:55,3.37,,France
536825,85123E,CERAMIC COFFEE MUG,3,2025-03-07 21:43:55,6.61,,France
536825,85123B,PURE CANE SUGAR,4,2025-03-07 21:43:55,2.38,,France
536825,85123D,FRENCH VANILLA SYRUP,1,2025-03-07 21:43:55,5.87,,France
536825,21227,VINTAGE UNION JACK CUSHION,1,2025-03-07 21:43:55,14.62,,France
536826,22425,SWEET CREAM BUTTER,2,2025-02-11 18:04:19,4.1,14668.0,United Kingdom
536826,22424,WHOLE WHEAT BREAD,12,2025-02-11 18:04:19,3.01,14668.0,United Kingdom
536826,22427,ORGANIC EGGS DOZEN,2,2025-02-11 18:04:19,5.2,14668.0,United Kingdom
536826,22426,STRAWBERRY PRESERVES,3,2025-02-11 18:04:19,3.88,14668.0,United Kingdom
536826,22423,ORGANIC WHOLE MILK,2,2025-02-11 18:04:19,3.41,14668.0,United Kingdom
536827,20728,CAPPUCCINO CUP & SAUCER,1,2026-01-02 22:25:14,8.4,17099.0,United Kingdom
536827,20726,PAIN AU CHOCOLAT,1,2026-01-02 22:25:14,2.51,17099.0,United Kingdom
536827,20729,BLUEBERRY SCONE,6,2026-01-02 22:25:14,2.45,17099.0,United Kingdom
536827,21223,SET OF 6 SPICE JARS,6,2026-01-02 22:25:14,9.52,17099.0,United Kingdom
536828,71053,WIRELESS ERGONOMIC MOUSE,6,2025-05-15 17:10:48,29.49,15257.0,United Kingdom
536828,71054,MECHANICAL KEYBOARD,2,2025-05-15 17:10:48,68.75,15257.0,United Kingdom
536828,20725,CROISSANT ALL BUTTER,3,2025-05-15 17:10:48,2.31,15257.0,United Kingdom
536828,20729,BLUEBERRY SCONE,4,2025-05-15 17:10:48,2.38,15257.0,United Kingdom
536828,20726,PAIN AU CHOCOLAT,3,2025-05-15 17:10:48,2.49,15257.0,United Kingdom
536828,20727,ALMOND DANISH,24,2025-05-15 17:10:48,2.86,15257.0,United Kingdom
536828,22423,REGENCY CAKESTAND 3 TIER,1,2025-05-15 17:10:48,13.13,15257.0,United Kingdom
536828,85099B,WHITE HANGING HEART T-LIGHT HOLDER,1,2025-05-15 17:10:48,2.47,15257.0,United Kingdom
536828,22961,HEART OF WICKER LARGE,3,2025-05-15 17:10:48,3.0,15257.0,United Kingdom
536829,22960,HEART OF WICKER SMALL,3,2025-12-27 22:06:06,1.71,12375.0,United Kingdom
536829,22423,REGENCY CAKESTAND 3 TIER,1,2025-12-27 22:06:06,12.99,12375.0,United Kingdom
536830,85123D,FRENCH VANILLA SYRUP,4,2025-10-11 05:21:44,5.86,16261.0,United Kingdom
536830,85123B,PURE CANE SUGAR,1,2025-10-11 05:21:44,2.49,16261.0,United Kingdom
536831,85123A,COLOMBIAN ROAST COFFEE,3,2025-03-17 03:29:53,8.72,16736.0,United Kingdom
536831,85123C,DARK CHOCOLATE BAR 85%,1,2025-03-17 03:29:53,3.34,16736.0,United Kingdom
536831,84881,ORGANIC POTTING SOIL 10L,3,2025-03-17 03:29:53,6.79,16736.0,United Kingdom
536831,84880,WATERING CAN GREEN 2L,6,2025-03-17 03:29:53,11.07,16736.0,United Kingdom
536831,22961,HEART OF WICKER LARGE,1,2025-03-17 03:29:53,3.03,16736.0,United Kingdom
536831,85099B,WHITE HANGING HEART T-LIGHT HOLDER,1,2025-03-17 03:29:53,2.49,16736.0,United Kingdom
536831,22960,HEART OF WICKER SMALL,1,2025-03-17 03:29:53,1.7,16736.0,United Kingdom
536832,22427,ORGANIC EGGS DOZEN,1,2025-10-12 19:38:49,4.89,,France
536832,22423,ORGANIC WHOLE MILK,2,2025-10-12 19:38:49,3.65,,France
536832,22424,WHOLE WHEAT BREAD,1,2025-10-12 19:38:49,3.13,,France
536833,22427,ORGANIC EGGS DOZEN,2,2025-04-23 17:56:31,5.22,,United Kingdom
536833,22425,SWEET CREAM BUTTER,2,2025-04-23 17:56:31,4.1,,United Kingdom
536834,20726,PAIN AU CHOCOLAT,1,2025-06-13 02:32:28,2.62,14426.0,United Kingdom
536834,20729,BLUEBERRY SCONE,6,2025-06-13 02:32:28,2.46,14426.0,United Kingdom
536834,20727,ALMOND DANISH,3,2025-06-13 02:32:28,2.64,14426.0,United Kingdom
536834,85123A,COLOMBIAN ROAST COFFEE,1,2025-06-13 02:32:28,9.2,14426.0,United Kingdom
536834,85123C,DARK CHOCOLATE BAR 85%,1,2025-06-13 02:32:28,3.54,14426.0,United Kingdom
536834,85123D,FRENCH VANILLA SYRUP,6,2025-06-13 02:32:28,6.12,14426.0,United Kingdom
536834,21734,ARTISAN PASTA PENNE,1,2025-06-13 02:32:28,3.31,14426.0,United Kingdom
536834,21736,ORGANIC TOMATO BASIL SAUCE,12,2025-06-13 02:32:28,4.39,14426.0,United Kingdom
536834,21733,ITALIAN EXTRA VIRGIN OLIVE OIL,3,2025-06-13 02:32:28,12.81,14426.0,United Kingdom
536834,21216,EMERGENCY FIRST AID TIN,6,2025-06-13 02:32:28,3.58,14426.0,United Kingdom
536835,22961,HEART OF WICKER LARGE,3,2025-07-21 03:47:23,3.08,12569.0,United Kingdom
536835,22720,SET OF 3 CAKE TINS PANTRY,12,2025-07-21 03:47:23,4.92,12569.0,United Kingdom
536835,84882,GARDENING GLOVES PAIR,2,2025-07-21 03:47:23,5.1,12569.0,United Kingdom
536835,84883,LED GROW LIGHT BULB,2,2025-07-21 03:47:23,15.6,12569.0,United Kingdom
536835,84881,ORGANIC POTTING SOIL 10L,1,2025-07-21 03:47:23,7.13,12569.0,United Kingdom
536836,22961,HEART OF WICKER LARGE,1,2025-04-15 04:55:38,2.91,15139.0,EIRE
536836,22960,HEART OF WICKER SMALL,2,2025-04-15 04:55:38,1.72,15139.0,EIRE
536836,22423,REGENCY CAKESTAND 3 TIER,3,2025-04-15 04:55:38,12.86,15139.0,EIRE
536836,22720,SET OF 3 CAKE TINS PANTRY,4,2025-04-15 04:55:38,4.85,15139.0,EIRE
536836,85099B,WHITE HANGING HEART T-LIGHT HOLDER,1,2025-04-15 04:55:38,2.57,15139.0,EIRE
536836,21219,TRAVEL SEWING KIT,12,2025-04-15 04:55:38,2.14,15139.0,EIRE
536836,21212,VINTAGE SNAP CARDS,1,2025-04-15 04:55:38,0.89,15139.0,EIRE
536837,21227,VINTAGE UNION JACK CUSHION,12,2025-10-22 20:50:10,15.5,13096.0,United Kingdom
536838,20727,ALMOND DANISH,1,2025-05-03 23:59:28,2.82,13549.0,United Kingdom
536838,20728,CAPPUCCINO CUP & SAUCER,6,2025-05-03 23:59:28,8.13,13549.0,United Kingdom
536838,20725,CROISSANT ALL BUTTER,3,2025-05-03 23:59:28,2.15,13549.0,United Kingdom
536838,21220,BICYCLE PUNCTURE REPAIR KIT,1,2025-05-03 23:59:28,2.89,13549.0,United Kingdom
536839,22961,HEART OF WICKER LARGE,4,2025-06-13 20:06:44,2.85,,United Kingdom
536839,85099B,WHITE HANGING HEART T-LIGHT HOLDER,3,2025-06-13 20:06:44,2.64,,United Kingdom
536839,22423,REGENCY CAKESTAND 3 TIER,12,2025-06-13 20:06:44,12.56,,United Kingdom
536839,22960,HEART OF WICKER SMALL,1,2025-06-13 20:06:44,1.6,,United Kingdom
536839,85123B,PURE CANE SUGAR,3,2025-06-13 20:06:44,2.41,,United Kingdom
536839,85123A,COLOMBIAN ROAST COFFEE,2,2025-06-13 20:06:44,8.97,,United Kingdom
536839,85123D,FRENCH VANILLA SYRUP,4,2025-06-13 20:06:44,5.83,,United Kingdom
536839,85123E,CERAMIC COFFEE MUG,12,2025-06-13 20:06:44,6.48,,United Kingdom
536840,20728,CAPPUCCINO CUP & SAUCER,1,2025-09-26 04:40:53,8.89,13329.0,United Kingdom
536840,20725,CROISSANT ALL BUTTER,1,2025-09-26 04:40:53,2.33,13329.0,United Kingdom
536840,22423,ORGANIC WHOLE MILK,3,2025-09-26 04:40:53,3.41,13329.0,United Kingdom
536840,22425,SWEET CREAM BUTTER,1,2025-09-26 04:40:53,4.36,13329.0,United Kingdom
536841,22720,SET OF 3 CAKE TINS PANTRY,1,2025-04-03 04:02:01,5.11,,United Kingdom
536841,22423,REGENCY CAKESTAND 3 TIER,3,2025-04-03 04:02:01,12.56,,United Kingdom
536841,22960,HEART OF WICKER SMALL,24,2025-04-03 04:02:01,1.62,,United Kingdom
536842,21222,RETRO SPOT APRON,2,2025-02-14 02:37:34,6.81,14344.0,United Kingdom
536843,21222,RETRO SPOT APRON,1,2025-08-04 02:33:32,6.72,13769.0,United Kingdom
536844,71053,WIRELESS ERGONOMIC MOUSE,1,2025-12-20 21:51:27,30.9,,United Kingdom
536844,71056,LARGE DESK PAD BLACK,12,2025-12-20 21:51:27,16.26,,United Kingdom
536844,71055,USB-C MULTIPORT ADAPTER,1,2025-12-20 21:51:27,25.39,,United Kingdom
536844,71057,MONITOR LIGHT BAR,1,2025-12-20 21:51:27,40.86,,United Kingdom
536844,71054,MECHANICAL KEYBOARD,2,2025-12-20 21:51:27,69.67,,United Kingdom
536845,20725,CROISSANT ALL BUTTER,2,2025-02-20 05:08:49,2.26,14235.0,United Kingdom
536845,20728,CAPPUCCINO CUP & SAUCER,6,2025-02-20 05:08:49,8.66,14235.0,United Kingdom
536845,20726,PAIN AU CHOCOLAT,1,2025-02-20 05:08:49,2.4,14235.0,United Kingdom
536846,85123A,COLOMBIAN ROAST COFFEE,2,2025-06-30 18:44:07,9.43,17557.0,United Kingdom
536846,85123C,,2,2025-06-30 18:44:07,3.57,17557.0,United Kingdom
536847,71055,USB-C MULTIPORT ADAPTER,3,2025-08-20 23:55:19,23.82,17790.0,United Kingdom
536847,71053,WIRELESS ERGONOMIC MOUSE,2,2025-08-20 23:55:19,30.59,17790.0,United Kingdom
536847,71054,MECHANICAL KEYBOARD,12,2025-08-20 23:55:19,70.45,17790.0,United Kingdom
536848,22427,ORGANIC EGGS DOZEN,2,2025-10-29 03:54:14,4.84,13465.0,United Kingdom
536848,22426,STRAWBERRY PRESERVES,3,2025-10-29 03:54:14,4.05,13465.0,United Kingdom
536848,22425,SWEET CREAM BUTTER,1,2025-10-29 03:54:14,4.2,13465.0,United Kingdom
536848,21215,WOODEN PICTURE FRAME,1,2025-10-29 03:54:14,5.41,13465.0,United Kingdom
536849,71057,MONITOR LIGHT BAR,1,2025-06-16 01:37:25,40.29,12937.0,United Kingdom
536849,71054,MECHANICAL KEYBOARD,4,2025-06-16 01:37:25,72.35,12937.0,United Kingdom
536849,71055,USB-C MULTIPORT ADAPTER,2,2025-06-16 01:37:25,24.99,12937.0,United Kingdom
536850,85123A,COLOMBIAN ROAST COFFEE,2,2025-10-05 02:24:59,8.81,17603.0,United Kingdom
536850,85123D,FRENCH VANILLA SYRUP,3,2025-10-05 02:24:59,5.94,17603.0,United Kingdom
536850,21215,WOODEN PICTURE FRAME,4,2025-10-05 02:24:59,5.25,17603.0,United Kingdom
536851,85123A,COLOMBIAN ROAST COFFEE,1,2025-11-18 20:06:03,9.06,,United Kingdom
536851,85123B,PURE CANE SUGAR,2,2025-11-18 20:06:03,2.47,,United Kingdom
536851,85123E,CERAMIC COFFEE MUG,6,2025-11-18 20:06:03,6.34,,United Kingdom
536851,85123C,DARK CHOCOLATE BAR 85%,1,2025-11-18 20:06:03,3.46,,United Kingdom
536851,84882,GARDENING GLOVES PAIR,2,2025-11-18 20:06:03,5.18,,United Kingdom
536851,84881,ORGANIC POTTING SOIL 10L,1,2025-11-18 20:06:03,7.11,,United Kingdom
536851,84880,WATERING CAN GREEN 2L,2,2025-11-18 20:06:03,11.14,,United Kingdom
536852,85099B,WHITE HANGING HEART T-LIGHT HOLDER,3,2025-12-31 03:21:42,2.65,16472.0,United Kingdom
536852,22961,HEART OF WICKER LARGE,12,2025-12-31 03:21:42,2.85,16472.0,United Kingdom
536852,22720,SET OF 3 CAKE TINS PANTRY,2,2025-12-31 03:21:42,5.14,16472.0,United Kingdom
536853,22427,ORGANIC EGGS DOZEN,4,2025-05-07 01:20:50,4.84,,United Kingdom
536853,22425,SWEET CREAM BUTTER,1,2025-05-07 01:20:50,4.1,,United Kingdom
536853,85123C,DARK CHOCOLATE BAR 85%,1,2025-05-07 01:20:50,3.63,,United Kingdom
536853,85123B,PURE CANE SUGAR,2,2025-05-07 01:20:50,2.38,,United Kingdom
536853,85123D,FRENCH VANILLA SYRUP,2,2025-05-07 01:20:50,6.25,,United Kingdom
536854,21733,ITALIAN EXTRA VIRGIN OLIVE OIL,1,2025-05-18 03:33:11,12.97,14922.0,United Kingdom
536854,21734,ARTISAN PASTA PENNE,12,2025-05-18 03:33:11,3.17,14922.0,United Kingdom
536855,84881,ORGANIC POTTING SOIL 10L,6,2025-02-26 00:15:10,6.77,12474.0,United Kingdom
536855,84879,CERAMIC PLANT POT WHITE,1,2025-02-26 00:15:10,10.36,12474.0,United Kingdom
536855,85123D,FRENCH VANILLA SYRUP,1,2025-02-26 00:15:10,5.99,12474.0,United Kingdom
536855,85123C,DARK CHOCOLATE BAR 85%,1,2025-02-26 00:15:10,3.66,12474.0,United Kingdom
536855,85123E,CERAMIC COFFEE MUG,2,2025-02-26 00:15:10,6.64,12474.0,United Kingdom
536855,21736,ORGANIC TOMATO BASIL SAUCE,1,2025-02-26 00:15:10,4.38,12474.0,United Kingdom
536855,21733,ITALIAN EXTRA VIRGIN OLIVE OIL,4,2025-02-26 00:15:10,12.47,12474.0,United Kingdom
536855,21734,ARTISAN PASTA PENNE,2,2025-02-26 00:15:10,3.29,12474.0,United Kingdom
536855,21735,AGED PARMESAN REGGIANO,2,2025-02-26 00:15:10,8.22,12474.0,United Kingdom
536855,21215,WOODEN PICTURE FRAME,6,2025-02-26 00:15:10,5.47,12474.0,United Kingdom
536856,84883,LED GROW LIGHT BULB,1,2025-07-09 18:07:39,14.5,13577.0,United Kingdom
536856,84881,ORGANIC POTTING SOIL 10L,1,2025-07-09 18:07:39,7.03,13577.0,United Kingdom
536857,21229,HAND WARMER BIRD DESIGN,1,2025-12-23 22:13:51,1.91,,United Kingdom
536858,22720,SET OF 3 CAKE TINS PANTRY,4,2025-11-03 21:30:17,4.86,17248.0,United Kingdom
536858,22960,HEART OF WICKER SMALL,3,2025-11-03 21:30:17,1.6,17248.0,United Kingdom
536859,22720,SET OF 3 CAKE TINS PANTRY,4,2025-04-15 00:28:31,4.77,14535.0,United Kingdom
536859,22423,REGENCY CAKESTAND 3 TIER,1,2025-04-15 00:28:31,12.48,14535.0,United Kingdom
536859,21224,GLASS STORAGE JAR SMALL,4,2025-04-15 00:28:31,2.19,14535.0,United Kingdom
536860,85123C,DARK CHOCOLATE BAR 85%,3,2025-12-19 04:21:09,3.44,16135.0,United Kingdom
536860,85123B,PURE CANE SUGAR,2,2025-12-19 04:21:09,2.58,16135.0,United Kingdom
536860,85123A,COLOMBIAN ROAST COFFEE,1,2025-12-19 04:21:09,9.31,16135.0,United Kingdom
536860,85123D,FRENCH VANILLA SYRUP,1,2025-12-19 04:21:09,6.26,16135.0,United Kingdom
536860,21220,BICYCLE PUNCTURE REPAIR KIT,2,2025-12-19 04:21:09,3.12,16135.0,United Kingdom
536861,71057,MONITOR LIGHT BAR,6,2025-06-11 16:36:48,41.65,15628.0,United Kingdom
536861,71053,WIRELESS ERGONOMIC MOUSE,4,2025-06-11 16:36:48,30.05,15628.0,United Kingdom
536861,21216,EMERGENCY FIRST AID TIN,1,2025-06-11 16:36:48,3.89,15628.0,United Kingdom
536861,21212,VINTAGE SNAP CARDS,2,2025-06-11 16:36:48,0.82,15628.0,United Kingdom
536861,21213,MINI PAINT SET 9 COLOURS,3,2025-06-11 16:36:48,1.24,15628.0,United Kingdom
536862,21737,GARLIC HERB BREADSTICKS,1,2025-05-20 00:43:50,2.97,17351.0,United Kingdom
536862,21733,ITALIAN EXTRA VIRGIN OLIVE OIL,3,2025-05-20 00:43:50,12.42,17351.0,United Kingdom
536862,21736,ORGANIC TOMATO BASIL SAUCE,1,2025-05-20 00:43:50,4.51,17351.0,United Kingdom
536862,21734,ARTISAN PASTA PENNE,1,2025-05-20 00:43:50,3.39,17351.0,United Kingdom
536862,21735,AGED PARMESAN REGGIANO,2,2025-05-20 00:43:50,7.5,17351.0,United Kingdom
536862,84882,GARDENING GLOVES PAIR,4,2025-05-20 00:43:50,5.05,17351.0,United Kingdom
536862,84881,ORGANIC POTTING SOIL 10L,1,2025-05-20 00:43:50,6.92,17351.0,United Kingdom
536862,20729,BLUEBERRY SCONE,2,2025-05-20 00:43:50,2.34,17351.0,United Kingdom
536862,20725,CROISSANT ALL BUTTER,1,2025-05-20 00:43:50,2.33,17351.0,United Kingdom
536862,20727,ALMOND DANISH,12,2025-05-20 00:43:50,2.67,17351.0,United Kingdom
536862,21215,WOODEN PICTURE FRAME,1,2025-05-20 00:43:50,5.29,17351.0,United Kingdom
536863,22427,ORGANIC EGGS DOZEN,2,2025-05-16 23:05:19,5.09,13198.0,United Kingdom
536863,22424,WHOLE WHEAT BREAD,12,2025-05-16 23:05:19,2.98,13198.0,United Kingdom
536863,22423,REGENCY CAKESTAND 3 TIER,3,2025-05-16 23:05:19,12.58,13198.0,United Kingdom
536863,22961,HEART OF WICKER LARGE,2,2025-05-16 23:05:19,2.83,13198.0,United Kingdom
536863,84883,LED GROW LIGHT BULB,3,2025-05-16 23:05:19,14.94,13198.0,United Kingdom
536863,84880,WATERING CAN GREEN 2L,2,2025-05-16 23:05:19,11.05,13198.0,United Kingdom
536863,21231,FELTCRAFT DOLL ROSIE,3,2025-05-16 23:05:19,2.96,13198.0,United Kingdom
536864,22960,HEART OF WICKER SMALL,1,2026-01-04 22:54:23,1.64,13574.0,Belgium
536864,22423,REGENCY CAKESTAND 3 TIER,12,2026-01-04 22:54:23,12.55,13574.0,Belgium
536865,20729,BLUEBERRY SCONE,4,2025-11-03 01:31:28,2.42,13458.0,United Kingdom
536865,20728,CAPPUCCINO CUP & SAUCER,4,2025-11-03 01:31:28,8.46,13458.0,United Kingdom
536866,71053,WIRELESS ERGONOMIC MOUSE,2,2025-02-18 00:42:51,30.09,14599.0,Germany
536866,71056,LARGE DESK PAD BLACK,1,2025-02-18 00:42:51,15.65,14599.0,Germany
536866,71054,MECHANICAL KEYBOARD,2,2025-02-18 00:42:51,69.25,14599.0,Germany
536866,71057,MONITOR LIGHT BAR,6,2025-02-18 00:42:51,38.12,14599.0,Germany
536866,21222,RETRO SPOT APRON,2,2025-02-18 00:42:51,6.99,14599.0,Germany
536867,71053,WIRELESS ERGONOMIC MOUSE,1,2025-05-03 17:05:56,30.27,13195.0,United Kingdom
536867,71055,USB-C MULTIPORT ADAPTER,1,2025-05-03 17:05:56,24.61,13195.0,United Kingdom
536868,21223,SET OF 6 SPICE JARS,1,2025-01-10 19:32:43,9.71,12727.0,United Kingdom
536869,84879,CERAMIC PLANT POT WHITE,3,2025-10-28 17:02:48,9.69,16016.0,France
536869,84882,GARDENING GLOVES PAIR,1,2025-10-28 17:02:48,4.89,16016.0,France
536869,84883,LED GROW LIGHT BULB,6,2025-10-28 17:02:48,14.83,16016.0,France
536869,84880,WATERING CAN GREEN 2L,6,2025-10-28 17:02:48,11.39,16016.0,France
536870,20728,CAPPUCCINO CUP & SAUCER,3,2025-06-24 22:09:38,8.64,,United Kingdom
536870,20726,PAIN AU CHOCOLAT,2,2025-06-24 22:09:38,2.47,,United Kingdom
536870,21215,WOODEN PICTURE FRAME,2,2025-06-24 22:09:38,5.56,,United Kingdom
536870,21212,VINTAGE SNAP CARDS,1,2025-06-24 22:09:38,0.83,,United Kingdom
536871,21227,VINTAGE UNION JACK CUSHION,4,2026-01-05 01:33:00,14.42,13701.0,United Kingdom
536872,71054,MECHANICAL KEYBOARD,2,2025-07-07 00:50:45,69.91,17398.0,United Kingdom
536872,71055,USB-C MULTIPORT ADAPTER,6,2025-07-07 00:50:45,25.06,17398.0,United Kingdom
536872,21216,EMERGENCY FIRST AID TIN,1,2025-07-07 00:50:45,3.73,17398.0,United Kingdom
536872,21222,RETRO SPOT APRON,1,2025-07-07 00:50:45,7.14,17398.0,United Kingdom
536873,71055,USB-C MULTIPORT ADAPTER,1,2025-03-11 22:07:19,25.06,16118.0,United Kingdom
536873,71057,MONITOR LIGHT BAR,1,2025-03-11 22:07:19,41.29,16118.0,United Kingdom
536873,71056,LARGE DESK PAD BLACK,6,2025-03-11 22:07:19,16.01,16118.0,United Kingdom
536873,21227,VINTAGE UNION JACK CUSHION,2,2025-03-11 22:07:19,14.73,16118.0,United Kingdom
536874,84881,ORGANIC POTTING SOIL 10L,4,2025-12-26 17:50:11,7.0,,United Kingdom
536874,84880,WATERING CAN GREEN 2L,2,2025-12-26 17:50:11,11.48,,United Kingdom
536875,21736,ORGANIC TOMATO BASIL SAUCE,1,2025-11-10 04:55:37,4.54,13671.0,United Kingdom
536875,21734,ARTISAN PASTA PENNE,1,2025-11-10 04:55:37,3.3,13671.0,United Kingdom
536875,85123E,CERAMIC COFFEE MUG,2,2025-11-10 04:55:37,6.33,13671.0,United Kingdom
536875,85123C,DARK CHOCOLATE BAR 85%,3,2025-11-10 04:55:37,3.51,13671.0,United Kingdom
536875,85123B,PURE CANE SUGAR,1,2025-11-10 04:55:37,2.44,13671.0,United Kingdom
536876,85123C,DARK CHOCOLATE BAR 85%,1,2025-11-21 03:59:37,3.51,17828.0,United Kingdom
536876,85123D,FRENCH VANILLA SYRUP,1,2025-11-21 03:59:37,6.14,17828.0,United Kingdom
536876,85123B,PURE CANE SUGAR,3,2025-11-21 03:59:37,2.52,17828.0,United Kingdom
536877,71055,USB-C MULTIPORT ADAPTER,1,2025-09-03 17:29:21,25.56,13011.0,United Kingdom
536877,71057,MONITOR LIGHT BAR,4,2025-09-03 17:29:21,41.39,13011.0,United Kingdom
536877,71053,WIRELESS ERGONOMIC MOUSE,24,2025-09-03 17:29:21,29.97,13011.0,United Kingdom
536877,71054,MECHANICAL KEYBOARD,2,2025-09-03 17:29:21,72.7,13011.0,United Kingdom
536877,21734,ARTISAN PASTA PENNE,6,2025-09-03 17:29:21,3.4,13011.0,United Kingdom
536877,21736,ORGANIC TOMATO BASIL SAUCE,2,2025-09-03 17:29:21,4.52,13011.0,United Kingdom
536877,21737,GARLIC HERB BREADSTICKS,6,2025-09-03 17:29:21,3.02,13011.0,United Kingdom
536877,21733,ITALIAN EXTRA VIRGIN OLIVE OIL,4,2025-09-03 17:29:21,12.75,13011.0,United Kingdom
536878,84879,CERAMIC PLANT POT WHITE,2,2025-06-22 19:38:43,9.62,17819.0,United Kingdom
536878,84880,WATERING CAN GREEN 2L,2,2025-06-22 19:38:43,11.59,17819.0,United Kingdom
536878,84881,ORGANIC POTTING SOIL 10L,1,2025-06-22 19:38:43,6.99,17819.0,United Kingdom
536878,21229,HAND WARMER BIRD DESIGN,1,2025-06-22 19:38:43,1.89,17819.0,United Kingdom
536879,21212,VINTAGE SNAP CARDS,2,2025-07-24 04:55:08,0.89,14024.0,United Kingdom
536880,20728,CAPPUCCINO CUP & SAUCER,12,2025-02-24 02:51:55,8.6,14357.0,Spain
536880,20726,PAIN AU CHOCOLAT,2,2025-02-24 02:51:55,2.42,14357.0,Spain
536880,21215,WOODEN PICTURE FRAME,24,2025-02-24 02:51:55,5.58,14357.0,Spain
536880,21231,FELTCRAFT DOLL ROSIE,1,2025-02-24 02:51:55,2.83,14357.0,Spain
536881,21735,AGED PARMESAN REGGIANO,2,2026-01-01 23:50:40,7.66,17447.0,United Kingdom
536881,21736,ORGANIC TOMATO BASIL SAUCE,1,2026-01-01 23:50:40,4.38,17447.0,United Kingdom
536881,21734,ARTISAN PASTA PENNE,1,2026-01-01 23:50:40,3.23,17447.0,United Kingdom
536881,21733,ITALIAN EXTRA VIRGIN OLIVE OIL,4,2026-01-01 23:50:40,12.88,17447.0,United Kingdom
536881,71053,WIRELESS ERGONOMIC MOUSE,3,2026-01-01 23:50:40,30.31,17447.0,United Kingdom
536881,71057,MONITOR LIGHT BAR,1,2026-01-01 23:50:40,40.14,17447.0,United Kingdom
536881,71056,LARGE DESK PAD BLACK,4,2026-01-01 23:50:40,16.58,17447.0,United Kingdom
536881,71055,USB-C MULTIPORT ADAPTER,1,2026-01-01 23:50:40,25.82,17447.0,United Kingdom
536881,71054,MECHANICAL KEYBOARD,4,2026-01-01 23:50:40,67.35,17447.0,United Kingdom
536882,21733,ITALIAN EXTRA VIRGIN OLIVE OIL,3,2025-03-06 04:54:53,13.59,13321.0,United Kingdom
536882,21734,ARTISAN PASTA PENNE,4,2025-03-06 04:54:53,3.27,13321.0,United Kingdom
536882,21736,ORGANIC TOMATO BASIL SAUCE,3,2025-03-06 04:54:53,4.55,13321.0,United Kingdom
536882,21737,GARLIC HERB BREADSTICKS,4,2025-03-06 04:54:53,3.1,13321.0,United Kingdom
536882,84883,LED GROW LIGHT BULB,1,2025-03-06 04:54:53,14.64,13321.0,United Kingdom
536882,84879,CERAMIC PLANT POT WHITE,3,2025-03-06 04:54:53,9.66,13321.0,United Kingdom
536882,84881,ORGANIC POTTING SOIL 10L,3,2025-03-06 04:54:53,6.89,13321.0,United Kingdom
536883,85123B,PURE CANE SUGAR,6,2025-11-09 03:47:06,2.4,17988.0,United Kingdom
536883,85123A,COLOMBIAN ROAST COFFEE,3,2025-11-09 03:47:06,9.04,17988.0,United Kingdom
536883,21231,FELTCRAFT DOLL ROSIE,6,2025-11-09 03:47:06,2.92,17988.0,United Kingdom
536884,84882,GARDENING GLOVES PAIR,2,2025-01-17 21:23:56,5.08,,United Kingdom
536884,84879,CERAMIC PLANT POT WHITE,2,2025-01-17 21:23:56,10.18,,United Kingdom
536884,21213,MINI PAINT SET 9 COLOURS,1,2025-01-17 21:23:56,1.26,,United Kingdom
536884,21231,FELTCRAFT DOLL ROSIE,2,2025-01-17 21:23:56,2.84,,United Kingdom
536885,85123E,CERAMIC COFFEE MUG,4,2025-06-19 16:33:06,6.6,17295.0,United Kingdom
536885,85123A,COLOMBIAN ROAST COFFEE,4,2025-06-19 16:33:06,9.05,17295.0,United Kingdom
536885,21231,FELTCRAFT DOLL ROSIE,2,2025-06-19 16:33:06,2.84,17295.0,United Kingdom
536886,85099B,WHITE HANGING HEART T-LIGHT HOLDER,1,2025-03-08 23:37:36,2.62,15678.0,United Kingdom
536886,22960,HEART OF WICKER SMALL,3,2025-03-08 23:37:36,1.57,15678.0,United Kingdom
536886,22961,HEART OF WICKER LARGE,4,2025-03-08 23:37:36,2.84,15678.0,United Kingdom
536886,22423,REGENCY CAKESTAND 3 TIER,2,2025-03-08 23:37:36,12.5,15678.0,United Kingdom
536886,22720,SET OF 3 CAKE TINS PANTRY,1,2025-03-08 23:37:36,5.01,15678.0,United Kingdom
536886,21216,EMERGENCY FIRST AID TIN,2,2025-03-08 23:37:36,3.6,15678.0,United Kingdom
536887,21733,ITALIAN EXTRA VIRGIN OLIVE OIL,2,2025-12-22 18:47:22,13.32,12537.0,United Kingdom
536887,21736,ORGANIC TOMATO BASIL SAUCE,2,2025-12-22 18:47:22,4.48,12537.0,United Kingdom
536887,21737,GARLIC HERB BREADSTICKS,3,2025-12-22 18:47:22,2.88,12537.0,United Kingdom
536887,71053,WIRELESS ERGONOMIC MOUSE,2,2025-12-22 18:47:22,29.3,12537.0,United Kingdom
536887,71057,MONITOR LIGHT BAR,2,2025-12-22 18:47:22,40.62,12537.0,United Kingdom
536887,21230,BATHROOM SCALE VINTAGE,1,2025-12-22 18:47:22,21.54,12537.0,United Kingdom
536887,21214,RECIPE BOX PANTRY DESIGN,1,2025-12-22 18:47:22,7.87,12537.0,United Kingdom
536887,21217,PACK OF 20 NAPKINS,4,2025-12-22 18:47:22,1.51,12537.0,United Kingdom
536888,20725,CROISSANT ALL BUTTER,24,2025-06-02 00:47:32,2.18,14227.0,United Kingdom
536888,20726,PAIN AU CHOCOLAT,6,2025-06-02 00:47:32,2.46,14227.0,United Kingdom
536888,20729,BLUEBERRY SCONE,1,2025-06-02 00:47:32,2.28,14227.0,United Kingdom
536888,20727,ALMOND DANISH,3,2025-06-02 00:47:32,2.89,14227.0,United Kingdom
536888,20728,CAPPUCCINO CUP & SAUCER,1,2025-06-02 00:47:32,8.52,14227.0,United Kingdom
536888,21216,,1,2025-06-02 00:47:32,3.71,14227.0,United Kingdom
536888,POST,POSTAGE,6,2025-06-02 00:47:32,17.27,14227.0,United Kingdom
536889,20729,BLUEBERRY SCONE,1,2025-11-04 03:04:49,2.49,16081.0,United Kingdom
536889,20725,CROISSANT ALL BUTTER,2,2025-11-04 03:04:49,2.15,16081.0,United Kingdom
536889,20726,PAIN AU CHOCOLAT,2,2025-11-04 03:04:49,2.44,16081.0,United Kingdom
536889,21222,RETRO SPOT APRON,3,2025-11-04 03:04:49,6.77,16081.0,United Kingdom
536889,21221,RETRO SPOT TEA TOWEL,1,2025-11-04 03:04:49,2.4,16081.0,United Kingdom
536890,85099B,WHITE HANGING HEART T-LIGHT HOLDER,2,2025-03-27 16:42:40,2.57,14871.0,United Kingdom
536890,22720,SET OF 3 CAKE TINS PANTRY,1,2025-03-27 16:42:40,4.9,14871.0,United Kingdom
536890,22961,HEART OF WICKER LARGE,2,2025-03-27 16:42:40,2.88,14871.0,United Kingdom
536890,21225,GLASS STORAGE JAR LARGE,4,2025-03-27 16:42:40,4.11,14871.0,United Kingdom
536891,71053,WIRELESS ERGONOMIC MOUSE,2,2025-01-10 19:27:25,31.4,14707.0,United Kingdom
536891,71056,LARGE DESK PAD BLACK,1,2025-01-10 19:27:25,15.92,14707.0,United Kingdom
536891,21216,EMERGENCY FIRST AID TIN,24,2025-01-10 19:27:25,3.77,14707.0,United Kingdom
536892,21231,FELTCRAFT DOLL ROSIE,1,2025-04-11 05:10:20,2.93,,United Kingdom
536893,84881,ORGANIC POTTING SOIL 10L,4,2025-04-09 20:27:08,6.8,,United Kingdom
536893,84879,CERAMIC PLANT POT WHITE,4,2025-04-09 20:27:08,9.8,,United Kingdom
536893,84882,GARDENING GLOVES PAIR,1,2025-04-09 20:27:08,4.81,,United Kingdom
536893,21229,HAND WARMER BIRD DESIGN,1,2025-04-09 20:27:08,2.01,,United Kingdom
536893,21223,SET OF 6 SPICE JARS,1,2025-04-09 20:27:08,9.95,,United Kingdom
536893,21212,VINTAGE SNAP CARDS,3,2025-04-09 20:27:08,0.85,,United Kingdom
536894,85123B,PURE CANE SUGAR,2,2025-04-03 22:18:06,2.45,13725.0,United Kingdom
536894,85123D,FRENCH VANILLA SYRUP,1,2025-04-03 22:18:06,6.28,13725.0,United Kingdom
536894,85123E,CERAMIC COFFEE MUG,24,2025-04-03 22:18:06,6.73,13725.0,United Kingdom
536894,85123A,COLOMBIAN ROAST COFFEE,3,2025-04-03 22:18:06,8.97,13725.0,United Kingdom
536895,20726,PAIN AU CHOCOLAT,2,2025-03-07 05:02:19,2.56,,United Kingdom
536895,20729,BLUEBERRY SCONE,1,2025-03-07 05:02:19,2.47,,United Kingdom
536895,20725,CROISSANT ALL BUTTER,2,2025-03-07 05:02:19,2.22,,United Kingdom
536895,20728,CAPPUCCINO CUP & SAUCER,3,2025-03-07 05:02:19,8.31,,United Kingdom
536895,20727,ALMOND DANISH,1,2025-03-07 05:02:19,2.81,,United Kingdom
536896,84881,ORGANIC POTTING SOIL 10L,24,2025-12-18 22:44:19,6.92,,United Kingdom
536896,84880,WATERING CAN GREEN 2L,4,2025-12-18 22:44:19,12.07,,United Kingdom
536896,84883,LED GROW LIGHT BULB,1,2025-12-18 22:44:19,15.22,,United Kingdom
536896,21230,BATHROOM SCALE VINTAGE,6,2025-12-18 22:44:19,21.16,,United Kingdom
536897,71053,WIRELESS ERGONOMIC MOUSE,3,2025-03-23 18:15:46,31.36,16408.0,United Kingdom
536897,71054,MECHANICAL KEYBOARD,1,2025-03-23 18:15:46,68.57,16408.0,United Kingdom
536897,21218,SCENTED CANDLE LAVENDER,4,2025-03-23 18:15:46,4.2,16408.0,United Kingdom
536897,21215,WOODEN PICTURE FRAME,2,2025-03-23 18:15:46,5.25,16408.0,United Kingdom
536897,21226,CHILLI LIGHTS STRING,6,2025-03-23 18:15:46,8.21,16408.0,United Kingdom
536898,21217,PACK OF 20 NAPKINS,3,2025-03-02 02:11:18,1.5,14456.0,Belgium
536899,84883,LED GROW LIGHT BULB,24,2025-03-08 22:36:27,14.62,16173.0,United Kingdom
536899,84882,GARDENING GLOVES PAIR,1,2025-03-08 22:36:27,4.85,16173.0,United Kingdom
536899,84879,CERAMIC PLANT POT WHITE,6,2025-03-08 22:36:27,9.5,16173.0,United Kingdom
536899,21231,FELTCRAFT DOLL ROSIE,3,2025-03-08 22:36:27,2.91,16173.0,United Kingdom
C536900,20726,PAIN AU CHOCOLAT,-8,2025-04-20 05:19:08,2.44,14741.0,United Kingdom
C536900,20725,CROISSANT ALL BUTTER,-11,2025-04-20 05:19:08,2.29,14741.0,United Kingdom
C536900,20729,BLUEBERRY SCONE,-10,2025-04-20 05:19:08,2.48,14741.0,United Kingdom
C536900,20728,CAPPUCCINO CUP & SAUCER,-3,2025-04-20 05:19:08,8.15,14741.0,United Kingdom
C536900,20727,ALMOND DANISH,-5,2025-04-20 05:19:08,2.84,14741.0,United Kingdom
536901,21733,ITALIAN EXTRA VIRGIN OLIVE OIL,3,2025-10-05 04:46:57,13.12,17654.0,United Kingdom
536901,21734,ARTISAN PASTA PENNE,1,2025-10-05 04:46:57,3.17,17654.0,United Kingdom
536901,21735,AGED PARMESAN REGGIANO,2,2025-10-05 04:46:57,8.13,17654.0,United Kingdom
536901,85123E,CERAMIC COFFEE MUG,3,2025-10-05 04:46:57,6.33,17654.0,United Kingdom
536901,85123C,DARK CHOCOLATE BAR 85%,1,2025-10-05 04:46:57,3.52,17654.0,United Kingdom
536901,POST,POSTAGE,6,2025-10-05 04:46:57,17.6,17654.0,United Kingdom
536902,21733,ITALIAN EXTRA VIRGIN OLIVE OIL,1,2025-03-13 22:00:15,12.47,15817.0,United Kingdom
536902,21734,ARTISAN PASTA PENNE,2,2025-03-13 22:00:15,3.24,15817.0,United Kingdom
536902,21735,AGED PARMESAN REGGIANO,1,2025-03-13 22:00:15,8.03,15817.0,United Kingdom
C536903,22426,STRAWBERRY PRESERVES,-5,2025-06-02 23:19:29,3.99,15369.0,United Kingdom
C536903,22423,ORGANIC WHOLE MILK,-8,2025-06-02 23:19:29,3.55,15369.0,United Kingdom
C536903,21228,WALL CLOCK RETRO RED,-4,2025-06-02 23:19:29,18.56,15369.0,United Kingdom
536904,71055,USB-C MULTIPORT ADAPTER,2,2025-09-03 02:41:24,25.13,18120.0,United Kingdom
536904,71056,LARGE DESK PAD BLACK,2,2025-09-03 02:41:24,15.41,18120.0,United Kingdom
536905,20726,PAIN AU CHOCOLAT,2,2025-04-25 21:43:46,2.54,18126.0,EIRE
536905,20727,ALMOND DANISH,2,2025-04-25 21:43:46,2.72,18126.0,EIRE
536905,20728,CAPPUCCINO CUP & SAUCER,4,2025-04-25 21:43:46,8.74,18126.0,EIRE
536905,21225,GLASS STORAGE JAR LARGE,2,2025-04-25 21:43:46,4.08,18126.0,EIRE
536905,21228,WALL CLOCK RETRO RED,3,2025-04-25 21:43:46,19.35,18126.0,EIRE
536906,84883,LED GROW LIGHT BULB,6,2025-12-12 03:50:26,15.12,,United Kingdom
536906,84882,GARDENING GLOVES PAIR,1,2025-12-12 03:50:26,5.16,,United Kingdom
536906,84880,WATERING CAN GREEN 2L,1,2025-12-12 03:50:26,11.76,,United Kingdom
536907,21221,RETRO SPOT TEA TOWEL,6,2025-02-18 00:23:23,2.47,,United Kingdom
536908,22423,REGENCY CAKESTAND 3 TIER,1,2025-03-04 23:07:00,13.38,,United Kingdom
536908,85099B,WHITE HANGING HEART T-LIGHT HOLDER,2,2025-03-04 23:07:00,2.44,,United Kingdom
536908,22960,HEART OF WICKER SMALL,2,2025-03-04 23:07:00,1.71,,United Kingdom
536908,22961,HEART OF WICKER LARGE,2,2025-03-04 23:07:00,2.86,,United Kingdom
C536909,21734,ARTISAN PASTA PENNE,-8,2025-04-14 23:23:29,3.27,14049.0,United Kingdom
C536909,21733,ITALIAN EXTRA VIRGIN OLIVE OIL,-10,2025-04-14 23:23:29,12.38,14049.0,United Kingdom
536910,71056,LARGE DESK PAD BLACK,1,2025-06-25 18:14:38,16.62,16845.0,United Kingdom
536910,71054,MECHANICAL KEYBOARD,1,2025-06-25 18:14:38,73.31,16845.0,United Kingdom
536911,21212,,2,2025-04-08 00:25:10,0.83,15052.0,United Kingdom
536912,22424,WHOLE WHEAT BREAD,6,2025-04-06 17:04:00,2.91,12517.0,United Kingdom
536912,22423,ORGANIC WHOLE MILK,1,2025-04-06 17:04:00,3.39,12517.0,United Kingdom
536912,22426,STRAWBERRY PRESERVES,1,2025-04-06 17:04:00,3.7,12517.0,United Kingdom
536912,21223,SET OF 6 SPICE JARS,4,2025-04-06 17:04:00,10.35,12517.0,United Kingdom
536913,22426,STRAWBERRY PRESERVES,4,2025-06-04 22:20:45,3.77,15105.0,Germany
536913,22425,SWEET CREAM BUTTER,1,2025-06-04 22:20:45,4.22,15105.0,Germany
536914,85123A,COLOMBIAN ROAST COFFEE,1,2025-03-16 04:47:48,8.99,13343.0,United Kingdom
536914,85123D,FRENCH VANILLA SYRUP,2,2025-03-16 04:47:48,5.79,13343.0,United Kingdom
536914,85123B,PURE CANE SUGAR,6,2025-03-16 04:47:48,2.53,13343.0,United Kingdom
536914,85123C,DARK CHOCOLATE BAR 85%,24,2025-03-16 04:47:48,3.36,13343.0,United Kingdom
536914,21231,FELTCRAFT DOLL ROSIE,1,2025-03-16 04:47:48,2.94,13343.0,United Kingdom
536914,21216,EMERGENCY FIRST AID TIN,6,2025-03-16 04:47:48,3.67,13343.0,United Kingdom
536915,22424,WHOLE WHEAT BREAD,2,2025-03-24 03:31:56,2.92,,United Kingdom
536915,22423,ORGANIC WHOLE MILK,3,2025-03-24 03:31:56,3.34,,United Kingdom
536915,22426,STRAWBERRY PRESERVES,1,2025-03-24 03:31:56,3.8,,United Kingdom
536916,85123E,CERAMIC COFFEE MUG,1,2025-08-25 00:28:37,6.71,16578.0,United Kingdom
536916,85123B,PURE CANE SUGAR,2,2025-08-25 00:28:37,2.39,16578.0,United Kingdom
536916,21216,EMERGENCY FIRST AID TIN,4,2025-08-25 00:28:37,3.74,16578.0,United Kingdom
536916,21231,FELTCRAFT DOLL ROSIE,2,2025-08-25 00:28:37,3.09,16578.0,United Kingdom
536917,71056,LARGE DESK PAD BLACK,4,2025-11-22 16:40:21,16.37,,United Kingdom
536917,71055,USB-C MULTIPORT ADAPTER,12,2025-11-22 16:40:21,24.54,,United Kingdom
536917,71053,WIRELESS ERGONOMIC MOUSE,4,2025-11-22 16:40:21,28.54,,United Kingdom
536918,71057,MONITOR LIGHT BAR,4,2025-12-02 22:17:23,41.72,14115.0,United Kingdom
536918,71054,MECHANICAL KEYBOARD,2,2025-12-02 22:17:23,70.36,14115.0,United Kingdom
536918,21212,VINTAGE SNAP CARDS,3,2025-12-02 22:17:23,0.82,14115.0,United Kingdom
536918,21215,WOODEN PICTURE FRAME,1,2025-12-02 22:17:23,5.38,14115.0,United Kingdom
536919,21735,AGED PARMESAN REGGIANO,1,2025-08-25 16:38:26,7.53,18022.0,United Kingdom
536919,21733,ITALIAN EXTRA VIRGIN OLIVE OIL,4,2025-08-25 16:38:26,13.09,18022.0,United Kingdom
536919,21737,GARLIC HERB BREADSTICKS,1,2025-08-25 16:38:26,2.89,18022.0,United Kingdom
536919,21734,ARTISAN PASTA PENNE,1,2025-08-25 16:38:26,3.41,18022.0,United Kingdom
536920,84879,CERAMIC PLANT POT WHITE,2,2025-08-02 20:55:07,9.93,14964.0,United Kingdom
536920,84882,GARDENING GLOVES PAIR,1,2025-08-02 20:55:07,5.23,14964.0,United Kingdom
536920,84880,WATERING CAN GREEN 2L,3,2025-08-02 20:55:07,11.84,14964.0,United Kingdom
536920,84883,LED GROW LIGHT BULB,1,2025-08-02 20:55:07,15.65,14964.0,United Kingdom
536920,20726,PAIN AU CHOCOLAT,4,2025-08-02 20:55:07,2.4,14964.0,United Kingdom
536920,20727,ALMOND DANISH,3,2025-08-02 20:55:07,2.72,14964.0,United Kingdom
536920,21219,TRAVEL SEWING KIT,4,2025-08-02 20:55:07,2.08,14964.0,United Kingdom
536921,71053,WIRELESS ERGONOMIC MOUSE,3,2025-02-14 23:50:54,28.61,15850.0,Netherlands
536921,71057,MONITOR LIGHT BAR,1,2025-02-14 23:50:54,39.06,15850.0,Netherlands
536921,71054,MECHANICAL KEYBOARD,2,2025-02-14 23:50:54,68.84,15850.0,Netherlands
536922,21226,CHILLI LIGHTS STRING,2,2025-07-12 21:19:34,8.7,,United Kingdom
C536923,21219,TRAVEL SEWING KIT,-2,2025-11-26 22:00:47,2.05,15102.0,United Kingdom
536924,22426,STRAWBERRY PRESERVES,6,2025-09-26 00:46:17,4.04,16072.0,United Kingdom
536924,22423,ORGANIC WHOLE MILK,3,2025-09-26 00:46:17,3.45,16072.0,United Kingdom
536925,71053,WIRELESS ERGONOMIC MOUSE,1,2025-02-24 00:53:52,30.82,18025.0,United Kingdom
536925,71054,MECHANICAL KEYBOARD,4,2025-02-24 00:53:52,70.42,18025.0,United Kingdom
536925,71056,LARGE DESK PAD BLACK,4,2025-02-24 00:53:52,15.88,18025.0,United Kingdom
536926,84882,GARDENING GLOVES PAIR,6,2025-04-28 16:55:30,4.83,14352.0,France
536926,84883,LED GROW LIGHT BULB,6,2025-04-28 16:55:30,15.2,14352.0,France
536927,22960,HEART OF WICKER SMALL,1,2025-09-25 04:51:43,1.65,14126.0,United Kingdom
536927,22423,REGENCY CAKESTAND 3 TIER,24,2025-09-25 04:51:43,12.14,14126.0,United Kingdom
536928,22427,ORGANIC EGGS DOZEN,2,2025-03-21 19:23:07,5.1,17017.0,United Kingdom
536928,22426,STRAWBERRY PRESERVES,1,2025-03-21 19:23:07,3.72,17017.0,United Kingdom
536929,22961,HEART OF WICKER LARGE,4,2025-11-04 01:41:49,2.87,,United Kingdom
536929,22423,REGENCY CAKESTAND 3 TIER,2,2025-11-04 01:41:49,13.16,,United Kingdom
536929,71057,MONITOR LIGHT BAR,1,2025-11-04 01:41:49,38.11,,United Kingdom
536929,71054,MECHANICAL KEYBOARD,3,2025-11-04 01:41:49,73.3,,United Kingdom
536929,71056,LARGE DESK PAD BLACK,1,2025-11-04 01:41:49,16.77,,United Kingdom
536930,22423,REGENCY CAKESTAND 3 TIER,2,2025-07-24 01:41:04,12.77,12559.0,United Kingdom
536930,85099B,WHITE HANGING HEART T-LIGHT HOLDER,1,2025-07-24 01:41:04,2.46,12559.0,United Kingdom
536930,22961,HEART OF WICKER LARGE,2,2025-07-24 01:41:04,2.96,12559.0,United Kingdom
536930,21217,PACK OF 20 NAPKINS,2,2025-07-24 01:41:04,1.43,12559.0,United Kingdom
536931,21231,FELTCRAFT DOLL ROSIE,2,2025-03-03 23:11:54,2.89,12764.0,United Kingdom
536932,71057,MONITOR LIGHT BAR,3,2025-08-30 18:55:09,38.07,12877.0,United Kingdom
536932,71054,MECHANICAL KEYBOARD,1,2025-08-30 18:55:09,70.44,12877.0,United Kingdom
536932,71055,USB-C MULTIPORT ADAPTER,1,2025-08-30 18:55:09,25.09,12877.0,United Kingdom
536932,71056,LARGE DESK PAD BLACK,2,2025-08-30 18:55:09,16.62,12877.0,United Kingdom
536932,71053,WIRELESS ERGONOMIC MOUSE,2,2025-08-30 18:55:09,28.54,12877.0,United Kingdom
536933,21737,GARLIC HERB BREADSTICKS,6,2025-08-13 20:13:57,2.86,13775.0,United Kingdom
536933,21736,ORGANIC TOMATO BASIL SAUCE,6,2025-08-13 20:13:57,4.33,13775.0,United Kingdom
536933,22423,REGENCY CAKESTAND 3 TIER,2,2025-08-13 20:13:57,12.86,13775.0,United Kingdom
536933,22720,SET OF 3 CAKE TINS PANTRY,2,2025-08-13 20:13:57,4.71,13775.0,United Kingdom
536933,22961,HEART OF WICKER LARGE,4,2025-08-13 20:13:57,3.08,13775.0,United Kingdom
536934,84881,ORGANIC POTTING SOIL 10L,4,2025-07-21 21:38:54,7.18,14324.0,United Kingdom
536934,84880,WATERING CAN GREEN 2L,2,2025-07-21 21:38:54,11.73,14324.0,United Kingdom
536934,21736,ORGANIC TOMATO BASIL SAUCE,1,2025-07-21 21:38:54,4.66,14324.0,United Kingdom
536934,21735,AGED PARMESAN REGGIANO,2,2025-07-21 21:38:54,8.24,14324.0,United Kingdom
536934,21737,GARLIC HERB BREADSTICKS,1,2025-07-21 21:38:54,2.97,14324.0,United Kingdom
536935,20726,PAIN AU CHOCOLAT,3,2025-03-17 22:07:19,2.38,12943.0,United Kingdom
536935,20729,BLUEBERRY SCONE,6,2025-03-17 22:07:19,2.42,12943.0,United Kingdom
536935,20727,ALMOND DANISH,24,2025-03-17 22:07:19,2.86,12943.0,United Kingdom
536935,20725,CROISSANT ALL BUTTER,6,2025-03-17 22:07:19,2.27,12943.0,United Kingdom
536935,20728,CAPPUCCINO CUP & SAUCER,4,2025-03-17 22:07:19,8.7,12943.0,United Kingdom
536935,21217,PACK OF 20 NAPKINS,3,2025-03-17 22:07:19,1.44,12943.0,United Kingdom
536936,85123B,PURE CANE SUGAR,1,2025-10-05 04:46:57,2.37,12740.0,United Kingdom
536936,85123E,CERAMIC COFFEE MUG,3,2025-10-05 04:46:57,6.6,12740.0,United Kingdom
536937,21737,GARLIC HERB BREADSTICKS,1,2025-12-10 02:44:54,3.03,14838.0,EIRE
536937,21733,ITALIAN EXTRA VIRGIN OLIVE OIL,2,2025-12-10 02:44:54,13.18,14838.0,EIRE
536937,21736,ORGANIC TOMATO BASIL SAUCE,4,2025-12-10 02:44:54,4.69,14838.0,EIRE
536937,21228,WALL CLOCK RETRO RED,12,2025-12-10 02:44:54,18.78,14838.0,EIRE
536938,21737,GARLIC HERB BREADSTICKS,4,2025-08-18 02:21:06,3.12,15834.0,United Kingdom
536938,21736,ORGANIC TOMATO BASIL SAUCE,2,2025-08-18 02:21:06,4.51,15834.0,United Kingdom
536938,21733,ITALIAN EXTRA VIRGIN OLIVE OIL,1,2025-08-18 02:21:06,13.56,15834.0,United Kingdom
536939,22423,REGENCY CAKESTAND 3 TIER,1,2025-12-10 04:11:49,12.2,13592.0,United Kingdom
536939,22720,SET OF 3 CAKE TINS PANTRY,2,2025-12-10 04:11:49,4.71,13592.0,United Kingdom
536940,85123C,DARK CHOCOLATE BAR 85%,6,2025-08-12 18:18:36,3.43,14189.0,Belgium
536940,85123A,COLOMBIAN ROAST COFFEE,4,2025-08-12 18:18:36,8.98,14189.0,Belgium
536940,22427,ORGANIC EGGS DOZEN,6,2025-08-12 18:18:36,5.13,14189.0,Belgium
536940,22426,STRAWBERRY PRESERVES,1,2025-08-12 18:18:36,4.02,14189.0,Belgium
536940,22423,ORGANIC WHOLE MILK,1,2025-08-12 18:18:36,3.48,14189.0,Belgium
536940,21221,RETRO SPOT TEA TOWEL,4,2025-08-12 18:18:36,2.46,14189.0,Belgium
536941,22720,SET OF 3 CAKE TINS PANTRY,1,2025-07-09 22:42:16,5.12,,United Kingdom
536941,85099B,WHITE HANGING HEART T-LIGHT HOLDER,3,2025-07-09 22:42:16,2.49,,United Kingdom
536941,21214,RECIPE BOX PANTRY DESIGN,2,2025-07-09 22:42:16,7.93,,United Kingdom
536942,85123A,COLOMBIAN ROAST COFFEE,6,2025-03-12 00:47:01,9.11,14893.0,United Kingdom
536942,85123E,CERAMIC COFFEE MUG,2,2025-03-12 00:47:01,6.27,14893.0,United Kingdom
536942,71057,MONITOR LIGHT BAR,12,2025-03-12 00:47:01,39.52,14893.0,United Kingdom
536942,71056,LARGE DESK PAD BLACK,1,2025-03-12 00:47:01,15.57,14893.0,United Kingdom
536942,71054,MECHANICAL KEYBOARD,1,2025-03-12 00:47:01,73.39,14893.0,United Kingdom
536942,84879,CERAMIC PLANT POT WHITE,2,2025-03-12 00:47:01,9.54,14893.0,United Kingdom
536942,84880,WATERING CAN GREEN 2L,3,2025-03-12 00:47:01,11.62,14893.0,United Kingdom
536942,84881,ORGANIC POTTING SOIL 10L,1,2025-03-12 00:47:01,7.12,14893.0,United Kingdom
536942,84882,GARDENING GLOVES PAIR,4,2025-03-12 00:47:01,5.15,14893.0,United Kingdom
536943,21737,GARLIC HERB BREADSTICKS,3,2025-07-28 22:36:06,2.85,13529.0,United Kingdom
536943,21733,ITALIAN EXTRA VIRGIN OLIVE OIL,1,2025-07-28 22:36:06,12.36,13529.0,United Kingdom
536943,21734,ARTISAN PASTA PENNE,2,2025-07-28 22:36:06,3.44,13529.0,United Kingdom
536943,21217,PACK OF 20 NAPKINS,3,2025-07-28 22:36:06,1.49,13529.0,United Kingdom
536944,22427,ORGANIC EGGS DOZEN,4,2025-08-26 04:34:18,5.24,,United Kingdom
536944,22425,SWEET CREAM BUTTER,3,2025-08-26 04:34:18,4.28,,United Kingdom
536944,22426,STRAWBERRY PRESERVES,1,2025-08-26 04:34:18,3.85,,United Kingdom
536944,22423,ORGANIC WHOLE MILK,2,2025-08-26 04:34:18,3.51,,United Kingdom
536945,85099B,WHITE HANGING HEART T-LIGHT HOLDER,3,2025-05-11 16:55:25,2.49,15562.0,United Kingdom
536945,22423,REGENCY CAKESTAND 3 TIER,6,2025-05-11 16:55:25,12.86,15562.0,United Kingdom
536946,84882,GARDENING GLOVES PAIR,6,2025-03-20 17:08:16,5.03,,United Kingdom
536946,84881,ORGANIC POTTING SOIL 10L,3,2025-03-20 17:08:16,7.01,,United Kingdom
536947,71057,MONITOR LIGHT BAR,2,2025-06-23 21:21:17,40.51,17759.0,EIRE
536947,71055,USB-C MULTIPORT ADAPTER,1,2025-06-23 21:21:17,24.57,17759.0,EIRE
536947,85123C,DARK CHOCOLATE BAR 85%,4,2025-06-23 21:21:17,3.45,17759.0,EIRE
536947,85123B,PURE CANE SUGAR,3,2025-06-23 21:21:17,2.46,17759.0,EIRE
536947,85123E,CERAMIC COFFEE MUG,2,2025-06-23 21:21:17,6.27,17759.0,EIRE
536947,22427,ORGANIC EGGS DOZEN,2,2025-06-23 21:21:17,5.06,17759.0,EIRE
536947,22423,ORGANIC WHOLE MILK,1,2025-06-23 21:21:17,3.44,17759.0,EIRE
536948,21216,EMERGENCY FIRST AID TIN,1,2025-08-23 20:13:46,3.64,12895.0,Spain
536949,20727,ALMOND DANISH,6,2025-04-29 18:13:51,2.79,15333.0,United Kingdom
536949,20728,CAPPUCCINO CUP & SAUCER,1,2025-04-29 18:13:51,8.69,15333.0,United Kingdom
536949,20725,CROISSANT ALL BUTTER,1,2025-04-29 18:13:51,2.19,15333.0,United Kingdom
536950,85123D,FRENCH VANILLA SYRUP,2,2025-07-21 02:59:03,5.84,12396.0,United Kingdom
536950,85123A,COLOMBIAN ROAST COFFEE,3,2025-07-21 02:59:03,8.97,12396.0,United Kingdom
536950,85123C,DARK CHOCOLATE BAR 85%,6,2025-07-21 02:59:03,3.43,12396.0,United Kingdom
536950,84879,CERAMIC PLANT POT WHITE,1,2025-07-21 02:59:03,10.25,12396.0,United Kingdom
536950,84883,LED GROW LIGHT BULB,2,2025-07-21 02:59:03,15.17,12396.0,United Kingdom
536951,21231,FELTCRAFT DOLL ROSIE,4,2025-05-05 04:04:55,2.85,13646.0,United Kingdom
536952,85099B,WHITE HANGING HEART T-LIGHT HOLDER,2,2025-11-17 17:21:43,2.66,13563.0,United Kingdom
536952,22720,SET OF 3 CAKE TINS PANTRY,3,2025-11-17 17:21:43,4.8,13563.0,United Kingdom
536953,84880,WATERING CAN GREEN 2L,12,2025-12-20 18:41:49,11.39,14088.0,United Kingdom
536953,84882,GARDENING GLOVES PAIR,2,2025-12-20 18:41:49,4.84,14088.0,United Kingdom
536953,84883,LED GROW LIGHT BULB,1,2025-12-20 18:41:49,14.71,14088.0,United Kingdom
536953,84881,ORGANIC POTTING SOIL 10L,1,2025-12-20 18:41:49,7.15,14088.0,United Kingdom
536953,22423,REGENCY CAKESTAND 3 TIER,3,2025-12-20 18:41:49,12.28,14088.0,United Kingdom
536953,85099B,WHITE HANGING HEART T-LIGHT HOLDER,2,2025-12-20 18:41:49,2.62,14088.0,United Kingdom
536953,22961,,1,2025-12-20 18:41:49,2.97,14088.0,United Kingdom
536954,21736,ORGANIC TOMATO BASIL SAUCE,1,2025-08-05 20:21:32,4.48,,United Kingdom
536954,21735,AGED PARMESAN REGGIANO,24,2025-08-05 20:21:32,8.05,,United Kingdom
536954,21734,ARTISAN PASTA PENNE,2,2025-08-05 20:21:32,3.22,,United Kingdom
536955,21734,ARTISAN PASTA PENNE,1,2025-11-23 22:22:20,3.2,,United Kingdom
536955,21737,GARLIC HERB BREADSTICKS,1,2025-11-23 22:22:20,3.06,,United Kingdom
536955,21736,ORGANIC TOMATO BASIL SAUCE,3,2025-11-23 22:22:20,4.56,,United Kingdom
536956,84880,WATERING CAN GREEN 2L,1,2026-01-03 17:41:43,11.5,,United Kingdom
536956,84883,LED GROW LIGHT BULB,1,2026-01-03 17:41:43,15.31,,United Kingdom
536956,84879,CERAMIC PLANT POT WHITE,2,2026-01-03 17:41:43,9.99,,United Kingdom
536957,71053,WIRELESS ERGONOMIC MOUSE,2,2025-12-13 01:24:18,29.89,15041.0,United Kingdom
536957,71054,MECHANICAL KEYBOARD,12,2025-12-13 01:24:18,69.23,15041.0,United Kingdom
536958,22960,HEART OF WICKER SMALL,1,2025-04-19 03:04:15,1.64,15508.0,United Kingdom
536958,85099B,WHITE HANGING HEART T-LIGHT HOLDER,3,2025-04-19 03:04:15,2.56,15508.0,United Kingdom
536958,71057,MONITOR LIGHT BAR,6,2025-04-19 03:04:15,39.4,15508.0,United Kingdom
536958,71053,WIRELESS ERGONOMIC MOUSE,1,2025-04-19 03:04:15,28.51,15508.0,United Kingdom
536958,20726,PAIN AU CHOCOLAT,4,2025-04-19 03:04:15,2.58,15508.0,United Kingdom
536958,20728,CAPPUCCINO CUP & SAUCER,1,2025-04-19 03:04:15,8.4,15508.0,United Kingdom
536958,20725,CROISSANT ALL BUTTER,1,2025-04-19 03:04:15,2.21,15508.0,United Kingdom
536958,21215,WOODEN PICTURE FRAME,6,2025-04-19 03:04:15,5.23,15508.0,United Kingdom
536959,84880,WATERING CAN GREEN 2L,2,2025-05-09 22:22:30,11.4,16538.0,United Kingdom
536959,84882,GARDENING GLOVES PAIR,1,2025-05-09 22:22:30,5.05,16538.0,United Kingdom
536959,84879,CERAMIC PLANT POT WHITE,6,2025-05-09 22:22:30,10.24,16538.0,United Kingdom
536959,22427,ORGANIC EGGS DOZEN,4,2025-05-09 22:22:30,5.06,16538.0,United Kingdom
536959,22425,SWEET CREAM BUTTER,4,2025-05-09 22:22:30,4.39,16538.0,United Kingdom
536960,21733,ITALIAN EXTRA VIRGIN OLIVE OIL,24,2025-07-14 23:09:17,13.08,14058.0,United Kingdom
536960,21736,ORGANIC TOMATO BASIL SAUCE,1,2025-07-14 23:09:17,4.27,14058.0,United Kingdom
536960,21224,GLASS STORAGE JAR SMALL,1,2025-07-14 23:09:17,2.29,14058.0,United Kingdom
536960,21227,VINTAGE UNION JACK CUSHION,1,2025-07-14 23:09:17,15.18,14058.0,United Kingdom
536961,22425,SWEET CREAM BUTTER,2,2025-06-30 00:47:39,4.3,13486.0,France
536961,22424,WHOLE WHEAT BREAD,2,2025-06-30 00:47:39,2.97,13486.0,France
536961,20725,CROISSANT ALL BUTTER,1,2025-06-30 00:47:39,2.14,13486.0,France
536961,20728,CAPPUCCINO CUP & SAUCER,1,2025-06-30 00:47:39,8.62,13486.0,France
536962,20728,CAPPUCCINO CUP & SAUCER,2,2025-12-08 04:44:10,8.63,,United Kingdom
536962,20727,ALMOND DANISH,24,2025-12-08 04:44:10,2.76,,United Kingdom
536962,20725,CROISSANT ALL BUTTER,2,2025-12-08 04:44:10,2.2,,United Kingdom
536962,22426,STRAWBERRY PRESERVES,1,2025-12-08 04:44:10,3.82,,United Kingdom
536962,22425,SWEET CREAM BUTTER,2,2025-12-08 04:44:10,4.1,,United Kingdom
536962,22427,ORGANIC EGGS DOZEN,2,2025-12-08 04:44:10,4.97,,United Kingdom
536962,21736,ORGANIC TOMATO BASIL SAUCE,6,2025-12-08 04:44:10,4.37,,United Kingdom
536962,21734,ARTISAN PASTA PENNE,4,2025-12-08 04:44:10,3.38,,United Kingdom
536963,71056,LARGE DESK PAD BLACK,2,2025-10-19 21:21:29,15.7,17837.0,United Kingdom
536963,71057,MONITOR LIGHT BAR,2,2025-10-19 21:21:29,40.42,17837.0,United Kingdom
536963,21735,AGED PARMESAN REGGIANO,2,2025-10-19 21:21:29,7.89,17837.0,United Kingdom
536963,21734,ARTISAN PASTA PENNE,1,2025-10-19 21:21:29,3.18,17837.0,United Kingdom
536963,21737,GARLIC HERB BREADSTICKS,1,2025-10-19 21:21:29,2.96,17837.0,United Kingdom
536963,84883,LED GROW LIGHT BULB,3,2025-10-19 21:21:29,14.28,17837.0,United Kingdom
536963,84879,CERAMIC PLANT POT WHITE,4,2025-10-19 21:21:29,9.59,17837.0,United Kingdom
536963,84880,WATERING CAN GREEN 2L,3,2025-10-19 21:21:29,11.9,17837.0,United Kingdom
536964,71053,WIRELESS ERGONOMIC MOUSE,2,2025-08-03 23:15:48,31.28,12397.0,United Kingdom
536964,71056,LARGE DESK PAD BLACK,6,2025-08-03 23:15:48,15.58,12397.0,United Kingdom
536964,71055,USB-C MULTIPORT ADAPTER,2,2025-08-03 23:15:48,24.77,12397.0,United Kingdom
536964,71057,MONITOR LIGHT BAR,12,2025-08-03 23:15:48,39.34,12397.0,United Kingdom
536964,22424,WHOLE WHEAT BREAD,1,2025-08-03 23:15:48,2.87,12397.0,United Kingdom
536964,22427,ORGANIC EGGS DOZEN,1,2025-08-03 23:15:48,4.9,12397.0,United Kingdom
536964,21219,TRAVEL SEWING KIT,1,2025-08-03 23:15:48,2.14,12397.0,United Kingdom
536965,22427,ORGANIC EGGS DOZEN,1,2025-10-01 21:15:52,5.2,14163.0,United Kingdom
536965,22424,WHOLE WHEAT BREAD,3,2025-10-01 21:15:52,2.94,14163.0,United Kingdom
536965,21214,RECIPE BOX PANTRY DESIGN,1,2025-10-01 21:15:52,8.05,14163.0,United Kingdom
536966,85123C,DARK CHOCOLATE BAR 85%,6,2025-11-23 00:04:03,3.67,16029.0,United Kingdom
536966,85123E,CERAMIC COFFEE MUG,12,2025-11-23 00:04:03,6.7,16029.0,United Kingdom
536966,85123B,PURE CANE SUGAR,1,2025-11-23 00:04:03,2.42,16029.0,United Kingdom
536966,22720,SET OF 3 CAKE TINS PANTRY,2,2025-11-23 00:04:03,5.17,16029.0,United Kingdom
536966,22961,HEART OF WICKER LARGE,6,2025-11-23 00:04:03,3.0,16029.0,United Kingdom
536966,22423,REGENCY CAKESTAND 3 TIER,12,2025-11-23 00:04:03,13.1,16029.0,United Kingdom
536967,85123D,FRENCH VANILLA SYRUP,4,2025-06-15 02:40:52,5.7,17762.0,United Kingdom
536967,85123C,DARK CHOCOLATE BAR 85%,2,2025-06-15 02:40:52,3.49,17762.0,United Kingdom
536967,21220,BICYCLE PUNCTURE REPAIR KIT,3,2025-06-15 02:40:52,3.02,17762.0,United Kingdom
536968,21221,RETRO SPOT TEA TOWEL,1,2025-03-09 22:34:28,2.57,17335.0,United Kingdom
536969,22424,WHOLE WHEAT BREAD,12,2025-04-25 04:01:51,3.07,16947.0,United Kingdom
536969,22427,ORGANIC EGGS DOZEN,3,2025-04-25 04:01:51,5.22,16947.0,United Kingdom
536969,22425,SWEET CREAM BUTTER,2,2025-04-25 04:01:51,4.39,16947.0,United Kingdom
536970,21734,ARTISAN PASTA PENNE,4,2025-08-09 22:34:00,3.17,15743.0,United Kingdom
536970,21735,AGED PARMESAN REGGIANO,2,2025-08-09 22:34:00,7.53,15743.0,United Kingdom
536970,21733,ITALIAN EXTRA VIRGIN OLIVE OIL,2,2025-08-09 22:34:00,12.63,15743.0,United Kingdom
536971,22427,ORGANIC EGGS DOZEN,2,2025-03-28 02:49:17,4.89,15022.0,Germany
536971,22424,WHOLE WHEAT BREAD,2,2025-03-28 02:49:17,2.91,15022.0,Germany
536971,21735,AGED PARMESAN REGGIANO,2,2025-03-28 02:49:17,8.09,15022.0,Germany
536971,21733,ITALIAN EXTRA VIRGIN OLIVE OIL,3,2025-03-28 02:49:17,12.8,15022.0,Germany
536972,22961,HEART OF WICKER LARGE,1,2025-06-12 01:32:01,2.96,13099.0,Germany
536972,22720,SET OF 3 CAKE TINS PANTRY,1,2025-06-12 01:32:01,4.7,13099.0,Germany
536972,85099B,WHITE HANGING HEART T-LIGHT HOLDER,1,2025-06-12 01:32:01,2.51,13099.0,Germany
536972,22960,HEART OF WICKER SMALL,3,2025-06-12 01:32:01,1.62,13099.0,Germany
536972,22423,REGENCY CAKESTAND 3 TIER,1,2025-06-12 01:32:01,13.11,13099.0,Germany
536972,21218,SCENTED CANDLE LAVENDER,1,2025-06-12 01:32:01,4.02,13099.0,Germany
536972,21220,BICYCLE PUNCTURE REPAIR KIT,1,2025-06-12 01:32:01,2.92,13099.0,Germany
536973,20725,CROISSANT ALL BUTTER,1,2025-02-05 16:36:46,2.16,16452.0,United Kingdom
536973,20727,ALMOND DANISH,2,2025-02-05 16:36:46,2.64,16452.0,United Kingdom
536973,20729,BLUEBERRY SCONE,2,2025-02-05 16:36:46,2.31,16452.0,United Kingdom
536973,20728,CAPPUCCINO CUP & SAUCER,2,2025-02-05 16:36:46,8.79,16452.0,United Kingdom
536973,20726,PAIN AU CHOCOLAT,1,2025-02-05 16:36:46,2.61,16452.0,United Kingdom
536973,21219,TRAVEL SEWING KIT,3,2025-02-05 16:36:46,2.04,16452.0,United Kingdom
536974,21734,ARTISAN PASTA PENNE,1,2025-12-29 22:28:44,3.21,17640.0,United Kingdom
536974,21737,GARLIC HERB BREADSTICKS,24,2025-12-29 22:28:44,2.96,17640.0,United Kingdom
536974,21736,ORGANIC TOMATO BASIL SAUCE,1,2025-12-29 22:28:44,4.33,17640.0,United Kingdom
536974,21733,ITALIAN EXTRA VIRGIN OLIVE OIL,1,2025-12-29 22:28:44,13.61,17640.0,United Kingdom
536974,21212,VINTAGE SNAP CARDS,2,2025-12-29 22:28:44,0.86,17640.0,United Kingdom
536974,21224,GLASS STORAGE JAR SMALL,1,2025-12-29 22:28:44,2.15,17640.0,United Kingdom
536975,22427,ORGANIC EGGS DOZEN,1,2025-07-15 19:03:24,4.87,13767.0,United Kingdom
536975,22425,SWEET CREAM BUTTER,3,2025-07-15 19:03:24,4.35,13767.0,United Kingdom
536975,85123D,FRENCH VANILLA SYRUP,2,2025-07-15 19:03:24,6.09,13767.0,United Kingdom
536975,85123C,DARK CHOCOLATE BAR 85%,3,2025-07-15 19:03:24,3.52,13767.0,United Kingdom
536975,84880,WATERING CAN GREEN 2L,1,2025-07-15 19:03:24,11.39,13767.0,United Kingdom
536975,84881,ORGANIC POTTING SOIL 10L,2,2025-07-15 19:03:24,7.31,13767.0,United Kingdom
536975,21221,RETRO SPOT TEA TOWEL,1,2025-07-15 19:03:24,2.57,13767.0,United Kingdom
536976,21736,ORGANIC TOMATO BASIL SAUCE,1,2025-08-11 20:36:17,4.36,15752.0,United Kingdom
536976,21735,AGED PARMESAN REGGIANO,1,2025-08-11 20:36:17,8.0,15752.0,United Kingdom
536976,21220,BICYCLE PUNCTURE REPAIR KIT,1,2025-08-11 20:36:17,2.94,15752.0,United Kingdom
536976,21224,GLASS STORAGE JAR SMALL,2,2025-08-11 20:36:17,2.27,15752.0,United Kingdom
536977,21215,WOODEN PICTURE FRAME,2,2025-04-21 04:10:35,5.39,15767.0,Germany
536978,71056,LARGE DESK PAD BLACK,2,2025-08-10 17:52:55,15.52,12972.0,United Kingdom
536978,71054,MECHANICAL KEYBOARD,4,2025-08-10 17:52:55,71.9,12972.0,United Kingdom
536979,85123A,COLOMBIAN ROAST COFFEE,1,2025-10-21 18:54:46,9.12,12496.0,Spain
536979,85123C,DARK CHOCOLATE BAR 85%,3,2025-10-21 18:54:46,3.46,12496.0,Spain
536979,21221,RETRO SPOT TEA TOWEL,6,2025-10-21 18:54:46,2.42,12496.0,Spain
536980,85099B,WHITE HANGING HEART T-LIGHT HOLDER,2,2025-04-30 23:22:36,2.45,12432.0,United Kingdom
536980,22423,REGENCY CAKESTAND 3 TIER,3,2025-04-30 23:22:36,12.81,12432.0,United Kingdom
536980,22720,SET OF 3 CAKE TINS PANTRY,1,2025-04-30 23:22:36,4.9,12432.0,United Kingdom
536981,22425,SWEET CREAM BUTTER,2,2025-05-30 04:07:02,4.08,17268.0,United Kingdom
536981,22427,ORGANIC EGGS DOZEN,1,2025-05-30 04:07:02,5.1,17268.0,United Kingdom
536981,85123D,FRENCH VANILLA SYRUP,1,2025-05-30 04:07:02,5.73,17268.0,United Kingdom
536981,85123E,CERAMIC COFFEE MUG,1,2025-05-30 04:07:02,6.36,17268.0,United Kingdom
536982,20728,CAPPUCCINO CUP & SAUCER,1,2025-01-29 19:03:35,8.3,13663.0,United Kingdom
536982,20725,CROISSANT ALL BUTTER,1,2025-01-29 19:03:35,2.15,13663.0,United Kingdom
536982,20727,ALMOND DANISH,4,2025-01-29 19:03:35,2.87,13663.0,United Kingdom
536982,20729,BLUEBERRY SCONE,1,2025-01-29 19:03:35,2.47,13663.0,United Kingdom
536982,22961,HEART OF WICKER LARGE,2,2025-01-29 19:03:35,2.86,13663.0,United Kingdom
536982,85099B,WHITE HANGING HEART T-LIGHT HOLDER,1,2025-01-29 19:03:35,2.64,13663.0,United Kingdom
536982,22960,HEART OF WICKER SMALL,3,2025-01-29 19:03:35,1.57,13663.0,United Kingdom
536982,22423,REGENCY CAKESTAND 3 TIER,1,2025-01-29 19:03:35,12.23,13663.0,United Kingdom
536982,21218,SCENTED CANDLE LAVENDER,1,2025-01-29 19:03:35,4.05,13663.0,United Kingdom
536982,21220,BICYCLE PUNCTURE REPAIR KIT,3,2025-01-29 19:03:35,3.14,13663.0,United Kingdom
536982,21228,WALL CLOCK RETRO RED,1,2025-01-29 19:03:35,18.37,13663.0,United Kingdom
536983,21734,ARTISAN PASTA PENNE,1,2025-03-08 02:54:07,3.26,17375.0,France
536983,21733,ITALIAN EXTRA VIRGIN OLIVE OIL,1,2025-03-08 02:54:07,13.05,17375.0,France
536983,85123A,COLOMBIAN ROAST COFFEE,1,2025-03-08 02:54:07,9.13,17375.0,France
536983,85123E,CERAMIC COFFEE MUG,3,2025-03-08 02:54:07,6.36,17375.0,France
536984,71057,MONITOR LIGHT BAR,3,2025-10-06 21:57:24,39.6,16604.0,United Kingdom
536984,71054,MECHANICAL KEYBOARD,1,2025-10-06 21:57:24,73.42,16604.0,United Kingdom
536984,71053,WIRELESS ERGONOMIC MOUSE,2,2025-10-06 21:57:24,28.89,16604.0,United Kingdom
536984,21222,RETRO SPOT APRON,2,2025-10-06 21:57:24,6.61,16604.0,United Kingdom
536985,20727,ALMOND DANISH,2,2025-05-03 17:22:24,2.78,,France
536985,20725,CROISSANT ALL BUTTER,1,2025-05-03 17:22:24,2.17,,France
536985,20729,BLUEBERRY SCONE,2,2025-05-03 17:22:24,2.31,,France
536985,20726,PAIN AU CHOCOLAT,1,2025-05-03 17:22:24,2.51,,France
536985,D,Discount,2,2025-05-03 17:22:24,-10.0,,France
536986,71057,MONITOR LIGHT BAR,1,2025-01-10 20:35:02,41.4,12601.0,United Kingdom
536986,71053,WIRELESS ERGONOMIC MOUSE,6,2025-01-10 20:35:02,31.27,12601.0,United Kingdom
536986,21215,WOODEN PICTURE FRAME,6,2025-01-10 20:35:02,5.23,12601.0,United Kingdom
536986,21231,FELTCRAFT DOLL ROSIE,6,2025-01-10 20:35:02,2.91,12601.0,United Kingdom
536987,21735,AGED PARMESAN REGGIANO,4,2025-10-13 17:24:04,8.1,,United Kingdom
536987,21737,GARLIC HERB BREADSTICKS,2,2025-10-13 17:24:04,3.08,,United Kingdom
536987,21222,RETRO SPOT APRON,1,2025-10-13 17:24:04,6.66,,United Kingdom
C536988,20726,PAIN AU CHOCOLAT,-6,2025-12-05 03:31:43,2.52,16921.0,United Kingdom
C536988,20725,  CROISSANT ALL BUTTER   ,-5,2025-12-05 03:31:43,2.18,16921.0,United Kingdom
C536988,20728,CAPPUCCINO CUP & SAUCER,-7,2025-12-05 03:31:43,8.56,16921.0,United Kingdom
C536988,20729,BLUEBERRY SCONE,-9,2025-12-05 03:31:43,2.43,16921.0,United Kingdom
C536988,71054,MECHANICAL KEYBOARD,-1,2025-12-05 03:31:43,69.21,16921.0,United Kingdom
C536988,71056,LARGE DESK PAD BLACK,-5,2025-12-05 03:31:43,15.78,16921.0,United Kingdom
C536988,84879,CERAMIC PLANT POT WHITE,-8,2025-12-05 03:31:43,9.9,16921.0,United Kingdom
C536988,84881,ORGANIC POTTING SOIL 10L,-5,2025-12-05 03:31:43,7.05,16921.0,United Kingdom
C536988,84880,WATERING CAN GREEN 2L,-1,2025-12-05 03:31:43,11.51,16921.0,United Kingdom
536989,85123A,COLOMBIAN ROAST COFFEE,1,2025-06-14 00:19:53,8.73,14546.0,United Kingdom
536989,85123C,DARK CHOCOLATE BAR 85%,2,2025-06-14 00:19:53,3.37,14546.0,United Kingdom
536990,22427,ORGANIC EGGS DOZEN,2,2025-06-20 23:48:54,4.92,15109.0,United Kingdom
536990,22426,STRAWBERRY PRESERVES,2,2025-06-20 23:48:54,4.01,15109.0,United Kingdom
536990,22423,ORGANIC WHOLE MILK,6,2025-06-20 23:48:54,3.36,15109.0,United Kingdom
536990,22425,SWEET CREAM BUTTER,3,2025-06-20 23:48:54,4.08,15109.0,United Kingdom
536990,20727,ALMOND DANISH,3,2025-06-20 23:48:54,2.84,15109.0,United Kingdom
536990,20728,CAPPUCCINO CUP & SAUCER,6,2025-06-20 23:48:54,8.23,15109.0,United Kingdom
536990,85123B,PURE CANE SUGAR,6,2025-06-20 23:48:54,2.46,15109.0,United Kingdom
536990,85123E,CERAMIC COFFEE MUG,2,2025-06-20 23:48:54,6.82,15109.0,United Kingdom
536991,21733,  ITALIAN EXTRA VIRGIN OLIVE OIL   ,2,2025-02-02 21:04:49,12.97,,United Kingdom
536991,21736,ORGANIC TOMATO BASIL SAUCE,1,2025-02-02 21:04:49,4.53,,United Kingdom
536991,22427,ORGANIC EGGS DOZEN,4,2025-02-02 21:04:49,4.93,,United Kingdom
536991,22423,ORGANIC WHOLE MILK,2,2025-02-02 21:04:49,3.44,,United Kingdom
536991,21219,TRAVEL SEWING KIT,2,2025-02-02 21:04:49,2.13,,United Kingdom
536992,20729,BLUEBERRY SCONE,4,2025-05-09 17:54:41,2.31,13459.0,United Kingdom
536992,20725,CROISSANT ALL BUTTER,3,2025-05-09 17:54:41,2.34,13459.0,United Kingdom
536992,20726,PAIN AU CHOCOLAT,2,2025-05-09 17:54:41,2.48,13459.0,United Kingdom
536992,20727,ALMOND DANISH,2,2025-05-09 17:54:41,2.86,13459.0,United Kingdom
536992,21221,RETRO SPOT TEA TOWEL,1,2025-05-09 17:54:41,2.4,13459.0,United Kingdom
536993,20729,BLUEBERRY SCONE,1,2025-03-30 18:45:04,2.4,12830.0,United Kingdom
536993,20728,CAPPUCCINO CUP & SAUCER,1,2025-03-30 18:45:04,8.77,12830.0,United Kingdom
536993,20725,CROISSANT ALL BUTTER,2,2025-03-30 18:45:04,2.34,12830.0,United Kingdom
536993,21225,GLASS STORAGE JAR LARGE,1,2025-03-30 18:45:04,3.76,12830.0,United Kingdom
536993,21218,SCENTED CANDLE LAVENDER,1,2025-03-30 18:45:04,4.37,12830.0,United Kingdom
536994,84882,GARDENING GLOVES PAIR,4,2025-03-24 20:57:22,4.99,14037.0,United Kingdom
536994,84883,LED GROW LIGHT BULB,6,2025-03-24 20:57:22,15.62,14037.0,United Kingdom
536994,84881,ORGANIC POTTING SOIL 10L,3,2025-03-24 20:57:22,6.66,14037.0,United Kingdom
536994,21229,HAND WARMER BIRD DESIGN,2,2025-03-24 20:57:22,1.89,14037.0,United Kingdom
536994,21220,BICYCLE PUNCTURE REPAIR KIT,6,2025-03-24 20:57:22,2.87,14037.0,United Kingdom
536994,21215,WOODEN PICTURE FRAME,6,2025-03-24 20:57:22,5.35,14037.0,United Kingdom
536995,71056,LARGE DESK PAD BLACK,1,2025-11-20 23:56:16,15.84,15501.0,United Kingdom
536995,71054,MECHANICAL KEYBOARD,1,2025-11-20 23:56:16,70.46,15501.0,United Kingdom
536995,21230,BATHROOM SCALE VINTAGE,1,2025-11-20 23:56:16,22.7,15501.0,United Kingdom
536995,21221,RETRO SPOT TEA TOWEL,2,2025-11-20 23:56:16,2.48,15501.0,United Kingdom
536996,22425,SWEET CREAM BUTTER,3,2025-05-22 03:26:17,4.4,14105.0,United Kingdom
536996,22426,STRAWBERRY PRESERVES,1,2025-05-22 03:26:17,3.89,14105.0,United Kingdom
536996,22427,ORGANIC EGGS DOZEN,1,2025-05-22 03:26:17,5.0,14105.0,United Kingdom
536996,85123A,COLOMBIAN ROAST COFFEE,1,2025-05-22 03:26:17,9.09,14105.0,United Kingdom
536996,85123B,PURE CANE SUGAR,4,2025-05-22 03:26:17,2.6,14105.0,United Kingdom
536996,21227,VINTAGE UNION JACK CUSHION,3,2025-05-22 03:26:17,15.52,14105.0,United Kingdom
536997,21214,RECIPE BOX PANTRY DESIGN,6,2025-08-03 05:16:28,8.21,16339.0,United Kingdom
536998,22423,REGENCY CAKESTAND 3 TIER,2,2025-03-15 23:22:16,13.06,14538.0,United Kingdom
536998,22960,HEART OF WICKER SMALL,1,2025-03-15 23:22:16,1.68,14538.0,United Kingdom
536998,71057,MONITOR LIGHT BAR,6,2025-03-15 23:22:16,38.52,14538.0,United Kingdom
536998,71056,LARGE DESK PAD BLACK,2,2025-03-15 23:22:16,16.52,14538.0,United Kingdom
536998,71053,WIRELESS ERGONOMIC MOUSE,2,2025-03-15 23:22:16,31.09,14538.0,United Kingdom
536998,71055,USB-C MULTIPORT ADAPTER,4,2025-03-15 23:22:16,26.16,14538.0,United Kingdom
536999,22427,ORGANIC EGGS DOZEN,1,2025-12-30 04:11:03,4.94,16686.0,United Kingdom
536999,22423,ORGANIC WHOLE MILK,4,2025-12-30 04:11:03,3.38,16686.0,United Kingdom
536999,21213,MINI PAINT SET 9 COLOURS,1,2025-12-30 04:11:03,1.23,16686.0,United Kingdom
537000,22961,HEART OF WICKER LARGE,2,2025-06-21 22:48:28,3.07,16569.0,United Kingdom
537000,22720,SET OF 3 CAKE TINS PANTRY,2,2025-06-21 22:48:28,5.05,16569.0,United Kingdom
537000,85099B,WHITE HANGING HEART T-LIGHT HOLDER,2,2025-06-21 22:48:28,2.66,16569.0,United Kingdom
537000,22960,HEART OF WICKER SMALL,1,2025-06-21 22:48:28,1.66,16569.0,United Kingdom
537001,84881,ORGANIC POTTING SOIL 10L,1,2025-04-01 22:34:30,6.9,13971.0,United Kingdom
537001,84880,WATERING CAN GREEN 2L,3,2025-04-01 22:34:30,11.81,13971.0,United Kingdom
537001,84882,GARDENING GLOVES PAIR,3,2025-04-01 22:34:30,4.79,13971.0,United Kingdom
537001,84879,CERAMIC PLANT POT WHITE,1,2025-04-01 22:34:30,10.17,13971.0,United Kingdom
537001,21737,GARLIC HERB BREADSTICKS,2,2025-04-01 22:34:30,3.02,13971.0,United Kingdom
537001,21733,ITALIAN EXTRA VIRGIN OLIVE OIL,1,2025-04-01 22:34:30,13.37,13971.0,United Kingdom
537002,21733,ITALIAN EXTRA VIRGIN OLIVE OIL,1,2025-12-07 19:46:20,12.65,16928.0,United Kingdom
537002,21734,ARTISAN PASTA PENNE,6,2025-12-07 19:46:20,3.3,16928.0,United Kingdom
537002,21736,ORGANIC TOMATO BASIL SAUCE,4,2025-12-07 19:46:20,4.55,16928.0,United Kingdom
537002,21737,GARLIC HERB BREADSTICKS,4,2025-12-07 19:46:20,3.12,16928.0,United Kingdom
537003,21226,CHILLI LIGHTS STRING,1,2025-06-08 18:50:08,8.12,16446.0,United Kingdom
537004,22960,HEART OF WICKER SMALL,6,2025-02-05 22:17:42,1.72,17892.0,United Kingdom
537004,22961,HEART OF WICKER LARGE,2,2025-02-05 22:17:42,3.01,17892.0,United Kingdom
537004,85099B,WHITE HANGING HEART T-LIGHT HOLDER,2,2025-02-05 22:17:42,2.5,17892.0,United Kingdom
537005,22423,REGENCY CAKESTAND 3 TIER,4,2025-01-19 02:15:23,12.85,12471.0,United Kingdom
537005,22960,HEART OF WICKER SMALL,1,2025-01-19 02:15:23,1.57,12471.0,United Kingdom
537005,22720,SET OF 3 CAKE TINS PANTRY,1,2025-01-19 02:15:23,4.76,12471.0,United Kingdom
537005,22961,HEART OF WICKER LARGE,6,2025-01-19 02:15:23,2.9,12471.0,United Kingdom
537005,21218,SCENTED CANDLE LAVENDER,3,2025-01-19 02:15:23,4.37,12471.0,United Kingdom
537006,22423,REGENCY CAKESTAND 3 TIER,3,2025-05-24 00:28:21,12.25,17823.0,United Kingdom
537006,22961,HEART OF WICKER LARGE,1,2025-05-24 00:28:21,2.87,17823.0,United Kingdom
537006,22960,HEART OF WICKER SMALL,3,2025-05-24 00:28:21,1.71,17823.0,United Kingdom
537006,21218,SCENTED CANDLE LAVENDER,6,2025-05-24 00:28:21,4.03,17823.0,United Kingdom
537007,21737,GARLIC HERB BREADSTICKS,1,2025-10-02 18:49:25,3.1,,United Kingdom
537007,21734,ARTISAN PASTA PENNE,3,2025-10-02 18:49:25,3.15,,United Kingdom
537007,21735,AGED PARMESAN REGGIANO,1,2025-10-02 18:49:25,7.51,,United Kingdom
537007,21736,ORGANIC TOMATO BASIL SAUCE,2,2025-10-02 18:49:25,4.32,,United Kingdom
537008,84880,WATERING CAN GREEN 2L,1,2025-08-14 03:28:13,11.56,14963.0,United Kingdom
537008,84879,CERAMIC PLANT POT WHITE,1,2025-08-14 03:28:13,10.31,14963.0,United Kingdom
537008,84882,GARDENING GLOVES PAIR,6,2025-08-14 03:28:13,4.91,14963.0,United Kingdom
537008,84881,ORGANIC POTTING SOIL 10L,6,2025-08-14 03:28:13,7.17,14963.0,United Kingdom
537008,21213,MINI PAINT SET 9 COLOURS,1,2025-08-14 03:28:13,1.22,14963.0,United Kingdom
537009,85123D,FRENCH VANILLA SYRUP,6,2025-12-05 17:02:50,5.82,,United Kingdom
537009,85123A,COLOMBIAN ROAST COFFEE,12,2025-12-05 17:02:50,9.15,,United Kingdom
537009,85123B,PURE CANE SUGAR,1,2025-12-05 17:02:50,2.52,,United Kingdom
537009,22961,HEART OF WICKER LARGE,2,2025-12-05 17:02:50,3.09,,United Kingdom
537009,22720,SET OF 3 CAKE TINS PANTRY,1,2025-12-05 17:02:50,5.03,,United Kingdom
537009,22423,REGENCY CAKESTAND 3 TIER,6,2025-12-05 17:02:50,12.94,,United Kingdom
537009,22960,HEART OF WICKER SMALL,2,2025-12-05 17:02:50,1.68,,United Kingdom
537010,84879,CERAMIC PLANT POT WHITE,1,2025-08-07 19:57:34,10.41,14115.0,United Kingdom
537010,84883,LED GROW LIGHT BULB,2,2025-08-07 19:57:34,15.01,14115.0,United Kingdom
537010,84881,ORGANIC POTTING SOIL 10L,1,2025-08-07 19:57:34,7.09,14115.0,United Kingdom
537011,71055,USB-C MULTIPORT ADAPTER,1,2025-10-13 01:30:29,25.25,17877.0,United Kingdom
537011,71053,WIRELESS ERGONOMIC MOUSE,1,2025-10-13 01:30:29,30.16,17877.0,United Kingdom
537011,21227,VINTAGE UNION JACK CUSHION,6,2025-10-13 01:30:29,15.58,17877.0,United Kingdom
537012,22720,SET OF 3 CAKE TINS PANTRY,4,2025-10-20 01:42:36,4.86,16295.0,EIRE
537012,22960,HEART OF WICKER SMALL,4,2025-10-20 01:42:36,1.57,16295.0,EIRE
537012,21229,HAND WARMER BIRD DESIGN,3,2025-10-20 01:42:36,1.95,16295.0,EIRE
537013,21228,WALL CLOCK RETRO RED,3,2025-01-19 04:39:37,18.49,17603.0,Belgium
537014,71053,WIRELESS ERGONOMIC MOUSE,1,2025-04-12 18:44:54,29.28,,United Kingdom
537014,71057,MONITOR LIGHT BAR,1,2025-04-12 18:44:54,40.8,,United Kingdom
537014,21212,VINTAGE SNAP CARDS,4,2025-04-12 18:44:54,0.86,,United Kingdom
537014,21227,VINTAGE UNION JACK CUSHION,6,2025-04-12 18:44:54,15.23,,United Kingdom
537015,84882,GARDENING GLOVES PAIR,1,2025-12-24 05:28:31,4.93,15682.0,Spain
537015,84880,WATERING CAN GREEN 2L,4,2025-12-24 05:28:31,11.33,15682.0,Spain
537015,21223,SET OF 6 SPICE JARS,1,2025-12-24 05:28:31,9.65,15682.0,Spain
537016,85123C,DARK CHOCOLATE BAR 85%,6,2025-11-28 19:24:26,3.47,15854.0,United Kingdom
537016,85123E,CERAMIC COFFEE MUG,3,2025-11-28 19:24:26,6.37,15854.0,United Kingdom
537016,85123A,COLOMBIAN ROAST COFFEE,3,2025-11-28 19:24:26,9.32,15854.0,United Kingdom
537016,85123D,FRENCH VANILLA SYRUP,1,2025-11-28 19:24:26,6.17,15854.0,United Kingdom
537016,85123B,PURE CANE SUGAR,2,2025-11-28 19:24:26,2.47,15854.0,United Kingdom
537016,20728,CAPPUCCINO CUP & SAUCER,1,2025-11-28 19:24:26,8.22,15854.0,United Kingdom
537016,20729,BLUEBERRY SCONE,1,2025-11-28 19:24:26,2.39,15854.0,United Kingdom
537016,20726,PAIN AU CHOCOLAT,4,2025-11-28 19:24:26,2.52,15854.0,United Kingdom
537016,20727,ALMOND DANISH,3,2025-11-28 19:24:26,2.8,15854.0,United Kingdom
537016,21231,FELTCRAFT DOLL ROSIE,1,2025-11-28 19:24:26,2.97,15854.0,United Kingdom
537017,85123A,COLOMBIAN ROAST COFFEE,3,2025-01-22 02:41:35,9.16,15153.0,United Kingdom
537017,85123B,PURE CANE SUGAR,4,2025-01-22 02:41:35,2.45,15153.0,United Kingdom
537018,20726,PAIN AU CHOCOLAT,3,2025-05-30 18:55:22,2.51,12579.0,United Kingdom
537018,20728,CAPPUCCINO CUP & SAUCER,3,2025-05-30 18:55:22,8.37,12579.0,United Kingdom
537018,20727,ALMOND DANISH,2,2025-05-30 18:55:22,2.62,12579.0,United Kingdom
537018,20729,BLUEBERRY SCONE,1,2025-05-30 18:55:22,2.3,12579.0,United Kingdom
537019,85123A,COLOMBIAN ROAST COFFEE,2,2025-08-31 03:32:59,9.19,17981.0,United Kingdom
537019,85123D,FRENCH VANILLA SYRUP,6,2025-08-31 03:32:59,5.79,17981.0,United Kingdom
537019,20726,PAIN AU CHOCOLAT,2,2025-08-31 03:32:59,2.57,17981.0,United Kingdom
537019,20728,CAPPUCCINO CUP & SAUCER,6,2025-08-31 03:32:59,8.44,17981.0,United Kingdom
537019,20729,BLUEBERRY SCONE,1,2025-08-31 03:32:59,2.48,17981.0,United Kingdom
537019,21216,EMERGENCY FIRST AID TIN,2,2025-08-31 03:32:59,3.75,17981.0,United Kingdom
537019,21214,RECIPE BOX PANTRY DESIGN,3,2025-08-31 03:32:59,8.21,17981.0,United Kingdom
537019,21222,RETRO SPOT APRON,3,2025-08-31 03:32:59,7.11,17981.0,United Kingdom
537020,21733,ITALIAN EXTRA VIRGIN OLIVE OIL,6,2025-10-09 01:03:02,12.53,14217.0,United Kingdom
537020,21735,AGED PARMESAN REGGIANO,1,2025-10-09 01:03:02,7.87,14217.0,United Kingdom
537020,21736,ORGANIC TOMATO BASIL SAUCE,3,2025-10-09 01:03:02,4.29,14217.0,United Kingdom
537020,21737,GARLIC HERB BREADSTICKS,1,2025-10-09 01:03:02,2.92,14217.0,United Kingdom
537020,21219,TRAVEL SEWING KIT,3,2025-10-09 01:03:02,2.05,14217.0,United Kingdom
537021,84879,CERAMIC PLANT POT WHITE,4,2025-12-17 02:00:30,9.83,13624.0,United Kingdom
537021,84882,GARDENING GLOVES PAIR,2,2025-12-17 02:00:30,5.16,13624.0,United Kingdom
537021,21226,CHILLI LIGHTS STRING,3,2025-12-17 02:00:30,8.49,13624.0,United Kingdom
537022,20725,CROISSANT ALL BUTTER,1,2025-08-24 20:13:29,2.33,14979.0,United Kingdom
537022,20727,ALMOND DANISH,6,2025-08-24 20:13:29,2.63,14979.0,United Kingdom
537022,21226,CHILLI LIGHTS STRING,1,2025-08-24 20:13:29,8.19,14979.0,United Kingdom
537023,22425,SWEET CREAM BUTTER,4,2025-04-30 03:49:40,4.15,,United Kingdom
537023,22426,STRAWBERRY PRESERVES,2,2025-04-30 03:49:40,3.96,,United Kingdom
537024,22960,HEART OF WICKER SMALL,1,2025-09-25 17:32:04,1.58,16777.0,United Kingdom
537024,22423,REGENCY CAKESTAND 3 TIER,1,2025-09-25 17:32:04,12.15,16777.0,United Kingdom
537024,85099B,WHITE HANGING HEART T-LIGHT HOLDER,6,2025-09-25 17:32:04,2.59,16777.0,United Kingdom
537024,71055,USB-C MULTIPORT ADAPTER,1,2025-09-25 17:32:04,25.84,16777.0,United Kingdom
537024,71053,WIRELESS ERGONOMIC MOUSE,1,2025-09-25 17:32:04,31.3,16777.0,United Kingdom
537024,21213,MINI PAINT SET 9 COLOURS,1,2025-09-25 17:32:04,1.28,16777.0,United Kingdom
537025,22960,HEART OF WICKER SMALL,2,2025-03-17 17:46:44,1.7,,United Kingdom
537025,85099B,WHITE HANGING HEART T-LIGHT HOLDER,1,2025-03-17 17:46:44,2.47,,United Kingdom
537026,21736,ORGANIC TOMATO BASIL SAUCE,2,2025-05-26 05:11:19,4.37,17437.0,United Kingdom
537026,21734,ARTISAN PASTA PENNE,4,2025-05-26 05:11:19,3.29,17437.0,United Kingdom
537026,21735,AGED PARMESAN REGGIANO,2,2025-05-26 05:11:19,7.81,17437.0,United Kingdom
537026,21215,WOODEN PICTURE FRAME,6,2025-05-26 05:11:19,5.47,17437.0,United Kingdom
537027,85123C,DARK CHOCOLATE BAR 85%,1,2025-09-12 03:48:52,3.43,16638.0,United Kingdom
537027,85123D,FRENCH VANILLA SYRUP,2,2025-09-12 03:48:52,5.76,16638.0,United Kingdom
537027,84881,ORGANIC POTTING SOIL 10L,6,2025-09-12 03:48:52,6.93,16638.0,United Kingdom
537027,84883,LED GROW LIGHT BULB,2,2025-09-12 03:48:52,15.7,16638.0,United Kingdom
537027,84880,WATERING CAN GREEN 2L,1,2025-09-12 03:48:52,11.36,16638.0,United Kingdom
537027,84882,GARDENING GLOVES PAIR,1,2025-09-12 03:48:52,4.85,16638.0,United Kingdom
537027,84879,CERAMIC PLANT POT WHITE,3,2025-09-12 03:48:52,10.18,16638.0,United Kingdom
537027,22423,REGENCY CAKESTAND 3 TIER,3,2025-09-12 03:48:52,12.3,16638.0,United Kingdom
537027,22961,HEART OF WICKER LARGE,3,2025-09-12 03:48:52,2.85,16638.0,United Kingdom
537027,85099B,WHITE HANGING HEART T-LIGHT HOLDER,1,2025-09-12 03:48:52,2.43,16638.0,United Kingdom
537027,21214,RECIPE BOX PANTRY DESIGN,1,2025-09-12 03:48:52,7.63,16638.0,United Kingdom
537028,22960,HEART OF WICKER SMALL,2,2025-02-24 00:37:28,1.61,,United Kingdom
537028,85099B,WHITE HANGING HEART T-LIGHT HOLDER,2,2025-02-24 00:37:28,2.58,,United Kingdom
537028,22423,REGENCY CAKESTAND 3 TIER,2,2025-02-24 00:37:28,12.25,,United Kingdom
537028,22720,SET OF 3 CAKE TINS PANTRY,2,2025-02-24 00:37:28,4.96,,United Kingdom
537028,22961,HEART OF WICKER LARGE,24,2025-02-24 00:37:28,3.07,,United Kingdom
537029,22426,STRAWBERRY PRESERVES,6,2025-08-06 19:36:26,3.86,14907.0,Germany
537029,22425,SWEET CREAM BUTTER,2,2025-08-06 19:36:26,4.28,14907.0,Germany
537030,85123B,PURE CANE SUGAR,1,2025-11-05 16:55:33,2.48,17097.0,United Kingdom
537030,85123A,COLOMBIAN ROAST COFFEE,4,2025-11-05 16:55:33,8.58,17097.0,United Kingdom
537030,84882,GARDENING GLOVES PAIR,3,2025-11-05 16:55:33,5.04,17097.0,United Kingdom
537030,84883,LED GROW LIGHT BULB,2,2025-11-05 16:55:33,14.75,17097.0,United Kingdom
537030,84880,WATERING CAN GREEN 2L,3,2025-11-05 16:55:33,11.98,17097.0,United Kingdom
537030,22424,WHOLE WHEAT BREAD,6,2025-11-05 16:55:33,3.14,17097.0,United Kingdom
537030,22423,ORGANIC WHOLE MILK,1,2025-11-05 16:55:33,3.65,17097.0,United Kingdom
537030,21218,SCENTED CANDLE LAVENDER,4,2025-11-05 16:55:33,4.28,17097.0,United Kingdom
537030,21225,GLASS STORAGE JAR LARGE,3,2025-11-05 16:55:33,4.09,17097.0,United Kingdom
537031,22427,ORGANIC EGGS DOZEN,3,2026-01-05 19:15:12,5.02,13210.0,France
537031,22426,STRAWBERRY PRESERVES,4,2026-01-05 19:15:12,3.93,13210.0,France
537031,21223,SET OF 6 SPICE JARS,2,2026-01-05 19:15:12,10.11,13210.0,France
537032,84883,LED GROW LIGHT BULB,6,2025-10-12 23:38:40,14.73,17085.0,United Kingdom
537032,84880,WATERING CAN GREEN 2L,2,2025-10-12 23:38:40,11.0,17085.0,United Kingdom
537033,22424,WHOLE WHEAT BREAD,6,2025-03-13 00:12:14,2.87,13454.0,United Kingdom
537033,22425,SWEET CREAM BUTTER,1,2025-03-13 00:12:14,4.38,13454.0,United Kingdom
537033,22423,ORGANIC WHOLE MILK,1,2025-03-13 00:12:14,3.42,13454.0,United Kingdom
537034,22425,SWEET CREAM BUTTER,12,2025-10-20 20:39:42,4.21,14769.0,United Kingdom
537034,22423,ORGANIC WHOLE MILK,1,2025-10-20 20:39:42,3.49,14769.0,United Kingdom
537034,85123C,DARK CHOCOLATE BAR 85%,6,2025-10-20 20:39:42,3.49,14769.0,United Kingdom
537034,85123D,FRENCH VANILLA SYRUP,4,2025-10-20 20:39:42,6.28,14769.0,United Kingdom
537034,85123B,PURE CANE SUGAR,4,2025-10-20 20:39:42,2.46,14769.0,United Kingdom
537034,21733,ITALIAN EXTRA VIRGIN OLIVE OIL,1,2025-10-20 20:39:42,12.6,14769.0,United Kingdom
537034,21737,GARLIC HERB BREADSTICKS,2,2025-10-20 20:39:42,3.14,14769.0,United Kingdom
537035,85123D,FRENCH VANILLA SYRUP,4,2025-11-13 19:19:10,6.16,15808.0,United Kingdom
537035,85123A,COLOMBIAN ROAST COFFEE,4,2025-11-13 19:19:10,9.24,15808.0,United Kingdom
537036,85123E,CERAMIC COFFEE MUG,1,2025-09-30 03:42:17,6.2,13795.0,United Kingdom
537036,85123B,PURE CANE SUGAR,1,2025-09-30 03:42:17,2.43,13795.0,United Kingdom
537036,85123A,COLOMBIAN ROAST COFFEE,1,2025-09-30 03:42:17,8.84,13795.0,United Kingdom
537036,85123D,FRENCH VANILLA SYRUP,4,2025-09-30 03:42:17,6.04,13795.0,United Kingdom
537036,21228,WALL CLOCK RETRO RED,3,2025-09-30 03:42:17,19.31,13795.0,United Kingdom
537037,22423,REGENCY CAKESTAND 3 TIER,1,2025-05-18 01:57:51,12.81,12407.0,France
537037,22720,SET OF 3 CAKE TINS PANTRY,1,2025-05-18 01:57:51,5.06,12407.0,France
537037,20728,CAPPUCCINO CUP & SAUCER,2,2025-05-18 01:57:51,8.46,12407.0,France
537037,20729,BLUEBERRY SCONE,2,2025-05-18 01:57:51,2.31,12407.0,France
537037,20726,PAIN AU CHOCOLAT,6,2025-05-18 01:57:51,2.59,12407.0,France
537037,21229,HAND WARMER BIRD DESIGN,2,2025-05-18 01:57:51,1.87,12407.0,France
537037,BANK CHARGES,BANK CHARGES,1,2025-05-18 01:57:51,15.68,12407.0,France
537038,71053,WIRELESS ERGONOMIC MOUSE,3,2025-01-11 02:51:04,29.03,15008.0,United Kingdom
537038,71057,MONITOR LIGHT BAR,3,2025-01-11 02:51:04,40.55,15008.0,United Kingdom
537038,71054,MECHANICAL KEYBOARD,12,2025-01-11 02:51:04,72.97,15008.0,United Kingdom
537039,84881,ORGANIC POTTING SOIL 10L,2,2025-09-15 21:49:02,7.27,14218.0,United Kingdom
537039,84880,WATERING CAN GREEN 2L,4,2025-09-15 21:49:02,11.31,14218.0,United Kingdom
537039,84883,LED GROW LIGHT BULB,1,2025-09-15 21:49:02,15.3,14218.0,United Kingdom
537040,84880,WATERING CAN GREEN 2L,1,2025-11-28 23:18:48,11.51,12924.0,United Kingdom
537040,84882,GARDENING GLOVES PAIR,4,2025-11-28 23:18:48,5.16,12924.0,United Kingdom
537041,22960,HEART OF WICKER SMALL,1,2025-01-11 04:48:41,1.64,14047.0,Spain
537041,22961,HEART OF WICKER LARGE,2,2025-01-11 04:48:41,2.92,14047.0,Spain
537041,21736,ORGANIC TOMATO BASIL SAUCE,1,2025-01-11 04:48:41,4.31,14047.0,Spain
537041,21737,GARLIC HERB BREADSTICKS,2,2025-01-11 04:48:41,3.04,14047.0,Spain
537041,21222,RETRO SPOT APRON,1,2025-01-11 04:48:41,7.22,14047.0,Spain
537042,20727,ALMOND DANISH,3,2025-12-21 23:26:08,2.84,13757.0,United Kingdom
537042,20725,CROISSANT ALL BUTTER,2,2025-12-21 23:26:08,2.2,13757.0,United Kingdom
537042,20729,BLUEBERRY SCONE,2,2025-12-21 23:26:08,2.36,13757.0,United Kingdom
537043,20727,ALMOND DANISH,2,2025-05-12 23:54:29,2.67,12565.0,United Kingdom
537043,20726,PAIN AU CHOCOLAT,1,2025-05-12 23:54:29,2.57,12565.0,United Kingdom
537043,21225,GLASS STORAGE JAR LARGE,3,2025-05-12 23:54:29,3.77,12565.0,United Kingdom
537043,21226,CHILLI LIGHTS STRING,2,2025-05-12 23:54:29,8.38,12565.0,United Kingdom
537044,85123B,PURE CANE SUGAR,1,2025-12-12 02:57:23,2.6,15072.0,United Kingdom
537044,85123D,FRENCH VANILLA SYRUP,3,2025-12-12 02:57:23,5.73,15072.0,United Kingdom
537044,85123E,CERAMIC COFFEE MUG,4,2025-12-12 02:57:23,6.41,15072.0,United Kingdom
537044,85123A,COLOMBIAN ROAST COFFEE,2,2025-12-12 02:57:23,9.05,15072.0,United Kingdom
537045,21226,CHILLI LIGHTS STRING,2,2025-05-01 03:58:50,8.65,16455.0,United Kingdom
537046,71057,MONITOR LIGHT BAR,1,2025-03-19 21:55:21,39.91,18172.0,United Kingdom
537046,71053,WIRELESS ERGONOMIC MOUSE,1,2025-03-19 21:55:21,29.25,18172.0,United Kingdom
537046,71054,MECHANICAL KEYBOARD,2,2025-03-19 21:55:21,66.72,18172.0,United Kingdom
537046,21734,ARTISAN PASTA PENNE,2,2025-03-19 21:55:21,3.4,18172.0,United Kingdom
537046,21737,GARLIC HERB BREADSTICKS,1,2025-03-19 21:55:21,2.98,18172.0,United Kingdom
537046,21733,ITALIAN EXTRA VIRGIN OLIVE OIL,1,2025-03-19 21:55:21,12.68,18172.0,United Kingdom
537046,22427,ORGANIC EGGS DOZEN,3,2025-03-19 21:55:21,5.2,18172.0,United Kingdom
537046,22424,WHOLE WHEAT BREAD,4,2025-03-19 21:55:21,3.14,18172.0,United Kingdom
537046,22426,STRAWBERRY PRESERVES,6,2025-03-19 21:55:21,3.86,18172.0,United Kingdom
537047,21734,ARTISAN PASTA PENNE,1,2025-02-19 01:13:12,3.33,15342.0,United Kingdom
537047,21735,AGED PARMESAN REGGIANO,3,2025-02-19 01:13:12,7.88,15342.0,United Kingdom
537047,21737,GARLIC HERB BREADSTICKS,3,2025-02-19 01:13:12,3.08,15342.0,United Kingdom
537048,22960,HEART OF WICKER SMALL,6,2025-07-21 21:53:51,1.58,16878.0,France
537048,22720,SET OF 3 CAKE TINS PANTRY,1,2025-07-21 21:53:51,5.14,16878.0,France
537049,22423,REGENCY CAKESTAND 3 TIER,3,2025-04-16 20:38:45,12.42,15495.0,United Kingdom
537049,85099B,WHITE HANGING HEART T-LIGHT HOLDER,6,2025-04-16 20:38:45,2.47,15495.0,United Kingdom
537050,84880,WATERING CAN GREEN 2L,1,2025-02-24 19:45:05,11.28,15629.0,Belgium
537050,84879,CERAMIC PLANT POT WHITE,3,2025-02-24 19:45:05,10.38,15629.0,Belgium
537051,85123C,DARK CHOCOLATE BAR 85%,2,2025-08-31 23:17:53,3.54,14959.0,United Kingdom
537051,85123E,CERAMIC COFFEE MUG,2,2025-08-31 23:17:53,6.62,14959.0,United Kingdom
537051,85123B,PURE CANE SUGAR,1,2025-08-31 23:17:53,2.61,14959.0,United Kingdom
537051,21217,PACK OF 20 NAPKINS,2,2025-08-31 23:17:53,1.47,14959.0,United Kingdom
537052,20728,CAPPUCCINO CUP & SAUCER,6,2025-12-16 20:38:51,8.42,13651.0,United Kingdom
537052,20726,PAIN AU CHOCOLAT,4,2025-12-16 20:38:51,2.61,13651.0,United Kingdom
537052,20725,CROISSANT ALL BUTTER,2,2025-12-16 20:38:51,2.35,13651.0,United Kingdom
537053,84880,WATERING CAN GREEN 2L,1,2025-07-09 23:38:48,11.85,17530.0,United Kingdom
537053,84883,LED GROW LIGHT BULB,1,2025-07-09 23:38:48,14.68,17530.0,United Kingdom
537053,84879,CERAMIC PLANT POT WHITE,3,2025-07-09 23:38:48,10.0,17530.0,United Kingdom
537053,21226,CHILLI LIGHTS STRING,1,2025-07-09 23:38:48,8.61,17530.0,United Kingdom
537053,21220,BICYCLE PUNCTURE REPAIR KIT,1,2025-07-09 23:38:48,2.86,17530.0,United Kingdom
537053,21229,HAND WARMER BIRD DESIGN,2,2025-07-09 23:38:48,1.92,17530.0,United Kingdom
537054,21224,GLASS STORAGE JAR SMALL,4,2025-02-01 04:07:01,2.23,15134.0,United Kingdom
537055,71053,WIRELESS ERGONOMIC MOUSE,6,2025-07-06 23:14:58,28.73,15460.0,United Kingdom
537055,71056,LARGE DESK PAD BLACK,1,2025-07-06 23:14:58,15.38,15460.0,United Kingdom
537055,85123B,PURE CANE SUGAR,2,2025-07-06 23:14:58,2.61,15460.0,United Kingdom
537055,85123A,COLOMBIAN ROAST COFFEE,3,2025-07-06 23:14:58,8.8,15460.0,United Kingdom
537055,85123D,FRENCH VANILLA SYRUP,2,2025-07-06 23:14:58,6.03,15460.0,United Kingdom
537055,22424,WHOLE WHEAT BREAD,1,2025-07-06 23:14:58,2.91,15460.0,United Kingdom
537055,22426,STRAWBERRY PRESERVES,2,2025-07-06 23:14:58,3.94,15460.0,United Kingdom
537055,22423,ORGANIC WHOLE MILK,3,2025-07-06 23:14:58,3.45,15460.0,United Kingdom
537055,22427,ORGANIC EGGS DOZEN,4,2025-07-06 23:14:58,4.94,15460.0,United Kingdom
537055,22425,SWEET CREAM BUTTER,4,2025-07-06 23:14:58,4.2,15460.0,United Kingdom
537056,22423,ORGANIC WHOLE MILK,3,2025-04-02 01:27:10,3.55,13860.0,EIRE
537056,22424,WHOLE WHEAT BREAD,2,2025-04-02 01:27:10,2.85,13860.0,EIRE
537056,22427,ORGANIC EGGS DOZEN,1,2025-04-02 01:27:10,5.23,13860.0,EIRE
537056,22425,SWEET CREAM BUTTER,2,2025-04-02 01:27:10,4.1,13860.0,EIRE
537056,21228,WALL CLOCK RETRO RED,2,2025-04-02 01:27:10,19.23,13860.0,EIRE
537057,84881,ORGANIC POTTING SOIL 10L,2,2025-10-13 03:59:17,7.17,14589.0,United Kingdom
537057,84882,GARDENING GLOVES PAIR,3,2025-10-13 03:59:17,4.95,14589.0,United Kingdom
537058,20728,CAPPUCCINO CUP & SAUCER,1,2025-08-21 21:26:07,8.78,17593.0,United Kingdom
537058,20726,PAIN AU CHOCOLAT,4,2025-08-21 21:26:07,2.46,17593.0,United Kingdom
537058,20727,ALMOND DANISH,1,2025-08-21 21:26:07,2.65,17593.0,United Kingdom
537058,21230,BATHROOM SCALE VINTAGE,1,2025-08-21 21:26:07,22.36,17593.0,United Kingdom
537058,21218,SCENTED CANDLE LAVENDER,2,2025-08-21 21:26:07,4.21,17593.0,United Kingdom
537059,21733,ITALIAN EXTRA VIRGIN OLIVE OIL,2,2025-05-30 17:20:13,12.86,12615.0,United Kingdom
537059,21735,AGED PARMESAN REGGIANO,1,2025-05-30 17:20:13,7.82,12615.0,United Kingdom
537059,21737,GARLIC HERB BREADSTICKS,2,2025-05-30 17:20:13,3.02,12615.0,United Kingdom
537060,20727,ALMOND DANISH,2,2025-03-20 17:10:21,2.78,16401.0,United Kingdom
537060,20725,CROISSANT ALL BUTTER,1,2025-03-20 17:10:21,2.36,16401.0,United Kingdom
537060,20728,CAPPUCCINO CUP & SAUCER,3,2025-03-20 17:10:21,8.8,16401.0,United Kingdom
537060,20729,BLUEBERRY SCONE,6,2025-03-20 17:10:21,2.44,16401.0,United Kingdom
537061,84881,ORGANIC POTTING SOIL 10L,4,2025-05-23 20:08:23,7.22,,United Kingdom
537061,84882,GARDENING GLOVES PAIR,2,2025-05-23 20:08:23,4.79,,United Kingdom
537061,84879,CERAMIC PLANT POT WHITE,1,2025-05-23 20:08:23,10.06,,United Kingdom
537062,22423,REGENCY CAKESTAND 3 TIER,2,2025-08-17 21:09:34,13.11,13161.0,United Kingdom
537062,22720,SET OF 3 CAKE TINS PANTRY,1,2025-08-17 21:09:34,5.06,13161.0,United Kingdom
537062,22960,HEART OF WICKER SMALL,4,2025-08-17 21:09:34,1.6,13161.0,United Kingdom
537063,85099B,WHITE HANGING HEART T-LIGHT HOLDER,1,2025-03-24 03:30:53,2.48,13771.0,Germany
537063,22960,HEART OF WICKER SMALL,3,2025-03-24 03:30:53,1.59,13771.0,Germany
537063,22423,REGENCY CAKESTAND 3 TIER,6,2025-03-24 03:30:53,13.09,13771.0,Germany
537064,71055,USB-C MULTIPORT ADAPTER,1,2025-03-19 18:52:23,25.36,16302.0,United Kingdom
537064,71053,WIRELESS ERGONOMIC MOUSE,1,2025-03-19 18:52:23,28.92,16302.0,United Kingdom
537064,21227,VINTAGE UNION JACK CUSHION,4,2025-03-19 18:52:23,15.21,16302.0,United Kingdom
537065,22961,HEART OF WICKER LARGE,3,2025-03-02 02:56:25,3.0,16448.0,United Kingdom
537065,22720,SET OF 3 CAKE TINS PANTRY,1,2025-03-02 02:56:25,4.75,16448.0,United Kingdom
537065,22960,HEART OF WICKER SMALL,3,2025-03-02 02:56:25,1.58,16448.0,United Kingdom
537065,85099B,WHITE HANGING HEART T-LIGHT HOLDER,3,2025-03-02 02:56:25,2.63,16448.0,United Kingdom
537066,21733,ITALIAN EXTRA VIRGIN OLIVE OIL,1,2025-10-03 03:43:31,12.48,12681.0,United Kingdom
537066,21737,GARLIC HERB BREADSTICKS,4,2025-10-03 03:43:31,2.92,12681.0,United Kingdom
537066,21734,ARTISAN PASTA PENNE,1,2025-10-03 03:43:31,3.3,12681.0,United Kingdom
537066,21736,ORGANIC TOMATO BASIL SAUCE,1,2025-10-03 03:43:31,4.6,12681.0,United Kingdom
537066,84882,GARDENING GLOVES PAIR,2,2025-10-03 03:43:31,5.14,12681.0,United Kingdom
537066,84879,CERAMIC PLANT POT WHITE,2,2025-10-03 03:43:31,9.69,12681.0,United Kingdom
537066,21231,FELTCRAFT DOLL ROSIE,3,2025-10-03 03:43:31,2.91,12681.0,United Kingdom
537067,22427,ORGANIC EGGS DOZEN,12,2025-02-22 19:44:51,4.85,14552.0,United Kingdom
537067,22423,ORGANIC WHOLE MILK,2,2025-02-22 19:44:51,3.58,14552.0,United Kingdom
537067,22426,STRAWBERRY PRESERVES,1,2025-02-22 19:44:51,3.97,14552.0,United Kingdom
537067,22424,WHOLE WHEAT BREAD,6,2025-02-22 19:44:51,3.11,14552.0,United Kingdom
537067,21221,RETRO SPOT TEA TOWEL,3,2025-02-22 19:44:51,2.58,14552.0,United Kingdom
537068,21228,WALL CLOCK RETRO RED,2,2025-04-09 21:41:42,18.37,,United Kingdom
537069,85123A,COLOMBIAN ROAST COFFEE,1,2025-05-26 03:12:10,8.84,12958.0,United Kingdom
537069,85123E,CERAMIC COFFEE MUG,4,2025-05-26 03:12:10,6.47,12958.0,United Kingdom
537069,85123C,DARK CHOCOLATE BAR 85%,2,2025-05-26 03:12:10,3.4,12958.0,United Kingdom
537069,85123B,PURE CANE SUGAR,6,2025-05-26 03:12:10,2.39,12958.0,United Kingdom
537070,84883,LED GROW LIGHT BULB,1,2025-07-24 23:42:32,14.81,14091.0,France
537070,84879,CERAMIC PLANT POT WHITE,3,2025-07-24 23:42:32,9.73,14091.0,France
537070,21734,ARTISAN PASTA PENNE,1,2025-07-24 23:42:32,3.19,14091.0,France
537070,21736,ORGANIC TOMATO BASIL SAUCE,1,2025-07-24 23:42:32,4.49,14091.0,France
537070,21735,AGED PARMESAN REGGIANO,6,2025-07-24 23:42:32,7.53,14091.0,France
537070,85123C,DARK CHOCOLATE BAR 85%,2,2025-07-24 23:42:32,3.36,14091.0,France
537070,85123A,COLOMBIAN ROAST COFFEE,3,2025-07-24 23:42:32,8.88,14091.0,France
537070,85123E,CERAMIC COFFEE MUG,1,2025-07-24 23:42:32,6.45,14091.0,France
537071,71054,MECHANICAL KEYBOARD,2,2025-12-12 20:36:32,68.58,12744.0,United Kingdom
537071,71057,MONITOR LIGHT BAR,3,2025-12-12 20:36:32,40.73,12744.0,United Kingdom
537071,21222,RETRO SPOT APRON,6,2025-12-12 20:36:32,7.16,12744.0,United Kingdom
537072,20725,CROISSANT ALL BUTTER,1,2025-07-02 02:37:45,2.34,13410.0,United Kingdom
537072,20727,ALMOND DANISH,1,2025-07-02 02:37:45,2.83,13410.0,United Kingdom
537072,84879,CERAMIC PLANT POT WHITE,6,2025-07-02 02:37:45,9.52,13410.0,United Kingdom
537072,84880,WATERING CAN GREEN 2L,2,2025-07-02 02:37:45,11.09,13410.0,United Kingdom
537072,84882,GARDENING GLOVES PAIR,24,2025-07-02 02:37:45,5.01,13410.0,United Kingdom
537072,22424,WHOLE WHEAT BREAD,4,2025-07-02 02:37:45,3.03,13410.0,United Kingdom
537072,22426,STRAWBERRY PRESERVES,4,2025-07-02 02:37:45,4.03,13410.0,United Kingdom
537072,22427,ORGANIC EGGS DOZEN,2,2025-07-02 02:37:45,5.13,13410.0,United Kingdom
537072,22423,ORGANIC WHOLE MILK,3,2025-07-02 02:37:45,3.42,13410.0,United Kingdom
537072,22425,SWEET CREAM BUTTER,2,2025-07-02 02:37:45,4.12,13410.0,United Kingdom
537072,21222,RETRO SPOT APRON,2,2025-07-02 02:37:45,6.94,13410.0,United Kingdom
537073,85123D,FRENCH VANILLA SYRUP,1,2025-09-19 18:24:31,6.24,,United Kingdom
537073,85123E,CERAMIC COFFEE MUG,2,2025-09-19 18:24:31,6.53,,United Kingdom
537074,20728,CAPPUCCINO CUP & SAUCER,2,2025-03-11 05:05:29,8.28,14460.0,United Kingdom
537074,20725,CROISSANT ALL BUTTER,2,2025-03-11 05:05:29,2.32,14460.0,United Kingdom
537074,20729,BLUEBERRY SCONE,2,2025-03-11 05:05:29,2.52,14460.0,United Kingdom
537074,22423,REGENCY CAKESTAND 3 TIER,1,2025-03-11 05:05:29,12.47,14460.0,United Kingdom
537074,22720,SET OF 3 CAKE TINS PANTRY,6,2025-03-11 05:05:29,4.92,14460.0,United Kingdom
537074,21230,BATHROOM SCALE VINTAGE,24,2025-03-11 05:05:29,21.75,14460.0,United Kingdom
537074,21226,CHILLI LIGHTS STRING,1,2025-03-11 05:05:29,8.58,14460.0,United Kingdom
537074,21219,TRAVEL SEWING KIT,2,2025-03-11 05:05:29,2.18,14460.0,United Kingdom
537075,84882,GARDENING GLOVES PAIR,2,2025-07-29 21:26:28,4.89,16212.0,United Kingdom
537075,84881,ORGANIC POTTING SOIL 10L,4,2025-07-29 21:26:28,7.05,16212.0,United Kingdom
537075,84880,WATERING CAN GREEN 2L,2,2025-07-29 21:26:28,11.33,16212.0,United Kingdom
537075,21226,CHILLI LIGHTS STRING,2,2025-07-29 21:26:28,8.58,16212.0,United Kingdom
537076,22960,HEART OF WICKER SMALL,2,2025-08-08 05:05:30,1.7,,United Kingdom
537076,22961,HEART OF WICKER LARGE,1,2025-08-08 05:05:30,3.02,,United Kingdom
537076,22423,REGENCY CAKESTAND 3 TIER,1,2025-08-08 05:05:30,13.32,,United Kingdom
537076,22720,SET OF 3 CAKE TINS PANTRY,2,2025-08-08 05:05:30,4.91,,United Kingdom
537077,22423,REGENCY CAKESTAND 3 TIER,2,2025-04-23 18:44:12,13.12,,United Kingdom
537077,22961,HEART OF WICKER LARGE,12,2025-04-23 18:44:12,2.91,,United Kingdom
537078,21733,ITALIAN EXTRA VIRGIN OLIVE OIL,2,2025-04-17 21:58:34,12.71,13409.0,United Kingdom
537078,21734,ARTISAN PASTA PENNE,1,2025-04-17 21:58:34,3.32,13409.0,United Kingdom
537078,21735,AGED PARMESAN REGGIANO,1,2025-04-17 21:58:34,7.78,13409.0,United Kingdom
537078,85123D,FRENCH VANILLA SYRUP,1,2025-04-17 21:58:34,5.84,13409.0,United Kingdom
537078,85123A,COLOMBIAN ROAST COFFEE,1,2025-04-17 21:58:34,8.84,13409.0,United Kingdom
537078,21220,BICYCLE PUNCTURE REPAIR KIT,2,2025-04-17 21:58:34,3.01,13409.0,United Kingdom
537079,20725,CROISSANT ALL BUTTER,12,2025-04-06 17:45:56,2.31,13405.0,United Kingdom
537079,20727,ALMOND DANISH,2,2025-04-06 17:45:56,2.75,13405.0,United Kingdom
537080,22961,HEART OF WICKER LARGE,2,2025-10-27 22:21:26,2.95,14877.0,United Kingdom
537080,22960,HEART OF WICKER SMALL,1,2025-10-27 22:21:26,1.65,14877.0,United Kingdom
537080,21212,VINTAGE SNAP CARDS,1,2025-10-27 22:21:26,0.87,14877.0,United Kingdom
537081,85123A,COLOMBIAN ROAST COFFEE,3,2025-02-13 22:47:33,8.56,14564.0,United Kingdom
537081,85123E,CERAMIC COFFEE MUG,2,2025-02-13 22:47:33,6.34,14564.0,United Kingdom
537081,85123B,PURE CANE SUGAR,2,2025-02-13 22:47:33,2.49,14564.0,United Kingdom
537082,84883,LED GROW LIGHT BULB,2,2025-07-20 01:01:09,14.35,17032.0,United Kingdom
537082,84879,CERAMIC PLANT POT WHITE,1,2025-07-20 01:01:09,10.12,17032.0,United Kingdom
537082,71053,WIRELESS ERGONOMIC MOUSE,2,2025-07-20 01:01:09,29.98,17032.0,United Kingdom
537082,71055,USB-C MULTIPORT ADAPTER,1,2025-07-20 01:01:09,24.06,17032.0,United Kingdom
537082,71054,MECHANICAL KEYBOARD,2,2025-07-20 01:01:09,70.34,17032.0,United Kingdom
537083,71057,MONITOR LIGHT BAR,12,2025-11-01 03:24:12,41.61,14540.0,United Kingdom
537083,71053,WIRELESS ERGONOMIC MOUSE,3,2025-11-01 03:24:12,28.82,14540.0,United Kingdom
537083,71054,MECHANICAL KEYBOARD,2,2025-11-01 03:24:12,69.76,14540.0,United Kingdom
537083,21735,AGED PARMESAN REGGIANO,1,2025-11-01 03:24:12,7.56,14540.0,United Kingdom
537083,21737,GARLIC HERB BREADSTICKS,1,2025-11-01 03:24:12,3.01,14540.0,United Kingdom
537083,21733,ITALIAN EXTRA VIRGIN OLIVE OIL,2,2025-11-01 03:24:12,13.33,14540.0,United Kingdom
537083,21231,FELTCRAFT DOLL ROSIE,1,2025-11-01 03:24:12,3.02,14540.0,United Kingdom
537083,21226,CHILLI LIGHTS STRING,6,2025-11-01 03:24:12,8.81,14540.0,United Kingdom
537084,85123A,COLOMBIAN ROAST COFFEE,6,2025-07-01 23:18:45,9.4,13243.0,Germany
537084,85123B,PURE CANE SUGAR,1,2025-07-01 23:18:45,2.38,13243.0,Germany
537084,85123C,DARK CHOCOLATE BAR 85%,1,2025-07-01 23:18:45,3.63,13243.0,Germany
537084,85123E,CERAMIC COFFEE MUG,4,2025-07-01 23:18:45,6.26,13243.0,Germany
537084,71054,MECHANICAL KEYBOARD,2,2025-07-01 23:18:45,70.69,13243.0,Germany
537084,71055,USB-C MULTIPORT ADAPTER,1,2025-07-01 23:18:45,25.82,13243.0,Germany
537084,71056,LARGE DESK PAD BLACK,1,2025-07-01 23:18:45,15.58,13243.0,Germany
537084,71053,WIRELESS ERGONOMIC MOUSE,4,2025-07-01 23:18:45,29.68,13243.0,Germany
537085,71054,MECHANICAL KEYBOARD,2,2025-11-30 18:03:17,68.19,12434.0,United Kingdom
537085,71055,USB-C MULTIPORT ADAPTER,3,2025-11-30 18:03:17,25.45,12434.0,United Kingdom
537085,71056,LARGE DESK PAD BLACK,6,2025-11-30 18:03:17,16.76,12434.0,United Kingdom
537085,71057,MONITOR LIGHT BAR,1,2025-11-30 18:03:17,41.07,12434.0,United Kingdom
537086,22423,ORGANIC WHOLE MILK,3,2025-04-23 19:08:36,3.42,,United Kingdom
537086,22426,STRAWBERRY PRESERVES,3,2025-04-23 19:08:36,3.82,,United Kingdom
537086,22424,WHOLE WHEAT BREAD,1,2025-04-23 19:08:36,2.91,,United Kingdom
537087,85123D,FRENCH VANILLA SYRUP,3,2025-05-28 01:44:39,5.8,15319.0,United Kingdom
537087,85123A,COLOMBIAN ROAST COFFEE,1,2025-05-28 01:44:39,9.28,15319.0,United Kingdom
537087,85123B,PURE CANE SUGAR,1,2025-05-28 01:44:39,2.49,15319.0,United Kingdom
537087,21230,BATHROOM SCALE VINTAGE,3,2025-05-28 01:44:39,21.01,15319.0,United Kingdom
537088,84880,WATERING CAN GREEN 2L,4,2025-01-22 03:06:34,11.3,14416.0,United Kingdom
537088,84879,CERAMIC PLANT POT WHITE,6,2025-01-22 03:06:34,9.81,14416.0,United Kingdom
537088,84882,GARDENING GLOVES PAIR,12,2025-01-22 03:06:34,5.06,14416.0,United Kingdom
537088,84881,ORGANIC POTTING SOIL 10L,3,2025-01-22 03:06:34,7.12,14416.0,United Kingdom
537088,21214,RECIPE BOX PANTRY DESIGN,1,2025-01-22 03:06:34,8.05,14416.0,United Kingdom
537089,22720,SET OF 3 CAKE TINS PANTRY,2,2025-10-01 18:07:05,5.08,16323.0,United Kingdom
537089,85099B,WHITE HANGING HEART T-LIGHT HOLDER,2,2025-10-01 18:07:05,2.63,16323.0,United Kingdom
537089,22423,REGENCY CAKESTAND 3 TIER,24,2025-10-01 18:07:05,12.63,16323.0,United Kingdom
537089,22960,HEART OF WICKER SMALL,2,2025-10-01 18:07:05,1.71,16323.0,United Kingdom
537089,22961,HEART OF WICKER LARGE,2,2025-10-01 18:07:05,3.08,16323.0,United Kingdom
537089,84881,ORGANIC POTTING SOIL 10L,4,2025-10-01 18:07:05,6.96,16323.0,United Kingdom
537089,84879,CERAMIC PLANT POT WHITE,1,2025-10-01 18:07:05,10.1,16323.0,United Kingdom
537089,84883,LED GROW LIGHT BULB,3,2025-10-01 18:07:05,15.13,16323.0,United Kingdom
537090,22425,SWEET CREAM BUTTER,2,2025-09-25 17:17:48,4.24,,Spain
537090,22426,STRAWBERRY PRESERVES,2,2025-09-25 17:17:48,3.71,,Spain
537091,22425,SWEET CREAM BUTTER,24,2025-09-28 00:15:34,4.36,15679.0,United Kingdom
537091,22426,STRAWBERRY PRESERVES,2,2025-09-28 00:15:34,3.7,15679.0,United Kingdom
537091,22427,ORGANIC EGGS DOZEN,1,2025-09-28 00:15:34,5.06,15679.0,United Kingdom
537091,21213,MINI PAINT SET 9 COLOURS,1,2025-09-28 00:15:34,1.21,15679.0,United Kingdom
C537092,21225,GLASS STORAGE JAR LARGE,-9,2025-01-25 00:44:03,4.04,18172.0,United Kingdom
537093,71056,LARGE DESK PAD BLACK,3,2025-06-14 21:57:02,15.89,,France
537093,71054,MECHANICAL KEYBOARD,1,2025-06-14 21:57:02,70.19,,France
537093,71057,MONITOR LIGHT BAR,1,2025-06-14 21:57:02,41.07,,France
537093,71053,WIRELESS ERGONOMIC MOUSE,3,2025-06-14 21:57:02,28.79,,France
537094,22720,SET OF 3 CAKE TINS PANTRY,1,2025-06-04 01:00:43,4.87,,United Kingdom
537094,85099B,WHITE HANGING HEART T-LIGHT HOLDER,3,2025-06-04 01:00:43,2.59,,United Kingdom
537094,21221,RETRO SPOT TEA TOWEL,4,2025-06-04 01:00:43,2.48,,United Kingdom
537095,22423,ORGANIC WHOLE MILK,3,2025-06-03 20:03:14,3.56,13996.0,United Kingdom
537095,22425,SWEET CREAM BUTTER,3,2025-06-03 20:03:14,4.17,13996.0,United Kingdom
537095,22423,REGENCY CAKESTAND 3 TIER,3,2025-06-03 20:03:14,13.0,13996.0,United Kingdom
537095,22720,SET OF 3 CAKE TINS PANTRY,1,2025-06-03 20:03:14,4.87,13996.0,United Kingdom
C537096,20725,CROISSANT ALL BUTTER,-2,2025-05-04 20:32:23,2.35,,United Kingdom
C537096,20726,PAIN AU CHOCOLAT,-1,2025-05-04 20:32:23,2.46,,United Kingdom
C537096,20728,CAPPUCCINO CUP & SAUCER,-2,2025-05-04 20:32:23,8.8,,United Kingdom
C537096,21230,BATHROOM SCALE VINTAGE,-5,2025-05-04 20:32:23,22.6,,United Kingdom
537097,71055,USB-C MULTIPORT ADAPTER,2,2025-03-22 23:55:39,25.83,,United Kingdom
537097,71057,MONITOR LIGHT BAR,1,2025-03-22 23:55:39,38.3,,United Kingdom
537097,71054,MECHANICAL KEYBOARD,4,2025-03-22 23:55:39,67.26,,United Kingdom
537097,71053,WIRELESS ERGONOMIC MOUSE,2,2025-03-22 23:55:39,30.25,,United Kingdom
537097,21220,BICYCLE PUNCTURE REPAIR KIT,4,2025-03-22 23:55:39,3.05,,United Kingdom
537098,22427,ORGANIC EGGS DOZEN,2,2025-09-24 02:23:47,5.18,,United Kingdom
537098,22424,WHOLE WHEAT BREAD,4,2025-09-24 02:23:47,2.93,,United Kingdom
537098,22425,SWEET CREAM BUTTER,1,2025-09-24 02:23:47,4.36,,United Kingdom
537098,22426,STRAWBERRY PRESERVES,6,2025-09-24 02:23:47,3.94,,United Kingdom
537099,22426,STRAWBERRY PRESERVES,1,2025-12-01 17:58:55,3.71,,United Kingdom
537099,22423,ORGANIC WHOLE MILK,3,2025-12-01 17:58:55,3.49,,United Kingdom
537100,85123D,FRENCH VANILLA SYRUP,6,2025-05-29 22:00:08,6.01,15532.0,United Kingdom
537100,85123C,DARK CHOCOLATE BAR 85%,1,2025-05-29 22:00:08,3.41,15532.0,United Kingdom
537100,20728,CAPPUCCINO CUP & SAUCER,1,2025-05-29 22:00:08,8.61,15532.0,United Kingdom
537100,20727,ALMOND DANISH,1,2025-05-29 22:00:08,2.66,15532.0,United Kingdom
537100,20725,CROISSANT ALL BUTTER,1,2025-05-29 22:00:08,2.28,15532.0,United Kingdom
537100,20729,BLUEBERRY SCONE,1,2025-05-29 22:00:08,2.44,15532.0,United Kingdom
537100,21226,CHILLI LIGHTS STRING,2,2025-05-29 22:00:08,8.36,15532.0,United Kingdom
537100,21220,BICYCLE PUNCTURE REPAIR KIT,2,2025-05-29 22:00:08,2.97,15532.0,United Kingdom
537100,21230,BATHROOM SCALE VINTAGE,12,2025-05-29 22:00:08,21.78,15532.0,United Kingdom
537101,84879,CERAMIC PLANT POT WHITE,2,2025-09-27 21:03:04,10.24,14565.0,United Kingdom
537101,84883,LED GROW LIGHT BULB,1,2025-09-27 21:03:04,14.96,14565.0,United Kingdom
537102,20728,CAPPUCCINO CUP & SAUCER,6,2025-10-07 17:37:59,8.76,,Belgium
537102,20725,CROISSANT ALL BUTTER,1,2025-10-07 17:37:59,2.19,,Belgium
537102,20729,BLUEBERRY SCONE,2,2025-10-07 17:37:59,2.45,,Belgium
537102,22423,ORGANIC WHOLE MILK,24,2025-10-07 17:37:59,3.48,,Belgium
537102,22424,WHOLE WHEAT BREAD,2,2025-10-07 17:37:59,3.11,,Belgium
537103,84883,LED GROW LIGHT BULB,2,2025-11-26 22:52:13,15.68,,United Kingdom
537103,84882,GARDENING GLOVES PAIR,1,2025-11-26 22:52:13,4.99,,United Kingdom
537104,85123D,FRENCH VANILLA SYRUP,3,2025-07-21 22:12:15,5.95,16649.0,United Kingdom
537104,85123E,CERAMIC COFFEE MUG,3,2025-07-21 22:12:15,6.49,16649.0,United Kingdom
537104,85123C,DARK CHOCOLATE BAR 85%,1,2025-07-21 22:12:15,3.58,16649.0,United Kingdom
537104,20725,CROISSANT ALL BUTTER,4,2025-07-21 22:12:15,2.26,16649.0,United Kingdom
537104,20726,PAIN AU CHOCOLAT,2,2025-07-21 22:12:15,2.48,16649.0,United Kingdom
537104,21215,WOODEN PICTURE FRAME,1,2025-07-21 22:12:15,5.74,16649.0,United Kingdom
537105,22961,HEART OF WICKER LARGE,1,2025-05-11 21:12:08,3.09,18216.0,United Kingdom
537105,22960,HEART OF WICKER SMALL,4,2025-05-11 21:12:08,1.59,18216.0,United Kingdom
537105,22423,REGENCY CAKESTAND 3 TIER,2,2025-05-11 21:12:08,12.64,18216.0,United Kingdom
537105,85099B,WHITE HANGING HEART T-LIGHT HOLDER,4,2025-05-11 21:12:08,2.67,18216.0,United Kingdom
537105,22720,,6,2025-05-11 21:12:08,5.13,18216.0,United Kingdom
537105,21213,MINI PAINT SET 9 COLOURS,2,2025-05-11 21:12:08,1.2,18216.0,United Kingdom
537106,20726,PAIN AU CHOCOLAT,6,2025-12-28 04:22:35,2.44,17913.0,United Kingdom
537106,20725,CROISSANT ALL BUTTER,12,2025-12-28 04:22:35,2.3,17913.0,United Kingdom
537106,85123C,DARK CHOCOLATE BAR 85%,4,2025-12-28 04:22:35,3.51,17913.0,United Kingdom
537106,85123A,COLOMBIAN ROAST COFFEE,4,2025-12-28 04:22:35,9.01,17913.0,United Kingdom
537107,22960,HEART OF WICKER SMALL,3,2025-05-04 16:39:12,1.58,18220.0,United Kingdom
537107,22423,REGENCY CAKESTAND 3 TIER,1,2025-05-04 16:39:12,12.4,18220.0,United Kingdom
537108,22427,ORGANIC EGGS DOZEN,2,2025-03-28 03:21:25,4.87,16711.0,United Kingdom
537108,22424,WHOLE WHEAT BREAD,1,2025-03-28 03:21:25,3.12,16711.0,United Kingdom
537108,85123C,DARK CHOCOLATE BAR 85%,2,2025-03-28 03:21:25,3.36,16711.0,United Kingdom
537108,85123E,CERAMIC COFFEE MUG,12,2025-03-28 03:21:25,6.32,16711.0,United Kingdom
537108,85123A,COLOMBIAN ROAST COFFEE,1,2025-03-28 03:21:25,9.05,16711.0,United Kingdom
537109,20729,BLUEBERRY SCONE,1,2025-12-03 23:14:56,2.46,12797.0,United Kingdom
537109,20725,CROISSANT ALL BUTTER,1,2025-12-03 23:14:56,2.18,12797.0,United Kingdom
537109,20728,CAPPUCCINO CUP & SAUCER,1,2025-12-03 23:14:56,8.24,12797.0,United Kingdom
537110,20729,BLUEBERRY SCONE,2,2025-10-27 23:59:49,2.43,17168.0,United Kingdom
537110,20726,PAIN AU CHOCOLAT,1,2025-10-27 23:59:49,2.39,17168.0,United Kingdom
537110,20727,ALMOND DANISH,2,2025-10-27 23:59:49,2.67,17168.0,United Kingdom
537110,20728,CAPPUCCINO CUP & SAUCER,12,2025-10-27 23:59:49,8.47,17168.0,United Kingdom
537110,20725,CROISSANT ALL BUTTER,2,2025-10-27 23:59:49,2.3,17168.0,United Kingdom
537111,84882,GARDENING GLOVES PAIR,1,2025-09-28 03:39:36,4.91,12602.0,United Kingdom
537111,84880,WATERING CAN GREEN 2L,3,2025-09-28 03:39:36,11.9,12602.0,United Kingdom
537111,21734,ARTISAN PASTA PENNE,4,2025-09-28 03:39:36,3.15,12602.0,United Kingdom
537111,21733,ITALIAN EXTRA VIRGIN OLIVE OIL,2,2025-09-28 03:39:36,13.49,12602.0,United Kingdom
537111,21736,ORGANIC TOMATO BASIL SAUCE,3,2025-09-28 03:39:36,4.41,12602.0,United Kingdom
537111,21737,GARLIC HERB BREADSTICKS,12,2025-09-28 03:39:36,3.11,12602.0,United Kingdom
537111,21735,AGED PARMESAN REGGIANO,2,2025-09-28 03:39:36,7.7,12602.0,United Kingdom
537111,71056,LARGE DESK PAD BLACK,3,2025-09-28 03:39:36,15.21,12602.0,United Kingdom
537111,71054,MECHANICAL KEYBOARD,1,2025-09-28 03:39:36,66.76,12602.0,United Kingdom
537112,71057,MONITOR LIGHT BAR,4,2025-05-30 19:59:21,39.88,17580.0,United Kingdom
537112,71054,MECHANICAL KEYBOARD,1,2025-05-30 19:59:21,69.11,17580.0,United Kingdom
537112,71055,USB-C MULTIPORT ADAPTER,1,2025-05-30 19:59:21,24.72,17580.0,United Kingdom
537112,71053,WIRELESS ERGONOMIC MOUSE,1,2025-05-30 19:59:21,30.86,17580.0,United Kingdom
537112,71056,LARGE DESK PAD BLACK,3,2025-05-30 19:59:21,15.97,17580.0,United Kingdom
537112,22426,STRAWBERRY PRESERVES,3,2025-05-30 19:59:21,3.9,17580.0,United Kingdom
537112,22424,WHOLE WHEAT BREAD,1,2025-05-30 19:59:21,3.09,17580.0,United Kingdom
537112,22423,ORGANIC WHOLE MILK,2,2025-05-30 19:59:21,3.56,17580.0,United Kingdom
537112,22427,ORGANIC EGGS DOZEN,1,2025-05-30 19:59:21,4.82,17580.0,United Kingdom
537113,20727,ALMOND DANISH,6,2025-06-26 01:23:35,2.7,12733.0,United Kingdom
537113,20726,PAIN AU CHOCOLAT,6,2025-06-26 01:23:35,2.42,12733.0,United Kingdom
537113,20728,CAPPUCCINO CUP & SAUCER,6,2025-06-26 01:23:35,8.73,12733.0,United Kingdom
537114,21223,SET OF 6 SPICE JARS,2,2025-10-12 18:55:02,10.25,16863.0,United Kingdom
537115,84881,ORGANIC POTTING SOIL 10L,4,2025-03-18 19:08:57,7.03,14875.0,United Kingdom
537115,84883,LED GROW LIGHT BULB,24,2025-03-18 19:08:57,14.37,14875.0,United Kingdom
537116,21736,ORGANIC TOMATO BASIL SAUCE,6,2025-09-06 22:39:28,4.34,15054.0,United Kingdom
537116,21733,ITALIAN EXTRA VIRGIN OLIVE OIL,2,2025-09-06 22:39:28,13.35,15054.0,United Kingdom
537116,84881,ORGANIC POTTING SOIL 10L,2,2025-09-06 22:39:28,7.12,15054.0,United Kingdom
537116,84882,GARDENING GLOVES PAIR,6,2025-09-06 22:39:28,5.03,15054.0,United Kingdom
537116,84879,CERAMIC PLANT POT WHITE,2,2025-09-06 22:39:28,9.88,15054.0,United Kingdom
537117,21733,ITALIAN EXTRA VIRGIN OLIVE OIL,2,2025-11-10 18:59:06,12.8,17069.0,United Kingdom
537117,21734,ARTISAN PASTA PENNE,12,2025-11-10 18:59:06,3.31,17069.0,United Kingdom
537117,21737,GARLIC HERB BREADSTICKS,2,2025-11-10 18:59:06,3.07,17069.0,United Kingdom
537118,71057,MONITOR LIGHT BAR,3,2025-01-15 02:30:30,39.0,16996.0,United Kingdom
537118,71055,USB-C MULTIPORT ADAPTER,1,2025-01-15 02:30:30,24.75,16996.0,United Kingdom
537119,71053,WIRELESS ERGONOMIC MOUSE,3,2025-05-08 21:19:28,31.08,17699.0,United Kingdom
537119,71055,USB-C MULTIPORT ADAPTER,4,2025-05-08 21:19:28,26.15,17699.0,United Kingdom
537119,71057,MONITOR LIGHT BAR,4,2025-05-08 21:19:28,41.68,17699.0,United Kingdom
537119,22427,ORGANIC EGGS DOZEN,2,2025-05-08 21:19:28,4.93,17699.0,United Kingdom
537119,22424,WHOLE WHEAT BREAD,1,2025-05-08 21:19:28,2.85,17699.0,United Kingdom
537120,84879,CERAMIC PLANT POT WHITE,3,2025-09-05 22:36:56,9.81,16157.0,United Kingdom
537120,84883,LED GROW LIGHT BULB,2,2025-09-05 22:36:56,14.75,16157.0,United Kingdom
537120,85123E,CERAMIC COFFEE MUG,3,2025-09-05 22:36:56,6.32,16157.0,United Kingdom
537120,85123B,PURE CANE SUGAR,3,2025-09-05 22:36:56,2.46,16157.0,United Kingdom
537120,85123D,FRENCH VANILLA SYRUP,3,2025-09-05 22:36:56,5.89,16157.0,United Kingdom
537121,21737,GARLIC HERB BREADSTICKS,1,2025-03-16 19:47:30,2.98,,United Kingdom
537121,21735,AGED PARMESAN REGGIANO,1,2025-03-16 19:47:30,7.59,,United Kingdom
537121,21733,ITALIAN EXTRA VIRGIN OLIVE OIL,1,2025-03-16 19:47:30,13.55,,United Kingdom
537122,84879,CERAMIC PLANT POT WHITE,6,2025-10-25 20:29:42,10.4,,United Kingdom
537122,84882,GARDENING GLOVES PAIR,1,2025-10-25 20:29:42,4.93,,United Kingdom
537122,21224,GLASS STORAGE JAR SMALL,3,2025-10-25 20:29:42,2.35,,United Kingdom
537123,22720,SET OF 3 CAKE TINS PANTRY,1,2025-06-29 22:30:31,5.06,14078.0,United Kingdom
537123,22423,REGENCY CAKESTAND 3 TIER,1,2025-06-29 22:30:31,12.34,14078.0,United Kingdom
537123,85099B,WHITE HANGING HEART T-LIGHT HOLDER,3,2025-06-29 22:30:31,2.67,14078.0,United Kingdom
537124,21226,CHILLI LIGHTS STRING,3,2025-03-27 17:06:28,8.89,13845.0,United Kingdom
537125,22423,,3,2025-09-01 23:08:30,3.37,12611.0,United Kingdom
537125,22424,WHOLE WHEAT BREAD,1,2025-09-01 23:08:30,2.87,12611.0,United Kingdom
537125,20726,PAIN AU CHOCOLAT,6,2025-09-01 23:08:30,2.41,12611.0,United Kingdom
537125,20725,CROISSANT ALL BUTTER,3,2025-09-01 23:08:30,2.18,12611.0,United Kingdom
537125,20727,ALMOND DANISH,1,2025-09-01 23:08:30,2.81,12611.0,United Kingdom
537126,84879,CERAMIC PLANT POT WHITE,6,2025-04-02 04:12:33,9.98,13574.0,United Kingdom
537126,84880,WATERING CAN GREEN 2L,4,2025-04-02 04:12:33,11.67,13574.0,United Kingdom
537126,22961,HEART OF WICKER LARGE,3,2025-04-02 04:12:33,2.88,13574.0,United Kingdom
537126,85099B,WHITE HANGING HEART T-LIGHT HOLDER,1,2025-04-02 04:12:33,2.56,13574.0,United Kingdom
537126,22423,REGENCY CAKESTAND 3 TIER,2,2025-04-02 04:12:33,12.13,13574.0,United Kingdom
537126,21223,SET OF 6 SPICE JARS,2,2025-04-02 04:12:33,9.93,13574.0,United Kingdom
537126,21228,WALL CLOCK RETRO RED,1,2025-04-02 04:12:33,19.25,13574.0,United Kingdom
537127,21218,SCENTED CANDLE LAVENDER,4,2025-11-12 19:02:50,4.26,12842.0,United Kingdom
537128,85123C,  DARK CHOCOLATE BAR 85%   ,3,2025-09-06 02:03:12,3.52,,United Kingdom
537128,85123B,PURE CANE SUGAR,2,2025-09-06 02:03:12,2.54,,United Kingdom
537128,21735,AGED PARMESAN REGGIANO,6,2025-09-06 02:03:12,7.79,,United Kingdom
537128,21733,ITALIAN EXTRA VIRGIN OLIVE OIL,6,2025-09-06 02:03:12,12.95,,United Kingdom
537128,21734,ARTISAN PASTA PENNE,12,2025-09-06 02:03:12,3.32,,United Kingdom
537128,21736,ORGANIC TOMATO BASIL SAUCE,1,2025-09-06 02:03:12,4.67,,United Kingdom
537128,21737,GARLIC HERB BREADSTICKS,1,2025-09-06 02:03:12,2.85,,United Kingdom
537129,21212,VINTAGE SNAP CARDS,1,2025-01-25 03:41:00,0.88,15306.0,United Kingdom
537130,20728,CAPPUCCINO CUP & SAUCER,1,2025-12-15 22:10:14,8.63,17697.0,United Kingdom
537130,20727,ALMOND DANISH,1,2025-12-15 22:10:14,2.81,17697.0,United Kingdom
537130,20726,PAIN AU CHOCOLAT,3,2025-12-15 22:10:14,2.47,17697.0,United Kingdom
537130,21734,ARTISAN PASTA PENNE,6,2025-12-15 22:10:14,3.45,17697.0,United Kingdom
537130,21735,AGED PARMESAN REGGIANO,4,2025-12-15 22:10:14,7.81,17697.0,United Kingdom
537130,21733,ITALIAN EXTRA VIRGIN OLIVE OIL,2,2025-12-15 22:10:14,12.49,17697.0,United Kingdom
537130,21737,GARLIC HERB BREADSTICKS,4,2025-12-15 22:10:14,2.94,17697.0,United Kingdom
537131,22427,ORGANIC EGGS DOZEN,1,2025-06-12 02:16:25,4.94,16607.0,United Kingdom
537131,22423,ORGANIC WHOLE MILK,1,2025-06-12 02:16:25,3.43,16607.0,United Kingdom
537132,22423,ORGANIC WHOLE MILK,1,2025-08-24 04:07:06,3.55,13530.0,United Kingdom
537132,22425,SWEET CREAM BUTTER,3,2025-08-24 04:07:06,4.29,13530.0,United Kingdom
537133,21737,GARLIC HERB BREADSTICKS,1,2025-12-14 00:16:44,2.94,12768.0,United Kingdom
537133,21733,ITALIAN EXTRA VIRGIN OLIVE OIL,1,2025-12-14 00:16:44,13.45,12768.0,United Kingdom
537133,21736,ORGANIC TOMATO BASIL SAUCE,2,2025-12-14 00:16:44,4.66,12768.0,United Kingdom
537134,71055,USB-C MULTIPORT ADAPTER,2,2025-06-04 00:13:16,25.11,,United Kingdom
537134,71056,LARGE DESK PAD BLACK,1,2025-06-04 00:13:16,15.61,,United Kingdom
537134,21219,TRAVEL SEWING KIT,1,2025-06-04 00:13:16,2.05,,United Kingdom
537135,71056,LARGE DESK PAD BLACK,1,2025-09-25 01:11:39,15.2,17416.0,Germany
537135,71055,USB-C MULTIPORT ADAPTER,6,2025-09-25 01:11:39,26.22,17416.0,Germany
537135,71054,MECHANICAL KEYBOARD,1,2025-09-25 01:11:39,68.79,17416.0,Germany
537135,21226,CHILLI LIGHTS STRING,3,2025-09-25 01:11:39,8.13,17416.0,Germany
537136,71055,USB-C MULTIPORT ADAPTER,3,2025-06-02 00:48:50,25.49,,United Kingdom
537136,71056,LARGE DESK PAD BLACK,4,2025-06-02 00:48:50,15.24,,United Kingdom
537136,21223,SET OF 6 SPICE JARS,6,2025-06-02 00:48:50,10.42,,United Kingdom
537136,21225,GLASS STORAGE JAR LARGE,2,2025-06-02 00:48:50,4.12,,United Kingdom
537137,85123D,FRENCH VANILLA SYRUP,1,2025-09-18 18:04:26,6.07,17669.0,United Kingdom
537137,85123C,DARK CHOCOLATE BAR 85%,4,2025-09-18 18:04:26,3.52,17669.0,United Kingdom
537138,20727,ALMOND DANISH,6,2025-07-07 02:25:32,2.8,14787.0,United Kingdom
537138,20728,CAPPUCCINO CUP & SAUCER,6,2025-07-07 02:25:32,8.52,14787.0,United Kingdom
537138,21214,RECIPE BOX PANTRY DESIGN,6,2025-07-07 02:25:32,8.22,14787.0,United Kingdom
537138,21228,WALL CLOCK RETRO RED,3,2025-07-07 02:25:32,18.98,14787.0,United Kingdom
537139,85123B,PURE CANE SUGAR,2,2025-06-27 18:32:15,2.47,12634.0,United Kingdom
537139,85123D,FRENCH VANILLA SYRUP,3,2025-06-27 18:32:15,6.02,12634.0,United Kingdom
537139,85123A,COLOMBIAN ROAST COFFEE,4,2025-06-27 18:32:15,8.71,12634.0,United Kingdom
537139,85123C,DARK CHOCOLATE BAR 85%,1,2025-06-27 18:32:15,3.41,12634.0,United Kingdom
537139,21212,VINTAGE SNAP CARDS,2,2025-06-27 18:32:15,0.88,12634.0,United Kingdom
537140,22960,HEART OF WICKER SMALL,3,2025-05-27 03:10:22,1.69,14157.0,United Kingdom
537140,22423,REGENCY CAKESTAND 3 TIER,2,2025-05-27 03:10:22,12.86,14157.0,United Kingdom
537140,22961,HEART OF WICKER LARGE,1,2025-05-27 03:10:22,2.99,14157.0,United Kingdom
537140,84880,WATERING CAN GREEN 2L,6,2025-05-27 03:10:22,11.44,14157.0,United Kingdom
537140,84883,LED GROW LIGHT BULB,1,2025-05-27 03:10:22,15.38,14157.0,United Kingdom
537140,84881,ORGANIC POTTING SOIL 10L,6,2025-05-27 03:10:22,7.0,14157.0,United Kingdom
537140,84879,CERAMIC PLANT POT WHITE,2,2025-05-27 03:10:22,9.94,14157.0,United Kingdom
537141,22960,HEART OF WICKER SMALL,3,2025-02-14 22:20:37,1.62,16742.0,United Kingdom
537141,22961,HEART OF WICKER LARGE,1,2025-02-14 22:20:37,3.0,16742.0,United Kingdom
537141,85099B,WHITE HANGING HEART T-LIGHT HOLDER,1,2025-02-14 22:20:37,2.64,16742.0,United Kingdom
537141,22423,REGENCY CAKESTAND 3 TIER,1,2025-02-14 22:20:37,12.79,16742.0,United Kingdom
537142,22423,REGENCY CAKESTAND 3 TIER,1,2025-05-24 22:07:53,12.22,17377.0,France
537142,22960,HEART OF WICKER SMALL,1,2025-05-24 22:07:53,1.65,17377.0,France
537142,21212,VINTAGE SNAP CARDS,2,2025-05-24 22:07:53,0.88,17377.0,France
537143,22424,WHOLE WHEAT BREAD,2,2025-02-17 17:04:43,2.85,16830.0,United Kingdom
537143,22427,ORGANIC EGGS DOZEN,4,2025-02-17 17:04:43,4.78,16830.0,United Kingdom
537144,21735,AGED PARMESAN REGGIANO,3,2025-12-17 20:52:31,7.8,17102.0,United Kingdom
537144,21737,GARLIC HERB BREADSTICKS,1,2025-12-17 20:52:31,2.95,17102.0,United Kingdom
537144,21733,ITALIAN EXTRA VIRGIN OLIVE OIL,2,2025-12-17 20:52:31,13.15,17102.0,United Kingdom
537145,84879,CERAMIC PLANT POT WHITE,6,2025-02-11 00:27:42,9.98,,France
537145,84882,GARDENING GLOVES PAIR,1,2025-02-11 00:27:42,5.13,,France
537145,71053,WIRELESS ERGONOMIC MOUSE,3,2025-02-11 00:27:42,29.28,,France
537145,71057,MONITOR LIGHT BAR,1,2025-02-11 00:27:42,41.79,,France
537145,71055,USB-C MULTIPORT ADAPTER,1,2025-02-11 00:27:42,25.55,,France
537146,84879,CERAMIC PLANT POT WHITE,1,2025-11-04 20:19:27,10.21,13756.0,United Kingdom
537146,84881,ORGANIC POTTING SOIL 10L,2,2025-11-04 20:19:27,6.68,13756.0,United Kingdom
537146,84883,LED GROW LIGHT BULB,6,2025-11-04 20:19:27,14.37,13756.0,United Kingdom
537146,84882,GARDENING GLOVES PAIR,1,2025-11-04 20:19:27,4.94,13756.0,United Kingdom
537147,22427,ORGANIC EGGS DOZEN,2,2025-05-25 05:02:45,4.83,14250.0,United Kingdom
537147,22426,STRAWBERRY PRESERVES,1,2025-05-25 05:02:45,3.71,14250.0,United Kingdom
537148,85123E,CERAMIC COFFEE MUG,2,2025-06-08 02:24:19,6.44,13095.0,United Kingdom
537148,85123A,COLOMBIAN ROAST COFFEE,2,2025-06-08 02:24:19,9.15,13095.0,United Kingdom
537148,85123C,DARK CHOCOLATE BAR 85%,3,2025-06-08 02:24:19,3.39,13095.0,United Kingdom
537149,21733,ITALIAN EXTRA VIRGIN OLIVE OIL,1,2025-08-19 02:55:31,13.0,,United Kingdom
537149,21736,ORGANIC TOMATO BASIL SAUCE,6,2025-08-19 02:55:31,4.32,,United Kingdom
537149,21737,GARLIC HERB BREADSTICKS,6,2025-08-19 02:55:31,2.91,,United Kingdom
537149,21735,AGED PARMESAN REGGIANO,1,2025-08-19 02:55:31,7.88,,United Kingdom
537149,21734,ARTISAN PASTA PENNE,1,2025-08-19 02:55:31,3.4,,United Kingdom
537150,20726,PAIN AU CHOCOLAT,3,2025-02-17 23:18:47,2.59,14192.0,Germany
537150,20728,CAPPUCCINO CUP & SAUCER,6,2025-02-17 23:18:47,8.72,14192.0,Germany
537151,22427,ORGANIC EGGS DOZEN,2,2025-02-09 22:55:55,5.08,14025.0,United Kingdom
537151,22425,SWEET CREAM BUTTER,1,2025-02-09 22:55:55,4.33,14025.0,United Kingdom
537152,20726,PAIN AU CHOCOLAT,1,2025-09-20 17:47:41,2.6,17091.0,United Kingdom
537152,20729,BLUEBERRY SCONE,6,2025-09-20 17:47:41,2.32,17091.0,United Kingdom
537152,21224,GLASS STORAGE JAR SMALL,2,2025-09-20 17:47:41,2.18,17091.0,United Kingdom
537152,21222,RETRO SPOT APRON,4,2025-09-20 17:47:41,6.7,17091.0,United Kingdom
537153,20726,PAIN AU CHOCOLAT,2,2025-11-24 04:37:57,2.43,,Switzerland
537153,20727,ALMOND DANISH,4,2025-11-24 04:37:57,2.67,,Switzerland
537153,20728,CAPPUCCINO CUP & SAUCER,3,2025-11-24 04:37:57,8.42,,Switzerland
537153,20725,CROISSANT ALL BUTTER,6,2025-11-24 04:37:57,2.2,,Switzerland
537154,21737,GARLIC HERB BREADSTICKS,1,2025-01-29 22:44:06,3.07,13407.0,United Kingdom
537154,21736,ORGANIC TOMATO BASIL SAUCE,2,2025-01-29 22:44:06,4.58,13407.0,United Kingdom
537154,21734,ARTISAN PASTA PENNE,1,2025-01-29 22:44:06,3.3,13407.0,United Kingdom
537154,21735,AGED PARMESAN REGGIANO,6,2025-01-29 22:44:06,8.19,13407.0,United Kingdom
537154,21228,WALL CLOCK RETRO RED,3,2025-01-29 22:44:06,17.62,13407.0,United Kingdom
537155,85099B,WHITE HANGING HEART T-LIGHT HOLDER,2,2025-09-23 19:54:32,2.42,15602.0,United Kingdom
537155,22720,SET OF 3 CAKE TINS PANTRY,12,2025-09-23 19:54:32,5.02,15602.0,United Kingdom
537155,22961,HEART OF WICKER LARGE,1,2025-09-23 19:54:32,2.96,15602.0,United Kingdom
537155,85123C,DARK CHOCOLATE BAR 85%,1,2025-09-23 19:54:32,3.36,15602.0,United Kingdom
537155,85123E,CERAMIC COFFEE MUG,6,2025-09-23 19:54:32,6.31,15602.0,United Kingdom
537155,21230,BATHROOM SCALE VINTAGE,4,2025-09-23 19:54:32,21.02,15602.0,United Kingdom
C537156,20727,ALMOND DANISH,-1,2025-01-26 05:15:38,2.68,,United Kingdom
C537156,20725,CROISSANT ALL BUTTER,-4,2025-01-26 05:15:38,2.33,,United Kingdom
C537156,20729,BLUEBERRY SCONE,-12,2025-01-26 05:15:38,2.38,,United Kingdom
C537156,21220,BICYCLE PUNCTURE REPAIR KIT,-11,2025-01-26 05:15:38,3.02,,United Kingdom
537157,22426,STRAWBERRY PRESERVES,3,2025-08-18 01:51:18,4.08,15511.0,United Kingdom
537157,22425,SWEET CREAM BUTTER,2,2025-08-18 01:51:18,4.15,15511.0,United Kingdom
537157,22424,WHOLE WHEAT BREAD,4,2025-08-18 01:51:18,3.02,15511.0,United Kingdom
537157,22423,ORGANIC WHOLE MILK,3,2025-08-18 01:51:18,3.51,15511.0,United Kingdom
537157,22427,ORGANIC EGGS DOZEN,2,2025-08-18 01:51:18,4.98,15511.0,United Kingdom
537157,21212,VINTAGE SNAP CARDS,1,2025-08-18 01:51:18,0.85,15511.0,United Kingdom
537158,22427,ORGANIC EGGS DOZEN,1,2025-08-27 22:34:47,5.24,15107.0,United Kingdom
537158,22425,SWEET CREAM BUTTER,2,2025-08-27 22:34:47,4.32,15107.0,United Kingdom
537158,22426,STRAWBERRY PRESERVES,3,2025-08-27 22:34:47,3.92,15107.0,United Kingdom
537158,22424,WHOLE WHEAT BREAD,1,2025-08-27 22:34:47,3.11,15107.0,United Kingdom
537158,21221,RETRO SPOT TEA TOWEL,2,2025-08-27 22:34:47,2.58,15107.0,United Kingdom
537158,21217,PACK OF 20 NAPKINS,3,2025-08-27 22:34:47,1.39,15107.0,United Kingdom
537158,21219,TRAVEL SEWING KIT,1,2025-08-27 22:34:47,2.18,15107.0,United Kingdom
537159,21733,ITALIAN EXTRA VIRGIN OLIVE OIL,6,2025-08-11 17:34:19,12.98,13290.0,United Kingdom
537159,21737,GARLIC HERB BREADSTICKS,6,2025-08-11 17:34:19,3.1,13290.0,United Kingdom
537159,22961,HEART OF WICKER LARGE,2,2025-08-11 17:34:19,3.02,13290.0,United Kingdom
537159,22423,REGENCY CAKESTAND 3 TIER,12,2025-08-11 17:34:19,12.74,13290.0,United Kingdom
537159,85099B,WHITE HANGING HEART T-LIGHT HOLDER,1,2025-08-11 17:34:19,2.46,13290.0,United Kingdom
537159,22960,HEART OF WICKER SMALL,1,2025-08-11 17:34:19,1.67,13290.0,United Kingdom
537159,22720,SET OF 3 CAKE TINS PANTRY,1,2025-08-11 17:34:19,4.78,13290.0,United Kingdom
537160,85123B,PURE CANE SUGAR,3,2025-10-14 22:53:58,2.57,13555.0,United Kingdom
537160,85123C,DARK CHOCOLATE BAR 85%,4,2025-10-14 22:53:58,3.59,13555.0,United Kingdom
537160,85123E,CERAMIC COFFEE MUG,1,2025-10-14 22:53:58,6.51,13555.0,United Kingdom
537160,21228,WALL CLOCK RETRO RED,2,2025-10-14 22:53:58,18.9,13555.0,United Kingdom
537161,21737,GARLIC HERB BREADSTICKS,2,2025-01-28 02:26:56,3.1,18126.0,United Kingdom
537161,21734,ARTISAN PASTA PENNE,1,2025-01-28 02:26:56,3.28,18126.0,United Kingdom
537161,21735,AGED PARMESAN REGGIANO,2,2025-01-28 02:26:56,7.84,18126.0,United Kingdom
537162,71053,WIRELESS ERGONOMIC MOUSE,2,2025-03-04 00:07:17,31.46,,United Kingdom
537162,71054,MECHANICAL KEYBOARD,2,2025-03-04 00:07:17,73.15,,United Kingdom
537162,21216,EMERGENCY FIRST AID TIN,12,2025-03-04 00:07:17,3.65,,United Kingdom
537162,21213,MINI PAINT SET 9 COLOURS,24,2025-03-04 00:07:17,1.25,,United Kingdom
537163,20728,CAPPUCCINO CUP & SAUCER,2,2025-09-30 21:39:41,8.91,,United Kingdom
537163,20727,ALMOND DANISH,6,2025-09-30 21:39:41,2.72,,United Kingdom
537163,21229,HAND WARMER BIRD DESIGN,1,2025-09-30 21:39:41,1.95,,United Kingdom
537164,22423,REGENCY CAKESTAND 3 TIER,3,2025-05-08 23:38:57,13.02,16596.0,United Kingdom
537164,22961,HEART OF WICKER LARGE,1,2025-05-08 23:38:57,2.86,16596.0,United Kingdom
537164,22960,HEART OF WICKER SMALL,1,2025-05-08 23:38:57,1.6,16596.0,United Kingdom
537164,85123B,PURE CANE SUGAR,3,2025-05-08 23:38:57,2.5,16596.0,United Kingdom
537164,85123A,COLOMBIAN ROAST COFFEE,2,2025-05-08 23:38:57,9.23,16596.0,United Kingdom
537164,85123D,FRENCH VANILLA SYRUP,2,2025-05-08 23:38:57,6.24,16596.0,United Kingdom
537164,85123C,DARK CHOCOLATE BAR 85%,2,2025-05-08 23:38:57,3.57,16596.0,United Kingdom
537165,21735,AGED PARMESAN REGGIANO,2,2025-10-13 17:27:41,7.67,15499.0,EIRE
537165,21737,GARLIC HERB BREADSTICKS,1,2025-10-13 17:27:41,3.05,15499.0,EIRE
537165,21216,EMERGENCY FIRST AID TIN,24,2025-10-13 17:27:41,3.79,15499.0,EIRE
537165,21215,WOODEN PICTURE FRAME,3,2025-10-13 17:27:41,5.3,15499.0,EIRE
537166,84881,ORGANIC POTTING SOIL 10L,1,2025-09-07 03:13:33,6.89,17314.0,United Kingdom
537166,84879,CERAMIC PLANT POT WHITE,1,2025-09-07 03:13:33,9.89,17314.0,United Kingdom
537166,85123A,COLOMBIAN ROAST COFFEE,2,2025-09-07 03:13:33,9.14,17314.0,United Kingdom
537166,85123C,DARK CHOCOLATE BAR 85%,1,2025-09-07 03:13:33,3.47,17314.0,United Kingdom
537167,84883,LED GROW LIGHT BULB,1,2025-11-04 22:16:39,15.09,,United Kingdom
537167,84881,ORGANIC POTTING SOIL 10L,1,2025-11-04 22:16:39,7.11,,United Kingdom
537167,21227,VINTAGE UNION JACK CUSHION,1,2025-11-04 22:16:39,15.09,,United Kingdom
537168,71053,WIRELESS ERGONOMIC MOUSE,3,2025-12-10 21:42:04,31.32,17767.0,United Kingdom
537168,71057,MONITOR LIGHT BAR,3,2025-12-10 21:42:04,41.88,17767.0,United Kingdom
537168,71056,LARGE DESK PAD BLACK,1,2025-12-10 21:42:04,16.32,17767.0,United Kingdom
537169,22423,ORGANIC WHOLE MILK,3,2025-02-12 23:12:25,3.58,17242.0,United Kingdom
537169,22427,ORGANIC EGGS DOZEN,1,2025-02-12 23:12:25,5.2,17242.0,United Kingdom
537169,22424,WHOLE WHEAT BREAD,3,2025-02-12 23:12:25,2.9,17242.0,United Kingdom
537170,22425,SWEET CREAM BUTTER,2,2025-11-22 02:31:38,4.45,12817.0,United Kingdom
537170,22427,ORGANIC EGGS DOZEN,1,2025-11-22 02:31:38,5.22,12817.0,United Kingdom
537170,22426,STRAWBERRY PRESERVES,1,2025-11-22 02:31:38,4.0,12817.0,United Kingdom
537170,22423,ORGANIC WHOLE MILK,6,2025-11-22 02:31:38,3.33,12817.0,United Kingdom
537170,21227,VINTAGE UNION JACK CUSHION,1,2025-11-22 02:31:38,14.49,12817.0,United Kingdom
537171,21737,GARLIC HERB BREADSTICKS,2,2025-09-24 19:58:17,3.06,16761.0,United Kingdom
537171,21736,ORGANIC TOMATO BASIL SAUCE,2,2025-09-24 19:58:17,4.53,16761.0,United Kingdom
537172,21733,ITALIAN EXTRA VIRGIN OLIVE OIL,4,2025-05-08 21:46:33,13.0,14782.0,United Kingdom
537172,21734,ARTISAN PASTA PENNE,1,2025-05-08 21:46:33,0.0,14782.0,United Kingdom
537173,21219,TRAVEL SEWING KIT,4,2025-05-22 23:47:29,2.08,15636.0,United Kingdom
537174,21737,GARLIC HERB BREADSTICKS,2,2025-10-26 02:32:02,2.87,17570.0,United Kingdom
537174,21734,ARTISAN PASTA PENNE,4,2025-10-26 02:32:02,3.13,17570.0,United Kingdom
537174,22425,SWEET CREAM BUTTER,4,2025-10-26 02:32:02,4.04,17570.0,United Kingdom
537174,22424,WHOLE WHEAT BREAD,6,2025-10-26 02:32:02,3.08,17570.0,United Kingdom
537175,71056,LARGE DESK PAD BLACK,3,2025-02-26 01:48:38,16.14,17698.0,United Kingdom
537175,71055,USB-C MULTIPORT ADAPTER,1,2025-02-26 01:48:38,24.82,17698.0,United Kingdom
537175,21215,WOODEN PICTURE FRAME,1,2025-02-26 01:48:38,5.4,17698.0,United Kingdom
537176,22424,WHOLE WHEAT BREAD,4,2025-07-16 17:01:58,2.85,16915.0,United Kingdom
537176,22427,ORGANIC EGGS DOZEN,6,2025-07-16 17:01:58,4.78,16915.0,United Kingdom
537176,22423,ORGANIC WHOLE MILK,1,2025-07-16 17:01:58,3.37,16915.0,United Kingdom
537176,71053,WIRELESS ERGONOMIC MOUSE,1,2025-07-16 17:01:58,30.56,16915.0,United Kingdom
537176,71054,MECHANICAL KEYBOARD,4,2025-07-16 17:01:58,71.67,16915.0,United Kingdom
537176,71056,LARGE DESK PAD BLACK,24,2025-07-16 17:01:58,16.14,16915.0,United Kingdom
537176,71055,USB-C MULTIPORT ADAPTER,2,2025-07-16 17:01:58,23.97,16915.0,United Kingdom
537176,21230,BATHROOM SCALE VINTAGE,3,2025-07-16 17:01:58,22.09,16915.0,United Kingdom
537177,85123E,CERAMIC COFFEE MUG,4,2025-11-21 02:29:14,6.32,17906.0,United Kingdom
537177,85123D,FRENCH VANILLA SYRUP,2,2025-11-21 02:29:14,6.08,17906.0,United Kingdom
537178,71055,USB-C MULTIPORT ADAPTER,1,2025-11-30 18:06:48,24.8,15509.0,United Kingdom
537178,71057,MONITOR LIGHT BAR,1,2025-11-30 18:06:48,40.75,15509.0,United Kingdom
537178,21214,RECIPE BOX PANTRY DESIGN,4,2025-11-30 18:06:48,7.88,15509.0,United Kingdom
537179,21735,AGED PARMESAN REGGIANO,1,2025-05-10 20:57:36,8.15,16860.0,France
537179,21733,ITALIAN EXTRA VIRGIN OLIVE OIL,2,2025-05-10 20:57:36,13.06,16860.0,France
537179,21734,ARTISAN PASTA PENNE,1,2025-05-10 20:57:36,3.34,16860.0,France
537179,21222,RETRO SPOT APRON,1,2025-05-10 20:57:36,6.7,16860.0,France
537180,84882,GARDENING GLOVES PAIR,1,2025-04-11 22:24:12,4.79,15871.0,Germany
537180,84883,LED GROW LIGHT BULB,2,2025-04-11 22:24:12,15.18,15871.0,Germany
537180,84880,WATERING CAN GREEN 2L,2,2025-04-11 22:24:12,11.52,15871.0,Germany
537181,85123E,CERAMIC COFFEE MUG,1,2025-07-27 17:37:48,6.79,15993.0,United Kingdom
537181,85123D,FRENCH VANILLA SYRUP,4,2025-07-27 17:37:48,5.94,15993.0,United Kingdom
537181,85123B,PURE CANE SUGAR,1,2025-07-27 17:37:48,2.49,15993.0,United Kingdom
537181,85123A,COLOMBIAN ROAST COFFEE,1,2025-07-27 17:37:48,8.87,15993.0,United Kingdom
537182,84879,CERAMIC PLANT POT WHITE,3,2025-04-11 19:51:09,10.09,,United Kingdom
537182,84883,LED GROW LIGHT BULB,12,2025-04-11 19:51:09,14.33,,United Kingdom
537183,21733,ITALIAN EXTRA VIRGIN OLIVE OIL,1,2025-02-23 20:16:07,13.13,,United Kingdom
537183,21735,AGED PARMESAN REGGIANO,6,2025-02-23 20:16:07,8.2,,United Kingdom
537183,21736,ORGANIC TOMATO BASIL SAUCE,6,2025-02-23 20:16:07,4.55,,United Kingdom
537183,21737,GARLIC HERB BREADSTICKS,2,2025-02-23 20:16:07,3.08,,United Kingdom
537183,21216,EMERGENCY FIRST AID TIN,6,2025-02-23 20:16:07,3.82,,United Kingdom
537184,71053,WIRELESS ERGONOMIC MOUSE,6,2025-03-27 18:29:07,30.04,12709.0,United Kingdom
537184,71054,MECHANICAL KEYBOARD,4,2025-03-27 18:29:07,70.46,12709.0,United Kingdom
537185,20727,ALMOND DANISH,3,2025-05-02 02:51:23,2.89,15905.0,United Kingdom
537185,20726,PAIN AU CHOCOLAT,3,2025-05-02 02:51:23,2.41,15905.0,United Kingdom
537185,20728,CAPPUCCINO CUP & SAUCER,2,2025-05-02 02:51:23,8.52,15905.0,United Kingdom
537185,20725,CROISSANT ALL BUTTER,1,2025-05-02 02:51:23,2.19,15905.0,United Kingdom
537185,20729,BLUEBERRY SCONE,1,2025-05-02 02:51:23,2.51,15905.0,United Kingdom
537186,21734,ARTISAN PASTA PENNE,3,2025-10-09 19:04:34,3.26,12702.0,United Kingdom
537186,21733,ITALIAN EXTRA VIRGIN OLIVE OIL,1,2025-10-09 19:04:34,13.51,12702.0,United Kingdom
537186,21735,AGED PARMESAN REGGIANO,1,2025-10-09 19:04:34,8.14,12702.0,United Kingdom
537186,22423,REGENCY CAKESTAND 3 TIER,1,2025-10-09 19:04:34,12.29,12702.0,United Kingdom
537186,85099B,WHITE HANGING HEART T-LIGHT HOLDER,2,2025-10-09 19:04:34,2.54,12702.0,United Kingdom
537186,22720,SET OF 3 CAKE TINS PANTRY,4,2025-10-09 19:04:34,5.12,12702.0,United Kingdom
537186,71054,MECHANICAL KEYBOARD,1,2025-10-09 19:04:34,72.22,12702.0,United Kingdom
537186,71056,LARGE DESK PAD BLACK,1,2025-10-09 19:04:34,15.88,12702.0,United Kingdom
537186,71055,USB-C MULTIPORT ADAPTER,1,2025-10-09 19:04:34,24.26,12702.0,United Kingdom
537186,71057,MONITOR LIGHT BAR,2,2025-10-09 19:04:34,39.45,12702.0,United Kingdom
537187,20726,PAIN AU CHOCOLAT,2,2025-09-26 18:23:59,2.6,16628.0,United Kingdom
537187,20725,CROISSANT ALL BUTTER,6,2025-09-26 18:23:59,2.35,16628.0,United Kingdom
537187,21227,VINTAGE UNION JACK CUSHION,1,2025-09-26 18:23:59,15.1,16628.0,United Kingdom
C537188,21736,ORGANIC TOMATO BASIL SAUCE,-6,2025-10-05 20:21:25,4.45,14897.0,United Kingdom
C537188,21735,AGED PARMESAN REGGIANO,-12,2025-10-05 20:21:25,7.61,14897.0,United Kingdom
C537188,21733,ITALIAN EXTRA VIRGIN OLIVE OIL,-3,2025-10-05 20:21:25,13.36,14897.0,United Kingdom
537189,20727,ALMOND DANISH,3,2025-04-05 00:05:50,2.71,16740.0,Germany
537189,20726,PAIN AU CHOCOLAT,3,2025-04-05 00:05:50,2.38,16740.0,Germany
537189,BANK CHARGES,BANK CHARGES,6,2025-04-05 00:05:50,15.06,16740.0,Germany
537190,21224,GLASS STORAGE JAR SMALL,2,2025-06-01 02:26:35,2.29,16608.0,United Kingdom
537191,84881,ORGANIC POTTING SOIL 10L,3,2025-11-27 00:36:05,7.04,14407.0,EIRE
537191,84883,LED GROW LIGHT BULB,2,2025-11-27 00:36:05,14.54,14407.0,EIRE
537192,20729,BLUEBERRY SCONE,4,2025-09-17 22:59:27,2.3,13792.0,United Kingdom
537192,20726,PAIN AU CHOCOLAT,1,2025-09-17 22:59:27,2.58,13792.0,United Kingdom
537192,20728,CAPPUCCINO CUP & SAUCER,4,2025-09-17 22:59:27,8.23,13792.0,United Kingdom
537193,22427,ORGANIC EGGS DOZEN,1,2025-03-09 22:25:01,5.23,15666.0,United Kingdom
537193,22423,ORGANIC WHOLE MILK,24,2025-03-09 22:25:01,3.53,15666.0,United Kingdom
537193,21212,VINTAGE SNAP CARDS,2,2025-03-09 22:25:01,0.88,15666.0,United Kingdom
537194,22426,STRAWBERRY PRESERVES,3,2025-11-28 05:12:38,3.92,,United Kingdom
537194,22424,WHOLE WHEAT BREAD,12,2025-11-28 05:12:38,3.02,,United Kingdom
537195,71054,MECHANICAL KEYBOARD,3,2025-04-08 16:53:32,70.82,17866.0,United Kingdom
537195,71055,USB-C MULTIPORT ADAPTER,1,2025-04-08 16:53:32,25.44,17866.0,United Kingdom
537195,71057,MONITOR LIGHT BAR,2,2025-04-08 16:53:32,39.99,17866.0,United Kingdom
537195,22960,HEART OF WICKER SMALL,2,2025-04-08 16:53:32,1.7,17866.0,United Kingdom
537195,85099B,WHITE HANGING HEART T-LIGHT HOLDER,2,2025-04-08 16:53:32,2.56,17866.0,United Kingdom
537195,22720,SET OF 3 CAKE TINS PANTRY,1,2025-04-08 16:53:32,5.08,17866.0,United Kingdom
537196,22720,SET OF 3 CAKE TINS PANTRY,2,2025-06-09 20:14:58,5.1,17182.0,United Kingdom
537196,22960,HEART OF WICKER SMALL,4,2025-06-09 20:14:58,1.69,17182.0,United Kingdom
537196,85099B,WHITE HANGING HEART T-LIGHT HOLDER,3,2025-06-09 20:14:58,2.63,17182.0,United Kingdom
537196,21227,VINTAGE UNION JACK CUSHION,1,2025-06-09 20:14:58,15.46,17182.0,United Kingdom
537197,85123E,CERAMIC COFFEE MUG,6,2025-12-02 18:46:01,6.33,18212.0,Germany
537197,85123A,COLOMBIAN ROAST COFFEE,6,2025-12-02 18:46:01,9.24,18212.0,Germany
537197,85123C,DARK CHOCOLATE BAR 85%,1,2025-12-02 18:46:01,3.58,18212.0,Germany
537197,20729,BLUEBERRY SCONE,3,2025-12-02 18:46:01,2.31,18212.0,Germany
537197,20728,CAPPUCCINO CUP & SAUCER,2,2025-12-02 18:46:01,8.67,18212.0,Germany
537197,20726,PAIN AU CHOCOLAT,2,2025-12-02 18:46:01,2.39,18212.0,Germany
537198,84882,GARDENING GLOVES PAIR,1,2025-05-21 16:50:06,5.19,,United Kingdom
537198,84881,ORGANIC POTTING SOIL 10L,1,2025-05-21 16:50:06,7.33,,United Kingdom
537198,84883,LED GROW LIGHT BULB,3,2025-05-21 16:50:06,14.61,,United Kingdom
537198,84879,CERAMIC PLANT POT WHITE,1,2025-05-21 16:50:06,10.27,,United Kingdom
537199,85123D,FRENCH VANILLA SYRUP,1,2025-06-04 17:33:56,5.93,17055.0,United Kingdom
537199,85123A,COLOMBIAN ROAST COFFEE,2,2025-06-04 17:33:56,9.11,17055.0,United Kingdom
537199,85123B,PURE CANE SUGAR,4,2025-06-04 17:33:56,2.47,17055.0,United Kingdom
537200,21224,GLASS STORAGE JAR SMALL,2,2025-10-08 01:43:54,2.23,16215.0,United Kingdom
537201,22427,ORGANIC EGGS DOZEN,2,2025-11-13 18:45:56,5.22,13650.0,United Kingdom
537201,22423,ORGANIC WHOLE MILK,1,2025-11-13 18:45:56,3.63,13650.0,United Kingdom
537201,22426,STRAWBERRY PRESERVES,1,2025-11-13 18:45:56,3.97,13650.0,United Kingdom
537201,22425,SWEET CREAM BUTTER,4,2025-11-13 18:45:56,4.3,13650.0,United Kingdom
537202,84883,LED GROW LIGHT BULB,1,2025-01-29 00:03:13,14.67,16402.0,United Kingdom
537202,84881,ORGANIC POTTING SOIL 10L,3,2025-01-29 00:03:13,6.98,16402.0,United Kingdom
537202,22423,REGENCY CAKESTAND 3 TIER,6,2025-01-29 00:03:13,12.82,16402.0,United Kingdom
537202,85099B,WHITE HANGING HEART T-LIGHT HOLDER,2,2025-01-29 00:03:13,2.67,16402.0,United Kingdom
537202,22960,HEART OF WICKER SMALL,3,2025-01-29 00:03:13,1.62,16402.0,United Kingdom
537202,21223,SET OF 6 SPICE JARS,24,2025-01-29 00:03:13,10.34,16402.0,United Kingdom
537202,21226,CHILLI LIGHTS STRING,24,2025-01-29 00:03:13,8.57,16402.0,United Kingdom
537203,22425,SWEET CREAM BUTTER,12,2025-07-04 18:57:39,4.39,12381.0,United Kingdom
537203,22424,WHOLE WHEAT BREAD,2,2025-07-04 18:57:39,2.92,12381.0,United Kingdom
537203,21213,MINI PAINT SET 9 COLOURS,3,2025-07-04 18:57:39,1.2,12381.0,United Kingdom
537203,21216,EMERGENCY FIRST AID TIN,4,2025-07-04 18:57:39,3.82,12381.0,United Kingdom
537203,21224,GLASS STORAGE JAR SMALL,6,2025-07-04 18:57:39,2.28,12381.0,United Kingdom
537204,21219,TRAVEL SEWING KIT,1,2025-02-20 03:04:08,2.2,,United Kingdom
537205,71054,MECHANICAL KEYBOARD,6,2025-11-14 00:26:13,67.8,16316.0,United Kingdom
537205,71055,USB-C MULTIPORT ADAPTER,6,2025-11-14 00:26:13,25.21,16316.0,United Kingdom
537205,71056,LARGE DESK PAD BLACK,6,2025-11-14 00:26:13,15.77,16316.0,United Kingdom
537205,71057,MONITOR LIGHT BAR,2,2025-11-14 00:26:13,40.89,16316.0,United Kingdom
537205,71053,WIRELESS ERGONOMIC MOUSE,1,2025-11-14 00:26:13,30.03,16316.0,United Kingdom
537205,21223,SET OF 6 SPICE JARS,3,2025-11-14 00:26:13,10.29,16316.0,United Kingdom
537205,21214,RECIPE BOX PANTRY DESIGN,3,2025-11-14 00:26:13,7.82,16316.0,United Kingdom
537206,21225,GLASS STORAGE JAR LARGE,2,2025-01-26 01:06:08,4.06,15005.0,United Kingdom
537207,20727,ALMOND DANISH,2,2025-09-27 05:15:08,2.71,12847.0,United Kingdom
537207,20729,BLUEBERRY SCONE,1,2025-09-27 05:15:08,2.33,12847.0,United Kingdom
537207,20726,PAIN AU CHOCOLAT,4,2025-09-27 05:15:08,2.44,12847.0,United Kingdom
537208,84882,GARDENING GLOVES PAIR,1,2025-11-13 21:05:53,5.02,15323.0,United Kingdom
537208,84881,ORGANIC POTTING SOIL 10L,1,2025-11-13 21:05:53,6.89,15323.0,United Kingdom
537208,84883,LED GROW LIGHT BULB,4,2025-11-13 21:05:53,14.89,15323.0,United Kingdom
537209,21221,RETRO SPOT TEA TOWEL,1,2025-09-18 19:13:30,2.44,13593.0,United Kingdom
537210,21736,ORGANIC TOMATO BASIL SAUCE,1,2025-03-13 23:05:42,4.71,13874.0,United Kingdom
537210,21737,GARLIC HERB BREADSTICKS,4,2025-03-13 23:05:42,2.86,13874.0,United Kingdom
537210,21734,ARTISAN PASTA PENNE,1,2025-03-13 23:05:42,3.28,13874.0,United Kingdom
537210,21733,ITALIAN EXTRA VIRGIN OLIVE OIL,2,2025-03-13 23:05:42,13.1,13874.0,United Kingdom
537211,71057,MONITOR LIGHT BAR,1,2025-12-19 02:56:02,41.35,12901.0,United Kingdom
537211,71055,USB-C MULTIPORT ADAPTER,1,2025-12-19 02:56:02,25.51,12901.0,United Kingdom
537211,71056,LARGE DESK PAD BLACK,6,2025-12-19 02:56:02,15.88,12901.0,United Kingdom
537211,71053,WIRELESS ERGONOMIC MOUSE,3,2025-12-19 02:56:02,31.16,12901.0,United Kingdom
537211,71054,MECHANICAL KEYBOARD,6,2025-12-19 02:56:02,73.45,12901.0,United Kingdom
537211,21229,HAND WARMER BIRD DESIGN,1,2025-12-19 02:56:02,2.04,12901.0,United Kingdom
537212,71054,MECHANICAL KEYBOARD,1,2025-03-21 03:30:34,71.59,14576.0,United Kingdom
537212,71055,USB-C MULTIPORT ADAPTER,2,2025-03-21 03:30:34,25.14,14576.0,United Kingdom
537212,71053,WIRELESS ERGONOMIC MOUSE,2,2025-03-21 03:30:34,29.79,14576.0,United Kingdom
537213,20725,CROISSANT ALL BUTTER,1,2025-06-13 21:09:36,2.21,15974.0,United Kingdom
537213,20727,ALMOND DANISH,1,2025-06-13 21:09:36,2.69,15974.0,United Kingdom
537213,20726,PAIN AU CHOCOLAT,2,2025-06-13 21:09:36,2.38,15974.0,United Kingdom
537213,21230,BATHROOM SCALE VINTAGE,4,2025-06-13 21:09:36,22.2,15974.0,United Kingdom
537214,85123B,PURE CANE SUGAR,4,2025-04-13 19:06:50,2.38,16745.0,France
537214,85123C,DARK CHOCOLATE BAR 85%,2,2025-04-13 19:06:50,3.65,16745.0,France
537214,85123E,CERAMIC COFFEE MUG,2,2025-04-13 19:06:50,6.33,16745.0,France
537214,85123D,FRENCH VANILLA SYRUP,2,2025-04-13 19:06:50,6.17,16745.0,France
537214,84879,CERAMIC PLANT POT WHITE,2,2025-04-13 19:06:50,10.31,16745.0,France
537214,84880,WATERING CAN GREEN 2L,2,2025-04-13 19:06:50,11.37,16745.0,France
537215,71056,LARGE DESK PAD BLACK,2,2025-09-13 02:57:16,16.6,17559.0,United Kingdom
537215,71054,MECHANICAL KEYBOARD,1,2025-09-13 02:57:16,73.35,17559.0,United Kingdom
537215,21225,GLASS STORAGE JAR LARGE,1,2025-09-13 02:57:16,3.9,17559.0,United Kingdom
537216,22425,SWEET CREAM BUTTER,4,2025-01-22 04:51:26,4.34,17725.0,Netherlands
537216,22427,ORGANIC EGGS DOZEN,2,2025-01-22 04:51:26,5.24,17725.0,Netherlands
537216,21220,BICYCLE PUNCTURE REPAIR KIT,3,2025-01-22 04:51:26,3.08,17725.0,Netherlands
537217,22424,WHOLE WHEAT BREAD,3,2025-11-21 18:17:52,3.09,16480.0,France
537217,22423,ORGANIC WHOLE MILK,3,2025-11-21 18:17:52,3.32,16480.0,France
537218,71053,WIRELESS ERGONOMIC MOUSE,1,2025-03-09 04:48:13,28.61,,United Kingdom
537218,71055,USB-C MULTIPORT ADAPTER,6,2025-03-09 04:48:13,24.09,,United Kingdom
537218,71057,MONITOR LIGHT BAR,4,2025-03-09 04:48:13,38.79,,United Kingdom
537218,71054,MECHANICAL KEYBOARD,12,2025-03-09 04:48:13,67.58,,United Kingdom
537219,85123A,COLOMBIAN ROAST COFFEE,2,2025-08-15 22:52:25,8.67,,United Kingdom
537219,85123D,FRENCH VANILLA SYRUP,2,2025-08-15 22:52:25,5.72,,United Kingdom
537219,22720,SET OF 3 CAKE TINS PANTRY,6,2025-08-15 22:52:25,4.88,,United Kingdom
537219,85099B,  WHITE HANGING HEART T-LIGHT HOLDER   ,2,2025-08-15 22:52:25,2.55,,United Kingdom
537219,22423,REGENCY CAKESTAND 3 TIER,1,2025-08-15 22:52:25,12.2,,United Kingdom
537219,22960,HEART OF WICKER SMALL,2,2025-08-15 22:52:25,1.71,,United Kingdom
537219,22961,HEART OF WICKER LARGE,2,2025-08-15 22:52:25,3.04,,United Kingdom
537220,22426,STRAWBERRY PRESERVES,6,2025-06-04 04:07:44,3.97,16679.0,United Kingdom
537220,22425,SWEET CREAM BUTTER,3,2025-06-04 04:07:44,4.21,16679.0,United Kingdom
537220,22424,WHOLE WHEAT BREAD,1,2025-06-04 04:07:44,2.87,16679.0,United Kingdom
537220,22423,ORGANIC WHOLE MILK,6,2025-06-04 04:07:44,3.54,16679.0,United Kingdom
537221,84882,GARDENING GLOVES PAIR,1,2025-05-03 19:48:25,5.03,,United Kingdom
537221,84880,WATERING CAN GREEN 2L,24,2025-05-03 19:48:25,11.19,,United Kingdom
537221,85123A,COLOMBIAN ROAST COFFEE,1,2025-05-03 19:48:25,8.96,,United Kingdom
537221,85123C,DARK CHOCOLATE BAR 85%,1,2025-05-03 19:48:25,3.39,,United Kingdom
537221,85123B,PURE CANE SUGAR,6,2025-05-03 19:48:25,2.57,,United Kingdom
537221,85123D,FRENCH VANILLA SYRUP,4,2025-05-03 19:48:25,6.14,,United Kingdom
537222,20726,PAIN AU CHOCOLAT,2,2025-08-25 21:32:22,2.57,17297.0,United Kingdom
537222,20729,BLUEBERRY SCONE,3,2025-08-25 21:32:22,2.4,17297.0,United Kingdom
537222,20725,CROISSANT ALL BUTTER,2,2025-08-25 21:32:22,2.25,17297.0,United Kingdom
537222,20727,ALMOND DANISH,2,2025-08-25 21:32:22,2.81,17297.0,United Kingdom
537222,20728,CAPPUCCINO CUP & SAUCER,2,2025-08-25 21:32:22,8.2,17297.0,United Kingdom
537223,22961,HEART OF WICKER LARGE,2,2025-07-17 17:06:16,2.97,15470.0,United Kingdom
537223,22720,SET OF 3 CAKE TINS PANTRY,12,2025-07-17 17:06:16,5.11,15470.0,United Kingdom
537224,85123E,CERAMIC COFFEE MUG,2,2025-03-11 17:08:56,6.4,12503.0,United Kingdom
537224,85123A,COLOMBIAN ROAST COFFEE,2,2025-03-11 17:08:56,9.28,12503.0,United Kingdom
537224,85123C,DARK CHOCOLATE BAR 85%,3,2025-03-11 17:08:56,3.49,12503.0,United Kingdom
537224,85123B,PURE CANE SUGAR,1,2025-03-11 17:08:56,2.51,12503.0,United Kingdom
537224,20725,CROISSANT ALL BUTTER,6,2025-03-11 17:08:56,2.21,12503.0,United Kingdom
537224,20729,BLUEBERRY SCONE,1,2025-03-11 17:08:56,2.42,12503.0,United Kingdom
537224,20727,ALMOND DANISH,24,2025-03-11 17:08:56,2.84,12503.0,United Kingdom
537224,20726,PAIN AU CHOCOLAT,4,2025-03-11 17:08:56,2.62,12503.0,United Kingdom
537224,21216,EMERGENCY FIRST AID TIN,4,2025-03-11 17:08:56,3.91,12503.0,United Kingdom
537224,21227,VINTAGE UNION JACK CUSHION,4,2025-03-11 17:08:56,15.11,12503.0,United Kingdom
537225,71054,MECHANICAL KEYBOARD,6,2025-10-05 23:10:30,68.47,18258.0,United Kingdom
537225,71053,WIRELESS ERGONOMIC MOUSE,3,2025-10-05 23:10:30,30.36,18258.0,United Kingdom
537226,85123A,COLOMBIAN ROAST COFFEE,1,2025-11-09 00:18:07,9.27,17080.0,United Kingdom
537226,85123B,PURE CANE SUGAR,2,2025-11-09 00:18:07,2.41,17080.0,United Kingdom
537226,85123E,CERAMIC COFFEE MUG,1,2025-11-09 00:18:07,6.67,17080.0,United Kingdom
537226,85123D,FRENCH VANILLA SYRUP,2,2025-11-09 00:18:07,5.77,17080.0,United Kingdom
537227,21736,ORGANIC TOMATO BASIL SAUCE,1,2025-12-29 18:33:08,4.6,15809.0,United Kingdom
537227,21735,AGED PARMESAN REGGIANO,4,2025-12-29 18:33:08,7.6,15809.0,United Kingdom
537227,21734,ARTISAN PASTA PENNE,2,2025-12-29 18:33:08,3.42,15809.0,United Kingdom
537227,21733,ITALIAN EXTRA VIRGIN OLIVE OIL,3,2025-12-29 18:33:08,13.39,15809.0,United Kingdom
537227,21224,GLASS STORAGE JAR SMALL,1,2025-12-29 18:33:08,2.21,15809.0,United Kingdom
537228,84881,ORGANIC POTTING SOIL 10L,1,2025-02-16 19:12:19,6.89,14009.0,United Kingdom
537228,84880,WATERING CAN GREEN 2L,1,2025-02-16 19:12:19,11.64,14009.0,United Kingdom
537229,85123D,FRENCH VANILLA SYRUP,1,2025-08-11 19:26:39,5.93,15226.0,Germany
537229,85123E,CERAMIC COFFEE MUG,3,2025-08-11 19:26:39,6.35,15226.0,Germany
537229,85123B,PURE CANE SUGAR,1,2025-08-11 19:26:39,2.4,15226.0,Germany
537230,22427,ORGANIC EGGS DOZEN,12,2025-03-09 16:36:54,5.12,13570.0,United Kingdom
537230,22426,STRAWBERRY PRESERVES,12,2025-03-09 16:36:54,3.82,13570.0,United Kingdom
537230,22425,SWEET CREAM BUTTER,1,2025-03-09 16:36:54,4.08,13570.0,United Kingdom
537231,22720,SET OF 3 CAKE TINS PANTRY,1,2025-06-06 02:40:24,4.83,15715.0,United Kingdom
537231,22961,HEART OF WICKER LARGE,3,2025-06-06 02:40:24,2.97,15715.0,United Kingdom
537231,22423,REGENCY CAKESTAND 3 TIER,2,2025-06-06 02:40:24,12.96,15715.0,United Kingdom
537231,85099B,WHITE HANGING HEART T-LIGHT HOLDER,6,2025-06-06 02:40:24,2.63,15715.0,United Kingdom
537231,22960,HEART OF WICKER SMALL,3,2025-06-06 02:40:24,1.69,15715.0,United Kingdom
537232,85123A,COLOMBIAN ROAST COFFEE,1,2025-08-25 02:19:22,8.69,12761.0,United Kingdom
537232,85123C,DARK CHOCOLATE BAR 85%,1,2025-08-25 02:19:22,3.51,12761.0,United Kingdom
537233,20725,CROISSANT ALL BUTTER,6,2025-05-28 17:42:13,2.21,15090.0,United Kingdom
537233,20726,PAIN AU CHOCOLAT,1,2025-05-28 17:42:13,2.54,15090.0,United Kingdom
537234,85099B,WHITE HANGING HEART T-LIGHT HOLDER,2,2025-11-09 18:40:05,2.51,14830.0,United Kingdom
537234,22720,SET OF 3 CAKE TINS PANTRY,2,2025-11-09 18:40:05,4.84,14830.0,United Kingdom
537234,22961,HEART OF WICKER LARGE,1,2025-11-09 18:40:05,2.85,14830.0,United Kingdom
537234,22427,ORGANIC EGGS DOZEN,1,2025-11-09 18:40:05,4.77,14830.0,United Kingdom
537234,22425,SWEET CREAM BUTTER,2,2025-11-09 18:40:05,4.45,14830.0,United Kingdom
537234,22426,STRAWBERRY PRESERVES,3,2025-11-09 18:40:05,3.91,14830.0,United Kingdom
537234,21212,VINTAGE SNAP CARDS,4,2025-11-09 18:40:05,0.82,14830.0,United Kingdom
537235,21215,WOODEN PICTURE FRAME,1,2025-05-30 04:10:36,5.4,14897.0,Spain
537236,22425,SWEET CREAM BUTTER,1,2025-06-07 19:04:16,4.46,14271.0,United Kingdom
537236,22426,STRAWBERRY PRESERVES,6,2025-06-07 19:04:16,3.76,14271.0,United Kingdom
537236,84882,GARDENING GLOVES PAIR,2,2025-06-07 19:04:16,4.93,14271.0,United Kingdom
537236,84883,LED GROW LIGHT BULB,1,2025-06-07 19:04:16,15.73,14271.0,United Kingdom
537237,84879,CERAMIC PLANT POT WHITE,3,2025-07-31 23:49:03,10.3,18142.0,United Kingdom
537237,84883,LED GROW LIGHT BULB,6,2025-07-31 23:49:03,14.67,18142.0,United Kingdom
537237,84880,WATERING CAN GREEN 2L,1,2025-07-31 23:49:03,11.32,18142.0,United Kingdom
537237,84881,ORGANIC POTTING SOIL 10L,24,2025-07-31 23:49:03,7.05,18142.0,United Kingdom
537237,20727,ALMOND DANISH,2,2025-07-31 23:49:03,2.81,18142.0,United Kingdom
537237,20725,CROISSANT ALL BUTTER,1,2025-07-31 23:49:03,2.18,18142.0,United Kingdom
537237,22423,REGENCY CAKESTAND 3 TIER,4,2025-07-31 23:49:03,12.76,18142.0,United Kingdom
537237,85099B,WHITE HANGING HEART T-LIGHT HOLDER,3,2025-07-31 23:49:03,2.46,18142.0,United Kingdom
C537238,21214,RECIPE BOX PANTRY DESIGN,-11,2025-05-30 19:11:56,8.01,12665.0,Germany
537239,20729,BLUEBERRY SCONE,4,2025-01-14 00:24:41,2.38,15175.0,United Kingdom
537239,20727,ALMOND DANISH,3,2025-01-14 00:24:41,2.73,15175.0,United Kingdom
537240,84881,ORGANIC POTTING SOIL 10L,3,2025-05-22 00:47:47,6.89,17344.0,France
537240,84883,LED GROW LIGHT BULB,2,2025-05-22 00:47:47,15.62,17344.0,France
537240,21218,SCENTED CANDLE LAVENDER,2,2025-05-22 00:47:47,4.12,17344.0,France
537241,20726,PAIN AU CHOCOLAT,2,2025-01-15 22:16:01,2.62,17299.0,United Kingdom
537241,20729,BLUEBERRY SCONE,4,2025-01-15 22:16:01,2.32,17299.0,United Kingdom
537241,21227,VINTAGE UNION JACK CUSHION,1,2025-01-15 22:16:01,14.3,17299.0,United Kingdom
537242,21733,ITALIAN EXTRA VIRGIN OLIVE OIL,6,2025-12-22 00:17:43,13.63,14856.0,United Kingdom
537242,21737,GARLIC HERB BREADSTICKS,4,2025-12-22 00:17:43,3.06,14856.0,United Kingdom
537242,21736,ORGANIC TOMATO BASIL SAUCE,3,2025-12-22 00:17:43,4.28,14856.0,United Kingdom
537242,21734,ARTISAN PASTA PENNE,4,2025-12-22 00:17:43,3.21,14856.0,United Kingdom
537242,21735,AGED PARMESAN REGGIANO,1,2025-12-22 00:17:43,7.53,14856.0,United Kingdom
537242,85123D,FRENCH VANILLA SYRUP,1,2025-12-22 00:17:43,5.84,14856.0,United Kingdom
537242,85123B,PURE CANE SUGAR,1,2025-12-22 00:17:43,2.47,14856.0,United Kingdom
537242,85123E,CERAMIC COFFEE MUG,3,2025-12-22 00:17:43,6.59,14856.0,United Kingdom
537242,85123A,COLOMBIAN ROAST COFFEE,2,2025-12-22 00:17:43,9.32,14856.0,United Kingdom
537242,85123C,DARK CHOCOLATE BAR 85%,1,2025-12-22 00:17:43,3.39,14856.0,United Kingdom
537242,21218,SCENTED CANDLE LAVENDER,1,2025-12-22 00:17:43,4.12,14856.0,United Kingdom
537243,22425,SWEET CREAM BUTTER,1,2025-02-12 17:10:18,4.24,12355.0,United Kingdom
537243,22427,ORGANIC EGGS DOZEN,3,2025-02-12 17:10:18,5.04,12355.0,United Kingdom
537244,71057,MONITOR LIGHT BAR,2,2025-10-05 05:18:38,40.12,12968.0,United Kingdom
537244,71056,LARGE DESK PAD BLACK,4,2025-10-05 05:18:38,15.26,12968.0,United Kingdom
537244,71054,MECHANICAL KEYBOARD,1,2025-10-05 05:18:38,68.26,12968.0,United Kingdom
537244,22960,HEART OF WICKER SMALL,4,2025-10-05 05:18:38,1.58,12968.0,United Kingdom
537244,22720,SET OF 3 CAKE TINS PANTRY,1,2025-10-05 05:18:38,4.97,12968.0,United Kingdom
537244,85099B,WHITE HANGING HEART T-LIGHT HOLDER,2,2025-10-05 05:18:38,2.53,12968.0,United Kingdom
537244,21214,RECIPE BOX PANTRY DESIGN,3,2025-10-05 05:18:38,7.64,12968.0,United Kingdom
537245,84881,ORGANIC POTTING SOIL 10L,2,2025-10-14 02:50:15,6.95,,France
537245,84883,LED GROW LIGHT BULB,2,2025-10-14 02:50:15,15.01,,France
537246,85123C,DARK CHOCOLATE BAR 85%,1,2025-07-10 19:59:35,3.44,12951.0,United Kingdom
537246,85123E,CERAMIC COFFEE MUG,4,2025-07-10 19:59:35,6.77,12951.0,United Kingdom
537247,85099B,WHITE HANGING HEART T-LIGHT HOLDER,6,2025-04-05 03:15:57,2.43,17155.0,United Kingdom
537247,22961,HEART OF WICKER LARGE,1,2025-04-05 03:15:57,2.84,17155.0,United Kingdom
537248,20729,BLUEBERRY SCONE,4,2025-02-27 17:14:19,2.35,14629.0,United Kingdom
537248,20728,CAPPUCCINO CUP & SAUCER,2,2025-02-27 17:14:19,8.43,14629.0,United Kingdom
537248,20726,PAIN AU CHOCOLAT,2,2025-02-27 17:14:19,2.49,14629.0,United Kingdom
537249,20729,BLUEBERRY SCONE,1,2025-01-24 23:45:08,2.33,14176.0,United Kingdom
537249,20728,CAPPUCCINO CUP & SAUCER,2,2025-01-24 23:45:08,8.16,14176.0,United Kingdom
537249,20727,ALMOND DANISH,2,2025-01-24 23:45:08,2.77,14176.0,United Kingdom
537250,20727,ALMOND DANISH,1,2025-03-05 02:42:03,2.83,13332.0,United Kingdom
537250,20726,PAIN AU CHOCOLAT,4,2025-03-05 02:42:03,2.39,13332.0,United Kingdom
537250,20725,CROISSANT ALL BUTTER,1,2025-03-05 02:42:03,2.3,13332.0,United Kingdom
537250,20729,BLUEBERRY SCONE,2,2025-03-05 02:42:03,2.29,13332.0,United Kingdom
537250,21223,SET OF 6 SPICE JARS,1,2025-03-05 02:42:03,9.59,13332.0,United Kingdom
537251,21213,MINI PAINT SET 9 COLOURS,1,2025-02-13 18:07:53,1.2,17558.0,United Kingdom
537252,21733,ITALIAN EXTRA VIRGIN OLIVE OIL,2,2025-07-16 20:05:16,13.13,14341.0,France
537252,21737,GARLIC HERB BREADSTICKS,1,2025-07-16 20:05:16,2.92,14341.0,France
537252,21734,ARTISAN PASTA PENNE,4,2025-07-16 20:05:16,3.41,14341.0,France
537252,21736,ORGANIC TOMATO BASIL SAUCE,3,2025-07-16 20:05:16,4.55,14341.0,France
537253,71054,MECHANICAL KEYBOARD,3,2025-04-14 04:42:08,70.89,12597.0,Germany
537253,71055,USB-C MULTIPORT ADAPTER,1,2025-04-14 04:42:08,26.05,12597.0,Germany
537254,22423,REGENCY CAKESTAND 3 TIER,1,2025-08-29 04:43:23,13.11,17504.0,United Kingdom
537254,22720,SET OF 3 CAKE TINS PANTRY,1,2025-08-29 04:43:23,4.85,17504.0,United Kingdom
537254,85099B,WHITE HANGING HEART T-LIGHT HOLDER,2,2025-08-29 04:43:23,2.56,17504.0,United Kingdom
537254,22961,HEART OF WICKER LARGE,2,2025-08-29 04:43:23,3.09,17504.0,United Kingdom
537255,20725,CROISSANT ALL BUTTER,1,2025-07-10 03:25:18,2.36,16947.0,United Kingdom
537255,20726,PAIN AU CHOCOLAT,4,2025-07-10 03:25:18,2.39,16947.0,United Kingdom
537255,21220,BICYCLE PUNCTURE REPAIR KIT,1,2025-07-10 03:25:18,3.1,16947.0,United Kingdom
537255,21212,VINTAGE SNAP CARDS,1,2025-07-10 03:25:18,0.89,16947.0,United Kingdom
537256,22424,WHOLE WHEAT BREAD,1,2025-07-31 04:33:13,2.92,,United Kingdom
537256,22425,SWEET CREAM BUTTER,3,2025-07-31 04:33:13,4.14,,United Kingdom
537256,22423,ORGANIC WHOLE MILK,1,2025-07-31 04:33:13,3.46,,United Kingdom
537257,20725,CROISSANT ALL BUTTER,4,2025-09-01 04:02:56,2.24,15240.0,France
537257,20728,CAPPUCCINO CUP & SAUCER,6,2025-09-01 04:02:56,8.31,15240.0,France
537257,20727,ALMOND DANISH,2,2025-09-01 04:02:56,2.8,15240.0,France
537258,20727,ALMOND DANISH,12,2025-12-17 20:32:17,2.71,,United Kingdom
537258,20725,CROISSANT ALL BUTTER,2,2025-12-17 20:32:17,2.27,,United Kingdom
537258,21219,TRAVEL SEWING KIT,3,2025-12-17 20:32:17,2.12,,United Kingdom
537259,71055,USB-C MULTIPORT ADAPTER,6,2025-09-19 00:20:17,24.22,15780.0,United Kingdom
537259,71054,MECHANICAL KEYBOARD,1,2025-09-19 00:20:17,69.42,15780.0,United Kingdom
537260,21735,AGED PARMESAN REGGIANO,12,2025-01-10 23:58:48,8.23,,United Kingdom
537260,21736,ORGANIC TOMATO BASIL SAUCE,6,2025-01-10 23:58:48,4.48,,United Kingdom
537261,21734,ARTISAN PASTA PENNE,1,2025-08-30 19:31:42,3.15,,United Kingdom
537261,21737,GARLIC HERB BREADSTICKS,4,2025-08-30 19:31:42,3.05,,United Kingdom
537261,21736,ORGANIC TOMATO BASIL SAUCE,3,2025-08-30 19:31:42,4.67,,United Kingdom
537261,22424,WHOLE WHEAT BREAD,1,2025-08-30 19:31:42,3.02,,United Kingdom
537261,22423,ORGANIC WHOLE MILK,3,2025-08-30 19:31:42,3.35,,United Kingdom
537261,22426,STRAWBERRY PRESERVES,4,2025-08-30 19:31:42,4.07,,United Kingdom
537262,71057,MONITOR LIGHT BAR,1,2025-05-10 19:34:52,38.78,13416.0,United Kingdom
537262,71056,LARGE DESK PAD BLACK,4,2025-05-10 19:34:52,16.57,13416.0,United Kingdom
537262,71054,MECHANICAL KEYBOARD,1,2025-05-10 19:34:52,67.68,13416.0,United Kingdom
537262,71053,WIRELESS ERGONOMIC MOUSE,6,2025-05-10 19:34:52,28.63,13416.0,United Kingdom
537263,71055,USB-C MULTIPORT ADAPTER,1,2025-12-26 00:51:00,24.77,15130.0,United Kingdom
537263,71057,MONITOR LIGHT BAR,2,2025-12-26 00:51:00,41.81,15130.0,United Kingdom
537263,71053,WIRELESS ERGONOMIC MOUSE,3,2025-12-26 00:51:00,28.61,15130.0,United Kingdom
537263,71054,MECHANICAL KEYBOARD,1,2025-12-26 00:51:00,71.12,15130.0,United Kingdom
537264,22961,HEART OF WICKER LARGE,2,2025-05-24 02:42:59,3.0,15502.0,United Kingdom
537264,22720,SET OF 3 CAKE TINS PANTRY,3,2025-05-24 02:42:59,5.13,15502.0,United Kingdom
537264,21224,GLASS STORAGE JAR SMALL,1,2025-05-24 02:42:59,2.2,15502.0,United Kingdom
537264,21226,CHILLI LIGHTS STRING,3,2025-05-24 02:42:59,8.87,15502.0,United Kingdom
537265,85123A,COLOMBIAN ROAST COFFEE,6,2025-11-03 00:04:39,9.42,17690.0,United Kingdom
537265,85123B,PURE CANE SUGAR,2,2025-11-03 00:04:39,2.44,17690.0,United Kingdom
537265,85123D,FRENCH VANILLA SYRUP,1,2025-11-03 00:04:39,6.0,17690.0,United Kingdom
537265,20725,CROISSANT ALL BUTTER,24,2025-11-03 00:04:39,2.34,17690.0,United Kingdom
537265,20728,CAPPUCCINO CUP & SAUCER,12,2025-11-03 00:04:39,8.74,17690.0,United Kingdom
537265,20727,ALMOND DANISH,1,2025-11-03 00:04:39,2.87,17690.0,United Kingdom
537265,21231,FELTCRAFT DOLL ROSIE,2,2025-11-03 00:04:39,3.07,17690.0,United Kingdom
537266,71054,MECHANICAL KEYBOARD,2,2025-12-14 01:25:36,0.0,16090.0,United Kingdom
537266,71057,MONITOR LIGHT BAR,6,2025-12-14 01:25:36,41.66,16090.0,United Kingdom
537267,22423,REGENCY CAKESTAND 3 TIER,1,2025-05-27 18:22:58,12.46,,Spain
537267,22961,HEART OF WICKER LARGE,1,2025-05-27 18:22:58,2.93,,Spain
537267,84881,ORGANIC POTTING SOIL 10L,1,2025-05-27 18:22:58,7.25,,Spain
537267,84882,GARDENING GLOVES PAIR,1,2025-05-27 18:22:58,5.02,,Spain
537267,84883,LED GROW LIGHT BULB,6,2025-05-27 18:22:58,14.6,,Spain
537267,20727,ALMOND DANISH,1,2025-05-27 18:22:58,2.71,,Spain
537267,20728,CAPPUCCINO CUP & SAUCER,1,2025-05-27 18:22:58,8.35,,Spain
537267,20729,BLUEBERRY SCONE,1,2025-05-27 18:22:58,2.32,,Spain
537267,20726,PAIN AU CHOCOLAT,1,2025-05-27 18:22:58,2.5,,Spain
537267,20725,CROISSANT ALL BUTTER,1,2025-05-27 18:22:58,2.3,,Spain
537268,21226,CHILLI LIGHTS STRING,1,2025-11-30 18:38:13,8.81,,United Kingdom
537269,21735,AGED PARMESAN REGGIANO,2,2025-08-13 00:29:50,7.96,15216.0,United Kingdom
537269,21733,ITALIAN EXTRA VIRGIN OLIVE OIL,3,2025-08-13 00:29:50,13.3,15216.0,United Kingdom
537269,21737,GARLIC HERB BREADSTICKS,4,2025-08-13 00:29:50,3.04,15216.0,United Kingdom
537269,21734,ARTISAN PASTA PENNE,4,2025-08-13 00:29:50,3.36,15216.0,United Kingdom
537269,BANK CHARGES,BANK CHARGES,2,2025-08-13 00:29:50,15.09,15216.0,United Kingdom
537270,21737,GARLIC HERB BREADSTICKS,24,2025-06-27 22:29:11,2.98,14886.0,United Kingdom
537270,21736,ORGANIC TOMATO BASIL SAUCE,2,2025-06-27 22:29:11,4.57,14886.0,United Kingdom
537271,21736,ORGANIC TOMATO BASIL SAUCE,1,2025-05-09 03:03:27,4.38,17905.0,United Kingdom
537271,21734,ARTISAN PASTA PENNE,2,2025-05-09 03:03:27,3.42,17905.0,United Kingdom
537271,22426,STRAWBERRY PRESERVES,6,2025-05-09 03:03:27,4.01,17905.0,United Kingdom
537271,22424,WHOLE WHEAT BREAD,1,2025-05-09 03:03:27,3.0,17905.0,United Kingdom
537272,20727,ALMOND DANISH,2,2025-07-04 17:47:12,2.81,13194.0,United Kingdom
537272,20728,CAPPUCCINO CUP & SAUCER,2,2025-07-04 17:47:12,8.44,13194.0,United Kingdom
537272,20729,BLUEBERRY SCONE,24,2025-07-04 17:47:12,2.47,13194.0,United Kingdom
537272,20725,CROISSANT ALL BUTTER,6,2025-07-04 17:47:12,2.26,13194.0,United Kingdom
537272,20726,PAIN AU CHOCOLAT,6,2025-07-04 17:47:12,2.46,13194.0,United Kingdom
537272,21230,BATHROOM SCALE VINTAGE,3,2025-07-04 17:47:12,22.55,13194.0,United Kingdom
537273,85123D,FRENCH VANILLA SYRUP,2,2025-06-16 03:00:26,6.04,17277.0,United Kingdom
537273,85123C,DARK CHOCOLATE BAR 85%,3,2025-06-16 03:00:26,3.67,17277.0,United Kingdom
537273,85123A,COLOMBIAN ROAST COFFEE,24,2025-06-16 03:00:26,9.27,17277.0,United Kingdom
537274,84879,CERAMIC PLANT POT WHITE,2,2025-12-22 19:23:00,10.12,18240.0,Switzerland
537274,84880,WATERING CAN GREEN 2L,4,2025-12-22 19:23:00,11.86,18240.0,Switzerland
537274,84883,LED GROW LIGHT BULB,1,2025-12-22 19:23:00,14.83,18240.0,Switzerland
537275,21213,MINI PAINT SET 9 COLOURS,1,2025-03-30 20:42:46,1.31,16615.0,Belgium
537276,21735,AGED PARMESAN REGGIANO,1,2025-06-04 00:49:12,7.71,,France
537276,21733,ITALIAN EXTRA VIRGIN OLIVE OIL,6,2025-06-04 00:49:12,12.36,,France
537276,21737,GARLIC HERB BREADSTICKS,3,2025-06-04 00:49:12,3.05,,France
537276,22424,WHOLE WHEAT BREAD,2,2025-06-04 00:49:12,3.03,,France
537276,22427,ORGANIC EGGS DOZEN,2,2025-06-04 00:49:12,4.77,,France
537276,22425,SWEET CREAM BUTTER,1,2025-06-04 00:49:12,4.17,,France
537276,21230,BATHROOM SCALE VINTAGE,1,2025-06-04 00:49:12,21.76,,France
537277,85099B,WHITE HANGING HEART T-LIGHT HOLDER,1,2025-11-16 20:41:29,2.49,13384.0,United Kingdom
537277,22720,SET OF 3 CAKE TINS PANTRY,3,2025-11-16 20:41:29,5.18,13384.0,United Kingdom
537277,21218,SCENTED CANDLE LAVENDER,1,2025-11-16 20:41:29,4.18,13384.0,United Kingdom
537278,22426,STRAWBERRY PRESERVES,1,2025-05-04 00:28:07,3.96,12695.0,United Kingdom
537278,22425,SWEET CREAM BUTTER,4,2025-05-04 00:28:07,4.08,12695.0,United Kingdom
537279,84881,ORGANIC POTTING SOIL 10L,1,2025-12-20 22:08:05,7.18,18251.0,United Kingdom
537279,84880,WATERING CAN GREEN 2L,1,2025-12-20 22:08:05,11.72,18251.0,United Kingdom
537279,21224,GLASS STORAGE JAR SMALL,2,2025-12-20 22:08:05,2.17,18251.0,United Kingdom
537279,21220,BICYCLE PUNCTURE REPAIR KIT,2,2025-12-20 22:08:05,2.95,18251.0,United Kingdom
537280,85123C,DARK CHOCOLATE BAR 85%,1,2025-12-18 23:36:03,3.67,14958.0,France
537280,85123B,PURE CANE SUGAR,12,2025-12-18 23:36:03,2.6,14958.0,France
537280,21213,MINI PAINT SET 9 COLOURS,2,2025-12-18 23:36:03,1.25,14958.0,France
C537281,20728,CAPPUCCINO CUP & SAUCER,-12,2025-04-30 19:41:45,8.42,17564.0,United Kingdom
C537281,20727,ALMOND DANISH,-4,2025-04-30 19:41:45,2.7,17564.0,United Kingdom
537282,21219,TRAVEL SEWING KIT,2,2025-08-01 02:13:24,2.06,16433.0,United Kingdom
537283,22425,SWEET CREAM BUTTER,1,2025-10-25 18:41:56,4.31,,United Kingdom
537283,22427,ORGANIC EGGS DOZEN,1,2025-10-25 18:41:56,4.81,,United Kingdom
537283,22424,WHOLE WHEAT BREAD,4,2025-10-25 18:41:56,2.85,,United Kingdom
537284,84880,WATERING CAN GREEN 2L,24,2025-04-22 22:10:48,11.69,,United Kingdom
537284,84883,LED GROW LIGHT BULB,2,2025-04-22 22:10:48,14.28,,United Kingdom
537285,84882,GARDENING GLOVES PAIR,12,2025-10-17 00:04:59,4.99,,United Kingdom
537285,84883,LED GROW LIGHT BULB,2,2025-10-17 00:04:59,14.7,,United Kingdom
C537286,84879,CERAMIC PLANT POT WHITE,-10,2025-10-02 23:02:10,10.24,14063.0,Spain
C537286,84881,ORGANIC POTTING SOIL 10L,-6,2025-10-02 23:02:10,6.95,14063.0,Spain
C537286,84880,WATERING CAN GREEN 2L,-5,2025-10-02 23:02:10,11.75,14063.0,Spain
C537286,84883,LED GROW LIGHT BULB,-10,2025-10-02 23:02:10,15.31,14063.0,Spain
C537286,21736,ORGANIC TOMATO BASIL SAUCE,-8,2025-10-02 23:02:10,4.34,14063.0,Spain
C537286,21734,ARTISAN PASTA PENNE,-5,2025-10-02 23:02:10,3.41,14063.0,Spain
537287,20729,BLUEBERRY SCONE,6,2025-02-24 00:33:24,2.34,15504.0,EIRE
537287,20728,CAPPUCCINO CUP & SAUCER,4,2025-02-24 00:33:24,8.65,15504.0,EIRE
537287,20727,ALMOND DANISH,3,2025-02-24 00:33:24,2.7,15504.0,EIRE
537287,85123E,CERAMIC COFFEE MUG,1,2025-02-24 00:33:24,6.54,15504.0,EIRE
537287,85123D,FRENCH VANILLA SYRUP,1,2025-02-24 00:33:24,5.84,15504.0,EIRE
537287,85123C,DARK CHOCOLATE BAR 85%,1,2025-02-24 00:33:24,3.47,15504.0,EIRE
537288,22423,REGENCY CAKESTAND 3 TIER,1,2025-11-30 02:05:51,12.31,14369.0,United Kingdom
537288,22961,HEART OF WICKER LARGE,6,2025-11-30 02:05:51,2.87,14369.0,United Kingdom
537288,85099B,WHITE HANGING HEART T-LIGHT HOLDER,3,2025-11-30 02:05:51,2.5,14369.0,United Kingdom
537288,21228,WALL CLOCK RETRO RED,2,2025-11-30 02:05:51,17.91,14369.0,United Kingdom
537289,85123D,FRENCH VANILLA SYRUP,4,2025-07-08 01:31:57,5.74,,United Kingdom
537289,85123E,CERAMIC COFFEE MUG,6,2025-07-08 01:31:57,6.71,,United Kingdom
537289,85123C,DARK CHOCOLATE BAR 85%,1,2025-07-08 01:31:57,3.67,,United Kingdom
537289,22427,ORGANIC EGGS DOZEN,1,2025-07-08 01:31:57,5.2,,United Kingdom
537289,22423,ORGANIC WHOLE MILK,3,2025-07-08 01:31:57,3.36,,United Kingdom
537289,21215,WOODEN PICTURE FRAME,2,2025-07-08 01:31:57,5.23,,United Kingdom
537290,22423,REGENCY CAKESTAND 3 TIER,1,2025-05-12 03:16:46,13.21,,United Kingdom
537290,22720,SET OF 3 CAKE TINS PANTRY,1,2025-05-12 03:16:46,4.82,,United Kingdom
537290,22960,HEART OF WICKER SMALL,2,2025-05-12 03:16:46,1.59,,United Kingdom
537290,85099B,WHITE HANGING HEART T-LIGHT HOLDER,1,2025-05-12 03:16:46,2.45,,United Kingdom
537290,21215,WOODEN PICTURE FRAME,1,2025-05-12 03:16:46,5.75,,United Kingdom
537291,20726,PAIN AU CHOCOLAT,2,2025-08-27 00:37:07,2.43,15624.0,United Kingdom
537291,20725,CROISSANT ALL BUTTER,1,2025-08-27 00:37:07,2.25,15624.0,United Kingdom
537291,20728,CAPPUCCINO CUP & SAUCER,6,2025-08-27 00:37:07,8.32,15624.0,United Kingdom
537291,84881,ORGANIC POTTING SOIL 10L,3,2025-08-27 00:37:07,6.84,15624.0,United Kingdom
537291,84880,WATERING CAN GREEN 2L,1,2025-08-27 00:37:07,11.29,15624.0,United Kingdom
537292,20725,CROISSANT ALL BUTTER,3,2025-09-22 00:46:27,2.32,14246.0,France
537292,20726,PAIN AU CHOCOLAT,3,2025-09-22 00:46:27,2.38,14246.0,France
537293,21218,SCENTED CANDLE LAVENDER,2,2025-03-22 00:41:36,4.07,18279.0,Netherlands
537294,20727,ALMOND DANISH,1,2025-01-31 22:50:04,2.71,,United Kingdom
537294,20728,CAPPUCCINO CUP & SAUCER,2,2025-01-31 22:50:04,8.42,,United Kingdom
537294,20725,CROISSANT ALL BUTTER,12,2025-01-31 22:50:04,2.32,,United Kingdom
C537295,22423,ORGANIC WHOLE MILK,-7,2025-05-17 01:12:33,3.63,12997.0,United Kingdom
C537295,22425,SWEET CREAM BUTTER,-7,2025-05-17 01:12:33,4.35,12997.0,United Kingdom
C537295,22424,WHOLE WHEAT BREAD,-2,2025-05-17 01:12:33,2.98,12997.0,United Kingdom
C537295,22426,STRAWBERRY PRESERVES,-8,2025-05-17 01:12:33,3.99,12997.0,United Kingdom
537296,20727,ALMOND DANISH,1,2025-06-16 00:02:55,2.69,14224.0,United Kingdom
537296,20726,PAIN AU CHOCOLAT,3,2025-06-16 00:02:55,2.5,14224.0,United Kingdom
537296,20729,BLUEBERRY SCONE,6,2025-06-16 00:02:55,2.33,14224.0,United Kingdom
537296,21223,SET OF 6 SPICE JARS,3,2025-06-16 00:02:55,9.47,14224.0,United Kingdom
537297,22961,HEART OF WICKER LARGE,3,2025-04-21 04:08:51,2.92,15810.0,United Kingdom
537297,22720,SET OF 3 CAKE TINS PANTRY,1,2025-04-21 04:08:51,5.07,15810.0,United Kingdom
537297,21219,TRAVEL SEWING KIT,12,2025-04-21 04:08:51,2.09,15810.0,United Kingdom
537298,20727,ALMOND DANISH,1,2025-07-29 02:40:03,2.85,,United Kingdom
537298,20725,CROISSANT ALL BUTTER,2,2025-07-29 02:40:03,2.18,,United Kingdom
537298,22423,REGENCY CAKESTAND 3 TIER,1,2025-07-29 02:40:03,12.58,,United Kingdom
537298,85099B,WHITE HANGING HEART T-LIGHT HOLDER,3,2025-07-29 02:40:03,2.5,,United Kingdom
537298,21220,BICYCLE PUNCTURE REPAIR KIT,1,2025-07-29 02:40:03,2.99,,United Kingdom
537299,22720,SET OF 3 CAKE TINS PANTRY,3,2025-11-30 01:04:45,4.76,13003.0,United Kingdom
537299,22960,HEART OF WICKER SMALL,3,2025-11-30 01:04:45,1.72,13003.0,United Kingdom
537299,85099B,WHITE HANGING HEART T-LIGHT HOLDER,6,2025-11-30 01:04:45,2.68,13003.0,United Kingdom
537300,21733,ITALIAN EXTRA VIRGIN OLIVE OIL,6,2025-07-21 05:11:36,13.51,16401.0,France
537300,21736,ORGANIC TOMATO BASIL SAUCE,2,2025-07-21 05:11:36,4.38,16401.0,France
537300,21734,ARTISAN PASTA PENNE,2,2025-07-21 05:11:36,3.17,16401.0,France
537300,21737,GARLIC HERB BREADSTICKS,3,2025-07-21 05:11:36,3.0,16401.0,France
537300,85123A,COLOMBIAN ROAST COFFEE,1,2025-07-21 05:11:36,9.21,16401.0,France
537300,85123B,PURE CANE SUGAR,3,2025-07-21 05:11:36,2.37,16401.0,France
537301,71054,  MECHANICAL KEYBOARD   ,1,2025-08-09 20:17:28,67.24,17473.0,United Kingdom
537301,71053,,1,2025-08-09 20:17:28,29.74,17473.0,United Kingdom
537301,71055,USB-C MULTIPORT ADAPTER,1,2025-08-09 20:17:28,26.02,17473.0,United Kingdom
537301,71057,MONITOR LIGHT BAR,2,2025-08-09 20:17:28,41.15,17473.0,United Kingdom
537301,22423,ORGANIC WHOLE MILK,1,2025-08-09 20:17:28,3.64,17473.0,United Kingdom
537301,22426,STRAWBERRY PRESERVES,3,2025-08-09 20:17:28,3.94,17473.0,United Kingdom
537301,22424,WHOLE WHEAT BREAD,3,2025-08-09 20:17:28,3.07,17473.0,United Kingdom
537301,21220,BICYCLE PUNCTURE REPAIR KIT,2,2025-08-09 20:17:28,3.11,17473.0,United Kingdom
537302,20729,BLUEBERRY SCONE,1,2025-07-29 17:11:30,2.42,14448.0,United Kingdom
537302,20728,CAPPUCCINO CUP & SAUCER,3,2025-07-29 17:11:30,8.67,14448.0,United Kingdom
537302,21230,BATHROOM SCALE VINTAGE,4,2025-07-29 17:11:30,22.01,14448.0,United Kingdom
537302,21223,SET OF 6 SPICE JARS,2,2025-07-29 17:11:30,9.92,14448.0,United Kingdom
537302,21217,PACK OF 20 NAPKINS,1,2025-07-29 17:11:30,1.44,14448.0,United Kingdom
537303,22423,REGENCY CAKESTAND 3 TIER,2,2025-10-11 17:50:00,12.13,17850.0,United Kingdom
537303,22720,SET OF 3 CAKE TINS PANTRY,2,2025-10-11 17:50:00,5.16,17850.0,United Kingdom
537303,22961,HEART OF WICKER LARGE,4,2025-10-11 17:50:00,2.83,17850.0,United Kingdom
537303,85123B,PURE CANE SUGAR,3,2025-10-11 17:50:00,2.46,17850.0,United Kingdom
537303,85123C,DARK CHOCOLATE BAR 85%,1,2025-10-11 17:50:00,3.6,17850.0,United Kingdom
537303,85123D,FRENCH VANILLA SYRUP,2,2025-10-11 17:50:00,6.28,17850.0,United Kingdom
537304,71056,LARGE DESK PAD BLACK,1,2025-09-08 04:59:48,16.62,14340.0,United Kingdom
537304,71057,MONITOR LIGHT BAR,3,2025-09-08 04:59:48,40.9,14340.0,United Kingdom
537305,84882,GARDENING GLOVES PAIR,2,2025-06-07 22:59:50,5.06,16852.0,EIRE
537305,84881,ORGANIC POTTING SOIL 10L,4,2025-06-07 22:59:50,6.94,16852.0,EIRE
537306,84879,CERAMIC PLANT POT WHITE,6,2025-11-21 16:39:03,9.77,16958.0,United Kingdom
537306,84882,GARDENING GLOVES PAIR,1,2025-11-21 16:39:03,5.16,16958.0,United Kingdom
537306,71057,MONITOR LIGHT BAR,3,2025-11-21 16:39:03,40.42,16958.0,United Kingdom
537306,71055,USB-C MULTIPORT ADAPTER,3,2025-11-21 16:39:03,24.78,16958.0,United Kingdom
C537307,20729,BLUEBERRY SCONE,-3,2025-08-02 04:45:13,2.44,12523.0,United Kingdom
C537307,20728,CAPPUCCINO CUP & SAUCER,-4,2025-08-02 04:45:13,8.64,12523.0,United Kingdom
537308,84881,ORGANIC POTTING SOIL 10L,6,2025-07-25 16:45:12,6.7,,United Kingdom
537308,84883,LED GROW LIGHT BULB,1,2025-07-25 16:45:12,15.6,,United Kingdom
537308,22961,HEART OF WICKER LARGE,3,2025-07-25 16:45:12,3.02,,United Kingdom
537308,22720,SET OF 3 CAKE TINS PANTRY,2,2025-07-25 16:45:12,5.12,,United Kingdom
537308,85123D,FRENCH VANILLA SYRUP,2,2025-07-25 16:45:12,5.87,,United Kingdom
537308,85123A,COLOMBIAN ROAST COFFEE,12,2025-07-25 16:45:12,8.64,,United Kingdom
537309,21734,ARTISAN PASTA PENNE,3,2025-02-04 18:54:39,3.19,,United Kingdom
537309,21733,ITALIAN EXTRA VIRGIN OLIVE OIL,3,2025-02-04 18:54:39,12.43,,United Kingdom
537310,20727,ALMOND DANISH,6,2025-05-18 16:57:08,2.73,,United Kingdom
537310,20725,CROISSANT ALL BUTTER,1,2025-05-18 16:57:08,2.17,,United Kingdom
537310,22423,ORGANIC WHOLE MILK,1,2025-05-18 16:57:08,3.38,,United Kingdom
537310,22425,SWEET CREAM BUTTER,2,2025-05-18 16:57:08,4.11,,United Kingdom
537310,21225,GLASS STORAGE JAR LARGE,4,2025-05-18 16:57:08,4.13,,United Kingdom
537311,22427,ORGANIC EGGS DOZEN,3,2025-05-26 01:19:35,5.03,,United Kingdom
537311,22425,SWEET CREAM BUTTER,1,2025-05-26 01:19:35,4.16,,United Kingdom
537311,22426,STRAWBERRY PRESERVES,2,2025-05-26 01:19:35,3.71,,United Kingdom
537311,21222,RETRO SPOT APRON,1,2025-05-26 01:19:35,7.21,,United Kingdom
537312,84879,CERAMIC PLANT POT WHITE,1,2025-09-25 02:00:48,10.42,12906.0,United Kingdom
537312,84883,LED GROW LIGHT BULB,4,2025-09-25 02:00:48,15.67,12906.0,United Kingdom
537313,21219,TRAVEL SEWING KIT,1,2025-02-19 00:00:57,2.13,17796.0,United Kingdom
537314,21734,ARTISAN PASTA PENNE,2,2025-07-08 23:50:53,3.42,14537.0,United Kingdom
537314,21737,GARLIC HERB BREADSTICKS,1,2025-07-08 23:50:53,3.11,14537.0,United Kingdom
537315,20727,ALMOND DANISH,6,2025-08-11 02:56:05,2.67,15328.0,United Kingdom
537315,20725,CROISSANT ALL BUTTER,1,2025-08-11 02:56:05,2.34,15328.0,United Kingdom
537315,20729,BLUEBERRY SCONE,3,2025-08-11 02:56:05,2.3,15328.0,United Kingdom
537315,20728,CAPPUCCINO CUP & SAUCER,2,2025-08-11 02:56:05,8.56,15328.0,United Kingdom
537315,20726,PAIN AU CHOCOLAT,4,2025-08-11 02:56:05,2.59,15328.0,United Kingdom
537315,71054,MECHANICAL KEYBOARD,2,2025-08-11 02:56:05,72.28,15328.0,United Kingdom
537315,71056,LARGE DESK PAD BLACK,1,2025-08-11 02:56:05,15.87,15328.0,United Kingdom
537315,71057,MONITOR LIGHT BAR,1,2025-08-11 02:56:05,40.82,15328.0,United Kingdom
537315,71055,USB-C MULTIPORT ADAPTER,1,2025-08-11 02:56:05,24.61,15328.0,United Kingdom
537315,71053,WIRELESS ERGONOMIC MOUSE,1,2025-08-11 02:56:05,31.31,15328.0,United Kingdom
537315,21222,RETRO SPOT APRON,3,2025-08-11 02:56:05,6.61,15328.0,United Kingdom
537315,21215,WOODEN PICTURE FRAME,3,2025-08-11 02:56:05,5.54,15328.0,United Kingdom
537316,22423,REGENCY CAKESTAND 3 TIER,3,2025-07-06 20:21:24,12.56,17806.0,United Kingdom
537316,85099B,WHITE HANGING HEART T-LIGHT HOLDER,1,2025-07-06 20:21:24,2.58,17806.0,United Kingdom
537317,85123E,CERAMIC COFFEE MUG,2,2025-04-01 23:43:01,6.66,14118.0,United Kingdom
537317,85123B,PURE CANE SUGAR,1,2025-04-01 23:43:01,2.47,14118.0,United Kingdom
C537318,84883,LED GROW LIGHT BULB,-11,2025-12-27 23:24:52,15.69,12367.0,United Kingdom
C537318,84882,GARDENING GLOVES PAIR,-3,2025-12-27 23:24:52,4.99,12367.0,United Kingdom
C537318,84879,CERAMIC PLANT POT WHITE,-4,2025-12-27 23:24:52,10.13,12367.0,United Kingdom
537319,22961,HEART OF WICKER LARGE,3,2025-02-17 02:45:10,2.98,16494.0,United Kingdom
537319,22720,SET OF 3 CAKE TINS PANTRY,2,2025-02-17 02:45:10,4.87,16494.0,United Kingdom
537319,21227,VINTAGE UNION JACK CUSHION,1,2025-02-17 02:45:10,15.26,16494.0,United Kingdom
537320,22720,SET OF 3 CAKE TINS PANTRY,2,2025-11-05 02:51:03,4.78,13143.0,United Kingdom
537320,22960,HEART OF WICKER SMALL,3,2025-11-05 02:51:03,1.65,13143.0,United Kingdom
537320,84883,LED GROW LIGHT BULB,1,2025-11-05 02:51:03,14.99,13143.0,United Kingdom
537320,84879,CERAMIC PLANT POT WHITE,1,2025-11-05 02:51:03,9.77,13143.0,United Kingdom
537320,84880,WATERING CAN GREEN 2L,1,2025-11-05 02:51:03,11.38,13143.0,United Kingdom
537321,22720,SET OF 3 CAKE TINS PANTRY,6,2025-03-20 04:21:48,4.77,13704.0,United Kingdom
537321,22961,HEART OF WICKER LARGE,1,2025-03-20 04:21:48,3.0,13704.0,United Kingdom
537321,22960,HEART OF WICKER SMALL,2,2025-03-20 04:21:48,1.71,13704.0,United Kingdom
537322,22423,ORGANIC WHOLE MILK,3,2025-07-05 02:51:01,3.58,15919.0,France
537322,22425,SWEET CREAM BUTTER,2,2025-07-05 02:51:01,4.04,15919.0,France
537322,22426,STRAWBERRY PRESERVES,3,2025-07-05 02:51:01,3.71,15919.0,France
537322,22424,WHOLE WHEAT BREAD,1,2025-07-05 02:51:01,2.85,15919.0,France
537322,84882,GARDENING GLOVES PAIR,2,2025-07-05 02:51:01,4.74,15919.0,France
537322,84880,WATERING CAN GREEN 2L,6,2025-07-05 02:51:01,11.74,15919.0,France
537322,84879,CERAMIC PLANT POT WHITE,1,2025-07-05 02:51:01,10.25,15919.0,France
537323,22423,REGENCY CAKESTAND 3 TIER,3,2025-01-18 20:11:28,12.56,,United Kingdom
537323,22960,HEART OF WICKER SMALL,4,2025-01-18 20:11:28,1.71,,United Kingdom
537323,21226,CHILLI LIGHTS STRING,1,2025-01-18 20:11:28,8.77,,United Kingdom
537324,20726,PAIN AU CHOCOLAT,1,2025-05-28 23:27:35,2.42,15139.0,United Kingdom
537324,20725,CROISSANT ALL BUTTER,4,2025-05-28 23:27:35,2.23,15139.0,United Kingdom
537324,20729,BLUEBERRY SCONE,2,2025-05-28 23:27:35,2.4,15139.0,United Kingdom
537325,85099B,WHITE HANGING HEART T-LIGHT HOLDER,2,2025-06-09 22:37:53,2.55,,United Kingdom
537325,22961,HEART OF WICKER LARGE,4,2025-06-09 22:37:53,2.87,,United Kingdom
537325,22960,HEART OF WICKER SMALL,2,2025-06-09 22:37:53,1.66,,United Kingdom
537325,21213,MINI PAINT SET 9 COLOURS,3,2025-06-09 22:37:53,1.2,,United Kingdom
537326,84881,ORGANIC POTTING SOIL 10L,2,2025-04-22 16:52:18,6.67,13234.0,United Kingdom
537326,84880,WATERING CAN GREEN 2L,1,2025-04-22 16:52:18,11.26,13234.0,United Kingdom
537326,84882,GARDENING GLOVES PAIR,1,2025-04-22 16:52:18,4.96,13234.0,United Kingdom
537327,20728,CAPPUCCINO CUP & SAUCER,3,2025-10-23 01:15:28,8.57,,United Kingdom
537327,20725,CROISSANT ALL BUTTER,1,2025-10-23 01:15:28,2.35,,United Kingdom
537328,22427,ORGANIC EGGS DOZEN,6,2025-06-05 21:12:44,5.15,16117.0,United Kingdom
537328,22424,WHOLE WHEAT BREAD,1,2025-06-05 21:12:44,2.89,16117.0,United Kingdom
537328,22426,STRAWBERRY PRESERVES,2,2025-06-05 21:12:44,3.91,16117.0,United Kingdom
537328,21230,BATHROOM SCALE VINTAGE,1,2025-06-05 21:12:44,21.93,16117.0,United Kingdom
537329,71053,WIRELESS ERGONOMIC MOUSE,3,2025-03-21 04:20:55,28.53,,United Kingdom
537329,71054,MECHANICAL KEYBOARD,2,2025-03-21 04:20:55,70.65,,United Kingdom
537329,71057,MONITOR LIGHT BAR,3,2025-03-21 04:20:55,38.69,,United Kingdom
537329,22961,HEART OF WICKER LARGE,1,2025-03-21 04:20:55,2.92,,United Kingdom
537329,22960,HEART OF WICKER SMALL,3,2025-03-21 04:20:55,1.58,,United Kingdom
537329,22423,REGENCY CAKESTAND 3 TIER,4,2025-03-21 04:20:55,12.57,,United Kingdom
537329,22720,SET OF 3 CAKE TINS PANTRY,4,2025-03-21 04:20:55,5.11,,United Kingdom
537329,21231,FELTCRAFT DOLL ROSIE,3,2025-03-21 04:20:55,3.0,,United Kingdom
537330,85123E,CERAMIC COFFEE MUG,24,2025-03-08 22:17:27,6.6,13183.0,United Kingdom
537330,85123C,DARK CHOCOLATE BAR 85%,24,2025-03-08 22:17:27,3.33,13183.0,United Kingdom
537330,85123A,COLOMBIAN ROAST COFFEE,24,2025-03-08 22:17:27,9.31,13183.0,United Kingdom
537330,85123B,PURE CANE SUGAR,1,2025-03-08 22:17:27,2.49,13183.0,United Kingdom
537331,71054,MECHANICAL KEYBOARD,1,2025-04-24 03:45:54,66.87,15426.0,United Kingdom
537331,71055,USB-C MULTIPORT ADAPTER,3,2025-04-24 03:45:54,25.87,15426.0,United Kingdom
537331,71056,LARGE DESK PAD BLACK,2,2025-04-24 03:45:54,15.2,15426.0,United Kingdom
537332,84880,WATERING CAN GREEN 2L,2,2025-02-24 22:37:42,11.76,16140.0,United Kingdom
537332,84882,GARDENING GLOVES PAIR,2,2025-02-24 22:37:42,4.84,16140.0,United Kingdom
537333,85123E,CERAMIC COFFEE MUG,6,2025-08-10 00:36:36,6.41,13858.0,United Kingdom
537333,85123C,DARK CHOCOLATE BAR 85%,3,2025-08-10 00:36:36,3.44,13858.0,United Kingdom
537333,22424,WHOLE WHEAT BREAD,1,2025-08-10 00:36:36,3.07,13858.0,United Kingdom
537333,22427,ORGANIC EGGS DOZEN,1,2025-08-10 00:36:36,5.19,13858.0,United Kingdom
537333,71053,WIRELESS ERGONOMIC MOUSE,1,2025-08-10 00:36:36,29.4,13858.0,United Kingdom
537333,71056,LARGE DESK PAD BLACK,4,2025-08-10 00:36:36,16.06,13858.0,United Kingdom
537333,21230,BATHROOM SCALE VINTAGE,4,2025-08-10 00:36:36,22.19,13858.0,United Kingdom
537334,71055,USB-C MULTIPORT ADAPTER,1,2025-08-11 19:24:34,23.79,,United Kingdom
537334,71054,MECHANICAL KEYBOARD,2,2025-08-11 19:24:34,72.03,,United Kingdom
537334,21228,WALL CLOCK RETRO RED,3,2025-08-11 19:24:34,18.3,,United Kingdom
537335,22423,REGENCY CAKESTAND 3 TIER,1,2025-04-01 03:55:57,12.22,,United Kingdom
537335,22960,HEART OF WICKER SMALL,6,2025-04-01 03:55:57,1.68,,United Kingdom
537335,21221,RETRO SPOT TEA TOWEL,1,2025-04-01 03:55:57,2.55,,United Kingdom
537336,22423,ORGANIC WHOLE MILK,2,2025-10-05 20:53:53,3.37,13517.0,United Kingdom
537336,22425,SWEET CREAM BUTTER,3,2025-10-05 20:53:53,4.25,13517.0,United Kingdom
537337,22423,ORGANIC WHOLE MILK,4,2025-12-14 04:33:11,3.45,,United Kingdom
537337,22427,ORGANIC EGGS DOZEN,12,2025-12-14 04:33:11,4.95,,United Kingdom
537337,22424,WHOLE WHEAT BREAD,24,2025-12-14 04:33:11,3.1,,United Kingdom
537337,21735,AGED PARMESAN REGGIANO,2,2025-12-14 04:33:11,7.54,,United Kingdom
537337,21734,ARTISAN PASTA PENNE,1,2025-12-14 04:33:11,3.3,,United Kingdom
537338,21223,SET OF 6 SPICE JARS,3,2025-01-18 02:59:48,10.29,17601.0,United Kingdom
537339,71055,USB-C MULTIPORT ADAPTER,1,2025-03-14 00:18:05,25.79,,United Kingdom
537339,71057,MONITOR LIGHT BAR,1,2025-03-14 00:18:05,41.13,,United Kingdom
537339,71056,LARGE DESK PAD BLACK,3,2025-03-14 00:18:05,15.41,,United Kingdom
537339,71053,WIRELESS ERGONOMIC MOUSE,1,2025-03-14 00:18:05,30.94,,United Kingdom
537339,21229,HAND WARMER BIRD DESIGN,1,2025-03-14 00:18:05,1.92,,United Kingdom
537339,21217,PACK OF 20 NAPKINS,1,2025-03-14 00:18:05,1.49,,United Kingdom
537339,21221,RETRO SPOT TEA TOWEL,1,2025-03-14 00:18:05,2.44,,United Kingdom
537340,21734,ARTISAN PASTA PENNE,2,2025-03-29 04:45:35,3.21,15595.0,United Kingdom
537340,21736,ORGANIC TOMATO BASIL SAUCE,2,2025-03-29 04:45:35,4.35,15595.0,United Kingdom
537341,85099B,WHITE HANGING HEART T-LIGHT HOLDER,1,2025-03-17 02:11:02,2.57,14353.0,United Kingdom
537341,22720,SET OF 3 CAKE TINS PANTRY,1,2025-03-17 02:11:02,4.94,14353.0,United Kingdom
537342,21733,ITALIAN EXTRA VIRGIN OLIVE OIL,2,2025-03-06 03:34:30,12.77,16993.0,United Kingdom
537342,21737,GARLIC HERB BREADSTICKS,4,2025-03-06 03:34:30,3.02,16993.0,United Kingdom
537342,21736,ORGANIC TOMATO BASIL SAUCE,1,2025-03-06 03:34:30,4.44,16993.0,United Kingdom
537342,21734,ARTISAN PASTA PENNE,2,2025-03-06 03:34:30,3.16,16993.0,United Kingdom
537342,21228,WALL CLOCK RETRO RED,2,2025-03-06 03:34:30,18.67,16993.0,United Kingdom
537343,22960,HEART OF WICKER SMALL,1,2025-06-03 16:49:13,1.72,17461.0,United Kingdom
537343,85099B,WHITE HANGING HEART T-LIGHT HOLDER,1,2025-06-03 16:49:13,2.59,17461.0,United Kingdom
537343,21222,RETRO SPOT APRON,1,2025-06-03 16:49:13,6.82,17461.0,United Kingdom
537344,21229,HAND WARMER BIRD DESIGN,1,2025-11-19 00:44:48,1.97,13623.0,United Kingdom
537345,21735,AGED PARMESAN REGGIANO,3,2025-11-24 05:08:31,7.78,,United Kingdom
537345,21736,ORGANIC TOMATO BASIL SAUCE,2,2025-11-24 05:08:31,4.47,,United Kingdom
537345,21733,ITALIAN EXTRA VIRGIN OLIVE OIL,3,2025-11-24 05:08:31,13.35,,United Kingdom
537345,21734,ARTISAN PASTA PENNE,6,2025-11-24 05:08:31,3.3,,United Kingdom
537345,21737,GARLIC HERB BREADSTICKS,2,2025-11-24 05:08:31,3.06,,United Kingdom
537345,20729,BLUEBERRY SCONE,12,2025-11-24 05:08:31,2.36,,United Kingdom
537345,20725,CROISSANT ALL BUTTER,2,2025-11-24 05:08:31,2.3,,United Kingdom
537346,22427,ORGANIC EGGS DOZEN,1,2025-12-23 03:57:59,5.17,12899.0,United Kingdom
537346,22426,STRAWBERRY PRESERVES,2,2025-12-23 03:57:59,4.05,12899.0,United Kingdom
537346,21221,RETRO SPOT TEA TOWEL,3,2025-12-23 03:57:59,2.51,12899.0,United Kingdom
537347,84883,LED GROW LIGHT BULB,1,2025-11-26 03:24:34,15.32,16945.0,United Kingdom
537347,84879,CERAMIC PLANT POT WHITE,6,2025-11-26 03:24:34,9.68,16945.0,United Kingdom
537348,22427,ORGANIC EGGS DOZEN,2,2025-06-23 22:06:25,4.76,16678.0,France
537348,22425,SWEET CREAM BUTTER,3,2025-06-23 22:06:25,4.17,16678.0,France
537348,22424,WHOLE WHEAT BREAD,2,2025-06-23 22:06:25,3.02,16678.0,France
537348,20725,CROISSANT ALL BUTTER,2,2025-06-23 22:06:25,2.34,16678.0,France
537348,20727,ALMOND DANISH,1,2025-06-23 22:06:25,2.69,16678.0,France
537348,20728,CAPPUCCINO CUP & SAUCER,3,2025-06-23 22:06:25,8.2,16678.0,France
537348,85099B,WHITE HANGING HEART T-LIGHT HOLDER,6,2025-06-23 22:06:25,2.55,16678.0,France
537348,22961,HEART OF WICKER LARGE,6,2025-06-23 22:06:25,3.1,16678.0,France
537349,22425,  SWEET CREAM BUTTER   ,1,2025-05-15 03:00:58,4.18,17804.0,United Kingdom
537349,22424,WHOLE WHEAT BREAD,2,2025-05-15 03:00:58,3.12,17804.0,United Kingdom
537349,22427,ORGANIC EGGS DOZEN,1,2025-05-15 03:00:58,4.93,17804.0,United Kingdom
537349,22423,ORGANIC WHOLE MILK,6,2025-05-15 03:00:58,3.46,17804.0,United Kingdom
537349,21213,MINI PAINT SET 9 COLOURS,2,2025-05-15 03:00:58,1.31,17804.0,United Kingdom
537349,21225,GLASS STORAGE JAR LARGE,2,2025-05-15 03:00:58,4.03,17804.0,United Kingdom
537350,71055,USB-C MULTIPORT ADAPTER,1,2025-04-12 03:59:10,25.9,14761.0,United Kingdom
537350,71054,MECHANICAL KEYBOARD,1,2025-04-12 03:59:10,68.22,14761.0,United Kingdom
537350,71057,MONITOR LIGHT BAR,2,2025-04-12 03:59:10,39.26,14761.0,United Kingdom
537350,71053,WIRELESS ERGONOMIC MOUSE,1,2025-04-12 03:59:10,29.75,14761.0,United Kingdom
537351,22425,SWEET CREAM BUTTER,1,2025-04-24 23:09:01,4.05,17927.0,United Kingdom
537351,22423,ORGANIC WHOLE MILK,6,2025-04-24 23:09:01,3.37,17927.0,United Kingdom
537352,84880,WATERING CAN GREEN 2L,1,2025-06-06 02:30:20,11.18,14985.0,United Kingdom
537352,84879,CERAMIC PLANT POT WHITE,6,2025-06-06 02:30:20,9.96,14985.0,United Kingdom
537353,20728,CAPPUCCINO CUP & SAUCER,2,2025-06-29 23:44:11,8.92,,Spain
537353,20729,BLUEBERRY SCONE,2,2025-06-29 23:44:11,2.51,,Spain
537353,20726,PAIN AU CHOCOLAT,2,2025-06-29 23:44:11,2.6,,Spain
537353,20727,ALMOND DANISH,1,2025-06-29 23:44:11,2.8,,Spain
537353,21225,GLASS STORAGE JAR LARGE,2,2025-06-29 23:44:11,4.01,,Spain
537354,21733,ITALIAN EXTRA VIRGIN OLIVE OIL,2,2025-01-27 23:11:11,13.58,12544.0,United Kingdom
537354,21736,ORGANIC TOMATO BASIL SAUCE,2,2025-01-27 23:11:11,4.53,12544.0,United Kingdom
537355,20726,PAIN AU CHOCOLAT,1,2025-10-09 02:31:42,2.47,15078.0,United Kingdom
537355,20725,CROISSANT ALL BUTTER,2,2025-10-09 02:31:42,2.21,15078.0,United Kingdom
537355,20728,CAPPUCCINO CUP & SAUCER,4,2025-10-09 02:31:42,8.84,15078.0,United Kingdom
537356,20729,BLUEBERRY SCONE,6,2025-10-08 03:36:10,2.41,,Belgium
537356,20727,ALMOND DANISH,3,2025-10-08 03:36:10,2.65,,Belgium
537356,21231,FELTCRAFT DOLL ROSIE,4,2025-10-08 03:36:10,2.98,,Belgium
537356,21220,BICYCLE PUNCTURE REPAIR KIT,1,2025-10-08 03:36:10,3.01,,Belgium
537357,84881,ORGANIC POTTING SOIL 10L,24,2025-03-12 20:31:12,7.14,,Belgium
537357,84879,CERAMIC PLANT POT WHITE,3,2025-03-12 20:31:12,10.3,,Belgium
537357,84883,LED GROW LIGHT BULB,1,2025-03-12 20:31:12,14.59,,Belgium
537357,84882,GARDENING GLOVES PAIR,1,2025-03-12 20:31:12,4.75,,Belgium
537358,21220,BICYCLE PUNCTURE REPAIR KIT,4,2025-08-15 04:46:09,3.09,16010.0,United Kingdom
537359,22960,HEART OF WICKER SMALL,6,2025-03-27 16:45:14,1.59,17080.0,United Kingdom
537359,22720,SET OF 3 CAKE TINS PANTRY,6,2025-03-27 16:45:14,5.02,17080.0,United Kingdom
537360,22425,SWEET CREAM BUTTER,6,2025-10-29 03:18:25,4.41,16446.0,United Kingdom
537360,22423,ORGANIC WHOLE MILK,4,2025-10-29 03:18:25,3.32,16446.0,United Kingdom
537361,84881,ORGANIC POTTING SOIL 10L,6,2025-02-27 18:56:06,6.67,14426.0,United Kingdom
537361,84882,GARDENING GLOVES PAIR,1,2025-02-27 18:56:06,4.81,14426.0,United Kingdom
537361,71057,MONITOR LIGHT BAR,2,2025-02-27 18:56:06,40.03,14426.0,United Kingdom
537361,71056,LARGE DESK PAD BLACK,2,2025-02-27 18:56:06,16.17,14426.0,United Kingdom
537361,21222,RETRO SPOT APRON,4,2025-02-27 18:56:06,7.26,14426.0,United Kingdom
537361,21228,WALL CLOCK RETRO RED,2,2025-02-27 18:56:06,17.73,14426.0,United Kingdom
537362,85099B,WHITE HANGING HEART T-LIGHT HOLDER,1,2025-07-05 22:10:30,2.52,18104.0,United Kingdom
537362,22423,REGENCY CAKESTAND 3 TIER,4,2025-07-05 22:10:30,12.96,18104.0,United Kingdom
537362,22961,HEART OF WICKER LARGE,1,2025-07-05 22:10:30,2.88,18104.0,United Kingdom
537362,22720,SET OF 3 CAKE TINS PANTRY,1,2025-07-05 22:10:30,5.05,18104.0,United Kingdom
537362,84882,GARDENING GLOVES PAIR,2,2025-07-05 22:10:30,4.97,18104.0,United Kingdom
537362,84883,LED GROW LIGHT BULB,3,2025-07-05 22:10:30,15.68,18104.0,United Kingdom
537362,21225,GLASS STORAGE JAR LARGE,4,2025-07-05 22:10:30,4.03,18104.0,United Kingdom
537362,21216,EMERGENCY FIRST AID TIN,1,2025-07-05 22:10:30,3.65,18104.0,United Kingdom
537362,21221,RETRO SPOT TEA TOWEL,1,2025-07-05 22:10:30,2.38,18104.0,United Kingdom
537363,21734,ARTISAN PASTA PENNE,2,2025-04-17 04:29:18,3.21,14156.0,United Kingdom
537363,21737,GARLIC HERB BREADSTICKS,1,2025-04-17 04:29:18,3.08,14156.0,United Kingdom
537363,21227,VINTAGE UNION JACK CUSHION,6,2025-04-17 04:29:18,14.62,14156.0,United Kingdom
537364,21733,ITALIAN EXTRA VIRGIN OLIVE OIL,6,2025-10-11 00:04:53,13.34,15585.0,United Kingdom
537364,21735,AGED PARMESAN REGGIANO,1,2025-10-11 00:04:53,8.09,15585.0,United Kingdom
537365,85123C,DARK CHOCOLATE BAR 85%,12,2025-07-03 19:38:41,3.47,16650.0,United Kingdom
537365,85123E,CERAMIC COFFEE MUG,4,2025-07-03 19:38:41,6.51,16650.0,United Kingdom
537365,85123B,PURE CANE SUGAR,3,2025-07-03 19:38:41,2.55,16650.0,United Kingdom
537365,85123A,COLOMBIAN ROAST COFFEE,3,2025-07-03 19:38:41,8.8,16650.0,United Kingdom
537365,85123D,FRENCH VANILLA SYRUP,3,2025-07-03 19:38:41,5.73,16650.0,United Kingdom
537366,20726,PAIN AU CHOCOLAT,6,2025-02-24 01:47:29,2.59,12763.0,United Kingdom
537366,20728,CAPPUCCINO CUP & SAUCER,2,2025-02-24 01:47:29,8.61,12763.0,United Kingdom
537366,20727,ALMOND DANISH,2,2025-02-24 01:47:29,2.79,12763.0,United Kingdom
537366,21230,BATHROOM SCALE VINTAGE,1,2025-02-24 01:47:29,22.7,12763.0,United Kingdom
537366,21224,GLASS STORAGE JAR SMALL,1,2025-02-24 01:47:29,2.21,12763.0,United Kingdom
537366,21223,SET OF 6 SPICE JARS,2,2025-02-24 01:47:29,10.2,12763.0,United Kingdom
537367,84883,LED GROW LIGHT BULB,3,2025-12-16 00:30:00,15.55,12454.0,United Kingdom
537367,84882,GARDENING GLOVES PAIR,1,2025-12-16 00:30:00,5.07,12454.0,United Kingdom
537367,84879,CERAMIC PLANT POT WHITE,1,2025-12-16 00:30:00,10.48,12454.0,United Kingdom
537367,84880,WATERING CAN GREEN 2L,3,2025-12-16 00:30:00,11.0,12454.0,United Kingdom
537367,84881,ORGANIC POTTING SOIL 10L,4,2025-12-16 00:30:00,6.8,12454.0,United Kingdom
537368,71054,MECHANICAL KEYBOARD,2,2025-03-17 23:21:53,70.9,14393.0,United Kingdom
537368,71053,WIRELESS ERGONOMIC MOUSE,12,2025-03-17 23:21:53,29.73,14393.0,United Kingdom
537368,20729,BLUEBERRY SCONE,2,2025-03-17 23:21:53,2.34,14393.0,United Kingdom
537368,20728,CAPPUCCINO CUP & SAUCER,3,2025-03-17 23:21:53,8.5,14393.0,United Kingdom
537369,71054,MECHANICAL KEYBOARD,2,2025-06-08 04:44:23,70.21,13734.0,United Kingdom
537369,71053,WIRELESS ERGONOMIC MOUSE,1,2025-06-08 04:44:23,28.52,13734.0,United Kingdom
537369,71056,LARGE DESK PAD BLACK,3,2025-06-08 04:44:23,15.47,13734.0,United Kingdom
537369,21224,GLASS STORAGE JAR SMALL,2,2025-06-08 04:44:23,2.22,13734.0,United Kingdom
537369,21230,BATHROOM SCALE VINTAGE,6,2025-06-08 04:44:23,21.3,13734.0,United Kingdom
537370,20727,ALMOND DANISH,4,2025-03-06 05:06:25,2.72,14277.0,United Kingdom
537370,20729,BLUEBERRY SCONE,3,2025-03-06 05:06:25,2.33,14277.0,United Kingdom
537370,21213,MINI PAINT SET 9 COLOURS,1,2025-03-06 05:06:25,1.27,14277.0,United Kingdom
537370,21230,BATHROOM SCALE VINTAGE,6,2025-03-06 05:06:25,23.02,14277.0,United Kingdom
537371,22960,HEART OF WICKER SMALL,2,2025-04-25 04:11:23,1.66,,France
537371,22423,REGENCY CAKESTAND 3 TIER,1,2025-04-25 04:11:23,12.57,,France
537371,22720,SET OF 3 CAKE TINS PANTRY,2,2025-04-25 04:11:23,5.19,,France
537371,22961,HEART OF WICKER LARGE,4,2025-04-25 04:11:23,3.08,,France
537371,85123B,PURE CANE SUGAR,4,2025-04-25 04:11:23,2.48,,France
537371,85123D,FRENCH VANILLA SYRUP,4,2025-04-25 04:11:23,6.18,,France
537372,71055,USB-C MULTIPORT ADAPTER,24,2025-02-11 19:57:48,25.06,13622.0,United Kingdom
537372,71056,LARGE DESK PAD BLACK,3,2025-02-11 19:57:48,15.76,13622.0,United Kingdom
537373,85123C,DARK CHOCOLATE BAR 85%,1,2025-03-30 20:14:23,3.6,13622.0,United Kingdom
537373,85123D,FRENCH VANILLA SYRUP,1,2025-03-30 20:14:23,6.26,13622.0,United Kingdom
537373,85123E,CERAMIC COFFEE MUG,1,2025-03-30 20:14:23,6.65,13622.0,United Kingdom
537373,21225,GLASS STORAGE JAR LARGE,2,2025-03-30 20:14:23,3.94,13622.0,United Kingdom
537373,21218,SCENTED CANDLE LAVENDER,3,2025-03-30 20:14:23,4.1,13622.0,United Kingdom
537373,21212,VINTAGE SNAP CARDS,3,2025-03-30 20:14:23,0.88,13622.0,United Kingdom
537374,21229,HAND WARMER BIRD DESIGN,4,2025-02-05 01:04:03,1.95,17945.0,United Kingdom
537375,84881,ORGANIC POTTING SOIL 10L,2,2025-08-16 22:42:53,7.16,16829.0,United Kingdom
537375,84880,WATERING CAN GREEN 2L,2,2025-08-16 22:42:53,11.91,16829.0,United Kingdom
537376,21736,ORGANIC TOMATO BASIL SAUCE,1,2025-02-17 21:30:11,4.41,,United Kingdom
537376,21734,ARTISAN PASTA PENNE,2,2025-02-17 21:30:11,3.33,,United Kingdom
537376,21222,RETRO SPOT APRON,2,2025-02-17 21:30:11,6.79,,United Kingdom
537377,22423,REGENCY CAKESTAND 3 TIER,2,2025-11-03 18:08:35,12.56,14937.0,United Kingdom
537377,22960,HEART OF WICKER SMALL,3,2025-11-03 18:08:35,1.62,14937.0,United Kingdom
537378,22427,ORGANIC EGGS DOZEN,3,2025-05-26 05:16:38,4.78,14489.0,United Kingdom
537378,22425,SWEET CREAM BUTTER,2,2025-05-26 05:16:38,4.42,14489.0,United Kingdom
537378,20728,CAPPUCCINO CUP & SAUCER,6,2025-05-26 05:16:38,8.72,14489.0,United Kingdom
537378,20727,ALMOND DANISH,2,2025-05-26 05:16:38,2.8,14489.0,United Kingdom
537379,84880,WATERING CAN GREEN 2L,2,2025-06-25 01:30:20,11.24,12829.0,United Kingdom
537379,84882,GARDENING GLOVES PAIR,3,2025-06-25 01:30:20,5.17,12829.0,United Kingdom
537379,21213,MINI PAINT SET 9 COLOURS,1,2025-06-25 01:30:20,1.3,12829.0,United Kingdom
537380,85099B,WHITE HANGING HEART T-LIGHT HOLDER,1,2025-07-18 02:00:20,2.54,18186.0,United Kingdom
537380,22960,HEART OF WICKER SMALL,4,2025-07-18 02:00:20,1.73,18186.0,United Kingdom
537380,22961,HEART OF WICKER LARGE,2,2025-07-18 02:00:20,2.94,18186.0,United Kingdom
537380,71053,WIRELESS ERGONOMIC MOUSE,1,2025-07-18 02:00:20,29.8,18186.0,United Kingdom
537380,71056,LARGE DESK PAD BLACK,2,2025-07-18 02:00:20,15.99,18186.0,United Kingdom
537380,71057,MONITOR LIGHT BAR,4,2025-07-18 02:00:20,41.01,18186.0,United Kingdom
537381,21231,FELTCRAFT DOLL ROSIE,1,2025-08-02 19:09:57,2.91,,United Kingdom
537382,71057,MONITOR LIGHT BAR,1,2025-08-24 18:47:51,39.97,18279.0,United Kingdom
537382,71056,LARGE DESK PAD BLACK,4,2025-08-24 18:47:51,15.77,18279.0,United Kingdom
537383,22424,WHOLE WHEAT BREAD,4,2025-01-28 04:59:47,3.0,15378.0,United Kingdom
537383,22423,ORGANIC WHOLE MILK,4,2025-01-28 04:59:47,3.6,15378.0,United Kingdom
537384,21225,GLASS STORAGE JAR LARGE,2,2025-03-30 17:48:46,4.08,16900.0,United Kingdom
537385,71055,USB-C MULTIPORT ADAPTER,2,2025-10-01 17:57:28,24.86,15822.0,United Kingdom
537385,71056,LARGE DESK PAD BLACK,1,2025-10-01 17:57:28,16.49,15822.0,United Kingdom
537385,21227,VINTAGE UNION JACK CUSHION,6,2025-10-01 17:57:28,14.92,15822.0,United Kingdom
537386,22425,SWEET CREAM BUTTER,1,2025-12-10 02:17:32,4.19,16707.0,United Kingdom
537386,22427,ORGANIC EGGS DOZEN,1,2025-12-10 02:17:32,5.21,16707.0,United Kingdom
537386,22426,STRAWBERRY PRESERVES,4,2025-12-10 02:17:32,3.98,16707.0,United Kingdom
537387,84882,GARDENING GLOVES PAIR,1,2025-12-24 17:35:21,4.76,15847.0,United Kingdom
537387,84879,CERAMIC PLANT POT WHITE,6,2025-12-24 17:35:21,10.04,15847.0,United Kingdom
537387,21220,BICYCLE PUNCTURE REPAIR KIT,6,2025-12-24 17:35:21,3.02,15847.0,United Kingdom
537388,84880,WATERING CAN GREEN 2L,1,2025-12-08 22:17:44,11.76,15920.0,United Kingdom
537388,84882,GARDENING GLOVES PAIR,1,2025-12-08 22:17:44,5.06,15920.0,United Kingdom
537388,84879,CERAMIC PLANT POT WHITE,4,2025-12-08 22:17:44,10.12,15920.0,United Kingdom
537388,84881,ORGANIC POTTING SOIL 10L,3,2025-12-08 22:17:44,7.18,15920.0,United Kingdom
537388,84883,LED GROW LIGHT BULB,6,2025-12-08 22:17:44,15.3,15920.0,United Kingdom
537388,71054,MECHANICAL KEYBOARD,3,2025-12-08 22:17:44,72.56,15920.0,United Kingdom
537388,71057,MONITOR LIGHT BAR,1,2025-12-08 22:17:44,39.25,15920.0,United Kingdom
537388,21228,WALL CLOCK RETRO RED,3,2025-12-08 22:17:44,17.67,15920.0,United Kingdom
537389,85123B,PURE CANE SUGAR,1,2025-08-01 23:04:58,2.43,13287.0,United Kingdom
537389,85123C,DARK CHOCOLATE BAR 85%,2,2025-08-01 23:04:58,3.41,13287.0,United Kingdom
537389,85123E,CERAMIC COFFEE MUG,1,2025-08-01 23:04:58,6.44,13287.0,United Kingdom
537389,85123A,COLOMBIAN ROAST COFFEE,1,2025-08-01 23:04:58,9.22,13287.0,United Kingdom
537390,84882,GARDENING GLOVES PAIR,1,2025-07-15 17:05:03,4.99,14634.0,United Kingdom
537390,84879,CERAMIC PLANT POT WHITE,2,2025-07-15 17:05:03,10.43,14634.0,United Kingdom
537390,84880,WATERING CAN GREEN 2L,2,2025-07-15 17:05:03,11.96,14634.0,United Kingdom
537391,71056,LARGE DESK PAD BLACK,1,2025-12-26 03:02:47,16.36,15166.0,United Kingdom
537391,71055,USB-C MULTIPORT ADAPTER,2,2025-12-26 03:02:47,24.81,15166.0,United Kingdom
537391,71057,MONITOR LIGHT BAR,1,2025-12-26 03:02:47,38.98,15166.0,United Kingdom
537391,71054,  MECHANICAL KEYBOARD   ,6,2025-12-26 03:02:47,72.21,15166.0,United Kingdom
537391,21230,BATHROOM SCALE VINTAGE,1,2025-12-26 03:02:47,22.39,15166.0,United Kingdom
537392,21733,ITALIAN EXTRA VIRGIN OLIVE OIL,6,2025-04-17 21:42:18,12.81,13355.0,United Kingdom
537392,21734,ARTISAN PASTA PENNE,1,2025-04-17 21:42:18,3.17,13355.0,United Kingdom
537392,21216,EMERGENCY FIRST AID TIN,2,2025-04-17 21:42:18,3.56,13355.0,United Kingdom
537392,21214,RECIPE BOX PANTRY DESIGN,2,2025-04-17 21:42:18,7.77,13355.0,United Kingdom
537392,21218,SCENTED CANDLE LAVENDER,2,2025-04-17 21:42:18,4.19,13355.0,United Kingdom
537393,20728,CAPPUCCINO CUP & SAUCER,2,2025-10-08 18:16:50,8.44,16343.0,United Kingdom
537393,20726,PAIN AU CHOCOLAT,6,2025-10-08 18:16:50,2.52,16343.0,United Kingdom
537393,20725,CROISSANT ALL BUTTER,2,2025-10-08 18:16:50,2.3,16343.0,United Kingdom
537393,21226,CHILLI LIGHTS STRING,2,2025-10-08 18:16:50,8.3,16343.0,United Kingdom
537394,22426,STRAWBERRY PRESERVES,2,2025-08-08 00:46:45,3.83,15643.0,United Kingdom
537394,22427,ORGANIC EGGS DOZEN,2,2025-08-08 00:46:45,4.84,15643.0,United Kingdom
537394,84883,LED GROW LIGHT BULB,6,2025-08-08 00:46:45,15.33,15643.0,United Kingdom
537394,84880,WATERING CAN GREEN 2L,2,2025-08-08 00:46:45,10.94,15643.0,United Kingdom
537394,84879,CERAMIC PLANT POT WHITE,1,2025-08-08 00:46:45,10.09,15643.0,United Kingdom
537394,84881,ORGANIC POTTING SOIL 10L,3,2025-08-08 00:46:45,7.25,15643.0,United Kingdom
537394,21218,SCENTED CANDLE LAVENDER,4,2025-08-08 00:46:45,4.27,15643.0,United Kingdom
537395,22961,HEART OF WICKER LARGE,1,2025-11-03 04:35:01,3.07,14941.0,United Kingdom
537395,22960,HEART OF WICKER SMALL,12,2025-11-03 04:35:01,1.66,14941.0,United Kingdom
537395,85099B,WHITE HANGING HEART T-LIGHT HOLDER,1,2025-11-03 04:35:01,2.59,14941.0,United Kingdom
537395,21213,MINI PAINT SET 9 COLOURS,6,2025-11-03 04:35:01,1.31,14941.0,United Kingdom
537396,21231,FELTCRAFT DOLL ROSIE,2,2025-10-08 20:32:04,3.06,,United Kingdom
537397,85123A,COLOMBIAN ROAST COFFEE,2,2025-07-30 01:29:51,9.42,13101.0,United Kingdom
537397,85123D,FRENCH VANILLA SYRUP,1,2025-07-30 01:29:51,6.06,13101.0,United Kingdom
537398,84881,ORGANIC POTTING SOIL 10L,3,2025-04-10 23:20:02,6.68,15544.0,United Kingdom
537398,84882,GARDENING GLOVES PAIR,1,2025-04-10 23:20:02,4.83,15544.0,United Kingdom
537398,21226,CHILLI LIGHTS STRING,2,2025-04-10 23:20:02,8.65,15544.0,United Kingdom
537398,21228,WALL CLOCK RETRO RED,1,2025-04-10 23:20:02,18.67,15544.0,United Kingdom
537399,20727,ALMOND DANISH,2,2025-06-08 20:11:05,2.72,15353.0,United Kingdom
537399,20729,BLUEBERRY SCONE,4,2025-06-08 20:11:05,2.37,15353.0,United Kingdom
537399,20726,PAIN AU CHOCOLAT,4,2025-06-08 20:11:05,2.46,15353.0,United Kingdom
537399,20725,CROISSANT ALL BUTTER,6,2025-06-08 20:11:05,2.25,15353.0,United Kingdom
537399,21230,BATHROOM SCALE VINTAGE,3,2025-06-08 20:11:05,21.15,15353.0,United Kingdom
537399,21217,PACK OF 20 NAPKINS,4,2025-06-08 20:11:05,1.49,15353.0,United Kingdom
537400,22425,SWEET CREAM BUTTER,1,2025-12-20 23:07:26,4.11,15410.0,United Kingdom
537400,22426,STRAWBERRY PRESERVES,1,2025-12-20 23:07:26,3.85,15410.0,United Kingdom
537400,21218,SCENTED CANDLE LAVENDER,6,2025-12-20 23:07:26,4.09,15410.0,United Kingdom
537400,21231,FELTCRAFT DOLL ROSIE,12,2025-12-20 23:07:26,2.86,15410.0,United Kingdom
537400,D,Discount,1,2025-12-20 23:07:26,-10.0,15410.0,United Kingdom
537401,22423,ORGANIC WHOLE MILK,3,2025-12-17 03:06:23,3.37,17285.0,United Kingdom
537401,22427,ORGANIC EGGS DOZEN,1,2025-12-17 03:06:23,5.14,17285.0,United Kingdom
537401,22424,WHOLE WHEAT BREAD,3,2025-12-17 03:06:23,2.85,17285.0,United Kingdom
537402,85123B,PURE CANE SUGAR,2,2025-08-01 22:50:47,2.46,12785.0,United Kingdom
537402,85123E,CERAMIC COFFEE MUG,3,2025-08-01 22:50:47,6.74,12785.0,United Kingdom
537402,21226,CHILLI LIGHTS STRING,3,2025-08-01 22:50:47,8.65,12785.0,United Kingdom
537403,22423,REGENCY CAKESTAND 3 TIER,1,2025-10-06 02:21:45,12.44,18100.0,EIRE
537403,85099B,WHITE HANGING HEART T-LIGHT HOLDER,4,2025-10-06 02:21:45,2.5,18100.0,EIRE
537403,22961,HEART OF WICKER LARGE,1,2025-10-06 02:21:45,3.07,18100.0,EIRE
537404,21735,AGED PARMESAN REGGIANO,1,2025-10-30 17:13:26,7.5,13097.0,United Kingdom
537404,21733,ITALIAN EXTRA VIRGIN OLIVE OIL,2,2025-10-30 17:13:26,13.49,13097.0,United Kingdom
537405,22427,ORGANIC EGGS DOZEN,1,2025-03-15 23:43:34,4.76,,United Kingdom
537405,22423,ORGANIC WHOLE MILK,6,2025-03-15 23:43:34,3.63,,United Kingdom
537405,22424,WHOLE WHEAT BREAD,1,2025-03-15 23:43:34,3.11,,United Kingdom
537405,21222,RETRO SPOT APRON,1,2025-03-15 23:43:34,6.69,,United Kingdom
537405,21227,VINTAGE UNION JACK CUSHION,1,2025-03-15 23:43:34,15.64,,United Kingdom
537405,21224,GLASS STORAGE JAR SMALL,1,2025-03-15 23:43:34,2.36,,United Kingdom
537406,21733,ITALIAN EXTRA VIRGIN OLIVE OIL,1,2025-03-15 20:23:03,13.39,13534.0,United Kingdom
537406,21737,GARLIC HERB BREADSTICKS,3,2025-03-15 20:23:03,3.02,13534.0,United Kingdom
537407,85123C,DARK CHOCOLATE BAR 85%,6,2025-08-15 20:50:12,3.55,14688.0,United Kingdom
537407,85123E,CERAMIC COFFEE MUG,1,2025-08-15 20:50:12,6.24,14688.0,United Kingdom
537407,85123A,COLOMBIAN ROAST COFFEE,4,2025-08-15 20:50:12,8.58,14688.0,United Kingdom
537407,85123B,PURE CANE SUGAR,3,2025-08-15 20:50:12,2.48,14688.0,United Kingdom
537407,85123D,FRENCH VANILLA SYRUP,2,2025-08-15 20:50:12,6.28,14688.0,United Kingdom
537407,22425,SWEET CREAM BUTTER,6,2025-08-15 20:50:12,4.16,14688.0,United Kingdom
537407,22423,ORGANIC WHOLE MILK,1,2025-08-15 20:50:12,3.56,14688.0,United Kingdom
537407,22426,STRAWBERRY PRESERVES,3,2025-08-15 20:50:12,3.79,14688.0,United Kingdom
537407,22427,ORGANIC EGGS DOZEN,2,2025-08-15 20:50:12,5.13,14688.0,United Kingdom
537408,20725,CROISSANT ALL BUTTER,1,2025-02-03 20:30:50,2.14,14959.0,United Kingdom
537408,20727,ALMOND DANISH,3,2025-02-03 20:30:50,2.79,14959.0,United Kingdom
537409,85123E,CERAMIC COFFEE MUG,3,2025-03-29 22:55:32,6.65,16001.0,United Kingdom
537409,85123B,PURE CANE SUGAR,1,2025-03-29 22:55:32,2.49,16001.0,United Kingdom
537409,85123D,FRENCH VANILLA SYRUP,12,2025-03-29 22:55:32,6.29,16001.0,United Kingdom
537409,21215,WOODEN PICTURE FRAME,1,2025-03-29 22:55:32,5.64,16001.0,United Kingdom
537409,21214,RECIPE BOX PANTRY DESIGN,6,2025-03-29 22:55:32,7.82,16001.0,United Kingdom
537409,21223,SET OF 6 SPICE JARS,6,2025-03-29 22:55:32,9.66,16001.0,United Kingdom
537410,20728,CAPPUCCINO CUP & SAUCER,1,2025-04-30 01:24:22,8.63,18143.0,United Kingdom
537410,20725,CROISSANT ALL BUTTER,6,2025-04-30 01:24:22,2.16,18143.0,United Kingdom
537410,20726,PAIN AU CHOCOLAT,1,2025-04-30 01:24:22,2.38,18143.0,United Kingdom
537410,22425,SWEET CREAM BUTTER,2,2025-04-30 01:24:22,4.25,18143.0,United Kingdom
537410,22424,WHOLE WHEAT BREAD,1,2025-04-30 01:24:22,3.13,18143.0,United Kingdom
537411,22961,HEART OF WICKER LARGE,2,2025-01-12 05:06:23,3.0,17591.0,United Kingdom
537411,22960,HEART OF WICKER SMALL,2,2025-01-12 05:06:23,1.6,17591.0,United Kingdom
537411,22423,REGENCY CAKESTAND 3 TIER,4,2025-01-12 05:06:23,12.2,17591.0,United Kingdom
537412,21733,ITALIAN EXTRA VIRGIN OLIVE OIL,12,2025-12-11 19:33:06,13.42,,Germany
537412,21734,ARTISAN PASTA PENNE,1,2025-12-11 19:33:06,3.17,,Germany
537413,22961,HEART OF WICKER LARGE,2,2025-06-24 04:25:51,2.96,16630.0,United Kingdom
537413,22720,SET OF 3 CAKE TINS PANTRY,24,2025-06-24 04:25:51,4.91,16630.0,United Kingdom
537413,85099B,WHITE HANGING HEART T-LIGHT HOLDER,3,2025-06-24 04:25:51,2.55,16630.0,United Kingdom
537413,22960,HEART OF WICKER SMALL,1,2025-06-24 04:25:51,1.59,16630.0,United Kingdom
537413,21228,WALL CLOCK RETRO RED,1,2025-06-24 04:25:51,18.9,16630.0,United Kingdom
537414,22424,WHOLE WHEAT BREAD,2,2025-08-23 04:21:14,2.93,17664.0,United Kingdom
537414,22426,STRAWBERRY PRESERVES,1,2025-08-23 04:21:14,4.05,17664.0,United Kingdom
537414,21220,BICYCLE PUNCTURE REPAIR KIT,2,2025-08-23 04:21:14,3.11,17664.0,United Kingdom
537415,21734,ARTISAN PASTA PENNE,1,2025-10-27 03:17:14,3.24,13807.0,United Kingdom
537415,21735,AGED PARMESAN REGGIANO,24,2025-10-27 03:17:14,7.83,13807.0,United Kingdom
537416,20728,CAPPUCCINO CUP & SAUCER,4,2025-01-18 22:56:26,8.13,,United Kingdom
537416,20726,PAIN AU CHOCOLAT,12,2025-01-18 22:56:26,2.46,,United Kingdom
537417,22423,ORGANIC WHOLE MILK,6,2025-12-26 16:44:31,3.63,,United Kingdom
537417,22424,WHOLE WHEAT BREAD,1,2025-12-26 16:44:31,2.88,,United Kingdom
537417,22426,STRAWBERRY PRESERVES,12,2025-12-26 16:44:31,3.81,,United Kingdom
537417,22427,ORGANIC EGGS DOZEN,1,2025-12-26 16:44:31,4.92,,United Kingdom
537417,22425,SWEET CREAM BUTTER,6,2025-12-26 16:44:31,4.39,,United Kingdom
537418,20725,CROISSANT ALL BUTTER,4,2025-11-26 02:37:08,2.36,15953.0,United Kingdom
537418,20727,ALMOND DANISH,3,2025-11-26 02:37:08,2.69,15953.0,United Kingdom
537418,20726,PAIN AU CHOCOLAT,24,2025-11-26 02:37:08,2.55,15953.0,United Kingdom
537418,20729,BLUEBERRY SCONE,1,2025-11-26 02:37:08,2.52,15953.0,United Kingdom
537418,20728,CAPPUCCINO CUP & SAUCER,12,2025-11-26 02:37:08,8.38,15953.0,United Kingdom
537418,21222,RETRO SPOT APRON,3,2025-11-26 02:37:08,6.83,15953.0,United Kingdom
537418,21212,VINTAGE SNAP CARDS,4,2025-11-26 02:37:08,0.81,15953.0,United Kingdom
537418,21229,HAND WARMER BIRD DESIGN,3,2025-11-26 02:37:08,1.97,15953.0,United Kingdom
537419,20725,CROISSANT ALL BUTTER,1,2025-01-27 22:17:40,2.2,14823.0,United Kingdom
537419,20729,BLUEBERRY SCONE,1,2025-01-27 22:17:40,2.35,14823.0,United Kingdom
537419,20726,PAIN AU CHOCOLAT,2,2025-01-27 22:17:40,2.51,14823.0,United Kingdom
537420,20728,CAPPUCCINO CUP & SAUCER,1,2025-10-20 02:08:09,8.51,14650.0,United Kingdom
537420,20729,BLUEBERRY SCONE,2,2025-10-20 02:08:09,2.32,14650.0,United Kingdom
537420,22423,REGENCY CAKESTAND 3 TIER,2,2025-10-20 02:08:09,12.53,14650.0,United Kingdom
537420,85099B,WHITE HANGING HEART T-LIGHT HOLDER,1,2025-10-20 02:08:09,2.64,14650.0,United Kingdom
537421,21223,SET OF 6 SPICE JARS,2,2025-12-14 23:26:12,9.86,16306.0,United Kingdom
537422,22427,ORGANIC EGGS DOZEN,3,2025-11-17 04:41:16,4.88,16477.0,United Kingdom
537422,22424,WHOLE WHEAT BREAD,6,2025-11-17 04:41:16,3.02,16477.0,United Kingdom
537422,22423,ORGANIC WHOLE MILK,3,2025-11-17 04:41:16,3.66,16477.0,United Kingdom
537422,22425,SWEET CREAM BUTTER,1,2025-11-17 04:41:16,4.26,16477.0,United Kingdom
537422,22426,STRAWBERRY PRESERVES,1,2025-11-17 04:41:16,3.95,16477.0,United Kingdom
537423,22960,HEART OF WICKER SMALL,3,2025-03-31 03:17:18,1.65,17091.0,United Kingdom
537423,85099B,WHITE HANGING HEART T-LIGHT HOLDER,1,2025-03-31 03:17:18,2.56,17091.0,United Kingdom
537423,22720,SET OF 3 CAKE TINS PANTRY,1,2025-03-31 03:17:18,4.75,17091.0,United Kingdom
537423,22423,REGENCY CAKESTAND 3 TIER,2,2025-03-31 03:17:18,12.68,17091.0,United Kingdom
537424,21735,AGED PARMESAN REGGIANO,6,2025-11-18 18:07:07,7.89,,United Kingdom
537424,21734,ARTISAN PASTA PENNE,2,2025-11-18 18:07:07,3.41,,United Kingdom
537424,21231,FELTCRAFT DOLL ROSIE,4,2025-11-18 18:07:07,2.93,,United Kingdom
537425,20725,CROISSANT ALL BUTTER,2,2025-12-14 21:24:17,2.35,12720.0,United Kingdom
537425,20727,ALMOND DANISH,4,2025-12-14 21:24:17,2.8,12720.0,United Kingdom
537425,20729,BLUEBERRY SCONE,1,2025-12-14 21:24:17,2.37,12720.0,United Kingdom
537425,20726,PAIN AU CHOCOLAT,1,2025-12-14 21:24:17,2.56,12720.0,United Kingdom
537425,22960,HEART OF WICKER SMALL,3,2025-12-14 21:24:17,1.65,12720.0,United Kingdom
537425,85099B,WHITE HANGING HEART T-LIGHT HOLDER,1,2025-12-14 21:24:17,2.63,12720.0,United Kingdom
537425,22961,HEART OF WICKER LARGE,6,2025-12-14 21:24:17,2.9,12720.0,United Kingdom
537425,22423,REGENCY CAKESTAND 3 TIER,4,2025-12-14 21:24:17,12.99,12720.0,United Kingdom
537426,71057,MONITOR LIGHT BAR,2,2025-07-29 01:50:43,38.93,16229.0,United Kingdom
537426,71055,USB-C MULTIPORT ADAPTER,4,2025-07-29 01:50:43,24.21,16229.0,United Kingdom
537426,71053,WIRELESS ERGONOMIC MOUSE,2,2025-07-29 01:50:43,30.41,16229.0,United Kingdom
537427,20728,CAPPUCCINO CUP & SAUCER,24,2025-09-14 02:23:25,8.57,,United Kingdom
537427,20729,BLUEBERRY SCONE,1,2025-09-14 02:23:25,2.49,,United Kingdom
537427,21735,AGED PARMESAN REGGIANO,1,2025-09-14 02:23:25,7.52,,United Kingdom
537427,21734,ARTISAN PASTA PENNE,2,2025-09-14 02:23:25,3.15,,United Kingdom
537427,21736,ORGANIC TOMATO BASIL SAUCE,3,2025-09-14 02:23:25,4.27,,United Kingdom
537428,22961,HEART OF WICKER LARGE,2,2025-04-27 05:00:19,2.91,,United Kingdom
537428,22423,REGENCY CAKESTAND 3 TIER,1,2025-04-27 05:00:19,13.19,,United Kingdom
537428,22960,HEART OF WICKER SMALL,24,2025-04-27 05:00:19,1.66,,United Kingdom
537428,22720,SET OF 3 CAKE TINS PANTRY,1,2025-04-27 05:00:19,5.16,,United Kingdom
537428,85099B,WHITE HANGING HEART T-LIGHT HOLDER,1,2025-04-27 05:00:19,2.63,,United Kingdom
537429,85123C,DARK CHOCOLATE BAR 85%,6,2025-08-20 02:57:41,3.56,15492.0,Belgium
537429,85123B,PURE CANE SUGAR,2,2025-08-20 02:57:41,2.46,15492.0,Belgium
537430,20726,PAIN AU CHOCOLAT,2,2025-05-14 17:22:46,2.61,,United Kingdom
537430,20725,CROISSANT ALL BUTTER,3,2025-05-14 17:22:46,2.17,,United Kingdom
537430,20729,BLUEBERRY SCONE,4,2025-05-14 17:22:46,2.4,,United Kingdom
537431,21212,VINTAGE SNAP CARDS,3,2025-09-29 03:03:36,0.88,14310.0,United Kingdom
537432,84880,WATERING CAN GREEN 2L,1,2025-03-03 03:50:31,11.61,14647.0,United Kingdom
537432,84879,CERAMIC PLANT POT WHITE,2,2025-03-03 03:50:31,10.48,14647.0,United Kingdom
537432,84883,LED GROW LIGHT BULB,1,2025-03-03 03:50:31,15.17,14647.0,United Kingdom
537432,21212,VINTAGE SNAP CARDS,2,2025-03-03 03:50:31,0.84,14647.0,United Kingdom
537433,21227,VINTAGE UNION JACK CUSHION,1,2025-08-24 20:26:05,15.61,15581.0,United Kingdom
537434,85099B,WHITE HANGING HEART T-LIGHT HOLDER,4,2025-09-14 05:10:42,2.56,17218.0,United Kingdom
537434,22961,  HEART OF WICKER LARGE   ,3,2025-09-14 05:10:42,3.07,17218.0,United Kingdom
537434,22720,SET OF 3 CAKE TINS PANTRY,2,2025-09-14 05:10:42,4.87,17218.0,United Kingdom
537434,22423,REGENCY CAKESTAND 3 TIER,1,2025-09-14 05:10:42,13.28,17218.0,United Kingdom
537435,84879,CERAMIC PLANT POT WHITE,6,2025-05-31 23:35:04,10.41,,United Kingdom
537435,84881,ORGANIC POTTING SOIL 10L,2,2025-05-31 23:35:04,7.06,,United Kingdom
537435,84880,WATERING CAN GREEN 2L,4,2025-05-31 23:35:04,12.05,,United Kingdom
537435,84883,LED GROW LIGHT BULB,1,2025-05-31 23:35:04,14.73,,United Kingdom
537435,84882,GARDENING GLOVES PAIR,1,2025-05-31 23:35:04,4.98,,United Kingdom
537435,22424,WHOLE WHEAT BREAD,2,2025-05-31 23:35:04,2.92,,United Kingdom
537435,22423,ORGANIC WHOLE MILK,3,2025-05-31 23:35:04,3.49,,United Kingdom
537435,22425,SWEET CREAM BUTTER,1,2025-05-31 23:35:04,4.15,,United Kingdom
537435,22426,STRAWBERRY PRESERVES,2,2025-05-31 23:35:04,4.0,,United Kingdom
537436,21734,ARTISAN PASTA PENNE,1,2025-10-28 00:12:50,3.22,12959.0,United Kingdom
537436,21736,ORGANIC TOMATO BASIL SAUCE,6,2025-10-28 00:12:50,4.61,12959.0,United Kingdom
537436,20729,BLUEBERRY SCONE,2,2025-10-28 00:12:50,2.29,12959.0,United Kingdom
537436,20728,CAPPUCCINO CUP & SAUCER,1,2025-10-28 00:12:50,8.45,12959.0,United Kingdom
537436,20726,PAIN AU CHOCOLAT,1,2025-10-28 00:12:50,2.5,12959.0,United Kingdom
537437,21229,HAND WARMER BIRD DESIGN,1,2025-12-17 00:37:18,1.94,16955.0,United Kingdom
537438,85099B,WHITE HANGING HEART T-LIGHT HOLDER,2,2025-03-05 02:33:20,2.62,15707.0,United Kingdom
537438,22720,SET OF 3 CAKE TINS PANTRY,1,2025-03-05 02:33:20,4.92,15707.0,United Kingdom
537438,22961,HEART OF WICKER LARGE,12,2025-03-05 02:33:20,2.91,15707.0,United Kingdom
537438,21212,VINTAGE SNAP CARDS,2,2025-03-05 02:33:20,0.88,15707.0,United Kingdom
537439,85123E,CERAMIC COFFEE MUG,2,2025-05-09 21:07:55,6.3,16872.0,United Kingdom
537439,85123B,PURE CANE SUGAR,4,2025-05-09 21:07:55,2.38,16872.0,United Kingdom
537439,21217,PACK OF 20 NAPKINS,4,2025-05-09 21:07:55,1.43,16872.0,United Kingdom
537440,85123D,FRENCH VANILLA SYRUP,2,2025-10-13 16:35:11,5.78,16709.0,Germany
537440,85123B,PURE CANE SUGAR,4,2025-10-13 16:35:11,2.58,16709.0,Germany
537440,21215,WOODEN PICTURE FRAME,3,2025-10-13 16:35:11,5.48,16709.0,Germany
537441,22426,STRAWBERRY PRESERVES,6,2025-03-14 22:58:57,4.05,,Germany
537441,22424,WHOLE WHEAT BREAD,1,2025-03-14 22:58:57,2.95,,Germany
537441,22425,SWEET CREAM BUTTER,6,2025-03-14 22:58:57,4.38,,Germany
537442,71056,LARGE DESK PAD BLACK,1,2025-07-28 01:47:01,16.61,12500.0,United Kingdom
537442,71054,MECHANICAL KEYBOARD,3,2025-07-28 01:47:01,69.55,12500.0,United Kingdom
537442,71055,USB-C MULTIPORT ADAPTER,12,2025-07-28 01:47:01,26.15,12500.0,United Kingdom
537442,71057,MONITOR LIGHT BAR,1,2025-07-28 01:47:01,38.1,12500.0,United Kingdom
537443,20726,PAIN AU CHOCOLAT,4,2025-10-11 02:14:54,2.39,12350.0,United Kingdom
537443,20728,CAPPUCCINO CUP & SAUCER,2,2025-10-11 02:14:54,8.21,12350.0,United Kingdom
537443,22423,ORGANIC WHOLE MILK,1,2025-10-11 02:14:54,3.55,12350.0,United Kingdom
537443,22425,SWEET CREAM BUTTER,1,2025-10-11 02:14:54,4.4,12350.0,United Kingdom
537443,22961,HEART OF WICKER LARGE,6,2025-10-11 02:14:54,2.9,12350.0,United Kingdom
537443,85099B,WHITE HANGING HEART T-LIGHT HOLDER,1,2025-10-11 02:14:54,2.49,12350.0,United Kingdom
537444,21737,GARLIC HERB BREADSTICKS,1,2025-04-03 21:50:14,2.86,,United Kingdom
537444,21735,AGED PARMESAN REGGIANO,4,2025-04-03 21:50:14,8.11,,United Kingdom
537444,21733,ITALIAN EXTRA VIRGIN OLIVE OIL,6,2025-04-03 21:50:14,13.31,,United Kingdom
537444,21213,MINI PAINT SET 9 COLOURS,2,2025-04-03 21:50:14,1.23,,United Kingdom
537445,84883,LED GROW LIGHT BULB,2,2025-05-23 03:29:02,15.01,,EIRE
537445,84880,WATERING CAN GREEN 2L,1,2025-05-23 03:29:02,11.35,,EIRE
537445,21734,ARTISAN PASTA PENNE,1,2025-05-23 03:29:02,3.26,,EIRE
537445,21736,ORGANIC TOMATO BASIL SAUCE,1,2025-05-23 03:29:02,4.63,,EIRE
537445,22427,ORGANIC EGGS DOZEN,1,2025-05-23 03:29:02,4.78,,EIRE
537445,22424,WHOLE WHEAT BREAD,2,2025-05-23 03:29:02,3.11,,EIRE
537445,22426,STRAWBERRY PRESERVES,1,2025-05-23 03:29:02,4.07,,EIRE
537446,21737,GARLIC HERB BREADSTICKS,6,2025-06-02 21:56:35,3.07,17223.0,United Kingdom
537446,21735,AGED PARMESAN REGGIANO,1,2025-06-02 21:56:35,7.72,17223.0,United Kingdom
537446,21733,ITALIAN EXTRA VIRGIN OLIVE OIL,3,2025-06-02 21:56:35,13.02,17223.0,United Kingdom
537446,21734,ARTISAN PASTA PENNE,1,2025-06-02 21:56:35,3.17,17223.0,United Kingdom
537446,22424,WHOLE WHEAT BREAD,2,2025-06-02 21:56:35,2.92,17223.0,United Kingdom
537446,22423,ORGANIC WHOLE MILK,2,2025-06-02 21:56:35,3.47,17223.0,United Kingdom
537447,20726,PAIN AU CHOCOLAT,12,2025-09-04 22:00:46,2.41,13652.0,United Kingdom
537447,20728,CAPPUCCINO CUP & SAUCER,1,2025-09-04 22:00:46,8.59,13652.0,United Kingdom
537447,20727,ALMOND DANISH,2,2025-09-04 22:00:46,2.79,13652.0,United Kingdom
537447,20725,CROISSANT ALL BUTTER,2,2025-09-04 22:00:46,2.16,13652.0,United Kingdom
537447,20729,BLUEBERRY SCONE,3,2025-09-04 22:00:46,2.5,13652.0,United Kingdom
537447,21218,SCENTED CANDLE LAVENDER,24,2025-09-04 22:00:46,4.06,13652.0,United Kingdom
537447,21228,WALL CLOCK RETRO RED,6,2025-09-04 22:00:46,18.29,13652.0,United Kingdom
537447,21213,MINI PAINT SET 9 COLOURS,6,2025-09-04 22:00:46,1.25,13652.0,United Kingdom
537448,21733,ITALIAN EXTRA VIRGIN OLIVE OIL,1,2025-07-18 19:04:43,12.71,13678.0,United Kingdom
537448,21736,ORGANIC TOMATO BASIL SAUCE,3,2025-07-18 19:04:43,4.27,13678.0,United Kingdom
537448,21735,AGED PARMESAN REGGIANO,1,2025-07-18 19:04:43,8.07,13678.0,United Kingdom
537449,21735,AGED PARMESAN REGGIANO,1,2025-10-20 01:32:52,7.67,16075.0,United Kingdom
537449,21736,ORGANIC TOMATO BASIL SAUCE,3,2025-10-20 01:32:52,4.6,16075.0,United Kingdom
537449,71055,USB-C MULTIPORT ADAPTER,3,2025-10-20 01:32:52,25.18,16075.0,United Kingdom
537449,71056,LARGE DESK PAD BLACK,2,2025-10-20 01:32:52,16.35,16075.0,United Kingdom
537449,71057,MONITOR LIGHT BAR,1,2025-10-20 01:32:52,41.89,16075.0,United Kingdom
537449,71054,MECHANICAL KEYBOARD,2,2025-10-20 01:32:52,67.38,16075.0,United Kingdom
C537450,84880,WATERING CAN GREEN 2L,-8,2025-06-23 00:04:40,11.69,,Belgium
C537450,84879,CERAMIC PLANT POT WHITE,-10,2025-06-23 00:04:40,9.77,,Belgium
C537450,84883,LED GROW LIGHT BULB,-8,2025-06-23 00:04:40,15.7,,Belgium
537451,20728,CAPPUCCINO CUP & SAUCER,2,2025-03-20 17:03:19,8.61,15901.0,Germany
537451,20727,ALMOND DANISH,1,2025-03-20 17:03:19,2.7,15901.0,Germany
537451,71053,WIRELESS ERGONOMIC MOUSE,1,2025-03-20 17:03:19,30.31,15901.0,Germany
537451,71055,USB-C MULTIPORT ADAPTER,2,2025-03-20 17:03:19,25.28,15901.0,Germany
537451,71054,MECHANICAL KEYBOARD,24,2025-03-20 17:03:19,68.31,15901.0,Germany
537451,71056,LARGE DESK PAD BLACK,6,2025-03-20 17:03:19,16.08,15901.0,Germany
537451,21216,EMERGENCY FIRST AID TIN,3,2025-03-20 17:03:19,3.86,15901.0,Germany
537451,21215,WOODEN PICTURE FRAME,2,2025-03-20 17:03:19,5.31,15901.0,Germany
537451,21227,VINTAGE UNION JACK CUSHION,3,2025-03-20 17:03:19,14.48,15901.0,Germany
537452,20725,CROISSANT ALL BUTTER,1,2025-10-20 17:05:58,2.3,17594.0,United Kingdom
537452,20727,ALMOND DANISH,6,2025-10-20 17:05:58,2.79,17594.0,United Kingdom
537452,20728,CAPPUCCINO CUP & SAUCER,3,2025-10-20 17:05:58,8.11,17594.0,United Kingdom
537452,21219,TRAVEL SEWING KIT,1,2025-10-20 17:05:58,2.08,17594.0,United Kingdom
537452,D,Discount,1,2025-10-20 17:05:58,-10.0,17594.0,United Kingdom
537453,21734,ARTISAN PASTA PENNE,2,2025-03-18 03:17:55,3.43,15617.0,Germany
537453,21733,ITALIAN EXTRA VIRGIN OLIVE OIL,1,2025-03-18 03:17:55,12.88,15617.0,Germany
537453,21735,AGED PARMESAN REGGIANO,2,2025-03-18 03:17:55,7.58,15617.0,Germany
537453,21737,GARLIC HERB BREADSTICKS,3,2025-03-18 03:17:55,3.07,15617.0,Germany
537453,21222,,1,2025-03-18 03:17:55,7.24,15617.0,Germany
537453,21229,HAND WARMER BIRD DESIGN,1,2025-03-18 03:17:55,1.86,15617.0,Germany
537454,85123C,DARK CHOCOLATE BAR 85%,1,2025-12-06 21:18:42,3.46,17052.0,United Kingdom
537454,85123A,COLOMBIAN ROAST COFFEE,24,2025-12-06 21:18:42,9.4,17052.0,United Kingdom
537454,85123B,PURE CANE SUGAR,3,2025-12-06 21:18:42,2.51,17052.0,United Kingdom
537454,85123D,FRENCH VANILLA SYRUP,1,2025-12-06 21:18:42,6.12,17052.0,United Kingdom
537454,21220,BICYCLE PUNCTURE REPAIR KIT,4,2025-12-06 21:18:42,3.01,17052.0,United Kingdom
537454,21214,RECIPE BOX PANTRY DESIGN,1,2025-12-06 21:18:42,8.24,17052.0,United Kingdom
C537455,84880,WATERING CAN GREEN 2L,-9,2025-11-14 23:59:45,11.42,13436.0,United Kingdom
C537455,84883,LED GROW LIGHT BULB,-5,2025-11-14 23:59:45,15.56,13436.0,United Kingdom
C537455,84881,ORGANIC POTTING SOIL 10L,-8,2025-11-14 23:59:45,6.73,13436.0,United Kingdom
C537455,84879,CERAMIC PLANT POT WHITE,-10,2025-11-14 23:59:45,9.97,13436.0,United Kingdom
537456,84883,LED GROW LIGHT BULB,2,2025-01-15 22:58:40,14.63,,United Kingdom
537456,84882,GARDENING GLOVES PAIR,2,2025-01-15 22:58:40,5.22,,United Kingdom
537456,22425,SWEET CREAM BUTTER,6,2025-01-15 22:58:40,4.11,,United Kingdom
537456,22424,WHOLE WHEAT BREAD,2,2025-01-15 22:58:40,3.01,,United Kingdom
537456,22427,ORGANIC EGGS DOZEN,2,2025-01-15 22:58:40,4.87,,United Kingdom
537457,22426,STRAWBERRY PRESERVES,1,2025-05-04 20:43:58,3.98,,United Kingdom
537457,22423,ORGANIC WHOLE MILK,1,2025-05-04 20:43:58,3.47,,United Kingdom
537457,22425,SWEET CREAM BUTTER,1,2025-05-04 20:43:58,4.05,,United Kingdom
537458,84883,LED GROW LIGHT BULB,1,2025-03-03 04:34:11,14.94,,United Kingdom
537458,84879,CERAMIC PLANT POT WHITE,6,2025-03-03 04:34:11,9.93,,United Kingdom
537458,21227,VINTAGE UNION JACK CUSHION,3,2025-03-03 04:34:11,15.6,,United Kingdom
537459,21228,WALL CLOCK RETRO RED,4,2025-03-17 22:51:28,19.14,13996.0,United Kingdom
537460,22961,HEART OF WICKER LARGE,1,2025-04-18 02:07:39,3.0,17679.0,United Kingdom
537460,85099B,WHITE HANGING HEART T-LIGHT HOLDER,6,2025-04-18 02:07:39,2.54,17679.0,United Kingdom
537461,71055,USB-C MULTIPORT ADAPTER,4,2025-08-13 05:28:22,26.22,13164.0,United Kingdom
537461,71054,MECHANICAL KEYBOARD,1,2025-08-13 05:28:22,73.22,13164.0,United Kingdom
537461,71056,LARGE DESK PAD BLACK,4,2025-08-13 05:28:22,15.3,13164.0,United Kingdom
537462,21734,ARTISAN PASTA PENNE,2,2025-08-15 03:36:54,3.23,,United Kingdom
537462,21733,ITALIAN EXTRA VIRGIN OLIVE OIL,4,2025-08-15 03:36:54,13.21,,United Kingdom
537462,21736,ORGANIC TOMATO BASIL SAUCE,1,2025-08-15 03:36:54,4.32,,United Kingdom
537463,85123D,FRENCH VANILLA SYRUP,3,2025-02-28 02:14:00,6.24,13923.0,Germany
537463,85123B,PURE CANE SUGAR,4,2025-02-28 02:14:00,2.41,13923.0,Germany
537463,85123A,COLOMBIAN ROAST COFFEE,1,2025-02-28 02:14:00,8.61,13923.0,Germany
537463,85123E,CERAMIC COFFEE MUG,4,2025-02-28 02:14:00,6.53,13923.0,Germany
537464,85099B,WHITE HANGING HEART T-LIGHT HOLDER,1,2025-12-09 20:46:41,2.49,,United Kingdom
537464,22960,HEART OF WICKER SMALL,1,2025-12-09 20:46:41,1.65,,United Kingdom
537464,22720,SET OF 3 CAKE TINS PANTRY,6,2025-12-09 20:46:41,4.82,,United Kingdom
537464,22423,REGENCY CAKESTAND 3 TIER,2,2025-12-09 20:46:41,12.52,,United Kingdom
537464,21224,GLASS STORAGE JAR SMALL,3,2025-12-09 20:46:41,2.16,,United Kingdom
537465,84882,GARDENING GLOVES PAIR,3,2025-07-11 01:36:17,5.14,,United Kingdom
537465,84879,,1,2025-07-11 01:36:17,9.76,,United Kingdom
537466,22960,HEART OF WICKER SMALL,3,2025-07-23 03:49:29,1.65,16055.0,United Kingdom
537466,22720,SET OF 3 CAKE TINS PANTRY,2,2025-07-23 03:49:29,4.86,16055.0,United Kingdom
537466,22961,HEART OF WICKER LARGE,1,2025-07-23 03:49:29,2.82,16055.0,United Kingdom
537467,22960,HEART OF WICKER SMALL,6,2025-01-21 23:23:06,1.64,17553.0,United Kingdom
537467,22423,REGENCY CAKESTAND 3 TIER,3,2025-01-21 23:23:06,12.25,17553.0,United Kingdom
537467,21733,ITALIAN EXTRA VIRGIN OLIVE OIL,1,2025-01-21 23:23:06,12.86,17553.0,United Kingdom
537467,21735,AGED PARMESAN REGGIANO,6,2025-01-21 23:23:06,7.54,17553.0,United Kingdom
537467,21737,GARLIC HERB BREADSTICKS,3,2025-01-21 23:23:06,3.01,17553.0,United Kingdom
537467,21734,ARTISAN PASTA PENNE,3,2025-01-21 23:23:06,3.16,17553.0,United Kingdom
537467,21227,VINTAGE UNION JACK CUSHION,2,2025-01-21 23:23:06,15.13,17553.0,United Kingdom
537468,22961,HEART OF WICKER LARGE,6,2025-11-16 00:44:01,2.85,,United Kingdom
537468,22720,SET OF 3 CAKE TINS PANTRY,24,2025-11-16 00:44:01,5.07,,United Kingdom
537468,22960,HEART OF WICKER SMALL,24,2025-11-16 00:44:01,1.72,,United Kingdom
537469,21734,ARTISAN PASTA PENNE,4,2025-06-25 21:01:52,3.3,12870.0,United Kingdom
537469,21737,GARLIC HERB BREADSTICKS,2,2025-06-25 21:01:52,3.12,12870.0,United Kingdom
537469,21214,RECIPE BOX PANTRY DESIGN,3,2025-06-25 21:01:52,8.21,12870.0,United Kingdom
537469,21231,FELTCRAFT DOLL ROSIE,1,2025-06-25 21:01:52,3.04,12870.0,United Kingdom
537470,71054,MECHANICAL KEYBOARD,1,2025-10-28 23:10:15,71.58,15401.0,United Kingdom
537470,71053,WIRELESS ERGONOMIC MOUSE,1,2025-10-28 23:10:15,29.32,15401.0,United Kingdom
537471,22424,WHOLE WHEAT BREAD,6,2025-07-07 03:21:34,3.03,,United Kingdom
537471,22425,SWEET CREAM BUTTER,4,2025-07-07 03:21:34,4.26,,United Kingdom
537471,22423,ORGANIC WHOLE MILK,2,2025-07-07 03:21:34,3.55,,United Kingdom
537472,22426,STRAWBERRY PRESERVES,2,2025-08-18 02:57:55,4.03,13001.0,United Kingdom
537472,22424,WHOLE WHEAT BREAD,2,2025-08-18 02:57:55,3.13,13001.0,United Kingdom
537473,21733,ITALIAN EXTRA VIRGIN OLIVE OIL,2,2025-11-08 03:50:44,12.91,17944.0,United Kingdom
537473,21734,ARTISAN PASTA PENNE,3,2025-11-08 03:50:44,3.28,17944.0,United Kingdom
537473,21737,GARLIC HERB BREADSTICKS,2,2025-11-08 03:50:44,3.09,17944.0,United Kingdom
537473,21735,AGED PARMESAN REGGIANO,2,2025-11-08 03:50:44,7.97,17944.0,United Kingdom
537473,21736,ORGANIC TOMATO BASIL SAUCE,4,2025-11-08 03:50:44,4.37,17944.0,United Kingdom
537473,21228,WALL CLOCK RETRO RED,1,2025-11-08 03:50:44,19.28,17944.0,United Kingdom
537473,21225,GLASS STORAGE JAR LARGE,1,2025-11-08 03:50:44,3.87,17944.0,United Kingdom
537474,85123E,CERAMIC COFFEE MUG,4,2025-04-22 03:47:16,6.61,14502.0,United Kingdom
537474,85123A,COLOMBIAN ROAST COFFEE,2,2025-04-22 03:47:16,9.34,14502.0,United Kingdom
537474,21222,RETRO SPOT APRON,6,2025-04-22 03:47:16,6.74,14502.0,United Kingdom
537475,21734,ARTISAN PASTA PENNE,2,2025-06-22 19:13:45,3.32,13706.0,United Kingdom
537475,21733,ITALIAN EXTRA VIRGIN OLIVE OIL,1,2025-06-22 19:13:45,12.6,13706.0,United Kingdom
537476,85123A,COLOMBIAN ROAST COFFEE,3,2025-10-04 17:27:19,8.56,18241.0,United Kingdom
537476,85123D,FRENCH VANILLA SYRUP,2,2025-10-04 17:27:19,5.99,18241.0,United Kingdom
537476,85123C,DARK CHOCOLATE BAR 85%,1,2025-10-04 17:27:19,3.45,18241.0,United Kingdom
537476,85123E,CERAMIC COFFEE MUG,4,2025-10-04 17:27:19,6.78,18241.0,United Kingdom
537476,71054,MECHANICAL KEYBOARD,2,2025-10-04 17:27:19,66.63,18241.0,United Kingdom
537476,71055,USB-C MULTIPORT ADAPTER,6,2025-10-04 17:27:19,25.61,18241.0,United Kingdom
537476,71056,LARGE DESK PAD BLACK,1,2025-10-04 17:27:19,16.64,18241.0,United Kingdom
537476,21217,PACK OF 20 NAPKINS,1,2025-10-04 17:27:19,1.43,18241.0,United Kingdom
537477,22425,SWEET CREAM BUTTER,1,2025-11-09 02:04:30,4.11,15941.0,United Kingdom
537477,22424,WHOLE WHEAT BREAD,3,2025-11-09 02:04:30,3.02,15941.0,United Kingdom
537477,22427,ORGANIC EGGS DOZEN,2,2025-11-09 02:04:30,4.84,15941.0,United Kingdom
537477,22423,ORGANIC WHOLE MILK,4,2025-11-09 02:04:30,3.43,15941.0,United Kingdom
537478,21734,ARTISAN PASTA PENNE,2,2025-04-26 04:47:49,3.43,17720.0,United Kingdom
537478,21736,ORGANIC TOMATO BASIL SAUCE,3,2025-04-26 04:47:49,4.38,17720.0,United Kingdom
537478,21733,ITALIAN EXTRA VIRGIN OLIVE OIL,2,2025-04-26 04:47:49,13.01,17720.0,United Kingdom
537478,21214,RECIPE BOX PANTRY DESIGN,12,2025-04-26 04:47:49,7.96,17720.0,United Kingdom
537479,22427,ORGANIC EGGS DOZEN,1,2025-02-08 19:56:41,5.05,13206.0,United Kingdom
537479,22425,SWEET CREAM BUTTER,1,2025-02-08 19:56:41,4.17,13206.0,United Kingdom
537480,85099B,WHITE HANGING HEART T-LIGHT HOLDER,1,2025-10-01 05:18:33,2.67,16832.0,United Kingdom
537480,22961,HEART OF WICKER LARGE,2,2025-10-01 05:18:33,2.95,16832.0,United Kingdom
537480,22423,REGENCY CAKESTAND 3 TIER,4,2025-10-01 05:18:33,12.28,16832.0,United Kingdom
537480,22427,ORGANIC EGGS DOZEN,4,2025-10-01 05:18:33,5.1,16832.0,United Kingdom
537480,22424,WHOLE WHEAT BREAD,2,2025-10-01 05:18:33,3.13,16832.0,United Kingdom
537481,71057,MONITOR LIGHT BAR,4,2025-09-29 21:14:15,41.38,14248.0,United Kingdom
537481,71056,LARGE DESK PAD BLACK,3,2025-09-29 21:14:15,16.3,14248.0,United Kingdom
537481,71054,MECHANICAL KEYBOARD,2,2025-09-29 21:14:15,71.33,14248.0,United Kingdom
537481,71055,USB-C MULTIPORT ADAPTER,3,2025-09-29 21:14:15,24.01,14248.0,United Kingdom
537481,71053,WIRELESS ERGONOMIC MOUSE,4,2025-09-29 21:14:15,29.42,14248.0,United Kingdom
537481,21229,HAND WARMER BIRD DESIGN,1,2025-09-29 21:14:15,1.96,14248.0,United Kingdom
537482,85123E,CERAMIC COFFEE MUG,1,2025-03-10 22:52:08,6.39,14483.0,United Kingdom
537482,85123A,COLOMBIAN ROAST COFFEE,1,2025-03-10 22:52:08,9.13,14483.0,United Kingdom
537482,20727,ALMOND DANISH,1,2025-03-10 22:52:08,2.85,14483.0,United Kingdom
537482,20726,PAIN AU CHOCOLAT,4,2025-03-10 22:52:08,2.45,14483.0,United Kingdom
537482,21214,RECIPE BOX PANTRY DESIGN,3,2025-03-10 22:52:08,7.62,14483.0,United Kingdom
537483,84883,LED GROW LIGHT BULB,6,2025-11-30 03:48:23,14.77,12637.0,United Kingdom
537483,84879,CERAMIC PLANT POT WHITE,12,2025-11-30 03:48:23,10.2,12637.0,United Kingdom
537483,84880,WATERING CAN GREEN 2L,1,2025-11-30 03:48:23,11.88,12637.0,United Kingdom
537484,71054,MECHANICAL KEYBOARD,4,2025-03-02 19:44:42,67.54,15108.0,France
537484,71053,WIRELESS ERGONOMIC MOUSE,4,2025-03-02 19:44:42,29.5,15108.0,France
537485,85123E,CERAMIC COFFEE MUG,3,2025-12-15 00:53:30,6.49,14185.0,United Kingdom
537485,85123C,DARK CHOCOLATE BAR 85%,1,2025-12-15 00:53:30,3.37,14185.0,United Kingdom
537485,85123D,FRENCH VANILLA SYRUP,1,2025-12-15 00:53:30,6.04,14185.0,United Kingdom
537485,21229,HAND WARMER BIRD DESIGN,4,2025-12-15 00:53:30,1.95,14185.0,United Kingdom
537486,71054,MECHANICAL KEYBOARD,6,2025-03-02 00:36:48,66.54,,United Kingdom
537486,71057,MONITOR LIGHT BAR,2,2025-03-02 00:36:48,39.39,,United Kingdom
537486,21223,SET OF 6 SPICE JARS,3,2025-03-02 00:36:48,10.37,,United Kingdom
537487,71055,USB-C MULTIPORT ADAPTER,6,2025-12-07 19:12:09,25.92,15546.0,United Kingdom
537487,71054,MECHANICAL KEYBOARD,12,2025-12-07 19:12:09,66.56,15546.0,United Kingdom
537487,71057,MONITOR LIGHT BAR,2,2025-12-07 19:12:09,39.93,15546.0,United Kingdom
537488,84882,GARDENING GLOVES PAIR,1,2025-02-24 20:48:50,5.03,14759.0,United Kingdom
537488,84879,CERAMIC PLANT POT WHITE,1,2025-02-24 20:48:50,10.12,14759.0,United Kingdom
537488,84881,ORGANIC POTTING SOIL 10L,2,2025-02-24 20:48:50,6.97,14759.0,United Kingdom
537488,84880,WATERING CAN GREEN 2L,1,2025-02-24 20:48:50,11.44,14759.0,United Kingdom
537489,71056,LARGE DESK PAD BLACK,1,2025-10-03 18:46:20,15.66,16972.0,Spain
537489,71055,USB-C MULTIPORT ADAPTER,1,2025-10-03 18:46:20,24.16,16972.0,Spain
537490,71053,WIRELESS ERGONOMIC MOUSE,2,2025-08-13 18:41:34,28.6,,United Kingdom
537490,71056,LARGE DESK PAD BLACK,1,2025-08-13 18:41:34,15.49,,United Kingdom
537490,21215,WOODEN PICTURE FRAME,2,2025-08-13 18:41:34,5.57,,United Kingdom
537491,85123C,DARK CHOCOLATE BAR 85%,3,2025-12-10 02:52:27,3.55,15807.0,United Kingdom
537491,85123D,FRENCH VANILLA SYRUP,24,2025-12-10 02:52:27,6.27,15807.0,United Kingdom
537491,22426,STRAWBERRY PRESERVES,1,2025-12-10 02:52:27,3.92,15807.0,United Kingdom
537491,22427,ORGANIC EGGS DOZEN,1,2025-12-10 02:52:27,4.91,15807.0,United Kingdom
537491,22424,WHOLE WHEAT BREAD,2,2025-12-10 02:52:27,3.1,15807.0,United Kingdom
537491,22425,SWEET CREAM BUTTER,1,2025-12-10 02:52:27,4.43,15807.0,United Kingdom
537491,20727,ALMOND DANISH,4,2025-12-10 02:52:27,2.64,15807.0,United Kingdom
537491,20728,CAPPUCCINO CUP & SAUCER,4,2025-12-10 02:52:27,8.52,15807.0,United Kingdom
537491,20725,CROISSANT ALL BUTTER,4,2025-12-10 02:52:27,2.31,15807.0,United Kingdom
537491,21220,BICYCLE PUNCTURE REPAIR KIT,1,2025-12-10 02:52:27,2.98,15807.0,United Kingdom
537492,21215,WOODEN PICTURE FRAME,1,2025-06-07 16:36:47,5.69,16659.0,United Kingdom
537493,71054,MECHANICAL KEYBOARD,2,2025-07-08 03:47:01,70.75,14851.0,United Kingdom
537493,71056,LARGE DESK PAD BLACK,2,2025-07-08 03:47:01,16.37,14851.0,United Kingdom
537493,71057,MONITOR LIGHT BAR,12,2025-07-08 03:47:01,41.78,14851.0,United Kingdom
537493,71055,USB-C MULTIPORT ADAPTER,3,2025-07-08 03:47:01,23.94,14851.0,United Kingdom
537493,22425,SWEET CREAM BUTTER,4,2025-07-08 03:47:01,4.33,14851.0,United Kingdom
537493,22424,WHOLE WHEAT BREAD,3,2025-07-08 03:47:01,2.93,14851.0,United Kingdom
537493,21222,RETRO SPOT APRON,6,2025-07-08 03:47:01,6.71,14851.0,United Kingdom
537494,71053,WIRELESS ERGONOMIC MOUSE,3,2025-01-27 22:21:46,29.81,15874.0,United Kingdom
537494,71054,MECHANICAL KEYBOARD,1,2025-01-27 22:21:46,68.02,15874.0,United Kingdom
537495,20725,CROISSANT ALL BUTTER,2,2025-03-13 04:57:47,2.19,18203.0,United Kingdom
537495,20727,ALMOND DANISH,3,2025-03-13 04:57:47,2.7,18203.0,United Kingdom
537496,71054,MECHANICAL KEYBOARD,1,2025-02-12 02:36:49,72.57,13929.0,United Kingdom
537496,71056,LARGE DESK PAD BLACK,1,2025-02-12 02:36:49,15.39,13929.0,United Kingdom
537497,22961,HEART OF WICKER LARGE,2,2025-01-16 01:03:03,2.88,15891.0,United Kingdom
537497,85099B,WHITE HANGING HEART T-LIGHT HOLDER,2,2025-01-16 01:03:03,2.62,15891.0,United Kingdom
537497,22720,SET OF 3 CAKE TINS PANTRY,1,2025-01-16 01:03:03,4.75,15891.0,United Kingdom
537497,22960,HEART OF WICKER SMALL,1,2025-01-16 01:03:03,1.69,15891.0,United Kingdom
537497,21736,ORGANIC TOMATO BASIL SAUCE,1,2025-01-16 01:03:03,4.37,15891.0,United Kingdom
537497,21734,ARTISAN PASTA PENNE,1,2025-01-16 01:03:03,3.31,15891.0,United Kingdom
537498,85123D,FRENCH VANILLA SYRUP,1,2025-12-29 23:05:51,5.74,16934.0,United Kingdom
537498,85123B,PURE CANE SUGAR,2,2025-12-29 23:05:51,2.49,16934.0,United Kingdom
537498,85123C,DARK CHOCOLATE BAR 85%,2,2025-12-29 23:05:51,3.35,16934.0,United Kingdom
537498,85123A,COLOMBIAN ROAST COFFEE,1,2025-12-29 23:05:51,9.19,16934.0,United Kingdom
537499,71053,WIRELESS ERGONOMIC MOUSE,2,2025-04-01 23:28:44,30.5,16207.0,United Kingdom
537499,71055,USB-C MULTIPORT ADAPTER,2,2025-04-01 23:28:44,26.0,16207.0,United Kingdom
537499,71056,LARGE DESK PAD BLACK,4,2025-04-01 23:28:44,16.62,16207.0,United Kingdom
537499,21225,GLASS STORAGE JAR LARGE,3,2025-04-01 23:28:44,3.96,16207.0,United Kingdom
537500,85123E,CERAMIC COFFEE MUG,6,2025-03-27 20:19:11,6.72,16571.0,United Kingdom
537500,85123D,FRENCH VANILLA SYRUP,4,2025-03-27 20:19:11,5.92,16571.0,United Kingdom
537500,85123A,COLOMBIAN ROAST COFFEE,2,2025-03-27 20:19:11,8.57,16571.0,United Kingdom
537501,22426,STRAWBERRY PRESERVES,2,2025-06-09 23:36:56,3.95,,Germany
537501,22424,WHOLE WHEAT BREAD,1,2025-06-09 23:36:56,3.08,,Germany
537501,71056,LARGE DESK PAD BLACK,3,2025-06-09 23:36:56,16.75,,Germany
537501,71055,USB-C MULTIPORT ADAPTER,3,2025-06-09 23:36:56,25.5,,Germany
537502,20726,PAIN AU CHOCOLAT,1,2025-08-10 02:05:16,2.59,18058.0,United Kingdom
537502,20729,BLUEBERRY SCONE,2,2025-08-10 02:05:16,2.4,18058.0,United Kingdom
537502,20728,CAPPUCCINO CUP & SAUCER,1,2025-08-10 02:05:16,8.36,18058.0,United Kingdom
537503,85123E,CERAMIC COFFEE MUG,4,2025-06-08 21:04:56,6.43,15942.0,United Kingdom
537503,85123D,FRENCH VANILLA SYRUP,4,2025-06-08 21:04:56,5.79,15942.0,United Kingdom
537503,21220,BICYCLE PUNCTURE REPAIR KIT,6,2025-06-08 21:04:56,3.12,15942.0,United Kingdom
537504,22720,SET OF 3 CAKE TINS PANTRY,1,2025-06-08 16:44:53,4.91,17165.0,United Kingdom
537504,22423,REGENCY CAKESTAND 3 TIER,6,2025-06-08 16:44:53,12.12,17165.0,United Kingdom
537504,22960,HEART OF WICKER SMALL,3,2025-06-08 16:44:53,1.6,17165.0,United Kingdom
537504,22961,HEART OF WICKER LARGE,1,2025-06-08 16:44:53,2.94,17165.0,United Kingdom
537504,85099B,WHITE HANGING HEART T-LIGHT HOLDER,1,2025-06-08 16:44:53,2.65,17165.0,United Kingdom
537504,84882,GARDENING GLOVES PAIR,2,2025-06-08 16:44:53,5.0,17165.0,United Kingdom
537504,84879,CERAMIC PLANT POT WHITE,1,2025-06-08 16:44:53,10.4,17165.0,United Kingdom
537504,84881,ORGANIC POTTING SOIL 10L,1,2025-06-08 16:44:53,6.68,17165.0,United Kingdom
537505,22426,STRAWBERRY PRESERVES,3,2025-03-10 17:06:25,3.77,14665.0,United Kingdom
537505,22423,ORGANIC WHOLE MILK,3,2025-03-10 17:06:25,3.42,14665.0,United Kingdom
537505,22424,WHOLE WHEAT BREAD,2,2025-03-10 17:06:25,2.99,14665.0,United Kingdom
537506,21736,ORGANIC TOMATO BASIL SAUCE,1,2025-06-27 23:51:54,4.58,16039.0,United Kingdom
537506,21734,ARTISAN PASTA PENNE,1,2025-06-27 23:51:54,3.36,16039.0,United Kingdom
537506,21737,GARLIC HERB BREADSTICKS,2,2025-06-27 23:51:54,3.07,16039.0,United Kingdom
537506,21733,ITALIAN EXTRA VIRGIN OLIVE OIL,3,2025-06-27 23:51:54,12.59,16039.0,United Kingdom
537506,20727,ALMOND DANISH,1,2025-06-27 23:51:54,2.64,16039.0,United Kingdom
537506,20726,PAIN AU CHOCOLAT,6,2025-06-27 23:51:54,2.59,16039.0,United Kingdom
537506,20725,CROISSANT ALL BUTTER,3,2025-06-27 23:51:54,2.27,16039.0,United Kingdom
537507,21213,MINI PAINT SET 9 COLOURS,1,2025-04-03 18:20:12,1.24,,EIRE
537508,20727,ALMOND DANISH,3,2025-07-08 00:25:33,2.82,15773.0,United Kingdom
537508,20725,CROISSANT ALL BUTTER,2,2025-07-08 00:25:33,2.19,15773.0,United Kingdom
537508,20728,CAPPUCCINO CUP & SAUCER,4,2025-07-08 00:25:33,8.57,15773.0,United Kingdom
537508,84880,WATERING CAN GREEN 2L,1,2025-07-08 00:25:33,11.23,15773.0,United Kingdom
537508,84882,GARDENING GLOVES PAIR,6,2025-07-08 00:25:33,4.88,15773.0,United Kingdom
537508,22426,STRAWBERRY PRESERVES,1,2025-07-08 00:25:33,4.02,15773.0,United Kingdom
537508,22427,ORGANIC EGGS DOZEN,1,2025-07-08 00:25:33,4.93,15773.0,United Kingdom
537508,22424,WHOLE WHEAT BREAD,4,2025-07-08 00:25:33,3.02,15773.0,United Kingdom
537509,71057,MONITOR LIGHT BAR,1,2025-06-11 18:04:44,39.11,12984.0,United Kingdom
537509,71055,USB-C MULTIPORT ADAPTER,1,2025-06-11 18:04:44,25.56,12984.0,United Kingdom
537510,22424,WHOLE WHEAT BREAD,24,2025-09-10 21:27:03,3.12,16842.0,United Kingdom
537510,22423,ORGANIC WHOLE MILK,2,2025-09-10 21:27:03,3.56,16842.0,United Kingdom
537510,22427,ORGANIC EGGS DOZEN,2,2025-09-10 21:27:03,4.99,16842.0,United Kingdom
537510,22425,SWEET CREAM BUTTER,1,2025-09-10 21:27:03,4.12,16842.0,United Kingdom
537511,84880,WATERING CAN GREEN 2L,4,2025-11-20 00:14:49,11.53,16041.0,United Kingdom
537511,84879,CERAMIC PLANT POT WHITE,4,2025-11-20 00:14:49,9.88,16041.0,United Kingdom
537511,84883,LED GROW LIGHT BULB,1,2025-11-20 00:14:49,15.36,16041.0,United Kingdom
537511,84881,ORGANIC POTTING SOIL 10L,2,2025-11-20 00:14:49,6.85,16041.0,United Kingdom
537511,21225,GLASS STORAGE JAR LARGE,4,2025-11-20 00:14:49,3.98,16041.0,United Kingdom
537512,22426,STRAWBERRY PRESERVES,3,2025-10-26 02:51:18,4.03,14442.0,Spain
537512,22424,WHOLE WHEAT BREAD,1,2025-10-26 02:51:18,2.84,14442.0,Spain
537512,22423,ORGANIC WHOLE MILK,1,2025-10-26 02:51:18,3.4,14442.0,Spain
537513,85123C,DARK CHOCOLATE BAR 85%,2,2025-01-29 18:08:10,3.51,12663.0,United Kingdom
537513,85123B,PURE CANE SUGAR,2,2025-01-29 18:08:10,2.57,12663.0,United Kingdom
537513,85123D,FRENCH VANILLA SYRUP,1,2025-01-29 18:08:10,5.84,12663.0,United Kingdom
537513,85123A,COLOMBIAN ROAST COFFEE,3,2025-01-29 18:08:10,9.35,12663.0,United Kingdom
537513,22423,ORGANIC WHOLE MILK,1,2025-01-29 18:08:10,3.45,12663.0,United Kingdom
537513,22425,SWEET CREAM BUTTER,3,2025-01-29 18:08:10,4.11,12663.0,United Kingdom
537513,22426,STRAWBERRY PRESERVES,2,2025-01-29 18:08:10,3.98,12663.0,United Kingdom
537513,22424,WHOLE WHEAT BREAD,1,2025-01-29 18:08:10,3.03,12663.0,United Kingdom
537513,22427,ORGANIC EGGS DOZEN,3,2025-01-29 18:08:10,5.06,12663.0,United Kingdom
537514,84880,WATERING CAN GREEN 2L,3,2025-06-03 23:17:04,11.01,15305.0,United Kingdom
537514,84881,ORGANIC POTTING SOIL 10L,1,2025-06-03 23:17:04,7.33,15305.0,United Kingdom
537514,84882,GARDENING GLOVES PAIR,1,2025-06-03 23:17:04,4.91,15305.0,United Kingdom
537514,84883,LED GROW LIGHT BULB,4,2025-06-03 23:17:04,14.75,15305.0,United Kingdom
537515,22961,HEART OF WICKER LARGE,1,2025-01-12 00:14:32,3.02,17636.0,United Kingdom
537515,22720,SET OF 3 CAKE TINS PANTRY,3,2025-01-12 00:14:32,4.95,17636.0,United Kingdom
537516,20726,PAIN AU CHOCOLAT,1,2025-07-07 03:29:20,2.57,12764.0,Spain
537516,20725,CROISSANT ALL BUTTER,1,2025-07-07 03:29:20,2.35,12764.0,Spain
537516,84879,CERAMIC PLANT POT WHITE,4,2025-07-07 03:29:20,10.04,12764.0,Spain
537516,84882,GARDENING GLOVES PAIR,2,2025-07-07 03:29:20,4.82,12764.0,Spain
537516,84883,LED GROW LIGHT BULB,2,2025-07-07 03:29:20,15.63,12764.0,Spain
537516,21223,SET OF 6 SPICE JARS,6,2025-07-07 03:29:20,9.79,12764.0,Spain
537516,21230,BATHROOM SCALE VINTAGE,4,2025-07-07 03:29:20,22.29,12764.0,Spain
537516,21226,CHILLI LIGHTS STRING,3,2025-07-07 03:29:20,8.82,12764.0,Spain
537517,20727,ALMOND DANISH,1,2025-07-24 19:26:32,2.68,18277.0,United Kingdom
537517,20728,CAPPUCCINO CUP & SAUCER,2,2025-07-24 19:26:32,8.37,18277.0,United Kingdom
537518,85123E,CERAMIC COFFEE MUG,1,2025-01-18 03:24:36,6.57,16676.0,United Kingdom
537518,85123B,PURE CANE SUGAR,6,2025-01-18 03:24:36,2.53,16676.0,United Kingdom
537518,85123C,DARK CHOCOLATE BAR 85%,3,2025-01-18 03:24:36,3.62,16676.0,United Kingdom
537519,21230,BATHROOM SCALE VINTAGE,1,2025-01-11 20:28:10,21.19,16171.0,United Kingdom
537520,84881,ORGANIC POTTING SOIL 10L,1,2025-02-03 23:48:13,6.85,17135.0,United Kingdom
537520,84883,LED GROW LIGHT BULB,1,2025-02-03 23:48:13,14.96,17135.0,United Kingdom
537521,20726,PAIN AU CHOCOLAT,3,2025-02-13 18:33:48,2.62,13329.0,United Kingdom
537521,20725,CROISSANT ALL BUTTER,24,2025-02-13 18:33:48,2.25,13329.0,United Kingdom
537521,20727,ALMOND DANISH,2,2025-02-13 18:33:48,2.65,13329.0,United Kingdom
537521,21220,BICYCLE PUNCTURE REPAIR KIT,12,2025-02-13 18:33:48,3.12,13329.0,United Kingdom
537521,21216,EMERGENCY FIRST AID TIN,1,2025-02-13 18:33:48,3.71,13329.0,United Kingdom
537522,21221,RETRO SPOT TEA TOWEL,6,2025-09-19 20:34:51,2.43,12826.0,Belgium
537523,20728,CAPPUCCINO CUP & SAUCER,3,2025-09-09 17:32:24,8.14,14640.0,United Kingdom
537523,20726,PAIN AU CHOCOLAT,1,2025-09-09 17:32:24,2.53,14640.0,United Kingdom
537524,21735,AGED PARMESAN REGGIANO,4,2025-03-05 02:36:29,7.85,,United Kingdom
537524,21736,ORGANIC TOMATO BASIL SAUCE,2,2025-03-05 02:36:29,4.47,,United Kingdom
537524,21737,GARLIC HERB BREADSTICKS,6,2025-03-05 02:36:29,3.07,,United Kingdom
537524,21734,ARTISAN PASTA PENNE,1,2025-03-05 02:36:29,3.32,,United Kingdom
537525,85123E,CERAMIC COFFEE MUG,1,2025-10-14 04:24:25,6.57,14653.0,United Kingdom
537525,85123A,COLOMBIAN ROAST COFFEE,1,2025-10-14 04:24:25,8.56,14653.0,United Kingdom
537525,85123B,PURE CANE SUGAR,1,2025-10-14 04:24:25,2.45,14653.0,United Kingdom
537525,85123C,DARK CHOCOLATE BAR 85%,1,2025-10-14 04:24:25,3.57,14653.0,United Kingdom
537526,71054,MECHANICAL KEYBOARD,24,2025-04-23 16:42:53,66.58,17539.0,United Kingdom
537526,71056,LARGE DESK PAD BLACK,3,2025-04-23 16:42:53,15.36,17539.0,United Kingdom
537526,85123B,PURE CANE SUGAR,3,2025-04-23 16:42:53,2.42,17539.0,United Kingdom
537526,85123A,COLOMBIAN ROAST COFFEE,2,2025-04-23 16:42:53,8.98,17539.0,United Kingdom
537526,85123C,DARK CHOCOLATE BAR 85%,2,2025-04-23 16:42:53,3.36,17539.0,United Kingdom
537526,85123D,FRENCH VANILLA SYRUP,6,2025-04-23 16:42:53,6.21,17539.0,United Kingdom
537526,85123E,CERAMIC COFFEE MUG,6,2025-04-23 16:42:53,6.26,17539.0,United Kingdom
537527,20728,CAPPUCCINO CUP & SAUCER,2,2025-08-30 04:30:59,8.27,,United Kingdom
537527,20727,ALMOND DANISH,2,2025-08-30 04:30:59,2.67,,United Kingdom
537527,20726,PAIN AU CHOCOLAT,1,2025-08-30 04:30:59,2.49,,United Kingdom
537528,20726,PAIN AU CHOCOLAT,1,2025-12-25 01:53:05,2.56,14151.0,United Kingdom
537528,20729,BLUEBERRY SCONE,1,2025-12-25 01:53:05,2.39,14151.0,United Kingdom
537529,84882,GARDENING GLOVES PAIR,12,2025-11-30 03:44:09,5.04,17807.0,United Kingdom
537529,84880,WATERING CAN GREEN 2L,1,2025-11-30 03:44:09,11.85,17807.0,United Kingdom
537529,21214,RECIPE BOX PANTRY DESIGN,6,2025-11-30 03:44:09,8.34,17807.0,United Kingdom
537530,20726,PAIN AU CHOCOLAT,6,2025-02-23 22:16:44,2.53,16508.0,United Kingdom
537530,20725,CROISSANT ALL BUTTER,2,2025-02-23 22:16:44,2.23,16508.0,United Kingdom
537531,21736,ORGANIC TOMATO BASIL SAUCE,1,2025-06-04 23:39:18,4.4,14378.0,United Kingdom
537531,21737,GARLIC HERB BREADSTICKS,1,2025-06-04 23:39:18,2.93,14378.0,United Kingdom
537531,21733,ITALIAN EXTRA VIRGIN OLIVE OIL,1,2025-06-04 23:39:18,13.44,14378.0,United Kingdom
537531,22427,ORGANIC EGGS DOZEN,2,2025-06-04 23:39:18,5.02,14378.0,United Kingdom
537531,22426,STRAWBERRY PRESERVES,1,2025-06-04 23:39:18,3.88,14378.0,United Kingdom
537532,21737,GARLIC HERB BREADSTICKS,2,2025-09-05 22:55:14,3.02,16930.0,United Kingdom
537532,21736,ORGANIC TOMATO BASIL SAUCE,2,2025-09-05 22:55:14,4.35,16930.0,United Kingdom
537532,21735,AGED PARMESAN REGGIANO,2,2025-09-05 22:55:14,8.01,16930.0,United Kingdom
537532,21734,ARTISAN PASTA PENNE,2,2025-09-05 22:55:14,3.36,16930.0,United Kingdom
537532,21225,GLASS STORAGE JAR LARGE,4,2025-09-05 22:55:14,3.93,16930.0,United Kingdom
537532,21222,RETRO SPOT APRON,2,2025-09-05 22:55:14,6.89,16930.0,United Kingdom
537532,21217,PACK OF 20 NAPKINS,2,2025-09-05 22:55:14,1.41,16930.0,United Kingdom
537533,21737,GARLIC HERB BREADSTICKS,2,2025-04-11 03:28:55,3.05,16769.0,United Kingdom
537533,21733,ITALIAN EXTRA VIRGIN OLIVE OIL,1,2025-04-11 03:28:55,13.18,16769.0,United Kingdom
537533,85099B,WHITE HANGING HEART T-LIGHT HOLDER,1,2025-04-11 03:28:55,2.62,16769.0,United Kingdom
537533,22423,REGENCY CAKESTAND 3 TIER,6,2025-04-11 03:28:55,12.91,16769.0,United Kingdom
537534,22426,STRAWBERRY PRESERVES,2,2025-01-15 02:36:08,3.83,16927.0,United Kingdom
537534,22427,ORGANIC EGGS DOZEN,1,2025-01-15 02:36:08,4.97,16927.0,United Kingdom
C537535,84882,GARDENING GLOVES PAIR,-6,2025-10-13 02:16:10,5.02,12575.0,United Kingdom
C537535,84881,ORGANIC POTTING SOIL 10L,-8,2025-10-13 02:16:10,6.93,12575.0,United Kingdom
537536,21215,WOODEN PICTURE FRAME,4,2025-05-12 01:26:24,0.0,13721.0,Spain
537537,21225,GLASS STORAGE JAR LARGE,1,2025-08-02 01:17:30,3.82,,United Kingdom
537538,22424,WHOLE WHEAT BREAD,1,2025-07-08 03:34:37,3.1,12906.0,United Kingdom
537538,22426,STRAWBERRY PRESERVES,4,2025-07-08 03:34:37,3.89,12906.0,United Kingdom
537538,22425,SWEET CREAM BUTTER,1,2025-07-08 03:34:37,4.3,12906.0,United Kingdom
537538,22423,ORGANIC WHOLE MILK,2,2025-07-08 03:34:37,3.61,12906.0,United Kingdom
537538,20726,PAIN AU CHOCOLAT,6,2025-07-08 03:34:37,2.54,12906.0,United Kingdom
537538,20727,ALMOND DANISH,4,2025-07-08 03:34:37,2.64,12906.0,United Kingdom
537538,20725,CROISSANT ALL BUTTER,1,2025-07-08 03:34:37,2.34,12906.0,United Kingdom
537538,22960,HEART OF WICKER SMALL,1,2025-07-08 03:34:37,1.64,12906.0,United Kingdom
537538,22423,REGENCY CAKESTAND 3 TIER,1,2025-07-08 03:34:37,13.12,12906.0,United Kingdom
537538,22961,HEART OF WICKER LARGE,1,2025-07-08 03:34:37,2.94,12906.0,United Kingdom
537539,22961,HEART OF WICKER LARGE,1,2025-12-26 04:14:06,2.99,17379.0,United Kingdom
537539,85099B,WHITE HANGING HEART T-LIGHT HOLDER,2,2025-12-26 04:14:06,2.55,17379.0,United Kingdom
537540,20725,CROISSANT ALL BUTTER,1,2025-08-01 22:17:34,2.18,16573.0,United Kingdom
537540,20729,BLUEBERRY SCONE,1,2025-08-01 22:17:34,2.32,16573.0,United Kingdom
537540,84879,CERAMIC PLANT POT WHITE,4,2025-08-01 22:17:34,10.19,16573.0,United Kingdom
537540,84881,ORGANIC POTTING SOIL 10L,3,2025-08-01 22:17:34,7.02,16573.0,United Kingdom
537540,84880,WATERING CAN GREEN 2L,1,2025-08-01 22:17:34,11.72,16573.0,United Kingdom
537541,84881,ORGANIC POTTING SOIL 10L,4,2025-11-24 03:13:18,6.68,,United Kingdom
537541,84879,CERAMIC PLANT POT WHITE,2,2025-11-24 03:13:18,9.65,,United Kingdom
537541,22423,ORGANIC WHOLE MILK,2,2025-11-24 03:13:18,3.65,,United Kingdom
537541,22426,STRAWBERRY PRESERVES,1,2025-11-24 03:13:18,3.75,,United Kingdom
537541,22425,SWEET CREAM BUTTER,6,2025-11-24 03:13:18,4.32,,United Kingdom
537542,22423,REGENCY CAKESTAND 3 TIER,1,2025-02-21 00:30:52,13.37,17868.0,United Kingdom
537542,22961,HEART OF WICKER LARGE,4,2025-02-21 00:30:52,3.08,17868.0,United Kingdom
537542,21230,BATHROOM SCALE VINTAGE,2,2025-02-21 00:30:52,21.69,17868.0,United Kingdom
537543,71056,LARGE DESK PAD BLACK,1,2025-08-17 04:54:17,16.18,18276.0,Germany
537543,71055,USB-C MULTIPORT ADAPTER,12,2025-08-17 04:54:17,24.46,18276.0,Germany
537543,20729,BLUEBERRY SCONE,3,2025-08-17 04:54:17,2.37,18276.0,Germany
537543,20728,CAPPUCCINO CUP & SAUCER,1,2025-08-17 04:54:17,8.11,18276.0,Germany
537543,20725,CROISSANT ALL BUTTER,1,2025-08-17 04:54:17,2.16,18276.0,Germany
537543,20727,ALMOND DANISH,2,2025-08-17 04:54:17,2.85,18276.0,Germany
537543,85099B,WHITE HANGING HEART T-LIGHT HOLDER,1,2025-08-17 04:54:17,2.57,18276.0,Germany
537543,22423,REGENCY CAKESTAND 3 TIER,6,2025-08-17 04:54:17,12.31,18276.0,Germany
537543,21220,BICYCLE PUNCTURE REPAIR KIT,12,2025-08-17 04:54:17,2.99,18276.0,Germany
537544,71057,MONITOR LIGHT BAR,1,2025-06-09 19:54:03,40.41,16114.0,United Kingdom
537544,71055,USB-C MULTIPORT ADAPTER,3,2025-06-09 19:54:03,25.03,16114.0,United Kingdom
537544,71056,LARGE DESK PAD BLACK,2,2025-06-09 19:54:03,16.37,16114.0,United Kingdom
537544,71053,WIRELESS ERGONOMIC MOUSE,2,2025-06-09 19:54:03,29.41,16114.0,United Kingdom
537544,71054,MECHANICAL KEYBOARD,1,2025-06-09 19:54:03,67.06,16114.0,United Kingdom
537544,22720,SET OF 3 CAKE TINS PANTRY,1,2025-06-09 19:54:03,5.05,16114.0,United Kingdom
537544,22423,REGENCY CAKESTAND 3 TIER,1,2025-06-09 19:54:03,12.52,16114.0,United Kingdom
537545,21228,WALL CLOCK RETRO RED,6,2025-03-23 03:21:34,17.78,12848.0,United Kingdom
537546,22961,HEART OF WICKER LARGE,4,2025-06-27 02:15:11,2.83,14483.0,United Kingdom
537546,85099B,WHITE HANGING HEART T-LIGHT HOLDER,3,2025-06-27 02:15:11,2.49,14483.0,United Kingdom
537547,21224,GLASS STORAGE JAR SMALL,2,2025-09-21 03:33:09,2.32,13436.0,United Kingdom
537547,D,Discount,1,2025-09-21 03:33:09,-10.0,13436.0,United Kingdom
537548,71056,LARGE DESK PAD BLACK,3,2025-06-01 18:15:25,16.7,15601.0,United Kingdom
537548,71053,WIRELESS ERGONOMIC MOUSE,1,2025-06-01 18:15:25,29.63,15601.0,United Kingdom
537548,71057,MONITOR LIGHT BAR,4,2025-06-01 18:15:25,39.24,15601.0,United Kingdom
537548,71054,MECHANICAL KEYBOARD,4,2025-06-01 18:15:25,72.24,15601.0,United Kingdom
537548,21214,RECIPE BOX PANTRY DESIGN,1,2025-06-01 18:15:25,7.69,15601.0,United Kingdom
537549,21737,GARLIC HERB BREADSTICKS,1,2025-02-18 17:44:39,2.99,15662.0,United Kingdom
537549,21734,ARTISAN PASTA PENNE,6,2025-02-18 17:44:39,3.45,15662.0,United Kingdom
537550,85123D,FRENCH VANILLA SYRUP,6,2025-10-07 04:39:35,6.12,12858.0,United Kingdom
537550,85123C,DARK CHOCOLATE BAR 85%,4,2025-10-07 04:39:35,3.64,12858.0,United Kingdom
537550,85123E,,1,2025-10-07 04:39:35,6.58,12858.0,United Kingdom
C537551,21736,ORGANIC TOMATO BASIL SAUCE,-12,2025-01-23 17:59:51,4.28,15373.0,United Kingdom
C537551,21735,AGED PARMESAN REGGIANO,-10,2025-01-23 17:59:51,7.89,15373.0,United Kingdom
C537551,21734,ARTISAN PASTA PENNE,-4,2025-01-23 17:59:51,3.18,15373.0,United Kingdom
537552,84880,WATERING CAN GREEN 2L,4,2025-08-18 02:00:53,11.17,12644.0,United Kingdom
537552,84881,ORGANIC POTTING SOIL 10L,4,2025-08-18 02:00:53,6.83,12644.0,United Kingdom
537552,85123A,COLOMBIAN ROAST COFFEE,1,2025-08-18 02:00:53,8.66,12644.0,United Kingdom
537552,85123C,DARK CHOCOLATE BAR 85%,1,2025-08-18 02:00:53,3.38,12644.0,United Kingdom
537552,85123D,FRENCH VANILLA SYRUP,1,2025-08-18 02:00:53,5.8,12644.0,United Kingdom
537552,21216,EMERGENCY FIRST AID TIN,3,2025-08-18 02:00:53,3.62,12644.0,United Kingdom
537553,20728,CAPPUCCINO CUP & SAUCER,4,2025-06-30 20:18:10,8.32,14251.0,United Kingdom
537553,20729,BLUEBERRY SCONE,6,2025-06-30 20:18:10,2.49,14251.0,United Kingdom
537553,21228,  WALL CLOCK RETRO RED   ,1,2025-06-30 20:18:10,18.08,14251.0,United Kingdom
537554,22426,STRAWBERRY PRESERVES,2,2025-07-21 16:38:31,3.97,14285.0,United Kingdom
537554,22427,ORGANIC EGGS DOZEN,1,2025-07-21 16:38:31,4.89,14285.0,United Kingdom
537554,22425,SWEET CREAM BUTTER,1,2025-07-21 16:38:31,4.11,14285.0,United Kingdom
537554,22423,ORGANIC WHOLE MILK,1,2025-07-21 16:38:31,3.5,14285.0,United Kingdom
537554,22424,WHOLE WHEAT BREAD,1,2025-07-21 16:38:31,3.06,14285.0,United Kingdom
537554,84880,WATERING CAN GREEN 2L,1,2025-07-21 16:38:31,11.71,14285.0,United Kingdom
537554,84882,GARDENING GLOVES PAIR,24,2025-07-21 16:38:31,5.17,14285.0,United Kingdom
537554,21222,RETRO SPOT APRON,1,2025-07-21 16:38:31,6.72,14285.0,United Kingdom
537555,85123B,PURE CANE SUGAR,1,2025-01-24 01:12:52,2.6,17872.0,United Kingdom
537555,85123C,DARK CHOCOLATE BAR 85%,6,2025-01-24 01:12:52,3.63,17872.0,United Kingdom
537555,85123A,COLOMBIAN ROAST COFFEE,6,2025-01-24 01:12:52,8.87,17872.0,United Kingdom
537555,21231,FELTCRAFT DOLL ROSIE,3,2025-01-24 01:12:52,2.9,17872.0,United Kingdom
537555,21218,SCENTED CANDLE LAVENDER,1,2025-01-24 01:12:52,4.19,17872.0,United Kingdom
537555,21230,BATHROOM SCALE VINTAGE,1,2025-01-24 01:12:52,22.68,17872.0,United Kingdom
537556,21735,AGED PARMESAN REGGIANO,2,2025-08-13 18:05:27,8.08,16923.0,United Kingdom
537556,21736,ORGANIC TOMATO BASIL SAUCE,12,2025-08-13 18:05:27,4.44,16923.0,United Kingdom
537556,21737,GARLIC HERB BREADSTICKS,2,2025-08-13 18:05:27,3.04,16923.0,United Kingdom
537557,84879,CERAMIC PLANT POT WHITE,1,2025-12-23 02:53:51,9.91,13406.0,United Kingdom
537557,84883,LED GROW LIGHT BULB,1,2025-12-23 02:53:51,15.21,13406.0,United Kingdom
537557,85099B,WHITE HANGING HEART T-LIGHT HOLDER,1,2025-12-23 02:53:51,2.53,13406.0,United Kingdom
537557,22720,SET OF 3 CAKE TINS PANTRY,1,2025-12-23 02:53:51,5.12,13406.0,United Kingdom
537557,22423,REGENCY CAKESTAND 3 TIER,3,2025-12-23 02:53:51,12.14,13406.0,United Kingdom
537558,22423,REGENCY CAKESTAND 3 TIER,1,2025-05-02 21:25:03,12.97,,United Kingdom
537558,22960,HEART OF WICKER SMALL,1,2025-05-02 21:25:03,1.72,,United Kingdom
537558,85099B,WHITE HANGING HEART T-LIGHT HOLDER,1,2025-05-02 21:25:03,2.67,,United Kingdom
537558,22961,HEART OF WICKER LARGE,4,2025-05-02 21:25:03,2.88,,United Kingdom
537558,21220,BICYCLE PUNCTURE REPAIR KIT,2,2025-05-02 21:25:03,3.05,,United Kingdom
537558,21218,SCENTED CANDLE LAVENDER,2,2025-05-02 21:25:03,4.38,,United Kingdom
C537559,21737,GARLIC HERB BREADSTICKS,-1,2025-01-28 17:38:18,2.97,12906.0,United Kingdom
C537559,21735,AGED PARMESAN REGGIANO,-5,2025-01-28 17:38:18,8.22,12906.0,United Kingdom
C537559,71053,WIRELESS ERGONOMIC MOUSE,-4,2025-01-28 17:38:18,28.54,12906.0,United Kingdom
C537559,71057,MONITOR LIGHT BAR,-2,2025-01-28 17:38:18,38.51,12906.0,United Kingdom
C537559,71055,USB-C MULTIPORT ADAPTER,-11,2025-01-28 17:38:18,26.16,12906.0,United Kingdom
C537559,71054,MECHANICAL KEYBOARD,-1,2025-01-28 17:38:18,68.01,12906.0,United Kingdom
C537559,71056,LARGE DESK PAD BLACK,-6,2025-01-28 17:38:18,15.25,12906.0,United Kingdom
C537559,22423,ORGANIC WHOLE MILK,-6,2025-01-28 17:38:18,3.54,12906.0,United Kingdom
C537559,22427,ORGANIC EGGS DOZEN,-2,2025-01-28 17:38:18,4.91,12906.0,United Kingdom
C537559,22424,WHOLE WHEAT BREAD,-3,2025-01-28 17:38:18,3.12,12906.0,United Kingdom
C537559,21213,MINI PAINT SET 9 COLOURS,-4,2025-01-28 17:38:18,1.25,12906.0,United Kingdom
537560,71053,WIRELESS ERGONOMIC MOUSE,1,2025-09-08 17:46:13,31.04,,United Kingdom
537560,71056,LARGE DESK PAD BLACK,1,2025-09-08 17:46:13,15.2,,United Kingdom
537560,85123D,FRENCH VANILLA SYRUP,24,2025-09-08 17:46:13,5.88,,United Kingdom
537560,85123C,DARK CHOCOLATE BAR 85%,2,2025-09-08 17:46:13,3.48,,United Kingdom
537560,21227,VINTAGE UNION JACK CUSHION,2,2025-09-08 17:46:13,14.68,,United Kingdom
537561,85099B,WHITE HANGING HEART T-LIGHT HOLDER,6,2025-11-20 01:45:50,2.54,17704.0,United Kingdom
537561,22720,SET OF 3 CAKE TINS PANTRY,3,2025-11-20 01:45:50,5.12,17704.0,United Kingdom
537561,22961,HEART OF WICKER LARGE,6,2025-11-20 01:45:50,3.02,17704.0,United Kingdom
537561,21228,WALL CLOCK RETRO RED,3,2025-11-20 01:45:50,19.06,17704.0,United Kingdom
537562,20728,CAPPUCCINO CUP & SAUCER,4,2025-04-08 23:45:34,8.24,17621.0,United Kingdom
537562,20729,BLUEBERRY SCONE,2,2025-04-08 23:45:34,2.44,17621.0,United Kingdom
537562,20726,PAIN AU CHOCOLAT,1,2025-04-08 23:45:34,2.55,17621.0,United Kingdom
537562,84879,CERAMIC PLANT POT WHITE,4,2025-04-08 23:45:34,10.12,17621.0,United Kingdom
537562,84883,LED GROW LIGHT BULB,1,2025-04-08 23:45:34,15.38,17621.0,United Kingdom
537562,84880,WATERING CAN GREEN 2L,2,2025-04-08 23:45:34,11.7,17621.0,United Kingdom
537562,21230,BATHROOM SCALE VINTAGE,2,2025-04-08 23:45:34,21.26,17621.0,United Kingdom
537562,21216,EMERGENCY FIRST AID TIN,2,2025-04-08 23:45:34,3.93,17621.0,United Kingdom
537563,22423,ORGANIC WHOLE MILK,3,2025-08-13 01:57:49,3.65,16945.0,United Kingdom
537563,22425,SWEET CREAM BUTTER,2,2025-08-13 01:57:49,4.37,16945.0,United Kingdom
537563,22427,ORGANIC EGGS DOZEN,4,2025-08-13 01:57:49,5.04,16945.0,United Kingdom
537563,22426,STRAWBERRY PRESERVES,2,2025-08-13 01:57:49,4.08,16945.0,United Kingdom
C537564,22427,ORGANIC EGGS DOZEN,-6,2025-02-04 03:08:03,5.19,15123.0,United Kingdom
C537564,22424,WHOLE WHEAT BREAD,-10,2025-02-04 03:08:03,3.06,15123.0,United Kingdom
C537564,22426,STRAWBERRY PRESERVES,-7,2025-02-04 03:08:03,3.72,15123.0,United Kingdom
C537564,21228,WALL CLOCK RETRO RED,-11,2025-02-04 03:08:03,18.97,15123.0,United Kingdom
C537564,21213,MINI PAINT SET 9 COLOURS,-2,2025-02-04 03:08:03,1.26,15123.0,United Kingdom
537565,85123A,COLOMBIAN ROAST COFFEE,1,2025-09-20 00:46:39,8.97,15723.0,United Kingdom
537565,85123D,FRENCH VANILLA SYRUP,24,2025-09-20 00:46:39,6.16,15723.0,United Kingdom
537565,85123B,PURE CANE SUGAR,6,2025-09-20 00:46:39,2.55,15723.0,United Kingdom
537565,85123C,DARK CHOCOLATE BAR 85%,6,2025-09-20 00:46:39,3.63,15723.0,United Kingdom
537566,71055,USB-C MULTIPORT ADAPTER,1,2025-11-04 16:43:27,23.93,13960.0,United Kingdom
537566,71056,LARGE DESK PAD BLACK,12,2025-11-04 16:43:27,15.65,13960.0,United Kingdom
537566,71054,MECHANICAL KEYBOARD,1,2025-11-04 16:43:27,66.89,13960.0,United Kingdom
537567,22424,WHOLE WHEAT BREAD,2,2025-01-11 20:10:09,3.08,13287.0,United Kingdom
537567,22425,SWEET CREAM BUTTER,1,2025-01-11 20:10:09,4.41,13287.0,United Kingdom
537567,71056,LARGE DESK PAD BLACK,1,2025-01-11 20:10:09,16.44,13287.0,United Kingdom
537567,71053,WIRELESS ERGONOMIC MOUSE,2,2025-01-11 20:10:09,28.72,13287.0,United Kingdom
537567,71055,USB-C MULTIPORT ADAPTER,24,2025-01-11 20:10:09,25.46,13287.0,United Kingdom
537567,71057,MONITOR LIGHT BAR,1,2025-01-11 20:10:09,41.11,13287.0,United Kingdom
537568,84880,WATERING CAN GREEN 2L,2,2025-12-08 21:24:50,11.39,,United Kingdom
537568,84879,CERAMIC PLANT POT WHITE,1,2025-12-08 21:24:50,9.68,,United Kingdom
537569,22425,SWEET CREAM BUTTER,4,2025-05-10 00:48:35,4.42,13783.0,Spain
537569,22427,ORGANIC EGGS DOZEN,12,2025-05-10 00:48:35,4.77,13783.0,Spain
537569,22424,WHOLE WHEAT BREAD,2,2025-05-10 00:48:35,2.93,13783.0,Spain
537569,22423,ORGANIC WHOLE MILK,1,2025-05-10 00:48:35,3.4,13783.0,Spain
537570,84879,CERAMIC PLANT POT WHITE,6,2025-03-31 19:48:25,9.9,15140.0,United Kingdom
537570,84880,WATERING CAN GREEN 2L,6,2025-03-31 19:48:25,11.51,15140.0,United Kingdom
537570,21227,VINTAGE UNION JACK CUSHION,1,2025-03-31 19:48:25,15.3,15140.0,United Kingdom
537570,21224,GLASS STORAGE JAR SMALL,2,2025-03-31 19:48:25,2.26,15140.0,United Kingdom
537571,20726,PAIN AU CHOCOLAT,3,2025-01-20 03:44:56,2.47,15098.0,United Kingdom
537571,20727,ALMOND DANISH,1,2025-01-20 03:44:56,2.67,15098.0,United Kingdom
537571,21224,GLASS STORAGE JAR SMALL,1,2025-01-20 03:44:56,2.29,15098.0,United Kingdom
537571,21212,VINTAGE SNAP CARDS,3,2025-01-20 03:44:56,0.89,15098.0,United Kingdom
537571,21228,WALL CLOCK RETRO RED,3,2025-01-20 03:44:56,18.53,15098.0,United Kingdom
537572,71055,USB-C MULTIPORT ADAPTER,2,2025-06-01 04:50:04,24.5,14295.0,United Kingdom
537572,71057,MONITOR LIGHT BAR,6,2025-06-01 04:50:04,38.09,14295.0,United Kingdom
537572,21218,SCENTED CANDLE LAVENDER,1,2025-06-01 04:50:04,4.33,14295.0,United Kingdom
537573,21735,AGED PARMESAN REGGIANO,4,2025-08-26 21:51:00,8.06,16003.0,United Kingdom
537573,21736,ORGANIC TOMATO BASIL SAUCE,1,2025-08-26 21:51:00,4.44,16003.0,United Kingdom
537574,84881,ORGANIC POTTING SOIL 10L,1,2025-05-04 19:09:20,6.88,15899.0,United Kingdom
537574,84880,WATERING CAN GREEN 2L,2,2025-05-04 19:09:20,11.49,15899.0,United Kingdom
537575,21733,ITALIAN EXTRA VIRGIN OLIVE OIL,3,2025-12-18 21:19:05,13.37,,United Kingdom
537575,21737,GARLIC HERB BREADSTICKS,3,2025-12-18 21:19:05,2.97,,United Kingdom
537576,20727,ALMOND DANISH,2,2025-05-23 16:38:14,2.83,15030.0,United Kingdom
537576,20729,BLUEBERRY SCONE,4,2025-05-23 16:38:14,2.51,15030.0,United Kingdom
537576,20725,CROISSANT ALL BUTTER,2,2025-05-23 16:38:14,2.22,15030.0,United Kingdom
537576,20728,CAPPUCCINO CUP & SAUCER,4,2025-05-23 16:38:14,8.09,15030.0,United Kingdom
537576,M,MANUAL,4,2025-05-23 16:38:14,2.62,15030.0,United Kingdom
537577,20727,ALMOND DANISH,3,2025-04-13 02:33:54,2.67,13728.0,United Kingdom
537577,20729,BLUEBERRY SCONE,1,2025-04-13 02:33:54,2.51,13728.0,United Kingdom
537578,85123C,DARK CHOCOLATE BAR 85%,1,2025-05-13 01:04:21,3.42,14572.0,United Kingdom
537578,85123B,PURE CANE SUGAR,3,2025-05-13 01:04:21,2.61,14572.0,United Kingdom
537578,85123D,FRENCH VANILLA SYRUP,1,2025-05-13 01:04:21,5.94,14572.0,United Kingdom
537578,71055,USB-C MULTIPORT ADAPTER,3,2025-05-13 01:04:21,26.13,14572.0,United Kingdom
537578,71054,MECHANICAL KEYBOARD,2,2025-05-13 01:04:21,72.71,14572.0,United Kingdom
537578,71053,WIRELESS ERGONOMIC MOUSE,1,2025-05-13 01:04:21,29.81,14572.0,United Kingdom
537578,21226,CHILLI LIGHTS STRING,2,2025-05-13 01:04:21,8.48,14572.0,United Kingdom
537579,22427,ORGANIC EGGS DOZEN,4,2025-09-17 19:54:59,4.94,,Germany
537579,22426,STRAWBERRY PRESERVES,1,2025-09-17 19:54:59,3.99,,Germany
537579,21218,SCENTED CANDLE LAVENDER,3,2025-09-17 19:54:59,4.26,,Germany
537580,85123D,FRENCH VANILLA SYRUP,2,2025-06-19 00:06:40,5.96,,United Kingdom
537580,85123E,CERAMIC COFFEE MUG,2,2025-06-19 00:06:40,6.27,,United Kingdom
537581,22426,STRAWBERRY PRESERVES,4,2025-01-24 05:09:12,4.07,12791.0,Switzerland
537581,22424,WHOLE WHEAT BREAD,6,2025-01-24 05:09:12,3.12,12791.0,Switzerland
537581,21221,RETRO SPOT TEA TOWEL,2,2025-01-24 05:09:12,2.57,12791.0,Switzerland
537582,20729,BLUEBERRY SCONE,3,2025-04-21 17:43:06,2.51,17302.0,United Kingdom
537582,20726,PAIN AU CHOCOLAT,1,2025-04-21 17:43:06,2.45,17302.0,United Kingdom
537582,21735,AGED PARMESAN REGGIANO,1,2025-04-21 17:43:06,7.95,17302.0,United Kingdom
537582,21734,ARTISAN PASTA PENNE,6,2025-04-21 17:43:06,3.27,17302.0,United Kingdom
537582,21219,TRAVEL SEWING KIT,1,2025-04-21 17:43:06,2.09,17302.0,United Kingdom
537582,21223,SET OF 6 SPICE JARS,1,2025-04-21 17:43:06,9.52,17302.0,United Kingdom
537582,21231,FELTCRAFT DOLL ROSIE,2,2025-04-21 17:43:06,3.04,17302.0,United Kingdom
537583,22720,SET OF 3 CAKE TINS PANTRY,6,2025-08-22 00:57:15,5.08,14227.0,United Kingdom
537583,22961,HEART OF WICKER LARGE,3,2025-08-22 00:57:15,2.81,14227.0,United Kingdom
537583,22960,HEART OF WICKER SMALL,3,2025-08-22 00:57:15,1.71,14227.0,United Kingdom
537583,85099B,WHITE HANGING HEART T-LIGHT HOLDER,1,2025-08-22 00:57:15,2.49,14227.0,United Kingdom
537583,21218,SCENTED CANDLE LAVENDER,1,2025-08-22 00:57:15,4.24,14227.0,United Kingdom
537584,85123E,CERAMIC COFFEE MUG,6,2025-02-27 19:29:01,6.24,13312.0,United Kingdom
537584,85123B,PURE CANE SUGAR,3,2025-02-27 19:29:01,2.46,13312.0,United Kingdom
537584,85123C,DARK CHOCOLATE BAR 85%,1,2025-02-27 19:29:01,3.52,13312.0,United Kingdom
537585,84882,,1,2025-01-25 17:25:20,4.86,,Spain
537585,84879,CERAMIC PLANT POT WHITE,1,2025-01-25 17:25:20,9.68,,Spain
537585,21218,SCENTED CANDLE LAVENDER,1,2025-01-25 17:25:20,4.23,,Spain
537585,21215,WOODEN PICTURE FRAME,1,2025-01-25 17:25:20,5.27,,Spain
537586,21223,SET OF 6 SPICE JARS,1,2025-12-12 17:08:55,10.08,17431.0,United Kingdom
C537587,22960,HEART OF WICKER SMALL,-4,2025-10-03 16:36:48,1.68,,Germany
C537587,85099B,WHITE HANGING HEART T-LIGHT HOLDER,-1,2025-10-03 16:36:48,2.64,,Germany
C537587,22720,SET OF 3 CAKE TINS PANTRY,-6,2025-10-03 16:36:48,4.8,,Germany
C537587,21221,RETRO SPOT TEA TOWEL,-4,2025-10-03 16:36:48,2.42,,Germany
537588,21222,RETRO SPOT APRON,3,2025-10-25 03:14:52,6.92,16819.0,United Kingdom
537589,21223,SET OF 6 SPICE JARS,24,2025-10-27 18:10:00,10.36,13970.0,United Kingdom
537590,22961,HEART OF WICKER LARGE,1,2025-11-16 20:39:37,2.95,13889.0,United Kingdom
537590,22423,REGENCY CAKESTAND 3 TIER,1,2025-11-16 20:39:37,12.72,13889.0,United Kingdom
537590,22960,HEART OF WICKER SMALL,1,2025-11-16 20:39:37,1.63,13889.0,United Kingdom
537591,22423,ORGANIC WHOLE MILK,2,2025-08-31 21:03:29,3.49,12844.0,United Kingdom
537591,22425,SWEET CREAM BUTTER,4,2025-08-31 21:03:29,4.17,12844.0,United Kingdom
537591,85123A,COLOMBIAN ROAST COFFEE,3,2025-08-31 21:03:29,9.15,12844.0,United Kingdom
537591,85123C,DARK CHOCOLATE BAR 85%,6,2025-08-31 21:03:29,3.53,12844.0,United Kingdom
537591,85123E,CERAMIC COFFEE MUG,1,2025-08-31 21:03:29,6.55,12844.0,United Kingdom
537591,21229,HAND WARMER BIRD DESIGN,1,2025-08-31 21:03:29,1.87,12844.0,United Kingdom
537591,21215,WOODEN PICTURE FRAME,4,2025-08-31 21:03:29,5.76,12844.0,United Kingdom
537592,85099B,WHITE HANGING HEART T-LIGHT HOLDER,3,2025-06-29 19:07:16,2.58,,United Kingdom
537592,22961,HEART OF WICKER LARGE,3,2025-06-29 19:07:16,3.04,,United Kingdom
537592,22423,REGENCY CAKESTAND 3 TIER,24,2025-06-29 19:07:16,12.83,,United Kingdom
537593,20728,CAPPUCCINO CUP & SAUCER,1,2025-04-26 20:14:01,8.26,,United Kingdom
537593,20727,ALMOND DANISH,2,2025-04-26 20:14:01,2.7,,United Kingdom
537593,20726,PAIN AU CHOCOLAT,1,2025-04-26 20:14:01,2.58,,United Kingdom
537594,21735,AGED PARMESAN REGGIANO,1,2025-12-22 04:06:49,8.0,,United Kingdom
537594,21733,ITALIAN EXTRA VIRGIN OLIVE OIL,12,2025-12-22 04:06:49,12.98,,United Kingdom
537594,21737,GARLIC HERB BREADSTICKS,2,2025-12-22 04:06:49,3.13,,United Kingdom
537595,22425,SWEET CREAM BUTTER,4,2025-10-31 01:17:53,4.11,16112.0,France
537595,22423,ORGANIC WHOLE MILK,1,2025-10-31 01:17:53,3.48,16112.0,France
537596,85123D,FRENCH VANILLA SYRUP,1,2025-10-10 17:12:10,5.89,16980.0,France
537596,85123B,PURE CANE SUGAR,1,2025-10-10 17:12:10,2.44,16980.0,France
537596,85123E,CERAMIC COFFEE MUG,2,2025-10-10 17:12:10,6.21,16980.0,France
537596,21219,TRAVEL SEWING KIT,1,2025-10-10 17:12:10,2.0,16980.0,France
537597,22427,ORGANIC EGGS DOZEN,1,2025-12-05 00:02:43,4.97,16149.0,United Kingdom
537597,22424,WHOLE WHEAT BREAD,3,2025-12-05 00:02:43,3.0,16149.0,United Kingdom
537597,21736,ORGANIC TOMATO BASIL SAUCE,2,2025-12-05 00:02:43,4.56,16149.0,United Kingdom
537597,21737,GARLIC HERB BREADSTICKS,6,2025-12-05 00:02:43,3.05,16149.0,United Kingdom
537597,21733,ITALIAN EXTRA VIRGIN OLIVE OIL,1,2025-12-05 00:02:43,12.92,16149.0,United Kingdom
C537598,22425,SWEET CREAM BUTTER,-12,2025-03-06 02:25:18,4.16,,United Kingdom
C537598,22424,WHOLE WHEAT BREAD,-12,2025-03-06 02:25:18,2.91,,United Kingdom
C537598,22423,ORGANIC WHOLE MILK,-9,2025-03-06 02:25:18,3.35,,United Kingdom
C537598,21227,VINTAGE UNION JACK CUSHION,-2,2025-03-06 02:25:18,14.85,,United Kingdom
537599,71057,MONITOR LIGHT BAR,6,2025-11-04 23:32:31,39.97,15725.0,United Kingdom
537599,71055,USB-C MULTIPORT ADAPTER,2,2025-11-04 23:32:31,24.19,15725.0,United Kingdom
537599,71053,WIRELESS ERGONOMIC MOUSE,3,2025-11-04 23:32:31,29.4,15725.0,United Kingdom
537599,71056,LARGE DESK PAD BLACK,3,2025-11-04 23:32:31,16.37,15725.0,United Kingdom
537599,71054,MECHANICAL KEYBOARD,2,2025-11-04 23:32:31,70.35,15725.0,United Kingdom
537599,21226,CHILLI LIGHTS STRING,2,2025-11-04 23:32:31,8.66,15725.0,United Kingdom
537600,21737,GARLIC HERB BREADSTICKS,2,2025-02-04 16:39:46,2.86,14626.0,United Kingdom
537600,21735,AGED PARMESAN REGGIANO,3,2025-02-04 16:39:46,7.59,14626.0,United Kingdom
537600,21733,ITALIAN EXTRA VIRGIN OLIVE OIL,1,2025-02-04 16:39:46,12.98,14626.0,United Kingdom
537600,21734,ARTISAN PASTA PENNE,2,2025-02-04 16:39:46,3.32,14626.0,United Kingdom
537600,21231,FELTCRAFT DOLL ROSIE,3,2025-02-04 16:39:46,2.94,14626.0,United Kingdom
537601,21734,ARTISAN PASTA PENNE,3,2025-03-04 21:56:31,3.14,16599.0,United Kingdom
537601,21735,AGED PARMESAN REGGIANO,6,2025-03-04 21:56:31,8.0,16599.0,United Kingdom
537601,21223,SET OF 6 SPICE JARS,12,2025-03-04 21:56:31,9.48,16599.0,United Kingdom
537601,21222,RETRO SPOT APRON,6,2025-03-04 21:56:31,6.68,16599.0,United Kingdom
537602,21734,ARTISAN PASTA PENNE,3,2025-07-25 00:14:08,3.24,15267.0,United Kingdom
537602,21735,AGED PARMESAN REGGIANO,6,2025-07-25 00:14:08,8.09,15267.0,United Kingdom
537603,20729,BLUEBERRY SCONE,4,2025-04-14 18:33:17,2.44,,United Kingdom
537603,20728,CAPPUCCINO CUP & SAUCER,3,2025-04-14 18:33:17,8.46,,United Kingdom
537603,21222,RETRO SPOT APRON,2,2025-04-14 18:33:17,7.29,,United Kingdom
537604,84882,GARDENING GLOVES PAIR,24,2025-04-11 16:53:46,5.2,,Belgium
537604,84883,LED GROW LIGHT BULB,1,2025-04-11 16:53:46,14.62,,Belgium
C537605,84879,CERAMIC PLANT POT WHITE,-6,2025-01-27 01:06:24,9.61,13737.0,United Kingdom
C537605,84882,GARDENING GLOVES PAIR,-10,2025-01-27 01:06:24,4.94,13737.0,United Kingdom
C537605,21215,WOODEN PICTURE FRAME,-5,2025-01-27 01:06:24,5.6,13737.0,United Kingdom
C537605,21223,SET OF 6 SPICE JARS,-8,2025-01-27 01:06:24,10.28,13737.0,United Kingdom
C537605,21231,FELTCRAFT DOLL ROSIE,-1,2025-01-27 01:06:24,3.08,13737.0,United Kingdom
537606,21736,ORGANIC TOMATO BASIL SAUCE,2,2025-09-27 01:42:46,4.66,15063.0,EIRE
537606,21733,ITALIAN EXTRA VIRGIN OLIVE OIL,1,2025-09-27 01:42:46,12.8,15063.0,EIRE
537606,21227,VINTAGE UNION JACK CUSHION,2,2025-09-27 01:42:46,14.75,15063.0,EIRE
537606,21228,WALL CLOCK RETRO RED,1,2025-09-27 01:42:46,18.07,15063.0,EIRE
537607,21734,ARTISAN PASTA PENNE,1,2025-11-18 23:05:16,3.32,17920.0,United Kingdom
537607,21736,ORGANIC TOMATO BASIL SAUCE,1,2025-11-18 23:05:16,4.66,17920.0,United Kingdom
537607,21733,ITALIAN EXTRA VIRGIN OLIVE OIL,3,2025-11-18 23:05:16,13.31,17920.0,United Kingdom
537607,21737,GARLIC HERB BREADSTICKS,1,2025-11-18 23:05:16,3.13,17920.0,United Kingdom
537608,20726,PAIN AU CHOCOLAT,1,2025-02-02 05:20:16,2.49,,United Kingdom
537608,20728,CAPPUCCINO CUP & SAUCER,1,2025-02-02 05:20:16,8.35,,United Kingdom
537608,20729,BLUEBERRY SCONE,4,2025-02-02 05:20:16,2.49,,United Kingdom
537608,20725,CROISSANT ALL BUTTER,6,2025-02-02 05:20:16,2.21,,United Kingdom
537608,21225,GLASS STORAGE JAR LARGE,3,2025-02-02 05:20:16,3.94,,United Kingdom
537609,71055,USB-C MULTIPORT ADAPTER,2,2025-04-08 02:59:11,24.57,18167.0,United Kingdom
537609,71054,MECHANICAL KEYBOARD,2,2025-04-08 02:59:11,69.11,18167.0,United Kingdom
537609,71053,WIRELESS ERGONOMIC MOUSE,6,2025-04-08 02:59:11,29.58,18167.0,United Kingdom
537609,22427,ORGANIC EGGS DOZEN,6,2025-04-08 02:59:11,4.96,18167.0,United Kingdom
537609,22424,WHOLE WHEAT BREAD,24,2025-04-08 02:59:11,2.93,18167.0,United Kingdom
537610,20729,BLUEBERRY SCONE,3,2025-07-10 03:06:11,2.45,13260.0,United Kingdom
537610,20725,CROISSANT ALL BUTTER,1,2025-07-10 03:06:11,2.17,13260.0,United Kingdom
537610,20727,ALMOND DANISH,1,2025-07-10 03:06:11,2.65,13260.0,United Kingdom
537610,71056,LARGE DESK PAD BLACK,4,2025-07-10 03:06:11,15.99,13260.0,United Kingdom
537610,71055,USB-C MULTIPORT ADAPTER,3,2025-07-10 03:06:11,26.21,13260.0,United Kingdom
537610,71054,MECHANICAL KEYBOARD,1,2025-07-10 03:06:11,67.59,13260.0,United Kingdom
537610,71057,MONITOR LIGHT BAR,1,2025-07-10 03:06:11,40.91,13260.0,United Kingdom
537610,71053,WIRELESS ERGONOMIC MOUSE,12,2025-07-10 03:06:11,29.13,13260.0,United Kingdom
537610,21216,EMERGENCY FIRST AID TIN,4,2025-07-10 03:06:11,3.76,13260.0,United Kingdom
537611,22961,HEART OF WICKER LARGE,1,2025-12-17 00:31:37,2.84,12956.0,United Kingdom
537611,85099B,WHITE HANGING HEART T-LIGHT HOLDER,2,2025-12-17 00:31:37,2.63,12956.0,United Kingdom
537611,22423,REGENCY CAKESTAND 3 TIER,1,2025-12-17 00:31:37,12.3,12956.0,United Kingdom
537611,22424,WHOLE WHEAT BREAD,1,2025-12-17 00:31:37,3.07,12956.0,United Kingdom
537611,22427,ORGANIC EGGS DOZEN,6,2025-12-17 00:31:37,5.02,12956.0,United Kingdom
537611,21216,EMERGENCY FIRST AID TIN,3,2025-12-17 00:31:37,3.71,12956.0,United Kingdom
537612,85123D,FRENCH VANILLA SYRUP,12,2025-06-11 02:20:20,5.75,,United Kingdom
537612,85123A,COLOMBIAN ROAST COFFEE,1,2025-06-11 02:20:20,8.68,,United Kingdom
537612,85123C,DARK CHOCOLATE BAR 85%,2,2025-06-11 02:20:20,3.67,,United Kingdom
537612,22960,HEART OF WICKER SMALL,2,2025-06-11 02:20:20,1.6,,United Kingdom
537612,22720,SET OF 3 CAKE TINS PANTRY,24,2025-06-11 02:20:20,5.09,,United Kingdom
537612,85099B,WHITE HANGING HEART T-LIGHT HOLDER,2,2025-06-11 02:20:20,2.65,,United Kingdom
537612,22423,REGENCY CAKESTAND 3 TIER,1,2025-06-11 02:20:20,13.33,,United Kingdom
537612,22961,HEART OF WICKER LARGE,2,2025-06-11 02:20:20,3.02,,United Kingdom
537613,84881,ORGANIC POTTING SOIL 10L,2,2025-03-04 20:45:28,6.97,17962.0,United Kingdom
537613,84880,WATERING CAN GREEN 2L,1,2025-03-04 20:45:28,11.91,17962.0,United Kingdom
537613,21225,GLASS STORAGE JAR LARGE,4,2025-03-04 20:45:28,4.07,17962.0,United Kingdom
537614,21734,ARTISAN PASTA PENNE,2,2025-05-09 20:58:13,3.19,12571.0,Germany
537614,21735,AGED PARMESAN REGGIANO,1,2025-05-09 20:58:13,8.25,12571.0,Germany
537615,84882,GARDENING GLOVES PAIR,1,2025-02-13 03:58:04,5.24,14184.0,Netherlands
537615,84880,WATERING CAN GREEN 2L,6,2025-02-13 03:58:04,11.3,14184.0,Netherlands
537615,84879,CERAMIC PLANT POT WHITE,12,2025-02-13 03:58:04,10.18,14184.0,Netherlands
537615,84883,LED GROW LIGHT BULB,2,2025-02-13 03:58:04,15.21,14184.0,Netherlands
537615,84881,ORGANIC POTTING SOIL 10L,3,2025-02-13 03:58:04,6.76,14184.0,Netherlands
537616,20727,ALMOND DANISH,1,2025-10-26 03:11:32,2.74,13159.0,United Kingdom
537616,20726,PAIN AU CHOCOLAT,2,2025-10-26 03:11:32,2.38,13159.0,United Kingdom
537616,84881,ORGANIC POTTING SOIL 10L,2,2025-10-26 03:11:32,7.11,13159.0,United Kingdom
537616,84883,LED GROW LIGHT BULB,1,2025-10-26 03:11:32,15.29,13159.0,United Kingdom
537616,85123D,FRENCH VANILLA SYRUP,6,2025-10-26 03:11:32,6.27,13159.0,United Kingdom
537616,85123C,  DARK CHOCOLATE BAR 85%   ,2,2025-10-26 03:11:32,3.59,13159.0,United Kingdom
537616,21228,WALL CLOCK RETRO RED,3,2025-10-26 03:11:32,18.41,13159.0,United Kingdom
537617,22426,STRAWBERRY PRESERVES,6,2025-11-19 19:34:39,4.04,13730.0,United Kingdom
537617,22427,ORGANIC EGGS DOZEN,1,2025-11-19 19:34:39,4.8,13730.0,United Kingdom
537617,84883,LED GROW LIGHT BULB,2,2025-11-19 19:34:39,14.39,13730.0,United Kingdom
537617,84882,GARDENING GLOVES PAIR,3,2025-11-19 19:34:39,5.2,13730.0,United Kingdom
537618,22425,SWEET CREAM BUTTER,3,2025-08-13 02:10:03,4.13,15944.0,United Kingdom
537618,22423,ORGANIC WHOLE MILK,2,2025-08-13 02:10:03,3.38,15944.0,United Kingdom
537619,21733,ITALIAN EXTRA VIRGIN OLIVE OIL,2,2025-04-23 22:04:44,13.38,14868.0,United Kingdom
537619,21736,ORGANIC TOMATO BASIL SAUCE,3,2025-04-23 22:04:44,4.39,14868.0,United Kingdom
537619,21734,ARTISAN PASTA PENNE,1,2025-04-23 22:04:44,3.29,14868.0,United Kingdom
537620,71056,LARGE DESK PAD BLACK,1,2025-11-12 04:51:22,16.12,15145.0,Germany
537620,71055,USB-C MULTIPORT ADAPTER,1,2025-11-12 04:51:22,24.52,15145.0,Germany
537620,71057,MONITOR LIGHT BAR,1,2025-11-12 04:51:22,39.0,15145.0,Germany
537620,71053,WIRELESS ERGONOMIC MOUSE,2,2025-11-12 04:51:22,31.02,15145.0,Germany
537620,21737,GARLIC HERB BREADSTICKS,12,2025-11-12 04:51:22,2.99,15145.0,Germany
537620,21736,ORGANIC TOMATO BASIL SAUCE,1,2025-11-12 04:51:22,4.57,15145.0,Germany
537620,21733,ITALIAN EXTRA VIRGIN OLIVE OIL,4,2025-11-12 04:51:22,12.6,15145.0,Germany
537620,84879,CERAMIC PLANT POT WHITE,4,2025-11-12 04:51:22,10.3,15145.0,Germany
537620,84882,GARDENING GLOVES PAIR,6,2025-11-12 04:51:22,5.03,15145.0,Germany
537620,84881,ORGANIC POTTING SOIL 10L,1,2025-11-12 04:51:22,6.66,15145.0,Germany
537620,84883,LED GROW LIGHT BULB,6,2025-11-12 04:51:22,15.17,15145.0,Germany
537621,84879,CERAMIC PLANT POT WHITE,4,2025-07-15 03:32:17,9.58,13180.0,United Kingdom
537621,84880,WATERING CAN GREEN 2L,2,2025-07-15 03:32:17,11.33,13180.0,United Kingdom
537622,21734,ARTISAN PASTA PENNE,3,2025-11-22 01:33:45,3.43,13785.0,United Kingdom
537622,21736,ORGANIC TOMATO BASIL SAUCE,2,2025-11-22 01:33:45,4.51,13785.0,United Kingdom
537623,22961,HEART OF WICKER LARGE,1,2025-10-23 01:27:19,2.84,17538.0,EIRE
537623,85099B,WHITE HANGING HEART T-LIGHT HOLDER,1,2025-10-23 01:27:19,2.64,17538.0,EIRE
537623,20727,ALMOND DANISH,3,2025-10-23 01:27:19,2.77,17538.0,EIRE
537623,20726,PAIN AU CHOCOLAT,12,2025-10-23 01:27:19,2.55,17538.0,EIRE
537624,20726,PAIN AU CHOCOLAT,12,2025-11-28 17:18:45,2.39,18145.0,United Kingdom
537624,20725,CROISSANT ALL BUTTER,2,2025-11-28 17:18:45,2.29,18145.0,United Kingdom
537624,20727,ALMOND DANISH,6,2025-11-28 17:18:45,2.63,18145.0,United Kingdom
537624,22424,WHOLE WHEAT BREAD,1,2025-11-28 17:18:45,2.96,18145.0,United Kingdom
537624,22423,ORGANIC WHOLE MILK,3,2025-11-28 17:18:45,3.59,18145.0,United Kingdom
537624,22427,ORGANIC EGGS DOZEN,1,2025-11-28 17:18:45,5.13,18145.0,United Kingdom
537624,22426,STRAWBERRY PRESERVES,1,2025-11-28 17:18:45,3.95,18145.0,United Kingdom
537625,84881,ORGANIC POTTING SOIL 10L,1,2026-01-04 22:40:19,6.67,16973.0,United Kingdom
537625,84880,WATERING CAN GREEN 2L,2,2026-01-04 22:40:19,11.48,16973.0,United Kingdom
537625,85123A,COLOMBIAN ROAST COFFEE,1,2026-01-04 22:40:19,9.06,16973.0,United Kingdom
537625,85123D,FRENCH VANILLA SYRUP,1,2026-01-04 22:40:19,6.2,16973.0,United Kingdom
537626,84882,GARDENING GLOVES PAIR,6,2025-06-11 01:12:03,5.2,14112.0,United Kingdom
537626,84880,WATERING CAN GREEN 2L,1,2025-06-11 01:12:03,11.9,14112.0,United Kingdom
537626,84879,CERAMIC PLANT POT WHITE,1,2025-06-11 01:12:03,9.6,14112.0,United Kingdom
537626,21735,AGED PARMESAN REGGIANO,2,2025-06-11 01:12:03,8.26,14112.0,United Kingdom
537626,21737,GARLIC HERB BREADSTICKS,2,2025-06-11 01:12:03,2.94,14112.0,United Kingdom
537626,21736,ORGANIC TOMATO BASIL SAUCE,3,2025-06-11 01:12:03,4.55,14112.0,United Kingdom
537626,21734,ARTISAN PASTA PENNE,1,2025-06-11 01:12:03,3.45,14112.0,United Kingdom
537626,21733,ITALIAN EXTRA VIRGIN OLIVE OIL,1,2025-06-11 01:12:03,13.17,14112.0,United Kingdom
537626,21215,WOODEN PICTURE FRAME,1,2025-06-11 01:12:03,5.64,14112.0,United Kingdom
537627,22427,ORGANIC EGGS DOZEN,1,2025-03-30 22:43:29,4.91,13277.0,United Kingdom
537627,22426,STRAWBERRY PRESERVES,3,2025-03-30 22:43:29,3.76,13277.0,United Kingdom
537627,22425,SWEET CREAM BUTTER,1,2025-03-30 22:43:29,4.13,13277.0,United Kingdom
537628,85123C,DARK CHOCOLATE BAR 85%,1,2025-07-08 22:40:04,3.43,15599.0,United Kingdom
537628,85123A,COLOMBIAN ROAST COFFEE,4,2025-07-08 22:40:04,9.22,15599.0,United Kingdom
537628,85123E,CERAMIC COFFEE MUG,1,2025-07-08 22:40:04,6.8,15599.0,United Kingdom
537629,20725,CROISSANT ALL BUTTER,1,2025-11-04 22:27:42,2.24,15761.0,United Kingdom
537629,20727,ALMOND DANISH,6,2025-11-04 22:27:42,2.63,15761.0,United Kingdom
537629,20729,BLUEBERRY SCONE,1,2025-11-04 22:27:42,2.52,15761.0,United Kingdom
537630,71055,USB-C MULTIPORT ADAPTER,2,2025-09-23 01:52:02,25.53,17340.0,United Kingdom
537630,71056,LARGE DESK PAD BLACK,1,2025-09-23 01:52:02,16.47,17340.0,United Kingdom
537630,71054,MECHANICAL KEYBOARD,1,2025-09-23 01:52:02,67.71,17340.0,United Kingdom
537630,71053,WIRELESS ERGONOMIC MOUSE,1,2025-09-23 01:52:02,30.23,17340.0,United Kingdom
537630,22426,STRAWBERRY PRESERVES,2,2025-09-23 01:52:02,4.08,17340.0,United Kingdom
537630,22424,WHOLE WHEAT BREAD,1,2025-09-23 01:52:02,3.06,17340.0,United Kingdom
537630,22425,SWEET CREAM BUTTER,2,2025-09-23 01:52:02,4.24,17340.0,United Kingdom
537631,84880,WATERING CAN GREEN 2L,6,2025-11-12 20:16:34,11.67,16930.0,United Kingdom
537631,84881,ORGANIC POTTING SOIL 10L,3,2025-11-12 20:16:34,7.1,16930.0,United Kingdom
537631,84882,GARDENING GLOVES PAIR,3,2025-11-12 20:16:34,4.77,16930.0,United Kingdom
537631,84883,LED GROW LIGHT BULB,2,2025-11-12 20:16:34,15.39,16930.0,United Kingdom
537631,84879,CERAMIC PLANT POT WHITE,1,2025-11-12 20:16:34,9.91,16930.0,United Kingdom
537632,84882,GARDENING GLOVES PAIR,2,2025-12-21 04:50:38,5.11,14648.0,United Kingdom
537632,84881,ORGANIC POTTING SOIL 10L,1,2025-12-21 04:50:38,7.0,14648.0,United Kingdom
537632,84879,CERAMIC PLANT POT WHITE,2,2025-12-21 04:50:38,10.42,14648.0,United Kingdom
537632,22425,SWEET CREAM BUTTER,2,2025-12-21 04:50:38,4.23,14648.0,United Kingdom
537632,22426,STRAWBERRY PRESERVES,1,2025-12-21 04:50:38,4.08,14648.0,United Kingdom
537632,21220,  BICYCLE PUNCTURE REPAIR KIT   ,2,2025-12-21 04:50:38,2.98,14648.0,United Kingdom
537633,20726,PAIN AU CHOCOLAT,12,2025-01-26 02:55:05,2.5,17725.0,United Kingdom
537633,20727,ALMOND DANISH,4,2025-01-26 02:55:05,2.86,17725.0,United Kingdom
537633,71054,MECHANICAL KEYBOARD,2,2025-01-26 02:55:05,70.43,17725.0,United Kingdom
537633,71055,USB-C MULTIPORT ADAPTER,6,2025-01-26 02:55:05,25.87,17725.0,United Kingdom
537633,71056,LARGE DESK PAD BLACK,1,2025-01-26 02:55:05,16.33,17725.0,United Kingdom
537633,71053,WIRELESS ERGONOMIC MOUSE,6,2025-01-26 02:55:05,30.78,17725.0,United Kingdom
537633,21223,SET OF 6 SPICE JARS,2,2025-01-26 02:55:05,9.56,17725.0,United Kingdom
537634,71055,USB-C MULTIPORT ADAPTER,1,2025-12-14 22:42:13,25.03,17540.0,Germany
537634,71053,WIRELESS ERGONOMIC MOUSE,3,2025-12-14 22:42:13,28.85,17540.0,Germany
537634,71056,LARGE DESK PAD BLACK,6,2025-12-14 22:42:13,16.69,17540.0,Germany
537634,71054,MECHANICAL KEYBOARD,1,2025-12-14 22:42:13,70.9,17540.0,Germany
537635,85099B,WHITE HANGING HEART T-LIGHT HOLDER,1,2025-08-11 19:45:47,2.49,17269.0,United Kingdom
537635,22961,HEART OF WICKER LARGE,1,2025-08-11 19:45:47,2.98,17269.0,United Kingdom
537635,22960,HEART OF WICKER SMALL,2,2025-08-11 19:45:47,1.61,17269.0,United Kingdom
537635,22720,SET OF 3 CAKE TINS PANTRY,4,2025-08-11 19:45:47,5.18,17269.0,United Kingdom
537635,21228,WALL CLOCK RETRO RED,1,2025-08-11 19:45:47,18.88,17269.0,United Kingdom
537636,85123A,COLOMBIAN ROAST COFFEE,24,2025-03-15 01:21:49,9.36,18127.0,United Kingdom
537636,85123B,PURE CANE SUGAR,1,2025-03-15 01:21:49,2.54,18127.0,United Kingdom
537636,85123D,FRENCH VANILLA SYRUP,6,2025-03-15 01:21:49,6.0,18127.0,United Kingdom
537636,85123C,DARK CHOCOLATE BAR 85%,1,2025-03-15 01:21:49,3.54,18127.0,United Kingdom
537637,20725,CROISSANT ALL BUTTER,2,2025-08-04 18:35:05,2.31,14697.0,United Kingdom
537637,20728,CAPPUCCINO CUP & SAUCER,1,2025-08-04 18:35:05,8.77,14697.0,United Kingdom
537637,21215,WOODEN PICTURE FRAME,4,2025-08-04 18:35:05,5.36,14697.0,United Kingdom
537638,22427,ORGANIC EGGS DOZEN,2,2025-10-15 04:26:52,5.11,15428.0,United Kingdom
537638,22423,ORGANIC WHOLE MILK,1,2025-10-15 04:26:52,3.63,15428.0,United Kingdom
537638,22425,SWEET CREAM BUTTER,1,2025-10-15 04:26:52,4.09,15428.0,United Kingdom
537638,21230,BATHROOM SCALE VINTAGE,2,2025-10-15 04:26:52,22.19,15428.0,United Kingdom
537638,21220,BICYCLE PUNCTURE REPAIR KIT,6,2025-10-15 04:26:52,2.94,15428.0,United Kingdom
537638,21223,SET OF 6 SPICE JARS,1,2025-10-15 04:26:52,9.52,15428.0,United Kingdom
537639,71053,WIRELESS ERGONOMIC MOUSE,6,2025-07-30 20:54:20,28.78,17798.0,United Kingdom
537639,71055,USB-C MULTIPORT ADAPTER,2,2025-07-30 20:54:20,24.39,17798.0,United Kingdom
537639,85099B,WHITE HANGING HEART T-LIGHT HOLDER,6,2025-07-30 20:54:20,2.46,17798.0,United Kingdom
537639,22960,HEART OF WICKER SMALL,2,2025-07-30 20:54:20,1.71,17798.0,United Kingdom
537640,22426,STRAWBERRY PRESERVES,2,2025-04-25 01:13:13,3.83,,Belgium
537640,22424,WHOLE WHEAT BREAD,6,2025-04-25 01:13:13,2.91,,Belgium
537640,21226,CHILLI LIGHTS STRING,3,2025-04-25 01:13:13,8.55,,Belgium
537640,21216,,2,2025-04-25 01:13:13,3.6,,Belgium
537640,21213,MINI PAINT SET 9 COLOURS,2,2025-04-25 01:13:13,1.31,,Belgium
537641,85099B,WHITE HANGING HEART T-LIGHT HOLDER,2,2025-04-01 18:03:38,2.6,14194.0,United Kingdom
537641,22961,HEART OF WICKER LARGE,12,2025-04-01 18:03:38,2.99,14194.0,United Kingdom
537641,22720,SET OF 3 CAKE TINS PANTRY,3,2025-04-01 18:03:38,4.82,14194.0,United Kingdom
537641,22423,REGENCY CAKESTAND 3 TIER,1,2025-04-01 18:03:38,12.95,14194.0,United Kingdom
537642,22423,REGENCY CAKESTAND 3 TIER,1,2025-06-05 02:13:29,12.91,,United Kingdom
537642,85099B,WHITE HANGING HEART T-LIGHT HOLDER,3,2025-06-05 02:13:29,2.44,,United Kingdom
537642,22961,HEART OF WICKER LARGE,2,2025-06-05 02:13:29,2.87,,United Kingdom
537642,21230,BATHROOM SCALE VINTAGE,3,2025-06-05 02:13:29,22.36,,United Kingdom
537642,21218,SCENTED CANDLE LAVENDER,2,2025-06-05 02:13:29,4.34,,United Kingdom
537642,21217,PACK OF 20 NAPKINS,1,2025-06-05 02:13:29,1.51,,United Kingdom
537643,71054,MECHANICAL KEYBOARD,2,2025-02-04 18:49:54,70.89,12979.0,United Kingdom
537643,71056,LARGE DESK PAD BLACK,1,2025-02-04 18:49:54,15.33,12979.0,United Kingdom
537643,71053,WIRELESS ERGONOMIC MOUSE,2,2025-02-04 18:49:54,29.77,12979.0,United Kingdom
537643,71057,MONITOR LIGHT BAR,6,2025-02-04 18:49:54,38.18,12979.0,United Kingdom
537643,21217,PACK OF 20 NAPKINS,1,2025-02-04 18:49:54,1.44,12979.0,United Kingdom
537644,22961,HEART OF WICKER LARGE,24,2025-02-26 16:32:01,3.1,15353.0,United Kingdom
537644,22720,SET OF 3 CAKE TINS PANTRY,12,2025-02-26 16:32:01,5.11,15353.0,United Kingdom
537644,22423,REGENCY CAKESTAND 3 TIER,6,2025-02-26 16:32:01,12.75,15353.0,United Kingdom
537645,20725,CROISSANT ALL BUTTER,2,2025-04-01 19:56:12,2.2,16730.0,United Kingdom
537645,20726,PAIN AU CHOCOLAT,6,2025-04-01 19:56:12,2.41,16730.0,United Kingdom
537645,20727,ALMOND DANISH,2,2025-04-01 19:56:12,2.87,16730.0,United Kingdom
537645,20729,BLUEBERRY SCONE,1,2025-04-01 19:56:12,2.3,16730.0,United Kingdom
537645,85123B,PURE CANE SUGAR,2,2025-04-01 19:56:12,2.58,16730.0,United Kingdom
537645,85123A,COLOMBIAN ROAST COFFEE,3,2025-04-01 19:56:12,9.31,16730.0,United Kingdom
537645,85123D,FRENCH VANILLA SYRUP,1,2025-04-01 19:56:12,6.28,16730.0,United Kingdom
537645,21734,ARTISAN PASTA PENNE,4,2025-04-01 19:56:12,3.18,16730.0,United Kingdom
537645,21737,GARLIC HERB BREADSTICKS,1,2025-04-01 19:56:12,2.97,16730.0,United Kingdom
537646,20726,PAIN AU CHOCOLAT,1,2025-04-08 03:32:23,2.59,,United Kingdom
537646,20727,ALMOND DANISH,3,2025-04-08 03:32:23,2.69,,United Kingdom
537646,21213,MINI PAINT SET 9 COLOURS,6,2025-04-08 03:32:23,1.2,,United Kingdom
537647,84881,ORGANIC POTTING SOIL 10L,3,2025-04-14 17:36:49,7.19,15375.0,Germany
537647,84883,LED GROW LIGHT BULB,2,2025-04-14 17:36:49,15.01,15375.0,Germany
537647,84879,CERAMIC PLANT POT WHITE,2,2025-04-14 17:36:49,9.99,15375.0,Germany
537647,84880,WATERING CAN GREEN 2L,1,2025-04-14 17:36:49,11.57,15375.0,Germany
537647,84882,GARDENING GLOVES PAIR,4,2025-04-14 17:36:49,5.1,15375.0,Germany
537647,21220,BICYCLE PUNCTURE REPAIR KIT,1,2025-04-14 17:36:49,3.02,15375.0,Germany
537648,84882,GARDENING GLOVES PAIR,4,2025-08-05 00:46:37,5.18,15015.0,United Kingdom
537648,84883,LED GROW LIGHT BULB,6,2025-08-05 00:46:37,15.59,15015.0,United Kingdom
537648,71056,LARGE DESK PAD BLACK,2,2025-08-05 00:46:37,15.3,15015.0,United Kingdom
537648,71054,MECHANICAL KEYBOARD,2,2025-08-05 00:46:37,67.69,15015.0,United Kingdom
537648,71057,MONITOR LIGHT BAR,3,2025-08-05 00:46:37,40.9,15015.0,United Kingdom
537648,71053,WIRELESS ERGONOMIC MOUSE,3,2025-08-05 00:46:37,29.06,15015.0,United Kingdom
537648,21737,GARLIC HERB BREADSTICKS,2,2025-08-05 00:46:37,2.86,15015.0,United Kingdom
537648,21733,ITALIAN EXTRA VIRGIN OLIVE OIL,1,2025-08-05 00:46:37,12.44,15015.0,United Kingdom
537648,21224,GLASS STORAGE JAR SMALL,4,2025-08-05 00:46:37,2.2,15015.0,United Kingdom
537649,71056,LARGE DESK PAD BLACK,4,2025-12-12 16:43:27,16.71,12921.0,United Kingdom
537649,71054,MECHANICAL KEYBOARD,1,2025-12-12 16:43:27,72.32,12921.0,United Kingdom
537649,71053,WIRELESS ERGONOMIC MOUSE,3,2025-12-12 16:43:27,29.92,12921.0,United Kingdom
537649,71057,MONITOR LIGHT BAR,2,2025-12-12 16:43:27,38.56,12921.0,United Kingdom
537649,71055,USB-C MULTIPORT ADAPTER,6,2025-12-12 16:43:27,23.95,12921.0,United Kingdom
537649,21214,  RECIPE BOX PANTRY DESIGN   ,3,2025-12-12 16:43:27,7.9,12921.0,United Kingdom
537650,21213,MINI PAINT SET 9 COLOURS,1,2025-11-29 03:14:50,1.3,,United Kingdom
537651,22423,ORGANIC WHOLE MILK,1,2025-01-31 21:36:54,3.59,17370.0,United Kingdom
537651,22427,ORGANIC EGGS DOZEN,2,2025-01-31 21:36:54,4.77,17370.0,United Kingdom
537651,22425,SWEET CREAM BUTTER,1,2025-01-31 21:36:54,4.37,17370.0,United Kingdom
537651,22424,WHOLE WHEAT BREAD,1,2025-01-31 21:36:54,2.89,17370.0,United Kingdom
537652,85123D,FRENCH VANILLA SYRUP,6,2025-09-27 02:54:07,6.16,15038.0,France
537652,85123A,COLOMBIAN ROAST COFFEE,1,2025-09-27 02:54:07,8.79,15038.0,France
537653,21735,AGED PARMESAN REGGIANO,1,2025-06-26 04:46:40,8.1,,Spain
537653,21737,GARLIC HERB BREADSTICKS,1,2025-06-26 04:46:40,3.04,,Spain
537653,21733,ITALIAN EXTRA VIRGIN OLIVE OIL,6,2025-06-26 04:46:40,13.44,,Spain
537654,20728,CAPPUCCINO CUP & SAUCER,1,2025-03-17 16:45:06,8.13,17563.0,United Kingdom
537654,20727,ALMOND DANISH,1,2025-03-17 16:45:06,2.8,17563.0,United Kingdom
537654,20726,PAIN AU CHOCOLAT,4,2025-03-17 16:45:06,2.48,17563.0,United Kingdom
537654,22423,REGENCY CAKESTAND 3 TIER,4,2025-03-17 16:45:06,12.89,17563.0,United Kingdom
537654,22961,HEART OF WICKER LARGE,2,2025-03-17 16:45:06,3.07,17563.0,United Kingdom
537654,22720,SET OF 3 CAKE TINS PANTRY,1,2025-03-17 16:45:06,4.91,17563.0,United Kingdom
537655,22426,STRAWBERRY PRESERVES,3,2025-06-14 22:52:29,3.76,14508.0,Netherlands
537655,22423,ORGANIC WHOLE MILK,6,2025-06-14 22:52:29,3.59,14508.0,Netherlands
537655,21226,CHILLI LIGHTS STRING,1,2025-06-14 22:52:29,8.72,14508.0,Netherlands
537656,22423,ORGANIC WHOLE MILK,4,2025-12-28 20:51:40,3.63,15849.0,United Kingdom
537656,22427,ORGANIC EGGS DOZEN,2,2025-12-28 20:51:40,5.02,15849.0,United Kingdom
537656,21221,RETRO SPOT TEA TOWEL,1,2025-12-28 20:51:40,2.61,15849.0,United Kingdom
537657,21735,,4,2025-10-06 02:16:48,7.98,,United Kingdom
537657,21737,GARLIC HERB BREADSTICKS,4,2025-10-06 02:16:48,2.98,,United Kingdom
537657,21736,ORGANIC TOMATO BASIL SAUCE,2,2025-10-06 02:16:48,4.47,,United Kingdom
537657,21733,ITALIAN EXTRA VIRGIN OLIVE OIL,1,2025-10-06 02:16:48,13.54,,United Kingdom
537658,22426,STRAWBERRY PRESERVES,2,2025-05-15 01:47:10,3.94,,United Kingdom
537658,22427,ORGANIC EGGS DOZEN,3,2025-05-15 01:47:10,5.13,,United Kingdom
537658,21214,RECIPE BOX PANTRY DESIGN,1,2025-05-15 01:47:10,8.3,,United Kingdom
537659,22425,SWEET CREAM BUTTER,4,2025-03-23 00:01:14,4.26,12630.0,United Kingdom
537659,22426,STRAWBERRY PRESERVES,2,2025-03-23 00:01:14,3.87,12630.0,United Kingdom
537659,22427,ORGANIC EGGS DOZEN,1,2025-03-23 00:01:14,4.78,12630.0,United Kingdom
537659,21225,GLASS STORAGE JAR LARGE,2,2025-03-23 00:01:14,4.09,12630.0,United Kingdom
537660,20727,ALMOND DANISH,6,2025-06-08 19:07:14,2.63,,Netherlands
537660,20728,CAPPUCCINO CUP & SAUCER,2,2025-06-08 19:07:14,8.58,,Netherlands
537660,20725,CROISSANT ALL BUTTER,2,2025-06-08 19:07:14,2.29,,Netherlands
537660,21218,SCENTED CANDLE LAVENDER,2,2025-06-08 19:07:14,4.13,,Netherlands
537661,85123C,DARK CHOCOLATE BAR 85%,1,2025-09-02 02:05:37,3.55,17313.0,United Kingdom
537661,85123E,CERAMIC COFFEE MUG,4,2025-09-02 02:05:37,6.46,17313.0,United Kingdom
537661,85123B,PURE CANE SUGAR,3,2025-09-02 02:05:37,2.53,17313.0,United Kingdom
537661,85123D,FRENCH VANILLA SYRUP,2,2025-09-02 02:05:37,6.25,17313.0,United Kingdom
537661,21220,BICYCLE PUNCTURE REPAIR KIT,4,2025-09-02 02:05:37,2.92,17313.0,United Kingdom
537662,71054,MECHANICAL KEYBOARD,2,2025-12-11 22:17:22,66.71,13387.0,United Kingdom
537662,71055,USB-C MULTIPORT ADAPTER,1,2025-12-11 22:17:22,24.62,13387.0,United Kingdom
537662,71057,MONITOR LIGHT BAR,1,2025-12-11 22:17:22,38.56,13387.0,United Kingdom
537662,71053,WIRELESS ERGONOMIC MOUSE,1,2025-12-11 22:17:22,29.51,13387.0,United Kingdom
537662,21736,ORGANIC TOMATO BASIL SAUCE,6,2025-12-11 22:17:22,4.48,13387.0,United Kingdom
537662,21734,ARTISAN PASTA PENNE,3,2025-12-11 22:17:22,3.33,13387.0,United Kingdom
537662,21733,ITALIAN EXTRA VIRGIN OLIVE OIL,2,2025-12-11 22:17:22,13.53,13387.0,United Kingdom
537662,21221,RETRO SPOT TEA TOWEL,6,2025-12-11 22:17:22,2.57,13387.0,United Kingdom
537663,22423,ORGANIC WHOLE MILK,2,2025-12-21 04:42:54,3.37,13971.0,United Kingdom
537663,22424,WHOLE WHEAT BREAD,1,2025-12-21 04:42:54,3.04,13971.0,United Kingdom
537663,22425,SWEET CREAM BUTTER,6,2025-12-21 04:42:54,4.36,13971.0,United Kingdom
537663,22426,STRAWBERRY PRESERVES,2,2025-12-21 04:42:54,3.96,13971.0,United Kingdom
537664,71053,WIRELESS ERGONOMIC MOUSE,1,2025-05-30 20:35:26,30.74,16971.0,United Kingdom
537664,71057,MONITOR LIGHT BAR,3,2025-05-30 20:35:26,41.13,16971.0,United Kingdom
537664,21229,HAND WARMER BIRD DESIGN,1,2025-05-30 20:35:26,1.99,16971.0,United Kingdom
537665,21226,CHILLI LIGHTS STRING,4,2025-08-02 17:42:44,8.77,15240.0,United Kingdom
537666,22423,ORGANIC WHOLE MILK,6,2025-08-14 04:22:50,3.56,14744.0,United Kingdom
537666,22426,STRAWBERRY PRESERVES,2,2025-08-14 04:22:50,3.89,14744.0,United Kingdom
537666,22427,ORGANIC EGGS DOZEN,1,2025-08-14 04:22:50,5.15,14744.0,United Kingdom
537666,21223,SET OF 6 SPICE JARS,2,2025-08-14 04:22:50,9.88,14744.0,United Kingdom
C537667,21734,ARTISAN PASTA PENNE,-3,2025-02-20 16:56:32,3.35,15834.0,EIRE
C537667,21737,GARLIC HERB BREADSTICKS,-10,2025-02-20 16:56:32,2.97,15834.0,EIRE
C537667,21227,VINTAGE UNION JACK CUSHION,-7,2025-02-20 16:56:32,14.28,15834.0,EIRE
C537667,21220,BICYCLE PUNCTURE REPAIR KIT,-3,2025-02-20 16:56:32,2.85,15834.0,EIRE
C537667,21215,WOODEN PICTURE FRAME,-9,2025-02-20 16:56:32,5.71,15834.0,EIRE
537668,71057,MONITOR LIGHT BAR,2,2025-02-28 01:07:36,38.02,,United Kingdom
537668,71056,LARGE DESK PAD BLACK,2,2025-02-28 01:07:36,16.54,,United Kingdom
537668,71055,USB-C MULTIPORT ADAPTER,2,2025-02-28 01:07:36,23.96,,United Kingdom
537668,71053,WIRELESS ERGONOMIC MOUSE,2,2025-02-28 01:07:36,31.21,,United Kingdom
537668,71054,MECHANICAL KEYBOARD,4,2025-02-28 01:07:36,67.05,,United Kingdom
537668,22423,ORGANIC WHOLE MILK,4,2025-02-28 01:07:36,3.58,,United Kingdom
537668,22427,ORGANIC EGGS DOZEN,1,2025-02-28 01:07:36,4.81,,United Kingdom
537668,22425,SWEET CREAM BUTTER,2,2025-02-28 01:07:36,4.12,,United Kingdom
537669,20725,CROISSANT ALL BUTTER,3,2025-10-02 18:50:27,2.35,,United Kingdom
537669,20728,CAPPUCCINO CUP & SAUCER,1,2025-10-02 18:50:27,8.32,,United Kingdom
537669,20729,BLUEBERRY SCONE,2,2025-10-02 18:50:27,2.43,,United Kingdom
537669,20727,ALMOND DANISH,3,2025-10-02 18:50:27,2.73,,United Kingdom
537669,84882,GARDENING GLOVES PAIR,1,2025-10-02 18:50:27,5.16,,United Kingdom
537669,84879,CERAMIC PLANT POT WHITE,2,2025-10-02 18:50:27,9.67,,United Kingdom
537669,84880,WATERING CAN GREEN 2L,2,2025-10-02 18:50:27,12.01,,United Kingdom
537669,21225,GLASS STORAGE JAR LARGE,4,2025-10-02 18:50:27,3.78,,United Kingdom
537670,71056,LARGE DESK PAD BLACK,2,2026-01-06 02:56:20,15.56,,United Kingdom
537670,71054,MECHANICAL KEYBOARD,4,2026-01-06 02:56:20,72.34,,United Kingdom
537670,71055,USB-C MULTIPORT ADAPTER,6,2026-01-06 02:56:20,23.96,,United Kingdom
537671,85099B,WHITE HANGING HEART T-LIGHT HOLDER,6,2025-08-26 23:23:24,2.48,17425.0,United Kingdom
537671,22960,HEART OF WICKER SMALL,2,2025-08-26 23:23:24,1.62,17425.0,United Kingdom
537672,22425,SWEET CREAM BUTTER,2,2025-03-09 00:41:45,4.24,13339.0,United Kingdom
537672,22423,ORGANIC WHOLE MILK,3,2025-03-09 00:41:45,3.64,13339.0,United Kingdom
537673,21737,GARLIC HERB BREADSTICKS,2,2026-01-04 21:36:53,3.01,15908.0,United Kingdom
537673,21736,ORGANIC TOMATO BASIL SAUCE,2,2026-01-04 21:36:53,4.7,15908.0,United Kingdom
537673,21735,AGED PARMESAN REGGIANO,3,2026-01-04 21:36:53,8.23,15908.0,United Kingdom
537673,20729,BLUEBERRY SCONE,1,2026-01-04 21:36:53,2.45,15908.0,United Kingdom
537673,20728,CAPPUCCINO CUP & SAUCER,3,2026-01-04 21:36:53,8.8,15908.0,United Kingdom
537673,20727,ALMOND DANISH,4,2026-01-04 21:36:53,2.8,15908.0,United Kingdom
537673,20726,PAIN AU CHOCOLAT,2,2026-01-04 21:36:53,2.54,15908.0,United Kingdom
537673,21227,VINTAGE UNION JACK CUSHION,1,2026-01-04 21:36:53,14.48,15908.0,United Kingdom
537674,22426,STRAWBERRY PRESERVES,3,2025-05-23 17:36:17,3.94,13485.0,United Kingdom
537674,22425,SWEET CREAM BUTTER,1,2025-05-23 17:36:17,4.15,13485.0,United Kingdom
537674,22423,ORGANIC WHOLE MILK,4,2025-05-23 17:36:17,3.52,13485.0,United Kingdom
537674,84880,WATERING CAN GREEN 2L,12,2025-05-23 17:36:17,11.55,13485.0,United Kingdom
537674,84883,LED GROW LIGHT BULB,2,2025-05-23 17:36:17,14.98,13485.0,United Kingdom
537674,84882,GARDENING GLOVES PAIR,1,2025-05-23 17:36:17,4.89,13485.0,United Kingdom
537674,84879,CERAMIC PLANT POT WHITE,3,2025-05-23 17:36:17,10.48,13485.0,United Kingdom
537674,84881,ORGANIC POTTING SOIL 10L,6,2025-05-23 17:36:17,7.08,13485.0,United Kingdom
537675,22427,ORGANIC EGGS DOZEN,1,2025-05-15 17:41:55,5.15,15311.0,Germany
537675,22423,ORGANIC WHOLE MILK,2,2025-05-15 17:41:55,3.6,15311.0,Germany
537675,22424,WHOLE WHEAT BREAD,1,2025-05-15 17:41:55,2.86,15311.0,Germany
537675,22426,STRAWBERRY PRESERVES,6,2025-05-15 17:41:55,4.01,15311.0,Germany
537675,85099B,WHITE HANGING HEART T-LIGHT HOLDER,6,2025-05-15 17:41:55,2.58,15311.0,Germany
537675,22423,REGENCY CAKESTAND 3 TIER,2,2025-05-15 17:41:55,12.45,15311.0,Germany
537675,22960,HEART OF WICKER SMALL,1,2025-05-15 17:41:55,1.65,15311.0,Germany
537675,22961,HEART OF WICKER LARGE,3,2025-05-15 17:41:55,2.93,15311.0,Germany
537675,22720,SET OF 3 CAKE TINS PANTRY,3,2025-05-15 17:41:55,5.06,15311.0,Germany
537675,71056,LARGE DESK PAD BLACK,6,2025-05-15 17:41:55,16.31,15311.0,Germany
537675,71055,USB-C MULTIPORT ADAPTER,2,2025-05-15 17:41:55,24.94,15311.0,Germany
537675,21227,VINTAGE UNION JACK CUSHION,1,2025-05-15 17:41:55,15.23,15311.0,Germany
537676,22426,STRAWBERRY PRESERVES,3,2025-09-28 22:14:48,3.73,15958.0,United Kingdom
537676,22423,  ORGANIC WHOLE MILK   ,6,2025-09-28 22:14:48,3.66,15958.0,United Kingdom
537676,22427,ORGANIC EGGS DOZEN,2,2025-09-28 22:14:48,5.17,15958.0,United Kingdom
537676,21218,SCENTED CANDLE LAVENDER,1,2025-09-28 22:14:48,0.0,15958.0,United Kingdom
537677,21735,AGED PARMESAN REGGIANO,2,2025-12-03 04:32:26,7.87,16441.0,United Kingdom
537677,21733,ITALIAN EXTRA VIRGIN OLIVE OIL,12,2025-12-03 04:32:26,13.3,16441.0,United Kingdom
537677,21737,GARLIC HERB BREADSTICKS,1,2025-12-03 04:32:26,3.05,16441.0,United Kingdom
537677,21734,ARTISAN PASTA PENNE,2,2025-12-03 04:32:26,3.21,16441.0,United Kingdom
537677,20727,ALMOND DANISH,2,2025-12-03 04:32:26,2.67,16441.0,United Kingdom
537677,20728,CAPPUCCINO CUP & SAUCER,1,2025-12-03 04:32:26,8.14,16441.0,United Kingdom
537677,20729,BLUEBERRY SCONE,3,2025-12-03 04:32:26,2.37,16441.0,United Kingdom
537677,22423,REGENCY CAKESTAND 3 TIER,1,2025-12-03 04:32:26,13.35,16441.0,United Kingdom
537677,22961,HEART OF WICKER LARGE,4,2025-12-03 04:32:26,2.85,16441.0,United Kingdom
537677,21216,EMERGENCY FIRST AID TIN,3,2025-12-03 04:32:26,3.75,16441.0,United Kingdom
537677,21217,PACK OF 20 NAPKINS,4,2025-12-03 04:32:26,1.52,16441.0,United Kingdom
537678,84883,LED GROW LIGHT BULB,1,2025-10-08 03:18:27,15.55,18205.0,United Kingdom
537678,84880,WATERING CAN GREEN 2L,3,2025-10-08 03:18:27,11.16,18205.0,United Kingdom
537678,84881,ORGANIC POTTING SOIL 10L,4,2025-10-08 03:18:27,7.03,18205.0,United Kingdom
537679,21231,FELTCRAFT DOLL ROSIE,3,2025-08-27 20:05:55,2.87,13345.0,United Kingdom
537680,20726,PAIN AU CHOCOLAT,1,2025-07-22 00:46:59,2.54,12545.0,United Kingdom
537680,20727,ALMOND DANISH,2,2025-07-22 00:46:59,2.73,12545.0,United Kingdom
537680,20725,CROISSANT ALL BUTTER,6,2025-07-22 00:46:59,2.35,12545.0,United Kingdom
537680,22427,ORGANIC EGGS DOZEN,1,2025-07-22 00:46:59,5.24,12545.0,United Kingdom
537680,22425,SWEET CREAM BUTTER,2,2025-07-22 00:46:59,4.42,12545.0,United Kingdom
537680,22423,ORGANIC WHOLE MILK,1,2025-07-22 00:46:59,3.33,12545.0,United Kingdom
537681,21736,ORGANIC TOMATO BASIL SAUCE,2,2025-03-11 17:15:15,4.44,,Netherlands
537681,21737,GARLIC HERB BREADSTICKS,1,2025-03-11 17:15:15,2.95,,Netherlands
537681,21733,ITALIAN EXTRA VIRGIN OLIVE OIL,1,2025-03-11 17:15:15,13.06,,Netherlands
537681,21734,ARTISAN PASTA PENNE,3,2025-03-11 17:15:15,3.23,,Netherlands
537681,21735,AGED PARMESAN REGGIANO,3,2025-03-11 17:15:15,8.16,,Netherlands
537681,21231,FELTCRAFT DOLL ROSIE,4,2025-03-11 17:15:15,3.04,,Netherlands
537682,84879,CERAMIC PLANT POT WHITE,24,2025-10-28 19:20:44,10.33,18074.0,United Kingdom
537682,84881,ORGANIC POTTING SOIL 10L,2,2025-10-28 19:20:44,7.14,18074.0,United Kingdom
537682,84882,GARDENING GLOVES PAIR,1,2025-10-28 19:20:44,4.81,18074.0,United Kingdom
537682,84883,LED GROW LIGHT BULB,3,2025-10-28 19:20:44,15.37,18074.0,United Kingdom
537682,21736,ORGANIC TOMATO BASIL SAUCE,1,2025-10-28 19:20:44,4.49,18074.0,United Kingdom
537682,21734,ARTISAN PASTA PENNE,6,2025-10-28 19:20:44,3.28,18074.0,United Kingdom
537682,22427,ORGANIC EGGS DOZEN,2,2025-10-28 19:20:44,5.19,18074.0,United Kingdom
537682,22426,STRAWBERRY PRESERVES,3,2025-10-28 19:20:44,4.04,18074.0,United Kingdom
537682,21221,RETRO SPOT TEA TOWEL,2,2025-10-28 19:20:44,2.52,18074.0,United Kingdom
537683,20729,BLUEBERRY SCONE,3,2025-09-21 22:25:00,2.49,12647.0,United Kingdom
537683,20725,CROISSANT ALL BUTTER,2,2025-09-21 22:25:00,2.18,12647.0,United Kingdom
537683,20726,PAIN AU CHOCOLAT,2,2025-09-21 22:25:00,2.53,12647.0,United Kingdom
537683,21223,SET OF 6 SPICE JARS,4,2025-09-21 22:25:00,10.02,12647.0,United Kingdom
537683,21230,BATHROOM SCALE VINTAGE,2,2025-09-21 22:25:00,21.36,12647.0,United Kingdom
537684,20725,CROISSANT ALL BUTTER,3,2025-01-16 22:17:42,2.15,,United Kingdom
537684,20729,BLUEBERRY SCONE,3,2025-01-16 22:17:42,2.4,,United Kingdom
537684,20726,PAIN AU CHOCOLAT,1,2025-01-16 22:17:42,2.47,,United Kingdom
537685,21224,GLASS STORAGE JAR SMALL,2,2025-11-05 02:18:37,2.18,16595.0,United Kingdom
537686,71055,USB-C MULTIPORT ADAPTER,6,2025-10-27 22:50:16,25.81,16667.0,United Kingdom
537686,71057,MONITOR LIGHT BAR,4,2025-10-27 22:50:16,41.61,16667.0,United Kingdom
537687,22423,ORGANIC WHOLE MILK,2,2025-01-28 21:55:24,3.35,16206.0,United Kingdom
537687,22425,SWEET CREAM BUTTER,6,2025-01-28 21:55:24,4.32,16206.0,United Kingdom
537687,22424,WHOLE WHEAT BREAD,2,2025-01-28 21:55:24,2.95,16206.0,United Kingdom
537687,22427,ORGANIC EGGS DOZEN,4,2025-01-28 21:55:24,4.76,16206.0,United Kingdom
537688,22423,REGENCY CAKESTAND 3 TIER,2,2025-09-16 01:27:36,13.01,15041.0,United Kingdom
537688,85099B,WHITE HANGING HEART T-LIGHT HOLDER,4,2025-09-16 01:27:36,2.57,15041.0,United Kingdom
537688,22720,SET OF 3 CAKE TINS PANTRY,2,2025-09-16 01:27:36,4.72,15041.0,United Kingdom
537688,21226,CHILLI LIGHTS STRING,1,2025-09-16 01:27:36,8.72,15041.0,United Kingdom
537689,20726,PAIN AU CHOCOLAT,6,2025-11-30 01:33:08,2.44,,United Kingdom
537689,20729,BLUEBERRY SCONE,24,2025-11-30 01:33:08,2.37,,United Kingdom
537689,20728,CAPPUCCINO CUP & SAUCER,4,2025-11-30 01:33:08,8.25,,United Kingdom
537689,20727,ALMOND DANISH,1,2025-11-30 01:33:08,2.73,,United Kingdom
537689,21229,HAND WARMER BIRD DESIGN,2,2025-11-30 01:33:08,2.03,,United Kingdom
537690,71054,MECHANICAL KEYBOARD,3,2025-01-26 17:15:23,73.4,12673.0,Spain
537690,71053,WIRELESS ERGONOMIC MOUSE,1,2025-01-26 17:15:23,30.4,12673.0,Spain
537690,84881,ORGANIC POTTING SOIL 10L,3,2025-01-26 17:15:23,6.83,12673.0,Spain
537690,84879,CERAMIC PLANT POT WHITE,6,2025-01-26 17:15:23,10.47,12673.0,Spain
537691,84879,CERAMIC PLANT POT WHITE,2,2025-05-28 22:56:05,9.92,14756.0,Netherlands
537691,84882,GARDENING GLOVES PAIR,3,2025-05-28 22:56:05,4.86,14756.0,Netherlands
537691,71053,WIRELESS ERGONOMIC MOUSE,6,2025-05-28 22:56:05,29.98,14756.0,Netherlands
537691,71056,LARGE DESK PAD BLACK,3,2025-05-28 22:56:05,15.26,14756.0,Netherlands
537692,21735,AGED PARMESAN REGGIANO,1,2025-08-17 18:41:24,7.9,13177.0,United Kingdom
537692,21733,ITALIAN EXTRA VIRGIN OLIVE OIL,1,2025-08-17 18:41:24,12.83,13177.0,United Kingdom
537692,21737,GARLIC HERB BREADSTICKS,3,2025-08-17 18:41:24,2.86,13177.0,United Kingdom
537693,21737,GARLIC HERB BREADSTICKS,2,2025-09-16 00:48:30,2.95,,United Kingdom
537693,21734,ARTISAN PASTA PENNE,1,2025-09-16 00:48:30,3.18,,United Kingdom
537693,21736,ORGANIC TOMATO BASIL SAUCE,24,2025-09-16 00:48:30,4.68,,United Kingdom
537693,21231,FELTCRAFT DOLL ROSIE,3,2025-09-16 00:48:30,2.9,,United Kingdom
537694,84882,GARDENING GLOVES PAIR,1,2025-08-29 20:09:30,5.19,,United Kingdom
537694,84881,ORGANIC POTTING SOIL 10L,1,2025-08-29 20:09:30,6.67,,United Kingdom
537694,84880,WATERING CAN GREEN 2L,6,2025-08-29 20:09:30,11.69,,United Kingdom
537694,21230,BATHROOM SCALE VINTAGE,12,2025-08-29 20:09:30,21.42,,United Kingdom
537695,21734,ARTISAN PASTA PENNE,3,2025-12-17 22:46:38,3.25,17665.0,United Kingdom
537695,21736,ORGANIC TOMATO BASIL SAUCE,2,2025-12-17 22:46:38,4.35,17665.0,United Kingdom
537695,22720,SET OF 3 CAKE TINS PANTRY,3,2025-12-17 22:46:38,4.75,17665.0,United Kingdom
537695,22423,REGENCY CAKESTAND 3 TIER,1,2025-12-17 22:46:38,12.12,17665.0,United Kingdom
537695,85099B,WHITE HANGING HEART T-LIGHT HOLDER,3,2025-12-17 22:46:38,2.5,17665.0,United Kingdom
537695,21231,FELTCRAFT DOLL ROSIE,1,2025-12-17 22:46:38,3.06,17665.0,United Kingdom
537696,22427,ORGANIC EGGS DOZEN,2,2025-09-06 19:08:25,5.17,12637.0,Germany
537696,22423,ORGANIC WHOLE MILK,1,2025-09-06 19:08:25,3.52,12637.0,Germany
537696,22425,SWEET CREAM BUTTER,3,2025-09-06 19:08:25,4.2,12637.0,Germany
537696,22424,WHOLE WHEAT BREAD,1,2025-09-06 19:08:25,3.04,12637.0,Germany
537696,21214,RECIPE BOX PANTRY DESIGN,3,2025-09-06 19:08:25,7.59,12637.0,Germany
537697,85123B,PURE CANE SUGAR,2,2025-05-13 03:38:51,2.57,15433.0,United Kingdom
537697,85123D,FRENCH VANILLA SYRUP,12,2025-05-13 03:38:51,6.18,15433.0,United Kingdom
537697,85123C,DARK CHOCOLATE BAR 85%,2,2025-05-13 03:38:51,3.39,15433.0,United Kingdom
537697,85123E,CERAMIC COFFEE MUG,3,2025-05-13 03:38:51,6.7,15433.0,United Kingdom
537697,22423,REGENCY CAKESTAND 3 TIER,3,2025-05-13 03:38:51,13.16,15433.0,United Kingdom
537697,22961,HEART OF WICKER LARGE,2,2025-05-13 03:38:51,2.94,15433.0,United Kingdom
537697,84882,GARDENING GLOVES PAIR,3,2025-05-13 03:38:51,4.86,15433.0,United Kingdom
537697,84879,CERAMIC PLANT POT WHITE,1,2025-05-13 03:38:51,10.1,15433.0,United Kingdom
537697,84880,WATERING CAN GREEN 2L,1,2025-05-13 03:38:51,10.98,15433.0,United Kingdom
537697,84883,LED GROW LIGHT BULB,6,2025-05-13 03:38:51,15.57,15433.0,United Kingdom
537697,21218,SCENTED CANDLE LAVENDER,2,2025-05-13 03:38:51,4.26,15433.0,United Kingdom
537698,71057,MONITOR LIGHT BAR,1,2025-04-17 01:11:38,39.07,17386.0,Germany
537698,71054,MECHANICAL KEYBOARD,1,2025-04-17 01:11:38,70.09,17386.0,Germany
537698,21227,VINTAGE UNION JACK CUSHION,3,2025-04-17 01:11:38,15.69,17386.0,Germany
537699,84880,WATERING CAN GREEN 2L,3,2025-02-21 03:30:05,11.17,,United Kingdom
537699,84882,GARDENING GLOVES PAIR,1,2025-02-21 03:30:05,5.13,,United Kingdom
537699,21220,BICYCLE PUNCTURE REPAIR KIT,1,2025-02-21 03:30:05,2.98,,United Kingdom
537700,85099B,WHITE HANGING HEART T-LIGHT HOLDER,4,2025-11-25 19:51:44,2.66,12634.0,United Kingdom
537700,22720,SET OF 3 CAKE TINS PANTRY,2,2025-11-25 19:51:44,5.06,12634.0,United Kingdom
537700,21221,RETRO SPOT TEA TOWEL,1,2025-11-25 19:51:44,2.46,12634.0,United Kingdom
537701,84881,ORGANIC POTTING SOIL 10L,2,2025-04-29 16:40:11,7.28,,United Kingdom
537701,84883,LED GROW LIGHT BULB,2,2025-04-29 16:40:11,14.59,,United Kingdom
537701,85123A,COLOMBIAN ROAST COFFEE,1,2025-04-29 16:40:11,8.78,,United Kingdom
537701,85123D,FRENCH VANILLA SYRUP,1,2025-04-29 16:40:11,5.88,,United Kingdom
537702,22427,ORGANIC EGGS DOZEN,1,2025-12-23 18:10:22,5.1,12982.0,United Kingdom
537702,22425,SWEET CREAM BUTTER,1,2025-12-23 18:10:22,4.41,12982.0,United Kingdom
537702,85123B,PURE CANE SUGAR,1,2025-12-23 18:10:22,2.54,12982.0,United Kingdom
537702,85123D,FRENCH VANILLA SYRUP,2,2025-12-23 18:10:22,6.28,12982.0,United Kingdom
537702,21220,BICYCLE PUNCTURE REPAIR KIT,1,2025-12-23 18:10:22,2.96,12982.0,United Kingdom
537703,71053,WIRELESS ERGONOMIC MOUSE,2,2025-11-25 02:18:39,29.67,12459.0,Belgium
537703,71055,USB-C MULTIPORT ADAPTER,12,2025-11-25 02:18:39,26.24,12459.0,Belgium
537703,71057,MONITOR LIGHT BAR,2,2025-11-25 02:18:39,40.24,12459.0,Belgium
537704,22423,ORGANIC WHOLE MILK,6,2026-01-02 02:30:02,3.63,17243.0,United Kingdom
537704,22426,STRAWBERRY PRESERVES,1,2026-01-02 02:30:02,3.88,17243.0,United Kingdom
537705,22424,WHOLE WHEAT BREAD,1,2025-07-18 01:23:47,3.05,16706.0,Spain
537705,22423,ORGANIC WHOLE MILK,6,2025-07-18 01:23:47,3.57,16706.0,Spain
537705,21224,GLASS STORAGE JAR SMALL,1,2025-07-18 01:23:47,2.22,16706.0,Spain
537706,84883,LED GROW LIGHT BULB,1,2025-06-29 01:56:02,14.62,16116.0,Switzerland
537706,84881,ORGANIC POTTING SOIL 10L,4,2025-06-29 01:56:02,6.76,16116.0,Switzerland
537706,84882,GARDENING GLOVES PAIR,6,2025-06-29 01:56:02,4.96,16116.0,Switzerland
537706,21218,SCENTED CANDLE LAVENDER,4,2025-06-29 01:56:02,4.37,16116.0,Switzerland
537707,21733,ITALIAN EXTRA VIRGIN OLIVE OIL,1,2025-11-05 17:50:07,12.55,17409.0,Germany
537707,21735,AGED PARMESAN REGGIANO,2,2025-11-05 17:50:07,7.55,17409.0,Germany
537707,84883,LED GROW LIGHT BULB,1,2025-11-05 17:50:07,15.28,17409.0,Germany
537707,84881,ORGANIC POTTING SOIL 10L,1,2025-11-05 17:50:07,6.88,17409.0,Germany
537707,84879,CERAMIC PLANT POT WHITE,1,2025-11-05 17:50:07,9.74,17409.0,Germany
537707,84882,GARDENING GLOVES PAIR,3,2025-11-05 17:50:07,4.81,17409.0,Germany
537708,22960,HEART OF WICKER SMALL,6,2025-07-02 05:10:11,1.7,17675.0,United Kingdom
537708,22423,REGENCY CAKESTAND 3 TIER,1,2025-07-02 05:10:11,12.89,17675.0,United Kingdom
537708,85099B,WHITE HANGING HEART T-LIGHT HOLDER,2,2025-07-02 05:10:11,2.49,17675.0,United Kingdom
537708,22720,SET OF 3 CAKE TINS PANTRY,1,2025-07-02 05:10:11,4.74,17675.0,United Kingdom
537708,22961,HEART OF WICKER LARGE,2,2025-07-02 05:10:11,2.84,17675.0,United Kingdom
537708,21224,GLASS STORAGE JAR SMALL,2,2025-07-02 05:10:11,2.14,17675.0,United Kingdom
537709,20725,CROISSANT ALL BUTTER,1,2025-04-13 04:53:12,2.22,16114.0,United Kingdom
537709,20727,ALMOND DANISH,1,2025-04-13 04:53:12,2.86,16114.0,United Kingdom
537709,21212,VINTAGE SNAP CARDS,1,2025-04-13 04:53:12,0.82,16114.0,United Kingdom
537710,21733,ITALIAN EXTRA VIRGIN OLIVE OIL,4,2025-08-10 02:57:12,13.17,13495.0,United Kingdom
537710,21737,GARLIC HERB BREADSTICKS,2,2025-08-10 02:57:12,2.9,13495.0,United Kingdom
537710,21736,ORGANIC TOMATO BASIL SAUCE,1,2025-08-10 02:57:12,4.6,13495.0,United Kingdom
537710,21734,ARTISAN PASTA PENNE,3,2025-08-10 02:57:12,3.2,13495.0,United Kingdom
537711,84882,GARDENING GLOVES PAIR,24,2025-11-11 00:18:39,4.85,,United Kingdom
537711,84881,ORGANIC POTTING SOIL 10L,12,2025-11-11 00:18:39,6.91,,United Kingdom
537712,21737,GARLIC HERB BREADSTICKS,1,2025-02-18 21:47:02,2.92,17588.0,United Kingdom
537712,21734,ARTISAN PASTA PENNE,1,2025-02-18 21:47:02,3.25,17588.0,United Kingdom
537712,21733,ITALIAN EXTRA VIRGIN OLIVE OIL,2,2025-02-18 21:47:02,12.73,17588.0,United Kingdom
537712,21736,ORGANIC TOMATO BASIL SAUCE,6,2025-02-18 21:47:02,4.45,17588.0,United Kingdom
537712,21735,AGED PARMESAN REGGIANO,1,2025-02-18 21:47:02,7.88,17588.0,United Kingdom
537712,21216,EMERGENCY FIRST AID TIN,12,2025-02-18 21:47:02,3.74,17588.0,United Kingdom
537713,85123E,CERAMIC COFFEE MUG,3,2025-01-13 04:35:44,6.49,13933.0,United Kingdom
537713,85123B,PURE CANE SUGAR,3,2025-01-13 04:35:44,2.52,13933.0,United Kingdom
537713,D,Discount,2,2025-01-13 04:35:44,-10.0,13933.0,United Kingdom
537714,71057,MONITOR LIGHT BAR,1,2025-12-29 18:55:01,41.73,15012.0,United Kingdom
537714,71056,LARGE DESK PAD BLACK,3,2025-12-29 18:55:01,16.71,15012.0,United Kingdom
537714,71055,USB-C MULTIPORT ADAPTER,2,2025-12-29 18:55:01,25.73,15012.0,United Kingdom
537714,71054,MECHANICAL KEYBOARD,4,2025-12-29 18:55:01,72.64,15012.0,United Kingdom
537714,85123A,COLOMBIAN ROAST COFFEE,3,2025-12-29 18:55:01,9.28,15012.0,United Kingdom
537714,85123C,DARK CHOCOLATE BAR 85%,1,2025-12-29 18:55:01,3.49,15012.0,United Kingdom
537714,85123E,CERAMIC COFFEE MUG,1,2025-12-29 18:55:01,6.52,15012.0,United Kingdom
537715,22424,WHOLE WHEAT BREAD,1,2025-12-27 19:07:40,2.91,,Germany
537715,22427,ORGANIC EGGS DOZEN,3,2025-12-27 19:07:40,5.22,,Germany
537715,22423,ORGANIC WHOLE MILK,4,2025-12-27 19:07:40,3.48,,Germany
537716,22425,SWEET CREAM BUTTER,4,2025-08-23 01:22:10,4.21,15535.0,United Kingdom
537716,22424,WHOLE WHEAT BREAD,2,2025-08-23 01:22:10,2.94,15535.0,United Kingdom
537716,22423,ORGANIC WHOLE MILK,4,2025-08-23 01:22:10,3.45,15535.0,United Kingdom
537717,22427,ORGANIC EGGS DOZEN,3,2025-03-15 02:02:44,5.03,17470.0,United Kingdom
537717,22423,ORGANIC WHOLE MILK,2,2025-03-15 02:02:44,3.58,17470.0,United Kingdom
537717,21212,VINTAGE SNAP CARDS,2,2025-03-15 02:02:44,0.88,17470.0,United Kingdom
537718,85123E,CERAMIC COFFEE MUG,4,2025-02-06 20:48:15,6.25,15123.0,Spain
537718,85123B,PURE CANE SUGAR,1,2025-02-06 20:48:15,2.54,15123.0,Spain
537718,20725,CROISSANT ALL BUTTER,2,2025-02-06 20:48:15,2.26,15123.0,Spain
537718,20726,PAIN AU CHOCOLAT,3,2025-02-06 20:48:15,2.48,15123.0,Spain
537718,20727,ALMOND DANISH,1,2025-02-06 20:48:15,2.86,15123.0,Spain
537719,84881,ORGANIC POTTING SOIL 10L,1,2025-08-11 03:51:38,7.0,13775.0,United Kingdom
537719,84880,WATERING CAN GREEN 2L,4,2025-08-11 03:51:38,11.75,13775.0,United Kingdom
537720,85123C,DARK CHOCOLATE BAR 85%,1,2025-02-10 05:27:06,3.42,17417.0,United Kingdom
537720,85123E,CERAMIC COFFEE MUG,1,2025-02-10 05:27:06,6.39,17417.0,United Kingdom
537720,85123D,FRENCH VANILLA SYRUP,2,2025-02-10 05:27:06,5.7,17417.0,United Kingdom
537720,71053,WIRELESS ERGONOMIC MOUSE,4,2025-02-10 05:27:06,30.57,17417.0,United Kingdom
537720,71055,USB-C MULTIPORT ADAPTER,2,2025-02-10 05:27:06,24.7,17417.0,United Kingdom
537721,84879,CERAMIC PLANT POT WHITE,3,2025-10-21 21:25:29,9.93,16884.0,United Kingdom
537721,84883,LED GROW LIGHT BULB,4,2025-10-21 21:25:29,15.35,16884.0,United Kingdom
537721,84881,ORGANIC POTTING SOIL 10L,3,2025-10-21 21:25:29,6.66,16884.0,United Kingdom
537721,84882,GARDENING GLOVES PAIR,1,2025-10-21 21:25:29,4.78,16884.0,United Kingdom
537722,71057,MONITOR LIGHT BAR,2,2025-01-20 21:18:18,41.34,14257.0,United Kingdom
537722,71055,USB-C MULTIPORT ADAPTER,2,2025-01-20 21:18:18,25.05,14257.0,United Kingdom
537722,71053,WIRELESS ERGONOMIC MOUSE,1,2025-01-20 21:18:18,29.27,14257.0,United Kingdom
537723,22426,STRAWBERRY PRESERVES,3,2025-07-28 18:00:00,3.75,15526.0,United Kingdom
537723,22425,SWEET CREAM BUTTER,2,2025-07-28 18:00:00,4.26,15526.0,United Kingdom
537724,21735,AGED PARMESAN REGGIANO,2,2025-03-22 20:19:17,8.17,17290.0,United Kingdom
537724,21736,ORGANIC TOMATO BASIL SAUCE,12,2025-03-22 20:19:17,4.3,17290.0,United Kingdom
537724,21227,VINTAGE UNION JACK CUSHION,3,2025-03-22 20:19:17,14.64,17290.0,United Kingdom
537724,21226,CHILLI LIGHTS STRING,1,2025-03-22 20:19:17,8.84,17290.0,United Kingdom
537724,21217,PACK OF 20 NAPKINS,2,2025-03-22 20:19:17,1.52,17290.0,United Kingdom
537725,21733,ITALIAN EXTRA VIRGIN OLIVE OIL,1,2025-10-31 20:23:22,12.88,16884.0,United Kingdom
537725,21735,AGED PARMESAN REGGIANO,3,2025-10-31 20:23:22,7.58,16884.0,United Kingdom
537725,21734,ARTISAN PASTA PENNE,1,2025-10-31 20:23:22,3.28,16884.0,United Kingdom
537725,21223,SET OF 6 SPICE JARS,1,2025-10-31 20:23:22,9.49,16884.0,United Kingdom
537725,21226,CHILLI LIGHTS STRING,1,2025-10-31 20:23:22,8.36,16884.0,United Kingdom
537726,85123A,COLOMBIAN ROAST COFFEE,3,2025-08-07 18:53:46,9.02,13861.0,United Kingdom
537726,85123C,DARK CHOCOLATE BAR 85%,3,2025-08-07 18:53:46,3.56,13861.0,United Kingdom
537726,85123E,CERAMIC COFFEE MUG,1,2025-08-07 18:53:46,6.34,13861.0,United Kingdom
537726,21734,ARTISAN PASTA PENNE,6,2025-08-07 18:53:46,3.4,13861.0,United Kingdom
537726,21737,GARLIC HERB BREADSTICKS,1,2025-08-07 18:53:46,3.05,13861.0,United Kingdom
537726,21736,ORGANIC TOMATO BASIL SAUCE,2,2025-08-07 18:53:46,4.64,13861.0,United Kingdom
537727,84879,CERAMIC PLANT POT WHITE,3,2025-10-20 21:23:47,10.31,15163.0,EIRE
537727,84883,LED GROW LIGHT BULB,1,2025-10-20 21:23:47,15.62,15163.0,EIRE
537727,84880,WATERING CAN GREEN 2L,1,2025-10-20 21:23:47,11.62,15163.0,EIRE
537727,71055,USB-C MULTIPORT ADAPTER,1,2025-10-20 21:23:47,25.65,15163.0,EIRE
537727,71056,LARGE DESK PAD BLACK,4,2025-10-20 21:23:47,15.49,15163.0,EIRE
537727,21223,SET OF 6 SPICE JARS,1,2025-10-20 21:23:47,10.15,15163.0,EIRE
537728,71054,MECHANICAL KEYBOARD,2,2025-04-15 01:56:45,67.11,14947.0,United Kingdom
537728,71056,LARGE DESK PAD BLACK,1,2025-04-15 01:56:45,15.45,14947.0,United Kingdom
537728,84881,ORGANIC POTTING SOIL 10L,1,2025-04-15 01:56:45,7.01,14947.0,United Kingdom
537728,84883,LED GROW LIGHT BULB,1,2025-04-15 01:56:45,14.48,14947.0,United Kingdom
537728,84882,GARDENING GLOVES PAIR,3,2025-04-15 01:56:45,5.14,14947.0,United Kingdom
537729,21219,TRAVEL SEWING KIT,3,2025-07-17 16:36:14,2.13,17187.0,France
537730,20726,PAIN AU CHOCOLAT,1,2025-06-18 16:48:24,2.6,12955.0,United Kingdom
537730,20727,ALMOND DANISH,1,2025-06-18 16:48:24,2.7,12955.0,United Kingdom
537730,20729,BLUEBERRY SCONE,4,2025-06-18 16:48:24,2.34,12955.0,United Kingdom
537731,21231,FELTCRAFT DOLL ROSIE,6,2025-06-11 01:54:35,2.97,14976.0,United Kingdom
537732,71053,WIRELESS ERGONOMIC MOUSE,1,2025-08-01 23:56:04,28.66,14624.0,United Kingdom
537732,71057,MONITOR LIGHT BAR,2,2025-08-01 23:56:04,39.38,14624.0,United Kingdom
537732,71056,LARGE DESK PAD BLACK,1,2025-08-01 23:56:04,15.23,14624.0,United Kingdom
537732,21224,GLASS STORAGE JAR SMALL,1,2025-08-01 23:56:04,2.23,14624.0,United Kingdom
537732,21217,PACK OF 20 NAPKINS,1,2025-08-01 23:56:04,1.51,14624.0,United Kingdom
537733,21218,SCENTED CANDLE LAVENDER,1,2025-01-21 18:37:28,4.09,13875.0,United Kingdom
537734,71054,MECHANICAL KEYBOARD,6,2025-12-19 19:39:57,73.04,,United Kingdom
537734,71057,MONITOR LIGHT BAR,1,2025-12-19 19:39:57,38.46,,United Kingdom
537734,71053,WIRELESS ERGONOMIC MOUSE,3,2025-12-19 19:39:57,30.17,,United Kingdom
537734,71056,LARGE DESK PAD BLACK,2,2025-12-19 19:39:57,15.76,,United Kingdom
537734,71055,USB-C MULTIPORT ADAPTER,1,2025-12-19 19:39:57,24.59,,United Kingdom
537735,20726,PAIN AU CHOCOLAT,1,2025-05-31 18:58:36,2.4,13810.0,United Kingdom
537735,20727,ALMOND DANISH,24,2025-05-31 18:58:36,2.63,13810.0,United Kingdom
537735,20725,CROISSANT ALL BUTTER,2,2025-05-31 18:58:36,2.24,13810.0,United Kingdom
537735,21228,WALL CLOCK RETRO RED,3,2025-05-31 18:58:36,19.34,13810.0,United Kingdom
537736,22427,ORGANIC EGGS DOZEN,1,2025-09-22 00:25:36,5.15,13806.0,United Kingdom
537736,22426,STRAWBERRY PRESERVES,1,2025-09-22 00:25:36,3.98,13806.0,United Kingdom
537736,22424,WHOLE WHEAT BREAD,1,2025-09-22 00:25:36,2.86,13806.0,United Kingdom
537736,20727,ALMOND DANISH,2,2025-09-22 00:25:36,2.79,13806.0,United Kingdom
537736,20726,PAIN AU CHOCOLAT,2,2025-09-22 00:25:36,2.58,13806.0,United Kingdom
537736,20725,CROISSANT ALL BUTTER,1,2025-09-22 00:25:36,2.28,13806.0,United Kingdom
537736,21222,RETRO SPOT APRON,4,2025-09-22 00:25:36,6.95,13806.0,United Kingdom
537736,21227,VINTAGE UNION JACK CUSHION,3,2025-09-22 00:25:36,14.89,13806.0,United Kingdom
537737,20727,ALMOND DANISH,1,2025-06-16 18:17:08,2.7,,Germany
537737,20729,BLUEBERRY SCONE,4,2025-06-16 18:17:08,2.32,,Germany
537737,20725,CROISSANT ALL BUTTER,3,2025-06-16 18:17:08,2.25,,Germany
537737,20726,PAIN AU CHOCOLAT,2,2025-06-16 18:17:08,2.38,,Germany
537737,20728,CAPPUCCINO CUP & SAUCER,3,2025-06-16 18:17:08,8.77,,Germany
537738,85123A,COLOMBIAN ROAST COFFEE,3,2025-04-12 20:26:38,9.01,,United Kingdom
537738,85123B,PURE CANE SUGAR,1,2025-04-12 20:26:38,2.51,,United Kingdom
537738,85123D,FRENCH VANILLA SYRUP,4,2025-04-12 20:26:38,5.95,,United Kingdom
537738,85123C,DARK CHOCOLATE BAR 85%,1,2025-04-12 20:26:38,3.38,,United Kingdom
537738,85123E,CERAMIC COFFEE MUG,1,2025-04-12 20:26:38,6.54,,United Kingdom
537739,22960,HEART OF WICKER SMALL,1,2025-06-12 00:03:12,1.72,,France
537739,22720,SET OF 3 CAKE TINS PANTRY,4,2025-06-12 00:03:12,4.99,,France
537739,22423,REGENCY CAKESTAND 3 TIER,1,2025-06-12 00:03:12,13.07,,France
537739,22961,HEART OF WICKER LARGE,3,2025-06-12 00:03:12,2.91,,France
537739,20729,BLUEBERRY SCONE,1,2025-06-12 00:03:12,2.31,,France
537739,20728,CAPPUCCINO CUP & SAUCER,2,2025-06-12 00:03:12,8.08,,France
537739,20725,CROISSANT ALL BUTTER,2,2025-06-12 00:03:12,2.28,,France
537739,85123C,DARK CHOCOLATE BAR 85%,3,2025-06-12 00:03:12,3.33,,France
537739,85123E,CERAMIC COFFEE MUG,3,2025-06-12 00:03:12,6.33,,France
537739,85123B,PURE CANE SUGAR,1,2025-06-12 00:03:12,2.43,,France
537739,85123A,COLOMBIAN ROAST COFFEE,4,2025-06-12 00:03:12,8.73,,France
537739,85123D,FRENCH VANILLA SYRUP,4,2025-06-12 00:03:12,6.18,,France
537739,21220,BICYCLE PUNCTURE REPAIR KIT,2,2025-06-12 00:03:12,2.87,,France
537740,21734,ARTISAN PASTA PENNE,3,2025-11-15 01:56:34,3.35,15135.0,Germany
537740,21733,ITALIAN EXTRA VIRGIN OLIVE OIL,1,2025-11-15 01:56:34,13.35,15135.0,Germany
537740,21223,SET OF 6 SPICE JARS,6,2025-11-15 01:56:34,9.91,15135.0,Germany
537740,21228,WALL CLOCK RETRO RED,3,2025-11-15 01:56:34,19.09,15135.0,Germany
537740,21230,BATHROOM SCALE VINTAGE,3,2025-11-15 01:56:34,21.66,15135.0,Germany
537741,20728,CAPPUCCINO CUP & SAUCER,2,2025-03-07 22:21:48,8.27,,United Kingdom
537741,20726,PAIN AU CHOCOLAT,2,2025-03-07 22:21:48,2.43,,United Kingdom
537741,20725,CROISSANT ALL BUTTER,1,2025-03-07 22:21:48,2.22,,United Kingdom
537741,20727,ALMOND DANISH,2,2025-03-07 22:21:48,2.8,,United Kingdom
537741,21221,RETRO SPOT TEA TOWEL,1,2025-03-07 22:21:48,2.53,,United Kingdom
537742,21231,FELTCRAFT DOLL ROSIE,2,2025-04-04 01:23:35,2.99,15935.0,United Kingdom
537743,85123A,COLOMBIAN ROAST COFFEE,24,2025-12-15 03:45:22,8.96,14147.0,United Kingdom
537743,85123B,PURE CANE SUGAR,6,2025-12-15 03:45:22,2.41,14147.0,United Kingdom
537743,85123E,CERAMIC COFFEE MUG,1,2025-12-15 03:45:22,6.53,14147.0,United Kingdom
537744,85099B,WHITE HANGING HEART T-LIGHT HOLDER,1,2025-08-15 22:34:54,2.45,14727.0,United Kingdom
537744,22720,SET OF 3 CAKE TINS PANTRY,2,2025-08-15 22:34:54,4.73,14727.0,United Kingdom
537744,22423,REGENCY CAKESTAND 3 TIER,2,2025-08-15 22:34:54,13.03,14727.0,United Kingdom
537744,22961,HEART OF WICKER LARGE,1,2025-08-15 22:34:54,2.93,14727.0,United Kingdom
537744,21223,SET OF 6 SPICE JARS,3,2025-08-15 22:34:54,10.35,14727.0,United Kingdom
537745,21736,ORGANIC TOMATO BASIL SAUCE,2,2025-12-30 04:13:22,4.44,12838.0,United Kingdom
537745,21735,AGED PARMESAN REGGIANO,2,2025-12-30 04:13:22,8.17,12838.0,United Kingdom
537745,21737,GARLIC HERB BREADSTICKS,1,2025-12-30 04:13:22,2.84,12838.0,United Kingdom
537745,21734,ARTISAN PASTA PENNE,1,2025-12-30 04:13:22,3.44,12838.0,United Kingdom
537746,85123B,PURE CANE SUGAR,24,2025-09-27 04:41:12,2.61,14308.0,United Kingdom
537746,85123D,FRENCH VANILLA SYRUP,1,2025-09-27 04:41:12,6.22,14308.0,United Kingdom
537746,85123E,CERAMIC COFFEE MUG,6,2025-09-27 04:41:12,6.28,14308.0,United Kingdom
537746,21734,ARTISAN PASTA PENNE,3,2025-09-27 04:41:12,3.33,14308.0,United Kingdom
537746,21737,GARLIC HERB BREADSTICKS,1,2025-09-27 04:41:12,2.86,14308.0,United Kingdom
537746,21733,ITALIAN EXTRA VIRGIN OLIVE OIL,12,2025-09-27 04:41:12,13.5,14308.0,United Kingdom
537746,21735,AGED PARMESAN REGGIANO,3,2025-09-27 04:41:12,8.03,14308.0,United Kingdom
537746,71053,WIRELESS ERGONOMIC MOUSE,2,2025-09-27 04:41:12,29.51,14308.0,United Kingdom
537746,71057,MONITOR LIGHT BAR,2,2025-09-27 04:41:12,41.04,14308.0,United Kingdom
537746,21227,VINTAGE UNION JACK CUSHION,2,2025-09-27 04:41:12,15.2,14308.0,United Kingdom
537747,21735,AGED PARMESAN REGGIANO,12,2025-04-22 03:04:05,8.08,,United Kingdom
537747,21733,ITALIAN EXTRA VIRGIN OLIVE OIL,6,2025-04-22 03:04:05,13.59,,United Kingdom
537747,21737,GARLIC HERB BREADSTICKS,2,2025-04-22 03:04:05,2.85,,United Kingdom
537748,84880,WATERING CAN GREEN 2L,6,2025-02-21 19:00:36,11.61,16324.0,United Kingdom
537748,84882,GARDENING GLOVES PAIR,1,2025-02-21 19:00:36,4.8,16324.0,United Kingdom
537748,21226,CHILLI LIGHTS STRING,12,2025-02-21 19:00:36,8.4,16324.0,United Kingdom
537749,85123B,PURE CANE SUGAR,3,2025-01-18 23:50:32,2.41,13052.0,United Kingdom
537749,85123A,COLOMBIAN ROAST COFFEE,1,2025-01-18 23:50:32,9.11,13052.0,United Kingdom
537750,21218,SCENTED CANDLE LAVENDER,1,2025-10-16 22:43:16,4.01,15573.0,United Kingdom
537751,71054,MECHANICAL KEYBOARD,6,2025-11-21 18:16:54,72.85,14714.0,Belgium
537751,71055,USB-C MULTIPORT ADAPTER,2,2025-11-21 18:16:54,25.45,14714.0,Belgium
537751,22961,HEART OF WICKER LARGE,1,2025-11-21 18:16:54,2.97,14714.0,Belgium
537751,22423,REGENCY CAKESTAND 3 TIER,2,2025-11-21 18:16:54,12.96,14714.0,Belgium
537751,85099B,WHITE HANGING HEART T-LIGHT HOLDER,1,2025-11-21 18:16:54,2.66,14714.0,Belgium
537751,22720,SET OF 3 CAKE TINS PANTRY,1,2025-11-21 18:16:54,5.08,14714.0,Belgium
537751,22960,HEART OF WICKER SMALL,2,2025-11-21 18:16:54,1.67,14714.0,Belgium
C537752,85099B,WHITE HANGING HEART T-LIGHT HOLDER,-11,2025-12-28 02:40:46,2.56,12823.0,United Kingdom
C537752,22720,SET OF 3 CAKE TINS PANTRY,-8,2025-12-28 02:40:46,5.17,12823.0,United Kingdom
C537752,22961,HEART OF WICKER LARGE,-7,2025-12-28 02:40:46,3.08,12823.0,United Kingdom
C537752,21219,TRAVEL SEWING KIT,-12,2025-12-28 02:40:46,2.18,12823.0,United Kingdom
C537752,21230,BATHROOM SCALE VINTAGE,-6,2025-12-28 02:40:46,22.89,12823.0,United Kingdom
537753,84883,LED GROW LIGHT BULB,4,2025-06-18 00:26:02,14.57,15970.0,EIRE
537753,84882,GARDENING GLOVES PAIR,1,2025-06-18 00:26:02,4.8,15970.0,EIRE
537753,71053,WIRELESS ERGONOMIC MOUSE,2,2025-06-18 00:26:02,31.15,15970.0,EIRE
537753,71054,MECHANICAL KEYBOARD,2,2025-06-18 00:26:02,69.19,15970.0,EIRE
537753,71055,USB-C MULTIPORT ADAPTER,3,2025-06-18 00:26:02,26.18,15970.0,EIRE
537754,71057,MONITOR LIGHT BAR,4,2025-07-11 00:28:57,40.02,15426.0,United Kingdom
537754,71056,LARGE DESK PAD BLACK,4,2025-07-11 00:28:57,16.03,15426.0,United Kingdom
537754,71054,MECHANICAL KEYBOARD,1,2025-07-11 00:28:57,72.8,15426.0,United Kingdom
537754,84881,ORGANIC POTTING SOIL 10L,3,2025-07-11 00:28:57,7.29,15426.0,United Kingdom
537754,84882,GARDENING GLOVES PAIR,2,2025-07-11 00:28:57,4.91,15426.0,United Kingdom
537754,84880,WATERING CAN GREEN 2L,6,2025-07-11 00:28:57,11.35,15426.0,United Kingdom
537755,21736,ORGANIC TOMATO BASIL SAUCE,24,2025-03-20 17:45:13,4.61,14061.0,United Kingdom
537755,21734,ARTISAN PASTA PENNE,1,2025-03-20 17:45:13,3.37,14061.0,United Kingdom
537755,21735,AGED PARMESAN REGGIANO,1,2025-03-20 17:45:13,7.91,14061.0,United Kingdom
537756,20725,CROISSANT ALL BUTTER,3,2026-01-01 03:08:50,2.26,,United Kingdom
537756,20727,ALMOND DANISH,3,2026-01-01 03:08:50,2.88,,United Kingdom
537757,20728,CAPPUCCINO CUP & SAUCER,4,2025-11-19 01:10:20,8.89,14741.0,United Kingdom
537757,20727,ALMOND DANISH,1,2025-11-19 01:10:20,2.8,14741.0,United Kingdom
537757,85123A,COLOMBIAN ROAST COFFEE,4,2025-11-19 01:10:20,8.88,14741.0,United Kingdom
537757,85123C,DARK CHOCOLATE BAR 85%,3,2025-11-19 01:10:20,3.54,14741.0,United Kingdom
537757,85123E,CERAMIC COFFEE MUG,1,2025-11-19 01:10:20,6.39,14741.0,United Kingdom
537757,85123B,PURE CANE SUGAR,6,2025-11-19 01:10:20,2.48,14741.0,United Kingdom
537758,20725,CROISSANT ALL BUTTER,3,2025-02-19 19:36:35,2.24,,Netherlands
537758,20726,PAIN AU CHOCOLAT,3,2025-02-19 19:36:35,2.6,,Netherlands
537759,22720,SET OF 3 CAKE TINS PANTRY,3,2025-04-25 21:53:37,4.95,14366.0,United Kingdom
537759,85099B,WHITE HANGING HEART T-LIGHT HOLDER,1,2025-04-25 21:53:37,2.51,14366.0,United Kingdom
537759,22423,REGENCY CAKESTAND 3 TIER,1,2025-04-25 21:53:37,12.83,14366.0,United Kingdom
537759,22961,HEART OF WICKER LARGE,1,2025-04-25 21:53:37,2.92,14366.0,United Kingdom
537759,22960,HEART OF WICKER SMALL,4,2025-04-25 21:53:37,1.65,14366.0,United Kingdom
537759,21224,GLASS STORAGE JAR SMALL,1,2025-04-25 21:53:37,2.21,14366.0,United Kingdom
537760,71054,MECHANICAL KEYBOARD,1,2025-12-26 21:43:22,71.61,12871.0,United Kingdom
537760,71055,USB-C MULTIPORT ADAPTER,6,2025-12-26 21:43:22,23.95,12871.0,United Kingdom
537760,71056,LARGE DESK PAD BLACK,6,2025-12-26 21:43:22,15.88,12871.0,United Kingdom
537760,22427,ORGANIC EGGS DOZEN,4,2025-12-26 21:43:22,5.22,12871.0,United Kingdom
537760,22425,SWEET CREAM BUTTER,3,2025-12-26 21:43:22,4.08,12871.0,United Kingdom
537760,22423,ORGANIC WHOLE MILK,6,2025-12-26 21:43:22,3.35,12871.0,United Kingdom
537760,22424,WHOLE WHEAT BREAD,3,2025-12-26 21:43:22,2.89,12871.0,United Kingdom
537761,22427,ORGANIC EGGS DOZEN,1,2025-10-19 22:53:31,5.12,,Switzerland
537761,22424,WHOLE WHEAT BREAD,2,2025-10-19 22:53:31,3.1,,Switzerland
537762,20725,CROISSANT ALL BUTTER,1,2025-07-15 17:56:31,2.35,,United Kingdom
537762,20728,CAPPUCCINO CUP & SAUCER,3,2025-07-15 17:56:31,8.56,,United Kingdom
537762,20729,BLUEBERRY SCONE,6,2025-07-15 17:56:31,2.34,,United Kingdom
537763,84881,ORGANIC POTTING SOIL 10L,2,2026-01-03 02:31:49,7.01,15240.0,United Kingdom
537763,84879,CERAMIC PLANT POT WHITE,1,2026-01-03 02:31:49,9.78,15240.0,United Kingdom
537763,21227,VINTAGE UNION JACK CUSHION,1,2026-01-03 02:31:49,14.4,15240.0,United Kingdom
537764,84880,WATERING CAN GREEN 2L,1,2025-12-04 02:58:56,11.51,17744.0,United Kingdom
537764,84883,LED GROW LIGHT BULB,1,2025-12-04 02:58:56,14.44,17744.0,United Kingdom
537764,21218,SCENTED CANDLE LAVENDER,1,2025-12-04 02:58:56,4.14,17744.0,United Kingdom
537764,21226,CHILLI LIGHTS STRING,1,2025-12-04 02:58:56,8.44,17744.0,United Kingdom
537765,85123B,PURE CANE SUGAR,1,2025-12-29 21:41:48,2.46,15507.0,United Kingdom
537765,85123C,DARK CHOCOLATE BAR 85%,1,2025-12-29 21:41:48,3.52,15507.0,United Kingdom
537765,85123E,CERAMIC COFFEE MUG,4,2025-12-29 21:41:48,6.5,15507.0,United Kingdom
537766,20726,PAIN AU CHOCOLAT,1,2025-07-07 05:15:00,2.61,13797.0,United Kingdom
537766,20725,CROISSANT ALL BUTTER,1,2025-07-07 05:15:00,2.16,13797.0,United Kingdom
537766,20729,BLUEBERRY SCONE,12,2025-07-07 05:15:00,2.34,13797.0,United Kingdom
537766,20728,CAPPUCCINO CUP & SAUCER,1,2025-07-07 05:15:00,8.91,13797.0,United Kingdom
537766,20727,ALMOND DANISH,2,2025-07-07 05:15:00,2.75,13797.0,United Kingdom
537767,22423,REGENCY CAKESTAND 3 TIER,1,2025-04-11 02:37:00,13.22,15259.0,United Kingdom
537767,22961,HEART OF WICKER LARGE,1,2025-04-11 02:37:00,2.9,15259.0,United Kingdom
537767,22720,SET OF 3 CAKE TINS PANTRY,1,2025-04-11 02:37:00,5.0,15259.0,United Kingdom
537767,21230,BATHROOM SCALE VINTAGE,2,2025-04-11 02:37:00,23.05,15259.0,United Kingdom
537768,85123C,DARK CHOCOLATE BAR 85%,1,2025-05-18 19:40:27,3.64,17807.0,United Kingdom
537768,85123A,COLOMBIAN ROAST COFFEE,2,2025-05-18 19:40:27,9.34,17807.0,United Kingdom
537768,85123E,CERAMIC COFFEE MUG,1,2025-05-18 19:40:27,6.61,17807.0,United Kingdom
537768,85123D,FRENCH VANILLA SYRUP,4,2025-05-18 19:40:27,5.77,17807.0,United Kingdom
537768,22960,HEART OF WICKER SMALL,1,2025-05-18 19:40:27,1.73,17807.0,United Kingdom
537768,22961,HEART OF WICKER LARGE,1,2025-05-18 19:40:27,2.89,17807.0,United Kingdom
537768,22720,SET OF 3 CAKE TINS PANTRY,24,2025-05-18 19:40:27,5.15,17807.0,United Kingdom
537768,85099B,WHITE HANGING HEART T-LIGHT HOLDER,3,2025-05-18 19:40:27,2.49,17807.0,United Kingdom
537768,21229,HAND WARMER BIRD DESIGN,3,2025-05-18 19:40:27,1.86,17807.0,United Kingdom
537769,20728,CAPPUCCINO CUP & SAUCER,2,2026-01-02 19:06:59,8.84,14218.0,United Kingdom
537769,20729,BLUEBERRY SCONE,2,2026-01-02 19:06:59,2.49,14218.0,United Kingdom
537769,20725,CROISSANT ALL BUTTER,3,2026-01-02 19:06:59,2.16,14218.0,United Kingdom
537769,21217,PACK OF 20 NAPKINS,2,2026-01-02 19:06:59,1.41,14218.0,United Kingdom
537769,21230,BATHROOM SCALE VINTAGE,1,2026-01-02 19:06:59,22.95,14218.0,United Kingdom
537769,21222,RETRO SPOT APRON,4,2026-01-02 19:06:59,6.66,14218.0,United Kingdom
537770,20725,CROISSANT ALL BUTTER,2,2025-12-14 02:47:42,2.25,13242.0,United Kingdom
537770,20729,BLUEBERRY SCONE,6,2025-12-14 02:47:42,2.43,13242.0,United Kingdom
537770,21215,WOODEN PICTURE FRAME,1,2025-12-14 02:47:42,5.49,13242.0,United Kingdom
537771,84883,LED GROW LIGHT BULB,1,2025-08-28 20:31:48,14.49,,United Kingdom
537771,84879,CERAMIC PLANT POT WHITE,1,2025-08-28 20:31:48,9.76,,United Kingdom
537771,D,Discount,3,2025-08-28 20:31:48,-10.0,,United Kingdom
537772,22961,HEART OF WICKER LARGE,3,2025-02-13 00:08:07,2.88,15008.0,United Kingdom
537772,85099B,WHITE HANGING HEART T-LIGHT HOLDER,1,2025-02-13 00:08:07,2.49,15008.0,United Kingdom
537773,85123B,PURE CANE SUGAR,1,2025-10-13 18:08:34,2.38,17363.0,United Kingdom
537773,85123A,COLOMBIAN ROAST COFFEE,2,2025-10-13 18:08:34,9.13,17363.0,United Kingdom
537773,85123E,CERAMIC COFFEE MUG,2,2025-10-13 18:08:34,6.25,17363.0,United Kingdom
537773,85123C,DARK CHOCOLATE BAR 85%,1,2025-10-13 18:08:34,3.61,17363.0,United Kingdom
537773,85123D,FRENCH VANILLA SYRUP,1,2025-10-13 18:08:34,5.92,17363.0,United Kingdom
537773,21212,VINTAGE SNAP CARDS,2,2025-10-13 18:08:34,0.84,17363.0,United Kingdom
537774,21734,ARTISAN PASTA PENNE,2,2025-06-29 21:26:36,3.14,18212.0,United Kingdom
537774,21736,ORGANIC TOMATO BASIL SAUCE,2,2025-06-29 21:26:36,4.47,18212.0,United Kingdom
537774,20729,BLUEBERRY SCONE,1,2025-06-29 21:26:36,2.5,18212.0,United Kingdom
537774,20725,CROISSANT ALL BUTTER,4,2025-06-29 21:26:36,2.28,18212.0,United Kingdom
537774,20728,CAPPUCCINO CUP & SAUCER,6,2025-06-29 21:26:36,8.8,18212.0,United Kingdom
537774,71057,MONITOR LIGHT BAR,1,2025-06-29 21:26:36,38.5,18212.0,United Kingdom
537774,71056,LARGE DESK PAD BLACK,12,2025-06-29 21:26:36,15.29,18212.0,United Kingdom
537774,71055,USB-C MULTIPORT ADAPTER,1,2025-06-29 21:26:36,24.85,18212.0,United Kingdom
537775,21220,BICYCLE PUNCTURE REPAIR KIT,6,2025-10-28 03:21:22,3.14,15948.0,Germany
537776,22423,REGENCY CAKESTAND 3 TIER,2,2025-03-25 17:56:22,12.31,15404.0,United Kingdom
537776,85099B,WHITE HANGING HEART T-LIGHT HOLDER,4,2025-03-25 17:56:22,2.45,15404.0,United Kingdom
537776,22961,HEART OF WICKER LARGE,2,2025-03-25 17:56:22,2.92,15404.0,United Kingdom
537777,22427,ORGANIC EGGS DOZEN,24,2025-08-23 00:44:27,4.97,16213.0,United Kingdom
537777,22426,STRAWBERRY PRESERVES,6,2025-08-23 00:44:27,3.93,16213.0,United Kingdom
537777,22425,SWEET CREAM BUTTER,1,2025-08-23 00:44:27,4.46,16213.0,United Kingdom
537778,21222,RETRO SPOT APRON,3,2025-08-20 17:42:21,6.63,13381.0,United Kingdom
537779,21737,GARLIC HERB BREADSTICKS,2,2025-07-19 19:44:07,2.9,16800.0,United Kingdom
537779,21734,ARTISAN PASTA PENNE,6,2025-07-19 19:44:07,3.2,16800.0,United Kingdom
537779,20728,CAPPUCCINO CUP & SAUCER,1,2025-07-19 19:44:07,8.67,16800.0,United Kingdom
537779,20726,PAIN AU CHOCOLAT,2,2025-07-19 19:44:07,2.56,16800.0,United Kingdom
537780,71053,WIRELESS ERGONOMIC MOUSE,3,2025-02-28 23:18:35,31.18,,United Kingdom
537780,71057,MONITOR LIGHT BAR,4,2025-02-28 23:18:35,40.68,,United Kingdom
537781,20725,CROISSANT ALL BUTTER,6,2025-04-19 20:30:54,2.34,18012.0,United Kingdom
537781,20727,ALMOND DANISH,2,2025-04-19 20:30:54,2.71,18012.0,United Kingdom
537781,20726,PAIN AU CHOCOLAT,1,2025-04-19 20:30:54,2.41,18012.0,United Kingdom
537782,84879,CERAMIC PLANT POT WHITE,2,2025-07-03 22:52:55,9.72,15980.0,United Kingdom
537782,84883,LED GROW LIGHT BULB,6,2025-07-03 22:52:55,15.28,15980.0,United Kingdom
537782,85123B,PURE CANE SUGAR,2,2025-07-03 22:52:55,2.55,15980.0,United Kingdom
537782,85123C,DARK CHOCOLATE BAR 85%,12,2025-07-03 22:52:55,3.54,15980.0,United Kingdom
537782,85123A,COLOMBIAN ROAST COFFEE,12,2025-07-03 22:52:55,9.38,15980.0,United Kingdom
537782,85123D,FRENCH VANILLA SYRUP,2,2025-07-03 22:52:55,6.07,15980.0,United Kingdom
537782,85123E,CERAMIC COFFEE MUG,4,2025-07-03 22:52:55,6.65,15980.0,United Kingdom
537783,84882,GARDENING GLOVES PAIR,2,2025-01-31 02:25:07,4.94,,United Kingdom
537783,84879,CERAMIC PLANT POT WHITE,2,2025-01-31 02:25:07,9.7,,United Kingdom
537783,84883,LED GROW LIGHT BULB,3,2025-01-31 02:25:07,15.03,,United Kingdom
537783,84880,WATERING CAN GREEN 2L,1,2025-01-31 02:25:07,11.32,,United Kingdom
537783,21221,RETRO SPOT TEA TOWEL,2,2025-01-31 02:25:07,2.61,,United Kingdom
537783,21230,BATHROOM SCALE VINTAGE,3,2025-01-31 02:25:07,21.86,,United Kingdom
537783,21222,RETRO SPOT APRON,1,2025-01-31 02:25:07,6.85,,United Kingdom
537784,21737,GARLIC HERB BREADSTICKS,4,2025-12-12 04:48:21,3.0,,United Kingdom
537784,21733,ITALIAN EXTRA VIRGIN OLIVE OIL,1,2025-12-12 04:48:21,13.27,,United Kingdom
537784,21736,ORGANIC TOMATO BASIL SAUCE,1,2025-12-12 04:48:21,4.62,,United Kingdom
537785,22426,STRAWBERRY PRESERVES,3,2025-06-13 21:35:44,3.88,14882.0,United Kingdom
537785,22424,WHOLE WHEAT BREAD,1,2025-06-13 21:35:44,3.0,14882.0,United Kingdom
537785,22425,SWEET CREAM BUTTER,1,2025-06-13 21:35:44,4.36,14882.0,United Kingdom
537786,85123A,COLOMBIAN ROAST COFFEE,6,2025-07-01 04:06:49,9.41,13546.0,France
537786,85123D,FRENCH VANILLA SYRUP,3,2025-07-01 04:06:49,5.82,13546.0,France
537786,85123B,PURE CANE SUGAR,2,2025-07-01 04:06:49,2.61,13546.0,France
537787,22423,REGENCY CAKESTAND 3 TIER,1,2025-10-18 19:03:59,12.13,13898.0,United Kingdom
537787,22720,SET OF 3 CAKE TINS PANTRY,3,2025-10-18 19:03:59,4.83,13898.0,United Kingdom
537787,21228,WALL CLOCK RETRO RED,4,2025-10-18 19:03:59,18.75,13898.0,United Kingdom
537788,22425,SWEET CREAM BUTTER,3,2025-04-10 20:44:52,4.07,18201.0,France
537788,22427,ORGANIC EGGS DOZEN,1,2025-04-10 20:44:52,4.9,18201.0,France
537788,22424,WHOLE WHEAT BREAD,1,2025-04-10 20:44:52,2.86,18201.0,France
537788,22426,STRAWBERRY PRESERVES,12,2025-04-10 20:44:52,3.81,18201.0,France
537788,22423,ORGANIC WHOLE MILK,12,2025-04-10 20:44:52,3.62,18201.0,France
537788,21220,BICYCLE PUNCTURE REPAIR KIT,3,2025-04-10 20:44:52,2.86,18201.0,France
537788,21230,BATHROOM SCALE VINTAGE,1,2025-04-10 20:44:52,20.99,18201.0,France
537789,84880,WATERING CAN GREEN 2L,24,2025-08-22 17:22:51,11.48,17190.0,United Kingdom
537789,84883,LED GROW LIGHT BULB,3,2025-08-22 17:22:51,14.52,17190.0,United Kingdom
537789,84881,ORGANIC POTTING SOIL 10L,3,2025-08-22 17:22:51,6.74,17190.0,United Kingdom
537789,84879,CERAMIC PLANT POT WHITE,1,2025-08-22 17:22:51,9.83,17190.0,United Kingdom
537789,20728,CAPPUCCINO CUP & SAUCER,1,2025-08-22 17:22:51,8.44,17190.0,United Kingdom
537789,20729,BLUEBERRY SCONE,1,2025-08-22 17:22:51,2.38,17190.0,United Kingdom
537789,21212,VINTAGE SNAP CARDS,2,2025-08-22 17:22:51,0.82,17190.0,United Kingdom
537790,21217,PACK OF 20 NAPKINS,2,2025-01-19 21:53:20,1.42,13819.0,Spain
537791,22425,SWEET CREAM BUTTER,1,2025-08-06 23:02:37,4.17,16919.0,United Kingdom
537791,22424,WHOLE WHEAT BREAD,6,2025-08-06 23:02:37,3.1,16919.0,United Kingdom
537792,85123A,COLOMBIAN ROAST COFFEE,6,2025-12-02 19:01:58,8.94,,United Kingdom
537792,85123C,DARK CHOCOLATE BAR 85%,2,2025-12-02 19:01:58,3.52,,United Kingdom
537792,85123E,CERAMIC COFFEE MUG,2,2025-12-02 19:01:58,6.24,,United Kingdom
537792,85123D,FRENCH VANILLA SYRUP,6,2025-12-02 19:01:58,5.79,,United Kingdom
537793,21224,GLASS STORAGE JAR SMALL,4,2025-06-16 23:36:16,2.17,,United Kingdom
537794,84882,GARDENING GLOVES PAIR,2,2025-10-21 00:48:43,4.89,,United Kingdom
537794,84880,WATERING CAN GREEN 2L,1,2025-10-21 00:48:43,12.02,,United Kingdom
537794,84879,CERAMIC PLANT POT WHITE,24,2025-10-21 00:48:43,9.98,,United Kingdom
537794,21230,BATHROOM SCALE VINTAGE,1,2025-10-21 00:48:43,21.88,,United Kingdom
537795,22423,ORGANIC WHOLE MILK,24,2025-08-24 17:54:18,3.36,17942.0,United Kingdom
537795,22427,ORGANIC EGGS DOZEN,2,2025-08-24 17:54:18,4.99,17942.0,United Kingdom
537795,22424,WHOLE WHEAT BREAD,3,2025-08-24 17:54:18,2.9,17942.0,United Kingdom
C537796,71055,USB-C MULTIPORT ADAPTER,-8,2025-10-04 20:14:07,24.39,16900.0,United Kingdom
C537796,71053,WIRELESS ERGONOMIC MOUSE,-10,2025-10-04 20:14:07,29.8,16900.0,United Kingdom
C537796,71056,LARGE DESK PAD BLACK,-3,2025-10-04 20:14:07,15.49,16900.0,United Kingdom
C537796,71057,MONITOR LIGHT BAR,-5,2025-10-04 20:14:07,39.28,16900.0,United Kingdom
C537796,84880,WATERING CAN GREEN 2L,-8,2025-10-04 20:14:07,11.79,16900.0,United Kingdom
C537796,84879,CERAMIC PLANT POT WHITE,-10,2025-10-04 20:14:07,9.67,16900.0,United Kingdom
537797,22426,STRAWBERRY PRESERVES,2,2025-05-30 19:13:19,3.75,15043.0,United Kingdom
537797,22423,ORGANIC WHOLE MILK,3,2025-05-30 19:13:19,3.5,15043.0,United Kingdom
537797,22425,SWEET CREAM BUTTER,6,2025-05-30 19:13:19,4.14,15043.0,United Kingdom
537797,22424,WHOLE WHEAT BREAD,2,2025-05-30 19:13:19,3.01,15043.0,United Kingdom
537797,22427,ORGANIC EGGS DOZEN,1,2025-05-30 19:13:19,5.19,15043.0,United Kingdom
537797,21216,EMERGENCY FIRST AID TIN,24,2025-05-30 19:13:19,3.71,15043.0,United Kingdom
537797,M,MANUAL,2,2025-05-30 19:13:19,2.44,15043.0,United Kingdom
537798,84882,GARDENING GLOVES PAIR,2,2025-06-01 02:27:18,5.04,18218.0,United Kingdom
537798,84879,CERAMIC PLANT POT WHITE,2,2025-06-01 02:27:18,10.39,18218.0,United Kingdom
537798,84880,WATERING CAN GREEN 2L,2,2025-06-01 02:27:18,10.94,18218.0,United Kingdom
537798,84881,ORGANIC POTTING SOIL 10L,2,2025-06-01 02:27:18,7.02,18218.0,United Kingdom
537799,85123E,CERAMIC COFFEE MUG,4,2025-04-23 17:09:09,6.76,14908.0,United Kingdom
537799,85123A,COLOMBIAN ROAST COFFEE,1,2025-04-23 17:09:09,8.81,14908.0,United Kingdom
537799,21222,RETRO SPOT APRON,2,2025-04-23 17:09:09,6.64,14908.0,United Kingdom
537800,85123E,CERAMIC COFFEE MUG,1,2025-05-29 01:12:10,6.78,17213.0,United Kingdom
537800,85123C,DARK CHOCOLATE BAR 85%,6,2025-05-29 01:12:10,3.57,17213.0,United Kingdom
537800,22960,HEART OF WICKER SMALL,4,2025-05-29 01:12:10,1.62,17213.0,United Kingdom
537800,85099B,WHITE HANGING HEART T-LIGHT HOLDER,1,2025-05-29 01:12:10,2.43,17213.0,United Kingdom
537800,22720,SET OF 3 CAKE TINS PANTRY,3,2025-05-29 01:12:10,5.04,17213.0,United Kingdom
537800,84882,GARDENING GLOVES PAIR,1,2025-05-29 01:12:10,5.19,17213.0,United Kingdom
537800,84879,CERAMIC PLANT POT WHITE,1,2025-05-29 01:12:10,9.71,17213.0,United Kingdom
537800,84883,LED GROW LIGHT BULB,1,2025-05-29 01:12:10,14.56,17213.0,United Kingdom
537801,71056,LARGE DESK PAD BLACK,2,2025-08-03 02:30:53,16.12,12767.0,United Kingdom
537801,71057,MONITOR LIGHT BAR,3,2025-08-03 02:30:53,40.93,12767.0,United Kingdom
537801,21224,GLASS STORAGE JAR SMALL,24,2025-08-03 02:30:53,2.25,12767.0,United Kingdom
537802,71056,LARGE DESK PAD BLACK,6,2025-06-09 05:13:03,15.38,17190.0,United Kingdom
537802,71057,MONITOR LIGHT BAR,3,2025-06-09 05:13:03,38.61,17190.0,United Kingdom
537802,71053,WIRELESS ERGONOMIC MOUSE,2,2025-06-09 05:13:03,28.97,17190.0,United Kingdom
537803,84882,GARDENING GLOVES PAIR,1,2025-03-28 16:35:30,5.18,15998.0,United Kingdom
537803,84881,ORGANIC POTTING SOIL 10L,3,2025-03-28 16:35:30,7.19,15998.0,United Kingdom
537803,22425,SWEET CREAM BUTTER,3,2025-03-28 16:35:30,4.44,15998.0,United Kingdom
537803,22426,STRAWBERRY PRESERVES,6,2025-03-28 16:35:30,3.98,15998.0,United Kingdom
537803,22424,WHOLE WHEAT BREAD,12,2025-03-28 16:35:30,3.13,15998.0,United Kingdom
537804,20727,ALMOND DANISH,2,2025-04-29 19:49:07,2.67,,Netherlands
537804,20725,CROISSANT ALL BUTTER,3,2025-04-29 19:49:07,2.32,,Netherlands
537804,20728,CAPPUCCINO CUP & SAUCER,12,2025-04-29 19:49:07,8.7,,Netherlands
537804,20729,BLUEBERRY SCONE,2,2025-04-29 19:49:07,2.48,,Netherlands
537804,22424,WHOLE WHEAT BREAD,3,2025-04-29 19:49:07,2.88,,Netherlands
537804,22423,ORGANIC WHOLE MILK,1,2025-04-29 19:49:07,3.5,,Netherlands
537804,21218,SCENTED CANDLE LAVENDER,2,2025-04-29 19:49:07,4.08,,Netherlands
537805,71057,MONITOR LIGHT BAR,3,2025-08-10 20:28:02,41.38,16942.0,Spain
537805,71053,WIRELESS ERGONOMIC MOUSE,1,2025-08-10 20:28:02,30.13,16942.0,Spain
537805,71055,USB-C MULTIPORT ADAPTER,1,2025-08-10 20:28:02,25.69,16942.0,Spain
537805,71054,MECHANICAL KEYBOARD,1,2025-08-10 20:28:02,67.21,16942.0,Spain
537805,22426,STRAWBERRY PRESERVES,1,2025-08-10 20:28:02,3.81,16942.0,Spain
537805,22423,ORGANIC WHOLE MILK,3,2025-08-10 20:28:02,3.64,16942.0,Spain
537805,22424,WHOLE WHEAT BREAD,4,2025-08-10 20:28:02,2.89,16942.0,Spain
537806,21733,ITALIAN EXTRA VIRGIN OLIVE OIL,2,2025-03-26 19:34:55,13.1,17802.0,United Kingdom
537806,21736,ORGANIC TOMATO BASIL SAUCE,2,2025-03-26 19:34:55,4.58,17802.0,United Kingdom
537806,21229,HAND WARMER BIRD DESIGN,1,2025-03-26 19:34:55,1.93,17802.0,United Kingdom
537806,21217,PACK OF 20 NAPKINS,6,2025-03-26 19:34:55,1.49,17802.0,United Kingdom
537807,21736,ORGANIC TOMATO BASIL SAUCE,1,2025-11-11 01:01:06,4.61,17465.0,United Kingdom
537807,21734,ARTISAN PASTA PENNE,6,2025-11-11 01:01:06,3.45,17465.0,United Kingdom
537807,21735,AGED PARMESAN REGGIANO,1,2025-11-11 01:01:06,8.17,17465.0,United Kingdom
537807,21733,ITALIAN EXTRA VIRGIN OLIVE OIL,24,2025-11-11 01:01:06,13.01,17465.0,United Kingdom
537808,22423,ORGANIC WHOLE MILK,6,2025-02-03 20:28:11,3.54,17901.0,United Kingdom
537808,22424,WHOLE WHEAT BREAD,3,2025-02-03 20:28:11,2.93,17901.0,United Kingdom
537808,22427,ORGANIC EGGS DOZEN,2,2025-02-03 20:28:11,4.99,17901.0,United Kingdom
537809,71057,MONITOR LIGHT BAR,1,2025-08-31 20:31:26,39.49,12961.0,United Kingdom
537809,71055,USB-C MULTIPORT ADAPTER,3,2025-08-31 20:31:26,25.98,12961.0,United Kingdom
537809,71053,WIRELESS ERGONOMIC MOUSE,2,2025-08-31 20:31:26,30.8,12961.0,United Kingdom
537809,20728,CAPPUCCINO CUP & SAUCER,24,2025-08-31 20:31:26,8.22,12961.0,United Kingdom
537809,20725,CROISSANT ALL BUTTER,1,2025-08-31 20:31:26,2.34,12961.0,United Kingdom
537809,20729,BLUEBERRY SCONE,2,2025-08-31 20:31:26,2.29,12961.0,United Kingdom
537809,20726,PAIN AU CHOCOLAT,1,2025-08-31 20:31:26,2.58,12961.0,United Kingdom
537810,71057,MONITOR LIGHT BAR,1,2025-06-07 20:01:43,38.97,14700.0,Spain
537810,71055,USB-C MULTIPORT ADAPTER,2,2025-06-07 20:01:43,25.36,14700.0,Spain
537810,21217,PACK OF 20 NAPKINS,3,2025-06-07 20:01:43,1.44,14700.0,Spain
537810,21223,SET OF 6 SPICE JARS,1,2025-06-07 20:01:43,9.55,14700.0,Spain
537811,71055,  USB-C MULTIPORT ADAPTER   ,1,2025-04-29 23:56:56,24.56,12998.0,Germany
537811,71053,WIRELESS ERGONOMIC MOUSE,1,2025-04-29 23:56:56,30.35,12998.0,Germany
537811,71057,MONITOR LIGHT BAR,1,2025-04-29 23:56:56,40.27,12998.0,Germany
537811,21736,ORGANIC TOMATO BASIL SAUCE,4,2025-04-29 23:56:56,4.42,12998.0,Germany
537811,21737,GARLIC HERB BREADSTICKS,1,2025-04-29 23:56:56,3.12,12998.0,Germany
537811,21735,AGED PARMESAN REGGIANO,1,2025-04-29 23:56:56,7.85,12998.0,Germany
537812,71053,WIRELESS ERGONOMIC MOUSE,2,2025-06-23 16:38:58,31.13,17734.0,Spain
537812,71054,MECHANICAL KEYBOARD,1,2025-06-23 16:38:58,66.57,17734.0,Spain
537813,20729,BLUEBERRY SCONE,1,2025-03-27 20:09:24,2.46,15947.0,United Kingdom
537813,20725,CROISSANT ALL BUTTER,2,2025-03-27 20:09:24,2.33,15947.0,United Kingdom
537813,20726,PAIN AU CHOCOLAT,1,2025-03-27 20:09:24,2.62,15947.0,United Kingdom
537813,21218,SCENTED CANDLE LAVENDER,1,2025-03-27 20:09:24,4.02,15947.0,United Kingdom
C537814,21735,AGED PARMESAN REGGIANO,-3,2025-07-14 22:51:01,7.92,17348.0,United Kingdom
C537814,21737,GARLIC HERB BREADSTICKS,-3,2025-07-14 22:51:01,2.88,17348.0,United Kingdom
C537814,21733,ITALIAN EXTRA VIRGIN OLIVE OIL,-2,2025-07-14 22:51:01,13.2,17348.0,United Kingdom
537815,22425,SWEET CREAM BUTTER,1,2025-02-02 22:04:16,4.22,16766.0,United Kingdom
537815,22424,WHOLE WHEAT BREAD,1,2025-02-02 22:04:16,3.04,16766.0,United Kingdom
537815,22426,STRAWBERRY PRESERVES,1,2025-02-02 22:04:16,4.04,16766.0,United Kingdom
537816,21735,AGED PARMESAN REGGIANO,6,2025-10-12 04:08:38,8.16,,United Kingdom
537816,21734,ARTISAN PASTA PENNE,3,2025-10-12 04:08:38,3.23,,United Kingdom
537816,21736,ORGANIC TOMATO BASIL SAUCE,2,2025-10-12 04:08:38,4.47,,United Kingdom
537817,20728,CAPPUCCINO CUP & SAUCER,1,2025-06-24 20:50:29,8.69,16508.0,United Kingdom
537817,20725,CROISSANT ALL BUTTER,6,2025-06-24 20:50:29,2.2,16508.0,United Kingdom
537817,20726,PAIN AU CHOCOLAT,2,2025-06-24 20:50:29,2.47,16508.0,United Kingdom
537817,20729,BLUEBERRY SCONE,1,2025-06-24 20:50:29,2.37,16508.0,United Kingdom
537818,21222,RETRO SPOT APRON,1,2025-07-28 23:26:48,6.67,13665.0,United Kingdom
537819,85123C,DARK CHOCOLATE BAR 85%,1,2025-11-30 21:06:49,3.61,15631.0,United Kingdom
537819,85123E,CERAMIC COFFEE MUG,3,2025-11-30 21:06:49,6.41,15631.0,United Kingdom
537820,85123E,CERAMIC COFFEE MUG,1,2025-01-15 04:55:27,6.27,13764.0,United Kingdom
537820,85123D,FRENCH VANILLA SYRUP,1,2025-01-15 04:55:27,5.79,13764.0,United Kingdom
537821,71054,MECHANICAL KEYBOARD,1,2025-05-21 21:14:39,72.18,15666.0,United Kingdom
537821,71056,LARGE DESK PAD BLACK,1,2025-05-21 21:14:39,15.71,15666.0,United Kingdom
537821,22426,STRAWBERRY PRESERVES,1,2025-05-21 21:14:39,3.93,15666.0,United Kingdom
537821,22425,SWEET CREAM BUTTER,2,2025-05-21 21:14:39,4.16,15666.0,United Kingdom
537821,22423,ORGANIC WHOLE MILK,1,2025-05-21 21:14:39,3.6,15666.0,United Kingdom
537821,21221,RETRO SPOT TEA TOWEL,1,2025-05-21 21:14:39,2.48,15666.0,United Kingdom
537821,21217,PACK OF 20 NAPKINS,1,2025-05-21 21:14:39,1.41,15666.0,United Kingdom
537822,85123B,PURE CANE SUGAR,2,2025-10-18 05:24:58,2.38,,United Kingdom
537822,85123A,COLOMBIAN ROAST COFFEE,2,2025-10-18 05:24:58,8.63,,United Kingdom
537822,85123E,CERAMIC COFFEE MUG,2,2025-10-18 05:24:58,6.42,,United Kingdom
537822,85123D,FRENCH VANILLA SYRUP,1,2025-10-18 05:24:58,6.12,,United Kingdom
537822,85123C,DARK CHOCOLATE BAR 85%,1,2025-10-18 05:24:58,3.51,,United Kingdom
537823,22423,ORGANIC WHOLE MILK,6,2025-07-13 22:28:22,3.43,14104.0,United Kingdom
537823,22427,ORGANIC EGGS DOZEN,2,2025-07-13 22:28:22,4.92,14104.0,United Kingdom
537823,21230,BATHROOM SCALE VINTAGE,12,2025-07-13 22:28:22,22.79,14104.0,United Kingdom
537824,85123D,FRENCH VANILLA SYRUP,2,2025-02-15 16:38:02,6.2,,United Kingdom
537824,85123A,COLOMBIAN ROAST COFFEE,1,2025-02-15 16:38:02,9.33,,United Kingdom
537824,85123C,DARK CHOCOLATE BAR 85%,2,2025-02-15 16:38:02,3.38,,United Kingdom
537825,85123C,DARK CHOCOLATE BAR 85%,3,2025-08-20 04:03:24,3.54,15052.0,United Kingdom
537825,85123E,CERAMIC COFFEE MUG,2,2025-08-20 04:03:24,6.2,15052.0,United Kingdom
537825,85123B,PURE CANE SUGAR,2,2025-08-20 04:03:24,2.49,15052.0,United Kingdom
537825,22960,HEART OF WICKER SMALL,4,2025-08-20 04:03:24,1.7,15052.0,United Kingdom
537825,85099B,WHITE HANGING HEART T-LIGHT HOLDER,2,2025-08-20 04:03:24,2.65,15052.0,United Kingdom
537825,22961,HEART OF WICKER LARGE,3,2025-08-20 04:03:24,2.82,15052.0,United Kingdom
537825,22423,REGENCY CAKESTAND 3 TIER,1,2025-08-20 04:03:24,12.12,15052.0,United Kingdom
537826,71056,LARGE DESK PAD BLACK,4,2025-04-01 00:23:46,15.68,16814.0,United Kingdom
537826,71054,  MECHANICAL KEYBOARD   ,3,2025-04-01 00:23:46,72.76,16814.0,United Kingdom
537827,21733,ITALIAN EXTRA VIRGIN OLIVE OIL,6,2025-05-18 00:33:50,13.24,12584.0,United Kingdom
537827,21735,AGED PARMESAN REGGIANO,1,2025-05-18 00:33:50,8.1,12584.0,United Kingdom
537827,21736,ORGANIC TOMATO BASIL SAUCE,6,2025-05-18 00:33:50,4.37,12584.0,United Kingdom
537827,21227,VINTAGE UNION JACK CUSHION,3,2025-05-18 00:33:50,14.28,12584.0,United Kingdom
537828,85123D,FRENCH VANILLA SYRUP,4,2025-10-04 02:49:09,5.87,15021.0,United Kingdom
537828,85123E,CERAMIC COFFEE MUG,1,2025-10-04 02:49:09,6.23,15021.0,United Kingdom
537828,85123C,DARK CHOCOLATE BAR 85%,2,2025-10-04 02:49:09,3.48,15021.0,United Kingdom
537828,85123B,PURE CANE SUGAR,4,2025-10-04 02:49:09,2.39,15021.0,United Kingdom
537829,21733,ITALIAN EXTRA VIRGIN OLIVE OIL,3,2025-05-31 02:05:28,12.5,,United Kingdom
537829,21734,ARTISAN PASTA PENNE,2,2025-05-31 02:05:28,3.44,,United Kingdom
537830,20725,CROISSANT ALL BUTTER,3,2025-09-06 20:10:19,2.26,14126.0,United Kingdom
537830,20728,CAPPUCCINO CUP & SAUCER,3,2025-09-06 20:10:19,8.72,14126.0,United Kingdom
537830,20726,PAIN AU CHOCOLAT,6,2025-09-06 20:10:19,2.54,14126.0,United Kingdom
537830,84881,ORGANIC POTTING SOIL 10L,6,2025-09-06 20:10:19,7.3,14126.0,United Kingdom
537830,84880,WATERING CAN GREEN 2L,2,2025-09-06 20:10:19,11.06,14126.0,United Kingdom
537830,84882,GARDENING GLOVES PAIR,1,2025-09-06 20:10:19,5.2,14126.0,United Kingdom
537830,84883,LED GROW LIGHT BULB,1,2025-09-06 20:10:19,14.98,14126.0,United Kingdom
537830,84879,CERAMIC PLANT POT WHITE,2,2025-09-06 20:10:19,9.89,14126.0,United Kingdom
537830,21224,GLASS STORAGE JAR SMALL,1,2025-09-06 20:10:19,2.26,14126.0,United Kingdom
537830,21230,BATHROOM SCALE VINTAGE,2,2025-09-06 20:10:19,22.73,14126.0,United Kingdom
537831,85099B,WHITE HANGING HEART T-LIGHT HOLDER,4,2025-03-10 22:18:25,2.55,17597.0,Germany
537831,22960,HEART OF WICKER SMALL,4,2025-03-10 22:18:25,1.71,17597.0,Germany
537831,21214,RECIPE BOX PANTRY DESIGN,4,2025-03-10 22:18:25,8.03,17597.0,Germany
537832,84880,WATERING CAN GREEN 2L,2,2025-09-22 03:36:02,11.87,13758.0,United Kingdom
537832,84881,ORGANIC POTTING SOIL 10L,4,2025-09-22 03:36:02,7.34,13758.0,United Kingdom
537832,84883,LED GROW LIGHT BULB,1,2025-09-22 03:36:02,14.33,13758.0,United Kingdom
537832,84882,GARDENING GLOVES PAIR,4,2025-09-22 03:36:02,4.77,13758.0,United Kingdom
537832,20726,PAIN AU CHOCOLAT,3,2025-09-22 03:36:02,2.59,13758.0,United Kingdom
537832,20725,CROISSANT ALL BUTTER,6,2025-09-22 03:36:02,2.18,13758.0,United Kingdom
537832,20728,CAPPUCCINO CUP & SAUCER,2,2025-09-22 03:36:02,8.24,13758.0,United Kingdom
537832,21218,SCENTED CANDLE LAVENDER,2,2025-09-22 03:36:02,4.37,13758.0,United Kingdom
537833,22960,HEART OF WICKER SMALL,3,2025-01-20 21:47:44,1.61,17675.0,United Kingdom
537833,85099B,WHITE HANGING HEART T-LIGHT HOLDER,1,2025-01-20 21:47:44,2.51,17675.0,United Kingdom
537833,22720,SET OF 3 CAKE TINS PANTRY,2,2025-01-20 21:47:44,4.71,17675.0,United Kingdom
537834,22424,WHOLE WHEAT BREAD,1,2025-12-18 00:47:21,3.01,15180.0,United Kingdom
537834,22426,STRAWBERRY PRESERVES,1,2025-12-18 00:47:21,3.76,15180.0,United Kingdom
537835,84879,CERAMIC PLANT POT WHITE,2,2025-11-07 16:55:28,9.51,13346.0,France
537835,84880,WATERING CAN GREEN 2L,6,2025-11-07 16:55:28,12.07,13346.0,France
537835,21220,BICYCLE PUNCTURE REPAIR KIT,24,2025-11-07 16:55:28,2.95,13346.0,France
537836,85123C,DARK CHOCOLATE BAR 85%,3,2025-09-28 03:11:47,3.33,17408.0,Belgium
537836,85123B,PURE CANE SUGAR,1,2025-09-28 03:11:47,2.48,17408.0,Belgium
537836,22423,REGENCY CAKESTAND 3 TIER,3,2025-09-28 03:11:47,12.74,17408.0,Belgium
537836,22961,HEART OF WICKER LARGE,4,2025-09-28 03:11:47,3.06,17408.0,Belgium
537837,85123B,PURE CANE SUGAR,4,2025-12-14 20:38:59,2.47,14099.0,United Kingdom
537837,85123C,DARK CHOCOLATE BAR 85%,1,2025-12-14 20:38:59,3.35,14099.0,United Kingdom
537837,85123E,CERAMIC COFFEE MUG,6,2025-12-14 20:38:59,6.25,14099.0,United Kingdom
537837,22423,REGENCY CAKESTAND 3 TIER,4,2025-12-14 20:38:59,13.04,14099.0,United Kingdom
537837,22720,SET OF 3 CAKE TINS PANTRY,2,2025-12-14 20:38:59,4.95,14099.0,United Kingdom
537837,85099B,WHITE HANGING HEART T-LIGHT HOLDER,2,2025-12-14 20:38:59,2.45,14099.0,United Kingdom
537837,22960,HEART OF WICKER SMALL,2,2025-12-14 20:38:59,1.64,14099.0,United Kingdom
537837,71055,USB-C MULTIPORT ADAPTER,2,2025-12-14 20:38:59,23.83,14099.0,United Kingdom
537837,71056,LARGE DESK PAD BLACK,2,2025-12-14 20:38:59,15.47,14099.0,United Kingdom
537837,21224,GLASS STORAGE JAR SMALL,2,2025-12-14 20:38:59,2.36,14099.0,United Kingdom
537838,20728,CAPPUCCINO CUP & SAUCER,1,2025-08-17 22:11:17,8.33,,United Kingdom
537838,20729,BLUEBERRY SCONE,1,2025-08-17 22:11:17,2.41,,United Kingdom
537838,20727,ALMOND DANISH,1,2025-08-17 22:11:17,2.84,,United Kingdom
537838,20726,PAIN AU CHOCOLAT,2,2025-08-17 22:11:17,2.48,,United Kingdom
537838,20725,CROISSANT ALL BUTTER,1,2025-08-17 22:11:17,2.2,,United Kingdom
537838,21734,ARTISAN PASTA PENNE,6,2025-08-17 22:11:17,3.21,,United Kingdom
537838,21735,AGED PARMESAN REGGIANO,2,2025-08-17 22:11:17,8.07,,United Kingdom
537838,21733,ITALIAN EXTRA VIRGIN OLIVE OIL,3,2025-08-17 22:11:17,13.44,,United Kingdom
537838,22424,WHOLE WHEAT BREAD,6,2025-08-17 22:11:17,3.13,,United Kingdom
537838,22425,SWEET CREAM BUTTER,3,2025-08-17 22:11:17,4.26,,United Kingdom
537839,20728,CAPPUCCINO CUP & SAUCER,2,2025-05-25 21:19:52,8.29,17991.0,United Kingdom
537839,20726,PAIN AU CHOCOLAT,2,2025-05-25 21:19:52,2.53,17991.0,United Kingdom
537839,20725,CROISSANT ALL BUTTER,4,2025-05-25 21:19:52,2.29,17991.0,United Kingdom
537839,20727,ALMOND DANISH,2,2025-05-25 21:19:52,2.74,17991.0,United Kingdom
537840,71053,WIRELESS ERGONOMIC MOUSE,1,2025-11-04 21:15:56,29.38,17138.0,United Kingdom
537840,71057,MONITOR LIGHT BAR,3,2025-11-04 21:15:56,41.4,17138.0,United Kingdom
537840,71054,MECHANICAL KEYBOARD,6,2025-11-04 21:15:56,71.04,17138.0,United Kingdom
537840,21221,RETRO SPOT TEA TOWEL,1,2025-11-04 21:15:56,2.55,17138.0,United Kingdom
537841,22425,SWEET CREAM BUTTER,1,2025-04-11 20:55:02,4.26,17110.0,United Kingdom
537841,22427,ORGANIC EGGS DOZEN,1,2025-04-11 20:55:02,5.2,17110.0,United Kingdom
537841,22426,STRAWBERRY PRESERVES,3,2025-04-11 20:55:02,3.93,17110.0,United Kingdom
537841,85123E,CERAMIC COFFEE MUG,4,2025-04-11 20:55:02,6.43,17110.0,United Kingdom
537841,85123D,FRENCH VANILLA SYRUP,6,2025-04-11 20:55:02,6.03,17110.0,United Kingdom
537841,85123A,COLOMBIAN ROAST COFFEE,2,2025-04-11 20:55:02,9.39,17110.0,United Kingdom
537842,21224,GLASS STORAGE JAR SMALL,1,2025-02-17 18:35:09,2.21,14653.0,United Kingdom
537843,22426,STRAWBERRY PRESERVES,2,2025-10-10 23:33:45,3.71,16585.0,United Kingdom
537843,22424,WHOLE WHEAT BREAD,1,2025-10-10 23:33:45,2.95,16585.0,United Kingdom
537843,22425,SWEET CREAM BUTTER,4,2025-10-10 23:33:45,4.41,16585.0,United Kingdom
537843,22427,ORGANIC EGGS DOZEN,2,2025-10-10 23:33:45,4.95,16585.0,United Kingdom
537844,85099B,WHITE HANGING HEART T-LIGHT HOLDER,2,2025-03-21 21:09:28,2.45,14230.0,United Kingdom
537844,22423,REGENCY CAKESTAND 3 TIER,24,2025-03-21 21:09:28,13.37,14230.0,United Kingdom
537844,22720,SET OF 3 CAKE TINS PANTRY,6,2025-03-21 21:09:28,4.97,14230.0,United Kingdom
537844,85123A,COLOMBIAN ROAST COFFEE,2,2025-03-21 21:09:28,8.96,14230.0,United Kingdom
537844,85123B,PURE CANE SUGAR,1,2025-03-21 21:09:28,2.44,14230.0,United Kingdom
537844,21219,TRAVEL SEWING KIT,1,2025-03-21 21:09:28,2.08,14230.0,United Kingdom
537844,21229,HAND WARMER BIRD DESIGN,1,2025-03-21 21:09:28,1.93,14230.0,United Kingdom
537845,85123A,COLOMBIAN ROAST COFFEE,2,2025-03-25 05:12:51,9.21,17410.0,United Kingdom
537845,85123C,DARK CHOCOLATE BAR 85%,1,2025-03-25 05:12:51,3.55,17410.0,United Kingdom
537846,84880,WATERING CAN GREEN 2L,1,2025-05-08 19:51:49,11.62,13768.0,United Kingdom
537846,84882,GARDENING GLOVES PAIR,1,2025-05-08 19:51:49,4.75,13768.0,United Kingdom
537846,84881,ORGANIC POTTING SOIL 10L,1,2025-05-08 19:51:49,6.97,13768.0,United Kingdom
537847,22427,ORGANIC EGGS DOZEN,2,2025-06-11 02:10:05,4.85,18122.0,France
537847,22424,WHOLE WHEAT BREAD,3,2025-06-11 02:10:05,3.12,18122.0,France
537847,22423,ORGANIC WHOLE MILK,3,2025-06-11 02:10:05,3.58,18122.0,France
537847,85123D,FRENCH VANILLA SYRUP,1,2025-06-11 02:10:05,6.12,18122.0,France
537847,85123E,CERAMIC COFFEE MUG,3,2025-06-11 02:10:05,6.75,18122.0,France
537847,85123C,DARK CHOCOLATE BAR 85%,3,2025-06-11 02:10:05,3.51,18122.0,France
537847,85123B,PURE CANE SUGAR,3,2025-06-11 02:10:05,2.52,18122.0,France
537848,21213,MINI PAINT SET 9 COLOURS,2,2025-05-10 18:17:39,1.29,,United Kingdom
537849,85123A,COLOMBIAN ROAST COFFEE,2,2025-12-20 23:49:47,8.67,,United Kingdom
537849,85123C,DARK CHOCOLATE BAR 85%,2,2025-12-20 23:49:47,3.52,,United Kingdom
537849,85123B,PURE CANE SUGAR,2,2025-12-20 23:49:47,2.49,,United Kingdom
537849,85123E,CERAMIC COFFEE MUG,2,2025-12-20 23:49:47,6.77,,United Kingdom
537849,21218,SCENTED CANDLE LAVENDER,1,2025-12-20 23:49:47,4.24,,United Kingdom
537849,21221,RETRO SPOT TEA TOWEL,12,2025-12-20 23:49:47,2.62,,United Kingdom
537849,21220,BICYCLE PUNCTURE REPAIR KIT,1,2025-12-20 23:49:47,3.11,,United Kingdom
537850,71056,LARGE DESK PAD BLACK,12,2025-08-15 00:48:18,15.39,13631.0,United Kingdom
537850,71057,MONITOR LIGHT BAR,2,2025-08-15 00:48:18,41.16,13631.0,United Kingdom
537850,71055,USB-C MULTIPORT ADAPTER,3,2025-08-15 00:48:18,25.97,13631.0,United Kingdom
537850,71054,MECHANICAL KEYBOARD,6,2025-08-15 00:48:18,68.9,13631.0,United Kingdom
537850,20728,CAPPUCCINO CUP & SAUCER,1,2025-08-15 00:48:18,8.17,13631.0,United Kingdom
537850,20729,BLUEBERRY SCONE,6,2025-08-15 00:48:18,2.36,13631.0,United Kingdom
C537851,21737,GARLIC HERB BREADSTICKS,-1,2025-01-22 21:47:26,3.11,15752.0,United Kingdom
C537851,21735,AGED PARMESAN REGGIANO,-4,2025-01-22 21:47:26,8.16,15752.0,United Kingdom
C537851,21736,ORGANIC TOMATO BASIL SAUCE,-8,2025-01-22 21:47:26,4.41,15752.0,United Kingdom
C537851,21734,ARTISAN PASTA PENNE,-12,2025-01-22 21:47:26,3.3,15752.0,United Kingdom
537852,20725,CROISSANT ALL BUTTER,6,2025-04-10 03:29:04,2.14,,United Kingdom
537852,20729,BLUEBERRY SCONE,4,2025-04-10 03:29:04,2.47,,United Kingdom
537852,20728,CAPPUCCINO CUP & SAUCER,6,2025-04-10 03:29:04,8.77,,United Kingdom
537852,21229,HAND WARMER BIRD DESIGN,1,2025-04-10 03:29:04,1.87,,United Kingdom
537853,21735,AGED PARMESAN REGGIANO,1,2025-12-08 04:02:36,7.68,13259.0,United Kingdom
537853,21736,ORGANIC TOMATO BASIL SAUCE,1,2025-12-08 04:02:36,4.56,13259.0,United Kingdom
537853,21737,GARLIC HERB BREADSTICKS,2,2025-12-08 04:02:36,2.95,13259.0,United Kingdom
537853,21734,ARTISAN PASTA PENNE,6,2025-12-08 04:02:36,3.27,13259.0,United Kingdom
537854,22423,REGENCY CAKESTAND 3 TIER,4,2025-06-01 01:34:36,13.18,17230.0,United Kingdom
537854,22960,HEART OF WICKER SMALL,6,2025-06-01 01:34:36,1.63,17230.0,United Kingdom
537855,84882,GARDENING GLOVES PAIR,1,2025-12-03 00:31:23,5.13,,United Kingdom
537855,84880,WATERING CAN GREEN 2L,3,2025-12-03 00:31:23,11.94,,United Kingdom
537856,22426,STRAWBERRY PRESERVES,1,2025-11-08 01:29:14,3.98,16054.0,United Kingdom
537856,22423,ORGANIC WHOLE MILK,2,2025-11-08 01:29:14,3.4,16054.0,United Kingdom
537856,22425,SWEET CREAM BUTTER,1,2025-11-08 01:29:14,4.19,16054.0,United Kingdom
537857,22423,REGENCY CAKESTAND 3 TIER,1,2025-09-20 21:38:52,12.4,13173.0,Germany
537857,22961,HEART OF WICKER LARGE,2,2025-09-20 21:38:52,3.02,13173.0,Germany
537857,71053,WIRELESS ERGONOMIC MOUSE,2,2025-09-20 21:38:52,30.43,13173.0,Germany
537857,71057,MONITOR LIGHT BAR,1,2025-09-20 21:38:52,38.91,13173.0,Germany
537857,20727,ALMOND DANISH,3,2025-09-20 21:38:52,2.66,13173.0,Germany
537857,20726,PAIN AU CHOCOLAT,2,2025-09-20 21:38:52,2.59,13173.0,Germany
537858,20729,BLUEBERRY SCONE,4,2025-09-19 00:11:37,2.48,14678.0,France
537858,20726,PAIN AU CHOCOLAT,1,2025-09-19 00:11:37,2.43,14678.0,France
537858,20727,ALMOND DANISH,2,2025-09-19 00:11:37,2.86,14678.0,France
537858,84880,WATERING CAN GREEN 2L,1,2025-09-19 00:11:37,11.18,14678.0,France
537858,84879,CERAMIC PLANT POT WHITE,12,2025-09-19 00:11:37,10.12,14678.0,France
537858,84883,LED GROW LIGHT BULB,1,2025-09-19 00:11:37,15.06,14678.0,France
537858,21223,SET OF 6 SPICE JARS,1,2025-09-19 00:11:37,9.57,14678.0,France
537859,84880,WATERING CAN GREEN 2L,2,2025-08-11 19:46:32,11.31,12928.0,United Kingdom
537859,84879,CERAMIC PLANT POT WHITE,1,2025-08-11 19:46:32,9.64,12928.0,United Kingdom
537859,84883,LED GROW LIGHT BULB,1,2025-08-11 19:46:32,15.66,12928.0,United Kingdom
537859,84882,GARDENING GLOVES PAIR,2,2025-08-11 19:46:32,5.17,12928.0,United Kingdom
537859,84881,ORGANIC POTTING SOIL 10L,1,2025-08-11 19:46:32,6.98,12928.0,United Kingdom
537860,22960,HEART OF WICKER SMALL,4,2025-04-30 05:28:40,1.69,15732.0,United Kingdom
537860,22423,REGENCY CAKESTAND 3 TIER,6,2025-04-30 05:28:40,12.29,15732.0,United Kingdom
537860,85099B,WHITE HANGING HEART T-LIGHT HOLDER,2,2025-04-30 05:28:40,2.56,15732.0,United Kingdom
537860,22720,SET OF 3 CAKE TINS PANTRY,1,2025-04-30 05:28:40,4.82,15732.0,United Kingdom
537861,85123E,CERAMIC COFFEE MUG,2,2025-06-26 04:13:50,6.6,12535.0,United Kingdom
537861,85123B,PURE CANE SUGAR,6,2025-06-26 04:13:50,2.56,12535.0,United Kingdom
537861,85123D,FRENCH VANILLA SYRUP,6,2025-06-26 04:13:50,5.87,12535.0,United Kingdom
537861,21220,BICYCLE PUNCTURE REPAIR KIT,1,2025-06-26 04:13:50,2.97,12535.0,United Kingdom
537862,84883,LED GROW LIGHT BULB,2,2025-06-23 21:52:48,14.62,,United Kingdom
537862,84879,CERAMIC PLANT POT WHITE,24,2025-06-23 21:52:48,9.68,,United Kingdom
537862,20725,CROISSANT ALL BUTTER,3,2025-06-23 21:52:48,0.0,,United Kingdom
537862,20727,ALMOND DANISH,4,2025-06-23 21:52:48,2.87,,United Kingdom
537862,20726,PAIN AU CHOCOLAT,2,2025-06-23 21:52:48,2.47,,United Kingdom
537862,20728,CAPPUCCINO CUP & SAUCER,3,2025-06-23 21:52:48,8.92,,United Kingdom
537863,85123A,COLOMBIAN ROAST COFFEE,1,2025-06-07 04:42:23,9.23,15743.0,United Kingdom
537863,85123C,DARK CHOCOLATE BAR 85%,1,2025-06-07 04:42:23,3.35,15743.0,United Kingdom
537863,20725,CROISSANT ALL BUTTER,24,2025-06-07 04:42:23,2.2,15743.0,United Kingdom
537863,20728,CAPPUCCINO CUP & SAUCER,2,2025-06-07 04:42:23,8.27,15743.0,United Kingdom
537863,21231,FELTCRAFT DOLL ROSIE,1,2025-06-07 04:42:23,2.82,15743.0,United Kingdom
537863,21222,RETRO SPOT APRON,1,2025-06-07 04:42:23,6.61,15743.0,United Kingdom
537864,85123C,DARK CHOCOLATE BAR 85%,1,2025-07-29 21:00:51,3.51,17977.0,EIRE
537864,85123D,FRENCH VANILLA SYRUP,2,2025-07-29 21:00:51,5.98,17977.0,EIRE
537864,21733,ITALIAN EXTRA VIRGIN OLIVE OIL,2,2025-07-29 21:00:51,12.91,17977.0,EIRE
537864,21735,AGED PARMESAN REGGIANO,3,2025-07-29 21:00:51,8.01,17977.0,EIRE
537864,21225,GLASS STORAGE JAR LARGE,4,2025-07-29 21:00:51,3.87,17977.0,EIRE
537864,21216,EMERGENCY FIRST AID TIN,1,2025-07-29 21:00:51,3.65,17977.0,EIRE
537865,22423,REGENCY CAKESTAND 3 TIER,2,2026-01-01 22:38:29,12.79,13169.0,United Kingdom
537865,22960,HEART OF WICKER SMALL,4,2026-01-01 22:38:29,1.69,13169.0,United Kingdom
537865,22720,SET OF 3 CAKE TINS PANTRY,4,2026-01-01 22:38:29,5.03,13169.0,United Kingdom
537865,85099B,WHITE HANGING HEART T-LIGHT HOLDER,1,2026-01-01 22:38:29,2.55,13169.0,United Kingdom
537866,84879,CERAMIC PLANT POT WHITE,2,2025-10-06 23:58:14,9.79,17038.0,United Kingdom
537866,84881,ORGANIC POTTING SOIL 10L,24,2025-10-06 23:58:14,6.67,17038.0,United Kingdom
537867,22960,HEART OF WICKER SMALL,6,2025-05-10 02:55:49,1.69,17135.0,United Kingdom
537867,22423,REGENCY CAKESTAND 3 TIER,2,2025-05-10 02:55:49,12.41,17135.0,United Kingdom
537867,84883,LED GROW LIGHT BULB,1,2025-05-10 02:55:49,15.44,17135.0,United Kingdom
537867,84879,CERAMIC PLANT POT WHITE,2,2025-05-10 02:55:49,9.6,17135.0,United Kingdom
537867,84881,ORGANIC POTTING SOIL 10L,2,2025-05-10 02:55:49,6.71,17135.0,United Kingdom
537867,84880,WATERING CAN GREEN 2L,3,2025-05-10 02:55:49,10.93,17135.0,United Kingdom
537867,22424,WHOLE WHEAT BREAD,24,2025-05-10 02:55:49,2.99,17135.0,United Kingdom
537867,22426,STRAWBERRY PRESERVES,3,2025-05-10 02:55:49,3.96,17135.0,United Kingdom
537867,22425,SWEET CREAM BUTTER,3,2025-05-10 02:55:49,4.21,17135.0,United Kingdom
C537868,20728,CAPPUCCINO CUP & SAUCER,-7,2025-04-07 19:13:19,8.42,13525.0,France
C537868,20727,ALMOND DANISH,-1,2025-04-07 19:13:19,2.69,13525.0,France
C537868,20725,CROISSANT ALL BUTTER,-10,2025-04-07 19:13:19,2.18,13525.0,France
C537869,21735,AGED PARMESAN REGGIANO,-6,2025-08-01 01:34:29,7.94,,United Kingdom
C537869,21736,ORGANIC TOMATO BASIL SAUCE,-11,2025-08-01 01:34:29,4.66,,United Kingdom
C537869,21734,ARTISAN PASTA PENNE,-5,2025-08-01 01:34:29,3.28,,United Kingdom
537870,21219,TRAVEL SEWING KIT,1,2025-11-06 22:59:45,2.19,13500.0,United Kingdom
537871,85123D,FRENCH VANILLA SYRUP,1,2025-02-05 18:40:00,5.88,12720.0,United Kingdom
537871,85123C,DARK CHOCOLATE BAR 85%,3,2025-02-05 18:40:00,3.39,12720.0,United Kingdom
537871,85123A,COLOMBIAN ROAST COFFEE,1,2025-02-05 18:40:00,8.87,12720.0,United Kingdom
537871,21219,TRAVEL SEWING KIT,1,2025-02-05 18:40:00,2.01,12720.0,United Kingdom
537872,85123E,CERAMIC COFFEE MUG,1,2025-07-28 21:56:45,6.78,15982.0,United Kingdom
537872,85123C,DARK CHOCOLATE BAR 85%,1,2025-07-28 21:56:45,3.66,15982.0,United Kingdom
537872,85123A,COLOMBIAN ROAST COFFEE,1,2025-07-28 21:56:45,8.72,15982.0,United Kingdom
537873,84879,CERAMIC PLANT POT WHITE,2,2025-11-02 01:48:28,9.71,16669.0,United Kingdom
537873,84882,GARDENING GLOVES PAIR,2,2025-11-02 01:48:28,4.99,16669.0,United Kingdom
537873,84881,ORGANIC POTTING SOIL 10L,2,2025-11-02 01:48:28,7.31,16669.0,United Kingdom
537874,20728,CAPPUCCINO CUP & SAUCER,1,2025-04-17 01:36:09,8.66,12550.0,United Kingdom
537874,20725,CROISSANT ALL BUTTER,4,2025-04-17 01:36:09,2.35,12550.0,United Kingdom
537874,20726,PAIN AU CHOCOLAT,1,2025-04-17 01:36:09,2.52,12550.0,United Kingdom
537874,20729,BLUEBERRY SCONE,1,2025-04-17 01:36:09,2.51,12550.0,United Kingdom
537875,84881,ORGANIC POTTING SOIL 10L,6,2025-12-11 05:14:26,6.66,,Spain
537875,84883,LED GROW LIGHT BULB,2,2025-12-11 05:14:26,15.06,,Spain
537875,84879,CERAMIC PLANT POT WHITE,1,2025-12-11 05:14:26,10.05,,Spain
537875,84882,GARDENING GLOVES PAIR,1,2025-12-11 05:14:26,4.79,,Spain
537875,84880,WATERING CAN GREEN 2L,2,2025-12-11 05:14:26,11.91,,Spain
537876,85123A,COLOMBIAN ROAST COFFEE,2,2025-02-15 00:29:12,8.58,15778.0,United Kingdom
537876,85123D,FRENCH VANILLA SYRUP,1,2025-02-15 00:29:12,5.89,15778.0,United Kingdom
537876,21734,ARTISAN PASTA PENNE,2,2025-02-15 00:29:12,3.29,15778.0,United Kingdom
537876,21735,AGED PARMESAN REGGIANO,2,2025-02-15 00:29:12,7.76,15778.0,United Kingdom
537876,21737,GARLIC HERB BREADSTICKS,1,2025-02-15 00:29:12,3.05,15778.0,United Kingdom
537877,21222,RETRO SPOT APRON,1,2025-12-05 05:07:08,7.05,16857.0,United Kingdom
537878,85123A,COLOMBIAN ROAST COFFEE,1,2025-09-01 20:19:17,8.89,16467.0,United Kingdom
537878,85123D,FRENCH VANILLA SYRUP,6,2025-09-01 20:19:17,6.08,16467.0,United Kingdom
537878,85123C,DARK CHOCOLATE BAR 85%,3,2025-09-01 20:19:17,3.43,16467.0,United Kingdom
537879,20726,PAIN AU CHOCOLAT,4,2025-03-20 01:23:03,2.43,13123.0,United Kingdom
537879,20725,CROISSANT ALL BUTTER,3,2025-03-20 01:23:03,2.28,13123.0,United Kingdom
537879,20728,CAPPUCCINO CUP & SAUCER,1,2025-03-20 01:23:03,8.26,13123.0,United Kingdom
537879,20727,ALMOND DANISH,2,2025-03-20 01:23:03,2.72,13123.0,United Kingdom
537879,71057,MONITOR LIGHT BAR,1,2025-03-20 01:23:03,39.99,13123.0,United Kingdom
537879,71055,USB-C MULTIPORT ADAPTER,3,2025-03-20 01:23:03,25.88,13123.0,United Kingdom
537879,71053,WIRELESS ERGONOMIC MOUSE,6,2025-03-20 01:23:03,29.65,13123.0,United Kingdom
537879,21733,ITALIAN EXTRA VIRGIN OLIVE OIL,2,2025-03-20 01:23:03,13.03,13123.0,United Kingdom
537879,21735,AGED PARMESAN REGGIANO,3,2025-03-20 01:23:03,7.93,13123.0,United Kingdom
537879,21229,HAND WARMER BIRD DESIGN,2,2025-03-20 01:23:03,1.88,13123.0,United Kingdom
537880,71053,WIRELESS ERGONOMIC MOUSE,6,2025-12-24 02:38:06,29.84,,United Kingdom
537880,71056,LARGE DESK PAD BLACK,2,2025-12-24 02:38:06,16.06,,United Kingdom
537880,22423,REGENCY CAKESTAND 3 TIER,3,2025-12-24 02:38:06,12.86,,United Kingdom
537880,85099B,WHITE HANGING HEART T-LIGHT HOLDER,6,2025-12-24 02:38:06,2.46,,United Kingdom
537880,22720,SET OF 3 CAKE TINS PANTRY,1,2025-12-24 02:38:06,5.02,,United Kingdom
537880,84883,LED GROW LIGHT BULB,2,2025-12-24 02:38:06,14.97,,United Kingdom
537880,84879,CERAMIC PLANT POT WHITE,1,2025-12-24 02:38:06,10.23,,United Kingdom
537880,84880,WATERING CAN GREEN 2L,1,2025-12-24 02:38:06,11.67,,United Kingdom
537880,84882,GARDENING GLOVES PAIR,1,2025-12-24 02:38:06,4.94,,United Kingdom
537880,84881,ORGANIC POTTING SOIL 10L,4,2025-12-24 02:38:06,6.71,,United Kingdom
537880,21218,SCENTED CANDLE LAVENDER,2,2025-12-24 02:38:06,4.23,,United Kingdom
537881,21221,RETRO SPOT TEA TOWEL,1,2025-06-15 03:20:25,2.39,,United Kingdom
537882,21733,ITALIAN EXTRA VIRGIN OLIVE OIL,6,2025-06-17 19:55:04,12.9,17713.0,Germany
537882,21734,ARTISAN PASTA PENNE,3,2025-06-17 19:55:04,3.39,17713.0,Germany
537882,21735,AGED PARMESAN REGGIANO,1,2025-06-17 19:55:04,8.28,17713.0,Germany
537882,21737,GARLIC HERB BREADSTICKS,2,2025-06-17 19:55:04,3.09,17713.0,Germany
537882,21217,PACK OF 20 NAPKINS,3,2025-06-17 19:55:04,1.38,17713.0,Germany
537883,84880,WATERING CAN GREEN 2L,1,2025-10-01 00:26:03,10.96,,United Kingdom
537883,84883,LED GROW LIGHT BULB,4,2025-10-01 00:26:03,15.19,,United Kingdom
537883,84882,GARDENING GLOVES PAIR,3,2025-10-01 00:26:03,4.89,,United Kingdom
537883,85123D,FRENCH VANILLA SYRUP,1,2025-10-01 00:26:03,5.78,,United Kingdom
537883,85123B,PURE CANE SUGAR,3,2025-10-01 00:26:03,2.41,,United Kingdom
537883,85123A,COLOMBIAN ROAST COFFEE,1,2025-10-01 00:26:03,8.55,,United Kingdom
537883,85123E,CERAMIC COFFEE MUG,3,2025-10-01 00:26:03,6.44,,United Kingdom
537884,85123D,FRENCH VANILLA SYRUP,1,2026-01-04 23:09:22,5.88,15341.0,United Kingdom
537884,85123A,COLOMBIAN ROAST COFFEE,2,2026-01-04 23:09:22,8.58,15341.0,United Kingdom
537884,21228,WALL CLOCK RETRO RED,1,2026-01-04 23:09:22,17.85,15341.0,United Kingdom
537884,21214,RECIPE BOX PANTRY DESIGN,1,2026-01-04 23:09:22,7.87,15341.0,United Kingdom
537884,21216,EMERGENCY FIRST AID TIN,3,2026-01-04 23:09:22,3.73,15341.0,United Kingdom
537885,20726,PAIN AU CHOCOLAT,6,2025-05-01 18:23:13,2.42,18224.0,United Kingdom
537885,20728,CAPPUCCINO CUP & SAUCER,2,2025-05-01 18:23:13,8.34,18224.0,United Kingdom
537885,20729,BLUEBERRY SCONE,2,2025-05-01 18:23:13,2.38,18224.0,United Kingdom
537885,20727,ALMOND DANISH,3,2025-05-01 18:23:13,2.65,18224.0,United Kingdom
537885,21231,FELTCRAFT DOLL ROSIE,2,2025-05-01 18:23:13,3.06,18224.0,United Kingdom
537885,21219,TRAVEL SEWING KIT,4,2025-05-01 18:23:13,2.13,18224.0,United Kingdom
537886,21224,GLASS STORAGE JAR SMALL,2,2025-04-10 23:52:25,2.18,13337.0,United Kingdom
537887,85099B,WHITE HANGING HEART T-LIGHT HOLDER,4,2025-04-13 16:51:16,2.42,,France
537887,22960,HEART OF WICKER SMALL,6,2025-04-13 16:51:16,1.71,,France
537888,71056,LARGE DESK PAD BLACK,1,2025-12-21 00:34:13,16.07,14339.0,United Kingdom
537888,71054,MECHANICAL KEYBOARD,4,2025-12-21 00:34:13,66.83,14339.0,United Kingdom
537888,22720,SET OF 3 CAKE TINS PANTRY,4,2025-12-21 00:34:13,5.07,14339.0,United Kingdom
537888,22961,HEART OF WICKER LARGE,4,2025-12-21 00:34:13,2.81,14339.0,United Kingdom
537888,85099B,WHITE HANGING HEART T-LIGHT HOLDER,1,2025-12-21 00:34:13,2.49,14339.0,United Kingdom
537888,22423,REGENCY CAKESTAND 3 TIER,1,2025-12-21 00:34:13,12.78,14339.0,United Kingdom
537888,22960,HEART OF WICKER SMALL,4,2025-12-21 00:34:13,1.58,14339.0,United Kingdom
537888,21221,RETRO SPOT TEA TOWEL,2,2025-12-21 00:34:13,2.54,14339.0,United Kingdom
537888,21223,SET OF 6 SPICE JARS,6,2025-12-21 00:34:13,9.63,14339.0,United Kingdom
537888,21229,HAND WARMER BIRD DESIGN,3,2025-12-21 00:34:13,2.03,14339.0,United Kingdom
537889,85123A,COLOMBIAN ROAST COFFEE,2,2025-07-16 21:13:48,8.79,13244.0,United Kingdom
537889,85123E,CERAMIC COFFEE MUG,6,2025-07-16 21:13:48,6.48,13244.0,United Kingdom
537889,85123B,PURE CANE SUGAR,2,2025-07-16 21:13:48,2.55,13244.0,United Kingdom
537889,85123D,FRENCH VANILLA SYRUP,2,2025-07-16 21:13:48,6.03,13244.0,United Kingdom
537889,85123C,DARK CHOCOLATE BAR 85%,24,2025-07-16 21:13:48,3.43,13244.0,United Kingdom
537889,21221,RETRO SPOT TEA TOWEL,2,2025-07-16 21:13:48,2.38,13244.0,United Kingdom
537890,20729,BLUEBERRY SCONE,1,2025-06-05 04:10:30,2.31,13125.0,United Kingdom
537890,20725,CROISSANT ALL BUTTER,6,2025-06-05 04:10:30,2.21,13125.0,United Kingdom
537890,21216,EMERGENCY FIRST AID TIN,1,2025-06-05 04:10:30,3.67,13125.0,United Kingdom
537891,85123A,COLOMBIAN ROAST COFFEE,1,2025-08-15 00:48:52,9.2,16870.0,United Kingdom
537891,85123D,FRENCH VANILLA SYRUP,2,2025-08-15 00:48:52,5.73,16870.0,United Kingdom
537891,85123C,DARK CHOCOLATE BAR 85%,2,2025-08-15 00:48:52,3.49,16870.0,United Kingdom
537891,21223,SET OF 6 SPICE JARS,1,2025-08-15 00:48:52,10.1,16870.0,United Kingdom
537891,21226,CHILLI LIGHTS STRING,1,2025-08-15 00:48:52,8.48,16870.0,United Kingdom
537892,20728,CAPPUCCINO CUP & SAUCER,1,2025-09-22 20:19:52,8.75,17273.0,United Kingdom
537892,20727,ALMOND DANISH,1,2025-09-22 20:19:52,2.62,17273.0,United Kingdom
537892,20729,BLUEBERRY SCONE,3,2025-09-22 20:19:52,2.39,17273.0,United Kingdom
537893,22426,STRAWBERRY PRESERVES,2,2025-06-02 16:56:03,4.0,14659.0,United Kingdom
537893,22424,WHOLE WHEAT BREAD,4,2025-06-02 16:56:03,2.91,14659.0,United Kingdom
537893,22427,ORGANIC EGGS DOZEN,1,2025-06-02 16:56:03,4.99,14659.0,United Kingdom
537894,84880,WATERING CAN GREEN 2L,3,2025-03-15 16:32:27,11.46,12924.0,United Kingdom
537894,84882,GARDENING GLOVES PAIR,6,2025-03-15 16:32:27,4.85,12924.0,United Kingdom
537894,84883,LED GROW LIGHT BULB,3,2025-03-15 16:32:27,14.68,12924.0,United Kingdom
537894,21225,GLASS STORAGE JAR LARGE,2,2025-03-15 16:32:27,3.79,12924.0,United Kingdom
537895,84882,GARDENING GLOVES PAIR,1,2025-02-04 16:46:20,4.93,13980.0,France
537895,84881,ORGANIC POTTING SOIL 10L,2,2025-02-04 16:46:20,6.96,13980.0,France
537895,84883,LED GROW LIGHT BULB,1,2025-02-04 16:46:20,15.0,13980.0,France
537895,21216,EMERGENCY FIRST AID TIN,1,2025-02-04 16:46:20,3.83,13980.0,France
537896,22427,ORGANIC EGGS DOZEN,3,2025-08-17 23:03:30,4.99,14638.0,United Kingdom
537896,22423,ORGANIC WHOLE MILK,3,2025-08-17 23:03:30,3.32,14638.0,United Kingdom
537896,22424,WHOLE WHEAT BREAD,3,2025-08-17 23:03:30,2.95,14638.0,United Kingdom
537896,22425,SWEET CREAM BUTTER,4,2025-08-17 23:03:30,4.34,14638.0,United Kingdom
537896,22426,STRAWBERRY PRESERVES,6,2025-08-17 23:03:30,3.71,14638.0,United Kingdom
537896,21227,VINTAGE UNION JACK CUSHION,1,2025-08-17 23:03:30,15.48,14638.0,United Kingdom
537896,21215,WOODEN PICTURE FRAME,6,2025-08-17 23:03:30,5.68,14638.0,United Kingdom
537896,21216,EMERGENCY FIRST AID TIN,6,2025-08-17 23:03:30,3.76,14638.0,United Kingdom
537897,20727,ALMOND DANISH,6,2026-01-01 23:49:00,2.78,,United Kingdom
537897,20729,BLUEBERRY SCONE,2,2026-01-01 23:49:00,2.47,,United Kingdom
537897,20726,PAIN AU CHOCOLAT,1,2026-01-01 23:49:00,2.46,,United Kingdom
537897,20725,CROISSANT ALL BUTTER,2,2026-01-01 23:49:00,2.22,,United Kingdom
537897,71056,LARGE DESK PAD BLACK,3,2026-01-01 23:49:00,16.36,,United Kingdom
537897,71055,USB-C MULTIPORT ADAPTER,6,2026-01-01 23:49:00,23.89,,United Kingdom
537897,71054,MECHANICAL KEYBOARD,2,2026-01-01 23:49:00,72.75,,United Kingdom
537897,21736,ORGANIC TOMATO BASIL SAUCE,6,2026-01-01 23:49:00,4.27,,United Kingdom
537897,21733,ITALIAN EXTRA VIRGIN OLIVE OIL,2,2026-01-01 23:49:00,13.1,,United Kingdom
537897,21735,AGED PARMESAN REGGIANO,1,2026-01-01 23:49:00,7.93,,United Kingdom
537897,21217,PACK OF 20 NAPKINS,6,2026-01-01 23:49:00,1.4,,United Kingdom
537898,71057,MONITOR LIGHT BAR,1,2025-06-18 17:33:06,39.37,16569.0,United Kingdom
537898,71054,MECHANICAL KEYBOARD,6,2025-06-18 17:33:06,69.92,16569.0,United Kingdom
537898,71053,WIRELESS ERGONOMIC MOUSE,2,2025-06-18 17:33:06,30.15,16569.0,United Kingdom
537898,71055,USB-C MULTIPORT ADAPTER,6,2025-06-18 17:33:06,25.46,16569.0,United Kingdom
537898,21734,ARTISAN PASTA PENNE,4,2025-06-18 17:33:06,3.36,16569.0,United Kingdom
537898,21735,AGED PARMESAN REGGIANO,4,2025-06-18 17:33:06,7.56,16569.0,United Kingdom
537898,21212,VINTAGE SNAP CARDS,2,2025-06-18 17:33:06,0.88,16569.0,United Kingdom
537898,21224,GLASS STORAGE JAR SMALL,6,2025-06-18 17:33:06,2.18,16569.0,United Kingdom
537899,20727,ALMOND DANISH,3,2025-12-29 21:59:03,2.77,12827.0,United Kingdom
537899,20726,PAIN AU CHOCOLAT,3,2025-12-29 21:59:03,2.61,12827.0,United Kingdom
537899,21217,PACK OF 20 NAPKINS,1,2025-12-29 21:59:03,1.51,12827.0,United Kingdom
537900,21216,EMERGENCY FIRST AID TIN,1,2026-01-04 23:16:04,3.86,13823.0,Belgium
C537901,22424,WHOLE WHEAT BREAD,-2,2025-11-02 17:49:45,3.05,,United Kingdom
C537901,22425,SWEET CREAM BUTTER,-4,2025-11-02 17:49:45,4.07,,United Kingdom
C537901,22423,ORGANIC WHOLE MILK,-8,2025-11-02 17:49:45,3.6,,United Kingdom
C537901,22427,ORGANIC EGGS DOZEN,-12,2025-11-02 17:49:45,4.76,,United Kingdom
537902,20727,ALMOND DANISH,6,2025-01-18 04:00:52,2.76,12396.0,France
537902,20726,PAIN AU CHOCOLAT,4,2025-01-18 04:00:52,2.53,12396.0,France
537902,20729,BLUEBERRY SCONE,1,2025-01-18 04:00:52,2.3,12396.0,France
537903,85123B,PURE CANE SUGAR,4,2025-03-14 05:07:22,2.59,18063.0,United Kingdom
537903,85123C,DARK CHOCOLATE BAR 85%,4,2025-03-14 05:07:22,3.48,18063.0,United Kingdom
537903,85123E,CERAMIC COFFEE MUG,1,2025-03-14 05:07:22,6.39,18063.0,United Kingdom
537903,21229,HAND WARMER BIRD DESIGN,4,2025-03-14 05:07:22,2.0,18063.0,United Kingdom
C537904,21737,GARLIC HERB BREADSTICKS,-7,2025-05-19 00:25:31,2.89,15114.0,United Kingdom
C537904,21733,ITALIAN EXTRA VIRGIN OLIVE OIL,-8,2025-05-19 00:25:31,12.67,15114.0,United Kingdom
C537904,21735,AGED PARMESAN REGGIANO,-4,2025-05-19 00:25:31,7.57,15114.0,United Kingdom
C537904,21734,ARTISAN PASTA PENNE,-12,2025-05-19 00:25:31,3.24,15114.0,United Kingdom
C537904,85123E,CERAMIC COFFEE MUG,-12,2025-05-19 00:25:31,6.57,15114.0,United Kingdom
C537904,85123B,PURE CANE SUGAR,-6,2025-05-19 00:25:31,2.39,15114.0,United Kingdom
C537904,85123D,FRENCH VANILLA SYRUP,-3,2025-05-19 00:25:31,5.83,15114.0,United Kingdom
C537904,85123A,COLOMBIAN ROAST COFFEE,-10,2025-05-19 00:25:31,8.55,15114.0,United Kingdom
C537904,71056,LARGE DESK PAD BLACK,-5,2025-05-19 00:25:31,15.45,15114.0,United Kingdom
C537904,71053,WIRELESS ERGONOMIC MOUSE,-8,2025-05-19 00:25:31,28.85,15114.0,United Kingdom
C537904,POST,POSTAGE,-11,2025-05-19 00:25:31,18.54,15114.0,United Kingdom
537905,85123B,PURE CANE SUGAR,2,2025-07-04 01:11:36,2.6,13917.0,United Kingdom
537905,85123C,DARK CHOCOLATE BAR 85%,6,2025-07-04 01:11:36,3.65,13917.0,United Kingdom
537905,85123D,FRENCH VANILLA SYRUP,1,2025-07-04 01:11:36,5.8,13917.0,United Kingdom
537906,85099B,WHITE HANGING HEART T-LIGHT HOLDER,2,2025-12-13 00:21:52,2.49,13938.0,United Kingdom
537906,22720,SET OF 3 CAKE TINS PANTRY,3,2025-12-13 00:21:52,4.86,13938.0,United Kingdom
537906,21227,VINTAGE UNION JACK CUSHION,4,2025-12-13 00:21:52,15.49,13938.0,United Kingdom
537907,22960,HEART OF WICKER SMALL,1,2025-06-13 03:53:44,1.6,15628.0,United Kingdom
537907,22961,HEART OF WICKER LARGE,6,2025-06-13 03:53:44,3.08,15628.0,United Kingdom
537908,85123A,COLOMBIAN ROAST COFFEE,6,2025-10-16 03:42:46,8.69,16990.0,United Kingdom
537908,85123C,DARK CHOCOLATE BAR 85%,3,2025-10-16 03:42:46,3.35,16990.0,United Kingdom
537909,21733,ITALIAN EXTRA VIRGIN OLIVE OIL,4,2025-12-22 20:33:44,13.01,15872.0,EIRE
537909,21735,AGED PARMESAN REGGIANO,1,2025-12-22 20:33:44,7.67,15872.0,EIRE
537909,21736,ORGANIC TOMATO BASIL SAUCE,6,2025-12-22 20:33:44,4.67,15872.0,EIRE
537909,21737,GARLIC HERB BREADSTICKS,4,2025-12-22 20:33:44,3.04,15872.0,EIRE
537909,21734,ARTISAN PASTA PENNE,1,2025-12-22 20:33:44,3.42,15872.0,EIRE
537909,21227,VINTAGE UNION JACK CUSHION,1,2025-12-22 20:33:44,15.53,15872.0,EIRE
537910,22427,ORGANIC EGGS DOZEN,1,2025-02-16 16:39:29,5.19,14982.0,United Kingdom
537910,22423,ORGANIC WHOLE MILK,6,2025-02-16 16:39:29,3.65,14982.0,United Kingdom
537910,21230,BATHROOM SCALE VINTAGE,1,2025-02-16 16:39:29,21.47,14982.0,United Kingdom
537910,21225,GLASS STORAGE JAR LARGE,1,2025-02-16 16:39:29,3.81,14982.0,United Kingdom
537910,21213,MINI PAINT SET 9 COLOURS,6,2025-02-16 16:39:29,1.25,14982.0,United Kingdom
537911,21734,ARTISAN PASTA PENNE,4,2025-12-17 23:21:56,3.32,,United Kingdom
537911,21735,AGED PARMESAN REGGIANO,2,2025-12-17 23:21:56,7.6,,United Kingdom
537911,21733,ITALIAN EXTRA VIRGIN OLIVE OIL,2,2025-12-17 23:21:56,13.19,,United Kingdom
537911,21736,ORGANIC TOMATO BASIL SAUCE,2,2025-12-17 23:21:56,4.37,,United Kingdom
537911,21737,GARLIC HERB BREADSTICKS,3,2025-12-17 23:21:56,3.03,,United Kingdom
537912,85123E,CERAMIC COFFEE MUG,1,2025-06-23 22:17:16,6.49,14301.0,United Kingdom
537912,85123C,DARK CHOCOLATE BAR 85%,2,2025-06-23 22:17:16,3.64,14301.0,United Kingdom
537913,85099B,WHITE HANGING HEART T-LIGHT HOLDER,3,2025-03-01 01:20:55,2.57,14777.0,United Kingdom
537913,22961,HEART OF WICKER LARGE,2,2025-03-01 01:20:55,2.94,14777.0,United Kingdom
537913,22423,REGENCY CAKESTAND 3 TIER,4,2025-03-01 01:20:55,12.32,14777.0,United Kingdom
537913,22720,SET OF 3 CAKE TINS PANTRY,3,2025-03-01 01:20:55,4.77,14777.0,United Kingdom
537913,21220,BICYCLE PUNCTURE REPAIR KIT,1,2025-03-01 01:20:55,2.86,14777.0,United Kingdom
537914,85123B,PURE CANE SUGAR,24,2025-03-21 04:41:02,2.53,16100.0,United Kingdom
537914,85123A,COLOMBIAN ROAST COFFEE,2,2025-03-21 04:41:02,8.73,16100.0,United Kingdom
537915,84882,GARDENING GLOVES PAIR,6,2025-06-20 23:36:40,4.92,14190.0,United Kingdom
537915,84883,LED GROW LIGHT BULB,1,2025-06-20 23:36:40,14.72,14190.0,United Kingdom
537915,21230,BATHROOM SCALE VINTAGE,1,2025-06-20 23:36:40,21.13,14190.0,United Kingdom
537916,20728,CAPPUCCINO CUP & SAUCER,1,2025-01-12 01:02:18,8.81,14267.0,United Kingdom
537916,20727,ALMOND DANISH,1,2025-01-12 01:02:18,2.75,14267.0,United Kingdom
537916,20729,,12,2025-01-12 01:02:18,2.41,14267.0,United Kingdom
537916,21221,RETRO SPOT TEA TOWEL,2,2025-01-12 01:02:18,2.51,14267.0,United Kingdom
537916,21216,EMERGENCY FIRST AID TIN,6,2025-01-12 01:02:18,3.81,14267.0,United Kingdom
537916,21223,SET OF 6 SPICE JARS,1,2025-01-12 01:02:18,9.5,14267.0,United Kingdom
537917,22424,WHOLE WHEAT BREAD,1,2025-10-17 20:28:20,2.92,15587.0,United Kingdom
537917,22425,SWEET CREAM BUTTER,3,2025-10-17 20:28:20,4.22,15587.0,United Kingdom
537917,22427,ORGANIC EGGS DOZEN,1,2025-10-17 20:28:20,4.79,15587.0,United Kingdom
537917,22423,ORGANIC WHOLE MILK,2,2025-10-17 20:28:20,3.53,15587.0,United Kingdom
537917,21220,BICYCLE PUNCTURE REPAIR KIT,1,2025-10-17 20:28:20,2.96,15587.0,United Kingdom
537918,22425,SWEET CREAM BUTTER,1,2025-06-18 01:37:26,4.19,13956.0,United Kingdom
537918,22426,STRAWBERRY PRESERVES,4,2025-06-18 01:37:26,3.77,13956.0,United Kingdom
537919,22426,STRAWBERRY PRESERVES,3,2025-02-03 00:37:07,4.0,,United Kingdom
537919,22427,ORGANIC EGGS DOZEN,6,2025-02-03 00:37:07,5.09,,United Kingdom
537919,21229,HAND WARMER BIRD DESIGN,3,2025-02-03 00:37:07,1.93,,United Kingdom
537919,21212,VINTAGE SNAP CARDS,1,2025-02-03 00:37:07,0.82,,United Kingdom
537920,71055,USB-C MULTIPORT ADAPTER,6,2025-12-15 19:01:08,24.36,12880.0,United Kingdom
537920,71053,WIRELESS ERGONOMIC MOUSE,12,2025-12-15 19:01:08,30.65,12880.0,United Kingdom
537920,84880,WATERING CAN GREEN 2L,1,2025-12-15 19:01:08,12.0,12880.0,United Kingdom
537920,84883,LED GROW LIGHT BULB,1,2025-12-15 19:01:08,14.55,12880.0,United Kingdom
537920,21228,WALL CLOCK RETRO RED,6,2025-12-15 19:01:08,18.7,12880.0,United Kingdom
537920,21231,FELTCRAFT DOLL ROSIE,2,2025-12-15 19:01:08,3.05,12880.0,United Kingdom
537920,21220,BICYCLE PUNCTURE REPAIR KIT,2,2025-12-15 19:01:08,2.96,12880.0,United Kingdom
537921,85123D,FRENCH VANILLA SYRUP,1,2025-02-25 20:40:24,6.07,15427.0,France
537921,85123E,CERAMIC COFFEE MUG,3,2025-02-25 20:40:24,6.31,15427.0,France
537921,21733,ITALIAN EXTRA VIRGIN OLIVE OIL,12,2025-02-25 20:40:24,13.02,15427.0,France
537921,21735,AGED PARMESAN REGGIANO,1,2025-02-25 20:40:24,7.76,15427.0,France
537921,21736,ORGANIC TOMATO BASIL SAUCE,6,2025-02-25 20:40:24,4.27,15427.0,France
537922,71057,MONITOR LIGHT BAR,1,2025-04-21 20:42:54,38.99,16408.0,United Kingdom
537922,71053,WIRELESS ERGONOMIC MOUSE,2,2025-04-21 20:42:54,29.62,16408.0,United Kingdom
537922,71056,LARGE DESK PAD BLACK,1,2025-04-21 20:42:54,16.26,16408.0,United Kingdom
537923,20726,PAIN AU CHOCOLAT,3,2025-09-24 21:02:18,2.45,,United Kingdom
537923,20728,CAPPUCCINO CUP & SAUCER,12,2025-09-24 21:02:18,8.15,,United Kingdom
537923,20729,BLUEBERRY SCONE,2,2025-09-24 21:02:18,2.51,,United Kingdom
537923,20725,CROISSANT ALL BUTTER,3,2025-09-24 21:02:18,2.27,,United Kingdom
537923,20727,ALMOND DANISH,1,2025-09-24 21:02:18,2.76,,United Kingdom
537924,85123E,CERAMIC COFFEE MUG,3,2025-01-12 01:59:15,6.5,15159.0,United Kingdom
537924,85123D,FRENCH VANILLA SYRUP,1,2025-01-12 01:59:15,6.24,15159.0,United Kingdom
537924,85123A,COLOMBIAN ROAST COFFEE,3,2025-01-12 01:59:15,8.88,15159.0,United Kingdom
537924,85123C,DARK CHOCOLATE BAR 85%,2,2025-01-12 01:59:15,3.41,15159.0,United Kingdom
537924,22961,HEART OF WICKER LARGE,1,2025-01-12 01:59:15,2.85,15159.0,United Kingdom
537924,22423,REGENCY CAKESTAND 3 TIER,2,2025-01-12 01:59:15,13.08,15159.0,United Kingdom
537924,22720,SET OF 3 CAKE TINS PANTRY,1,2025-01-12 01:59:15,5.1,15159.0,United Kingdom
537924,22960,HEART OF WICKER SMALL,2,2025-01-12 01:59:15,1.66,15159.0,United Kingdom
537925,21214,RECIPE BOX PANTRY DESIGN,3,2025-04-04 18:50:46,8.21,18158.0,United Kingdom
537926,21222,RETRO SPOT APRON,1,2025-04-12 19:58:22,6.96,,United Kingdom
537927,22424,WHOLE WHEAT BREAD,1,2025-07-30 04:52:21,3.12,,United Kingdom
537927,22426,STRAWBERRY PRESERVES,4,2025-07-30 04:52:21,3.74,,United Kingdom
537927,22427,ORGANIC EGGS DOZEN,1,2025-07-30 04:52:21,5.21,,United Kingdom
537927,22423,ORGANIC WHOLE MILK,2,2025-07-30 04:52:21,3.59,,United Kingdom
537927,21213,MINI PAINT SET 9 COLOURS,4,2025-07-30 04:52:21,1.22,,United Kingdom
537928,22960,HEART OF WICKER SMALL,4,2025-12-16 01:47:49,1.64,,United Kingdom
537928,22961,HEART OF WICKER LARGE,1,2025-12-16 01:47:49,3.06,,United Kingdom
537928,22720,SET OF 3 CAKE TINS PANTRY,2,2025-12-16 01:47:49,5.07,,United Kingdom
537928,85099B,WHITE HANGING HEART T-LIGHT HOLDER,6,2025-12-16 01:47:49,2.45,,United Kingdom
537928,22423,REGENCY CAKESTAND 3 TIER,2,2025-12-16 01:47:49,12.18,,United Kingdom
537929,22720,SET OF 3 CAKE TINS PANTRY,4,2025-10-18 18:31:12,4.98,15825.0,United Kingdom
537929,22960,HEART OF WICKER SMALL,1,2025-10-18 18:31:12,1.68,15825.0,United Kingdom
537929,22961,HEART OF WICKER LARGE,2,2025-10-18 18:31:12,2.88,15825.0,United Kingdom
537929,21733,ITALIAN EXTRA VIRGIN OLIVE OIL,3,2025-10-18 18:31:12,13.14,15825.0,United Kingdom
537929,21737,GARLIC HERB BREADSTICKS,3,2025-10-18 18:31:12,3.05,15825.0,United Kingdom
537929,85123C,DARK CHOCOLATE BAR 85%,1,2025-10-18 18:31:12,3.67,15825.0,United Kingdom
537929,85123E,CERAMIC COFFEE MUG,1,2025-10-18 18:31:12,6.43,15825.0,United Kingdom
537929,85123D,FRENCH VANILLA SYRUP,2,2025-10-18 18:31:12,5.9,15825.0,United Kingdom
537929,85123A,COLOMBIAN ROAST COFFEE,3,2025-10-18 18:31:12,9.28,15825.0,United Kingdom
537930,22961,HEART OF WICKER LARGE,4,2025-05-29 02:33:11,2.88,13719.0,United Kingdom
537930,22423,REGENCY CAKESTAND 3 TIER,3,2025-05-29 02:33:11,12.65,13719.0,United Kingdom
537930,85099B,WHITE HANGING HEART T-LIGHT HOLDER,4,2025-05-29 02:33:11,2.57,13719.0,United Kingdom
537930,21221,RETRO SPOT TEA TOWEL,1,2025-05-29 02:33:11,2.59,13719.0,United Kingdom
537931,21733,ITALIAN EXTRA VIRGIN OLIVE OIL,4,2025-01-30 22:55:29,12.83,13452.0,United Kingdom
537931,21735,AGED PARMESAN REGGIANO,2,2025-01-30 22:55:29,8.05,13452.0,United Kingdom
537931,21736,ORGANIC TOMATO BASIL SAUCE,1,2025-01-30 22:55:29,4.38,13452.0,United Kingdom
537931,21734,ARTISAN PASTA PENNE,1,2025-01-30 22:55:29,3.32,13452.0,United Kingdom
537931,21226,CHILLI LIGHTS STRING,2,2025-01-30 22:55:29,8.6,13452.0,United Kingdom
537932,22423,REGENCY CAKESTAND 3 TIER,6,2025-11-22 01:19:01,12.73,18023.0,Germany
537932,85099B,WHITE HANGING HEART T-LIGHT HOLDER,1,2025-11-22 01:19:01,2.44,18023.0,Germany
537932,22960,HEART OF WICKER SMALL,1,2025-11-22 01:19:01,1.61,18023.0,Germany
537932,22720,SET OF 3 CAKE TINS PANTRY,3,2025-11-22 01:19:01,4.81,18023.0,Germany
537933,22720,SET OF 3 CAKE TINS PANTRY,6,2025-01-29 01:41:46,5.17,12628.0,United Kingdom
537933,22423,REGENCY CAKESTAND 3 TIER,6,2025-01-29 01:41:46,12.25,12628.0,United Kingdom
537933,22960,HEART OF WICKER SMALL,6,2025-01-29 01:41:46,1.72,12628.0,United Kingdom
537933,21218,SCENTED CANDLE LAVENDER,6,2025-01-29 01:41:46,4.22,12628.0,United Kingdom
537934,71055,USB-C MULTIPORT ADAPTER,1,2025-10-20 18:08:31,25.72,15360.0,United Kingdom
537934,71056,LARGE DESK PAD BLACK,1,2025-10-20 18:08:31,15.67,15360.0,United Kingdom
537934,71057,MONITOR LIGHT BAR,24,2025-10-20 18:08:31,40.94,15360.0,United Kingdom
537935,85123A,COLOMBIAN ROAST COFFEE,3,2025-02-06 22:57:50,9.43,14784.0,United Kingdom
537935,85123E,CERAMIC COFFEE MUG,1,2025-02-06 22:57:50,6.43,14784.0,United Kingdom
537935,21215,WOODEN PICTURE FRAME,2,2025-02-06 22:57:50,5.58,14784.0,United Kingdom
537936,85099B,WHITE HANGING HEART T-LIGHT HOLDER,1,2025-01-19 18:33:24,2.59,,United Kingdom
537936,22423,REGENCY CAKESTAND 3 TIER,1,2025-01-19 18:33:24,13.32,,United Kingdom
537936,21230,BATHROOM SCALE VINTAGE,2,2025-01-19 18:33:24,22.59,,United Kingdom
537937,22426,STRAWBERRY PRESERVES,2,2025-10-22 02:01:02,3.73,16639.0,United Kingdom
537937,22424,WHOLE WHEAT BREAD,1,2025-10-22 02:01:02,3.03,16639.0,United Kingdom
537937,21221,RETRO SPOT TEA TOWEL,1,2025-10-22 02:01:02,2.54,16639.0,United Kingdom
537938,85123C,DARK CHOCOLATE BAR 85%,1,2025-01-15 23:33:12,3.34,17197.0,United Kingdom
537938,85123B,PURE CANE SUGAR,1,2025-01-15 23:33:12,2.57,17197.0,United Kingdom
537938,85123D,FRENCH VANILLA SYRUP,1,2025-01-15 23:33:12,6.12,17197.0,United Kingdom
537938,85123A,COLOMBIAN ROAST COFFEE,2,2025-01-15 23:33:12,9.4,17197.0,United Kingdom
537939,21214,RECIPE BOX PANTRY DESIGN,6,2025-12-31 21:57:19,7.86,18100.0,United Kingdom
537940,21736,ORGANIC TOMATO BASIL SAUCE,1,2025-11-11 23:50:57,4.68,14577.0,United Kingdom
537940,21737,GARLIC HERB BREADSTICKS,6,2025-11-11 23:50:57,2.9,14577.0,United Kingdom
537940,21734,ARTISAN PASTA PENNE,24,2025-11-11 23:50:57,3.21,14577.0,United Kingdom
537940,21220,BICYCLE PUNCTURE REPAIR KIT,1,2025-11-11 23:50:57,3.15,14577.0,United Kingdom
537940,21230,BATHROOM SCALE VINTAGE,1,2025-11-11 23:50:57,20.94,14577.0,United Kingdom
537940,21214,RECIPE BOX PANTRY DESIGN,1,2025-11-11 23:50:57,7.59,14577.0,United Kingdom
537941,84880,WATERING CAN GREEN 2L,4,2025-06-08 23:07:03,10.97,,United Kingdom
537941,84882,GARDENING GLOVES PAIR,1,2025-06-08 23:07:03,5.01,,United Kingdom
537942,21737,GARLIC HERB BREADSTICKS,1,2025-05-29 21:37:13,2.9,14989.0,United Kingdom
537942,21735,AGED PARMESAN REGGIANO,4,2025-05-29 21:37:13,7.78,14989.0,United Kingdom
537942,22424,WHOLE WHEAT BREAD,6,2025-05-29 21:37:13,2.95,14989.0,United Kingdom
537942,22423,ORGANIC WHOLE MILK,3,2025-05-29 21:37:13,3.35,14989.0,United Kingdom
537943,71054,MECHANICAL KEYBOARD,1,2025-12-07 00:19:00,68.5,13234.0,United Kingdom
537943,71057,MONITOR LIGHT BAR,2,2025-12-07 00:19:00,38.61,13234.0,United Kingdom
537944,20726,PAIN AU CHOCOLAT,2,2025-02-11 18:25:55,2.57,,Belgium
537944,20728,CAPPUCCINO CUP & SAUCER,1,2025-02-11 18:25:55,8.57,,Belgium
537944,20725,CROISSANT ALL BUTTER,3,2025-02-11 18:25:55,2.17,,Belgium
537944,21212,VINTAGE SNAP CARDS,12,2025-02-11 18:25:55,0.88,,Belgium
537945,20725,CROISSANT ALL BUTTER,3,2025-11-15 17:42:59,2.29,,United Kingdom
537945,20727,ALMOND DANISH,2,2025-11-15 17:42:59,2.69,,United Kingdom
537945,20729,BLUEBERRY SCONE,2,2025-11-15 17:42:59,2.29,,United Kingdom
537945,20726,PAIN AU CHOCOLAT,6,2025-11-15 17:42:59,2.42,,United Kingdom
537945,20728,CAPPUCCINO CUP & SAUCER,2,2025-11-15 17:42:59,8.6,,United Kingdom
537945,21214,RECIPE BOX PANTRY DESIGN,1,2025-11-15 17:42:59,7.56,,United Kingdom
537946,22720,SET OF 3 CAKE TINS PANTRY,1,2025-09-26 23:05:47,5.19,14295.0,United Kingdom
537946,22960,HEART OF WICKER SMALL,1,2025-09-26 23:05:47,1.72,14295.0,United Kingdom
537946,20727,ALMOND DANISH,3,2025-09-26 23:05:47,2.72,14295.0,United Kingdom
537946,20725,CROISSANT ALL BUTTER,2,2025-09-26 23:05:47,2.16,14295.0,United Kingdom
537946,20726,PAIN AU CHOCOLAT,3,2025-09-26 23:05:47,2.53,14295.0,United Kingdom
537946,22423,ORGANIC WHOLE MILK,2,2025-09-26 23:05:47,3.37,14295.0,United Kingdom
537946,22427,ORGANIC EGGS DOZEN,4,2025-09-26 23:05:47,5.19,14295.0,United Kingdom
537946,22424,WHOLE WHEAT BREAD,6,2025-09-26 23:05:47,2.95,14295.0,United Kingdom
537946,22426,STRAWBERRY PRESERVES,1,2025-09-26 23:05:47,3.91,14295.0,United Kingdom
C537947,85123C,DARK CHOCOLATE BAR 85%,-10,2025-05-12 22:01:33,3.46,,United Kingdom
C537947,85123E,CERAMIC COFFEE MUG,-9,2025-05-12 22:01:33,6.63,,United Kingdom
C537947,85123A,COLOMBIAN ROAST COFFEE,-5,2025-05-12 22:01:33,8.96,,United Kingdom
C537947,85123D,FRENCH VANILLA SYRUP,-5,2025-05-12 22:01:33,5.9,,United Kingdom
C537947,71053,WIRELESS ERGONOMIC MOUSE,-12,2025-05-12 22:01:33,30.91,,United Kingdom
C537947,71056,LARGE DESK PAD BLACK,-9,2025-05-12 22:01:33,15.85,,United Kingdom
C537947,71055,USB-C MULTIPORT ADAPTER,-8,2025-05-12 22:01:33,25.23,,United Kingdom
C537947,71054,MECHANICAL KEYBOARD,-11,2025-05-12 22:01:33,67.73,,United Kingdom
C537947,84883,LED GROW LIGHT BULB,-5,2025-05-12 22:01:33,15.02,,United Kingdom
C537947,84880,WATERING CAN GREEN 2L,-10,2025-05-12 22:01:33,11.77,,United Kingdom
537948,20725,CROISSANT ALL BUTTER,1,2025-05-06 22:49:19,2.31,,United Kingdom
537948,20729,BLUEBERRY SCONE,2,2025-05-06 22:49:19,2.51,,United Kingdom
537949,21734,ARTISAN PASTA PENNE,6,2025-03-20 03:12:33,3.33,16813.0,United Kingdom
537949,21736,ORGANIC TOMATO BASIL SAUCE,3,2025-03-20 03:12:33,4.48,16813.0,United Kingdom
537949,21733,ITALIAN EXTRA VIRGIN OLIVE OIL,4,2025-03-20 03:12:33,13.55,16813.0,United Kingdom
537949,21735,AGED PARMESAN REGGIANO,2,2025-03-20 03:12:33,7.59,16813.0,United Kingdom
537949,21214,RECIPE BOX PANTRY DESIGN,1,2025-03-20 03:12:33,7.59,16813.0,United Kingdom
537950,22424,WHOLE WHEAT BREAD,1,2025-09-27 18:37:46,3.07,,United Kingdom
537950,22426,STRAWBERRY PRESERVES,3,2025-09-27 18:37:46,3.89,,United Kingdom
537950,22425,SWEET CREAM BUTTER,1,2025-09-27 18:37:46,4.11,,United Kingdom
537950,85123A,COLOMBIAN ROAST COFFEE,1,2025-09-27 18:37:46,9.11,,United Kingdom
537950,85123D,FRENCH VANILLA SYRUP,1,2025-09-27 18:37:46,5.88,,United Kingdom
537950,85123C,DARK CHOCOLATE BAR 85%,1,2025-09-27 18:37:46,3.67,,United Kingdom
537950,21735,AGED PARMESAN REGGIANO,4,2025-09-27 18:37:46,8.12,,United Kingdom
537950,21737,GARLIC HERB BREADSTICKS,6,2025-09-27 18:37:46,3.01,,United Kingdom
537950,21223,SET OF 6 SPICE JARS,6,2025-09-27 18:37:46,9.69,,United Kingdom
537951,21736,ORGANIC TOMATO BASIL SAUCE,2,2025-02-23 02:25:47,4.45,15948.0,United Kingdom
537951,21737,GARLIC HERB BREADSTICKS,4,2025-02-23 02:25:47,2.98,15948.0,United Kingdom
537951,21733,ITALIAN EXTRA VIRGIN OLIVE OIL,1,2025-02-23 02:25:47,12.98,15948.0,United Kingdom
537951,21735,AGED PARMESAN REGGIANO,1,2025-02-23 02:25:47,8.17,15948.0,United Kingdom
537952,22423,ORGANIC WHOLE MILK,2,2025-08-31 22:29:32,3.36,,United Kingdom
537952,22426,STRAWBERRY PRESERVES,1,2025-08-31 22:29:32,4.04,,United Kingdom
537952,21217,PACK OF 20 NAPKINS,6,2025-08-31 22:29:32,1.46,,United Kingdom
537953,21227,VINTAGE UNION JACK CUSHION,1,2025-12-20 04:14:36,14.46,14545.0,United Kingdom
537954,22426,STRAWBERRY PRESERVES,12,2025-06-30 19:23:56,4.04,17467.0,United Kingdom
537954,22424,WHOLE WHEAT BREAD,2,2025-06-30 19:23:56,3.03,17467.0,United Kingdom
537954,22423,ORGANIC WHOLE MILK,4,2025-06-30 19:23:56,3.37,17467.0,United Kingdom
537954,22425,SWEET CREAM BUTTER,4,2025-06-30 19:23:56,4.06,17467.0,United Kingdom
537954,21219,TRAVEL SEWING KIT,4,2025-06-30 19:23:56,2.1,17467.0,United Kingdom
537955,20727,ALMOND DANISH,3,2025-01-17 03:25:35,2.64,16170.0,United Kingdom
537955,20725,CROISSANT ALL BUTTER,1,2025-01-17 03:25:35,2.18,16170.0,United Kingdom
537955,20729,BLUEBERRY SCONE,1,2025-01-17 03:25:35,2.33,16170.0,United Kingdom
537955,22423,ORGANIC WHOLE MILK,2,2025-01-17 03:25:35,3.44,16170.0,United Kingdom
537955,22425,SWEET CREAM BUTTER,3,2025-01-17 03:25:35,4.07,16170.0,United Kingdom
537955,22427,ORGANIC EGGS DOZEN,4,2025-01-17 03:25:35,4.79,16170.0,United Kingdom
537955,21229,HAND WARMER BIRD DESIGN,4,2025-01-17 03:25:35,1.92,16170.0,United Kingdom
537956,20728,CAPPUCCINO CUP & SAUCER,6,2025-11-21 23:20:32,8.82,17664.0,United Kingdom
537956,20727,ALMOND DANISH,2,2025-11-21 23:20:32,2.77,17664.0,United Kingdom
537956,21220,BICYCLE PUNCTURE REPAIR KIT,1,2025-11-21 23:20:32,2.93,17664.0,United Kingdom
537957,71053,WIRELESS ERGONOMIC MOUSE,24,2025-10-20 20:51:29,31.28,18032.0,United Kingdom
537957,71054,MECHANICAL KEYBOARD,1,2025-10-20 20:51:29,68.24,18032.0,United Kingdom
537957,21734,ARTISAN PASTA PENNE,2,2025-10-20 20:51:29,3.38,18032.0,United Kingdom
537957,21733,ITALIAN EXTRA VIRGIN OLIVE OIL,3,2025-10-20 20:51:29,13.32,18032.0,United Kingdom
537957,21737,GARLIC HERB BREADSTICKS,1,2025-10-20 20:51:29,2.84,18032.0,United Kingdom
537957,21735,AGED PARMESAN REGGIANO,1,2025-10-20 20:51:29,7.74,18032.0,United Kingdom
537957,21221,RETRO SPOT TEA TOWEL,1,2025-10-20 20:51:29,2.48,18032.0,United Kingdom
537957,21224,GLASS STORAGE JAR SMALL,1,2025-10-20 20:51:29,2.29,18032.0,United Kingdom
537957,21222,RETRO SPOT APRON,2,2025-10-20 20:51:29,6.85,18032.0,United Kingdom
537958,20725,CROISSANT ALL BUTTER,4,2025-08-06 21:52:05,2.21,12920.0,United Kingdom
537958,20729,BLUEBERRY SCONE,2,2025-08-06 21:52:05,2.36,12920.0,United Kingdom
537958,21229,HAND WARMER BIRD DESIGN,3,2025-08-06 21:52:05,1.87,12920.0,United Kingdom
537958,21228,WALL CLOCK RETRO RED,2,2025-08-06 21:52:05,17.71,12920.0,United Kingdom
537958,21227,VINTAGE UNION JACK CUSHION,2,2025-08-06 21:52:05,15.49,12920.0,United Kingdom
537959,85123C,DARK CHOCOLATE BAR 85%,6,2025-08-29 19:35:06,3.43,16203.0,United Kingdom
537959,85123B,PURE CANE SUGAR,1,2025-08-29 19:35:06,2.43,16203.0,United Kingdom
537959,85123D,FRENCH VANILLA SYRUP,2,2025-08-29 19:35:06,6.2,16203.0,United Kingdom
537959,85123E,CERAMIC COFFEE MUG,4,2025-08-29 19:35:06,6.78,16203.0,United Kingdom
537960,22427,ORGANIC EGGS DOZEN,3,2025-08-22 23:24:49,4.94,12724.0,United Kingdom
537960,22425,SWEET CREAM BUTTER,1,2025-08-22 23:24:49,4.2,12724.0,United Kingdom
537960,22424,WHOLE WHEAT BREAD,1,2025-08-22 23:24:49,3.0,12724.0,United Kingdom
537960,21736,ORGANIC TOMATO BASIL SAUCE,4,2025-08-22 23:24:49,4.36,12724.0,United Kingdom
537960,21733,ITALIAN EXTRA VIRGIN OLIVE OIL,1,2025-08-22 23:24:49,13.45,12724.0,United Kingdom
537960,21734,ARTISAN PASTA PENNE,1,2025-08-22 23:24:49,3.25,12724.0,United Kingdom
537960,21226,CHILLI LIGHTS STRING,1,2025-08-22 23:24:49,8.27,12724.0,United Kingdom
537961,84882,GARDENING GLOVES PAIR,24,2025-06-08 20:55:52,4.78,17961.0,United Kingdom
537961,84881,ORGANIC POTTING SOIL 10L,1,2025-06-08 20:55:52,6.66,17961.0,United Kingdom
537961,84883,LED GROW LIGHT BULB,1,2025-06-08 20:55:52,14.56,17961.0,United Kingdom
537962,22720,SET OF 3 CAKE TINS PANTRY,3,2025-06-18 22:40:16,5.06,,United Kingdom
537962,85099B,WHITE HANGING HEART T-LIGHT HOLDER,2,2025-06-18 22:40:16,2.44,,United Kingdom
537963,22960,HEART OF WICKER SMALL,2,2025-03-10 19:17:58,1.57,13364.0,Germany
537963,85099B,WHITE HANGING HEART T-LIGHT HOLDER,3,2025-03-10 19:17:58,2.44,13364.0,Germany
537963,22423,REGENCY CAKESTAND 3 TIER,1,2025-03-10 19:17:58,12.3,13364.0,Germany
537963,22961,HEART OF WICKER LARGE,4,2025-03-10 19:17:58,3.08,13364.0,Germany
537964,22960,HEART OF WICKER SMALL,2,2025-08-25 19:47:39,1.66,15547.0,United Kingdom
537964,85099B,WHITE HANGING HEART T-LIGHT HOLDER,3,2025-08-25 19:47:39,2.51,15547.0,United Kingdom
537964,22961,HEART OF WICKER LARGE,1,2025-08-25 19:47:39,2.84,15547.0,United Kingdom
537965,71056,LARGE DESK PAD BLACK,1,2025-08-12 23:33:42,16.23,16544.0,United Kingdom
537965,71054,MECHANICAL KEYBOARD,1,2025-08-12 23:33:42,71.15,16544.0,United Kingdom
537966,21214,RECIPE BOX PANTRY DESIGN,12,2025-01-19 16:49:43,8.28,,United Kingdom
537967,71054,MECHANICAL KEYBOARD,1,2025-11-19 20:15:09,66.99,,United Kingdom
537967,71056,LARGE DESK PAD BLACK,1,2025-11-19 20:15:09,15.93,,United Kingdom
537967,71057,MONITOR LIGHT BAR,1,2025-11-19 20:15:09,38.25,,United Kingdom
537968,21734,ARTISAN PASTA PENNE,4,2025-11-15 02:35:08,3.2,16645.0,United Kingdom
537968,21733,ITALIAN EXTRA VIRGIN OLIVE OIL,1,2025-11-15 02:35:08,12.65,16645.0,United Kingdom
537968,21736,ORGANIC TOMATO BASIL SAUCE,2,2025-11-15 02:35:08,4.62,16645.0,United Kingdom
537968,21735,AGED PARMESAN REGGIANO,3,2025-11-15 02:35:08,7.86,16645.0,United Kingdom
537969,22425,SWEET CREAM BUTTER,1,2025-10-19 02:24:19,4.14,,United Kingdom
537969,22427,ORGANIC EGGS DOZEN,12,2025-10-19 02:24:19,5.11,,United Kingdom
537969,22426,STRAWBERRY PRESERVES,2,2025-10-19 02:24:19,3.81,,United Kingdom
537969,21220,BICYCLE PUNCTURE REPAIR KIT,1,2025-10-19 02:24:19,2.95,,United Kingdom
537970,85123B,PURE CANE SUGAR,3,2025-06-21 01:19:27,2.58,15216.0,United Kingdom
537970,85123A,COLOMBIAN ROAST COFFEE,2,2025-06-21 01:19:27,9.21,15216.0,United Kingdom
537970,85123E,CERAMIC COFFEE MUG,3,2025-06-21 01:19:27,6.29,15216.0,United Kingdom
537970,22423,REGENCY CAKESTAND 3 TIER,1,2025-06-21 01:19:27,12.86,15216.0,United Kingdom
537970,85099B,WHITE HANGING HEART T-LIGHT HOLDER,1,2025-06-21 01:19:27,2.55,15216.0,United Kingdom
537970,22960,HEART OF WICKER SMALL,3,2025-06-21 01:19:27,1.7,15216.0,United Kingdom
537970,21219,TRAVEL SEWING KIT,3,2025-06-21 01:19:27,2.12,15216.0,United Kingdom
C537971,84879,CERAMIC PLANT POT WHITE,-6,2025-03-30 01:06:26,10.0,16519.0,United Kingdom
C537971,84883,LED GROW LIGHT BULB,-8,2025-03-30 01:06:26,14.97,16519.0,United Kingdom
C537971,84880,WATERING CAN GREEN 2L,-8,2025-03-30 01:06:26,11.39,16519.0,United Kingdom
C537971,21228,WALL CLOCK RETRO RED,-7,2025-03-30 01:06:26,18.06,16519.0,United Kingdom
C537971,21225,GLASS STORAGE JAR LARGE,-10,2025-03-30 01:06:26,3.96,16519.0,United Kingdom
537972,85123D,FRENCH VANILLA SYRUP,6,2025-04-16 03:19:30,6.07,17122.0,United Kingdom
537972,85123C,DARK CHOCOLATE BAR 85%,2,2025-04-16 03:19:30,3.51,17122.0,United Kingdom
537972,85123B,PURE CANE SUGAR,2,2025-04-16 03:19:30,2.53,17122.0,United Kingdom
537973,85123E,CERAMIC COFFEE MUG,3,2025-10-06 03:36:17,6.29,17887.0,United Kingdom
537973,85123C,DARK CHOCOLATE BAR 85%,2,2025-10-06 03:36:17,3.5,17887.0,United Kingdom
537973,85123B,PURE CANE SUGAR,4,2025-10-06 03:36:17,2.51,17887.0,United Kingdom
537973,85123D,FRENCH VANILLA SYRUP,1,2025-10-06 03:36:17,5.94,17887.0,United Kingdom
537973,21230,BATHROOM SCALE VINTAGE,1,2025-10-06 03:36:17,22.43,17887.0,United Kingdom
537974,22961,HEART OF WICKER LARGE,6,2025-05-21 16:41:10,2.98,,United Kingdom
537974,22960,HEART OF WICKER SMALL,1,2025-05-21 16:41:10,1.6,,United Kingdom
537974,85099B,WHITE HANGING HEART T-LIGHT HOLDER,4,2025-05-21 16:41:10,2.5,,United Kingdom
537974,21222,RETRO SPOT APRON,4,2025-05-21 16:41:10,6.97,,United Kingdom
537975,84879,CERAMIC PLANT POT WHITE,1,2025-12-09 20:20:27,9.91,,United Kingdom
537975,84882,GARDENING GLOVES PAIR,2,2025-12-09 20:20:27,4.88,,United Kingdom
537976,22424,WHOLE WHEAT BREAD,3,2025-02-06 21:51:21,2.87,16079.0,United Kingdom
537976,22427,ORGANIC EGGS DOZEN,1,2025-02-06 21:51:21,4.81,16079.0,United Kingdom
537976,22423,ORGANIC WHOLE MILK,1,2025-02-06 21:51:21,3.5,16079.0,United Kingdom
537976,22426,STRAWBERRY PRESERVES,6,2025-02-06 21:51:21,3.78,16079.0,United Kingdom
537976,22425,SWEET CREAM BUTTER,2,2025-02-06 21:51:21,4.34,16079.0,United Kingdom
537976,84882,GARDENING GLOVES PAIR,2,2025-02-06 21:51:21,4.95,16079.0,United Kingdom
537976,84880,WATERING CAN GREEN 2L,1,2025-02-06 21:51:21,11.73,16079.0,United Kingdom
537976,84881,ORGANIC POTTING SOIL 10L,1,2025-02-06 21:51:21,6.76,16079.0,United Kingdom
537977,22424,WHOLE WHEAT BREAD,4,2025-08-24 03:46:06,3.06,18211.0,United Kingdom
537977,22426,STRAWBERRY PRESERVES,2,2025-08-24 03:46:06,3.75,18211.0,United Kingdom
537977,22423,ORGANIC WHOLE MILK,2,2025-08-24 03:46:06,3.47,18211.0,United Kingdom
537977,22427,ORGANIC EGGS DOZEN,3,2025-08-24 03:46:06,5.0,18211.0,United Kingdom
537978,22720,SET OF 3 CAKE TINS PANTRY,1,2025-06-29 23:37:19,4.83,14679.0,Spain
537978,22960,HEART OF WICKER SMALL,3,2025-06-29 23:37:19,1.62,14679.0,Spain
537978,20726,PAIN AU CHOCOLAT,1,2025-06-29 23:37:19,2.44,14679.0,Spain
537978,20725,CROISSANT ALL BUTTER,6,2025-06-29 23:37:19,2.2,14679.0,Spain
537978,20727,ALMOND DANISH,12,2025-06-29 23:37:19,2.76,14679.0,Spain
537979,20727,ALMOND DANISH,1,2025-08-02 19:38:56,2.65,12607.0,United Kingdom
537979,20729,BLUEBERRY SCONE,2,2025-08-02 19:38:56,2.4,12607.0,United Kingdom
537980,85123E,CERAMIC COFFEE MUG,6,2025-08-12 02:54:43,6.49,18209.0,United Kingdom
537980,85123B,PURE CANE SUGAR,1,2025-08-12 02:54:43,2.37,18209.0,United Kingdom
537980,85123D,FRENCH VANILLA SYRUP,1,2025-08-12 02:54:43,6.27,18209.0,United Kingdom
537980,85123A,COLOMBIAN ROAST COFFEE,6,2025-08-12 02:54:43,8.71,18209.0,United Kingdom
537980,21227,VINTAGE UNION JACK CUSHION,1,2025-08-12 02:54:43,15.11,18209.0,United Kingdom
537980,21230,BATHROOM SCALE VINTAGE,2,2025-08-12 02:54:43,22.61,18209.0,United Kingdom
537981,21736,ORGANIC TOMATO BASIL SAUCE,1,2025-03-26 03:28:47,4.66,13798.0,Germany
537981,21737,GARLIC HERB BREADSTICKS,6,2025-03-26 03:28:47,3.01,13798.0,Germany
537982,22424,WHOLE WHEAT BREAD,6,2025-06-15 04:44:42,3.09,14178.0,Belgium
537982,22425,SWEET CREAM BUTTER,4,2025-06-15 04:44:42,4.17,14178.0,Belgium
537982,22423,ORGANIC WHOLE MILK,3,2025-06-15 04:44:42,3.43,14178.0,Belgium
537982,22426,STRAWBERRY PRESERVES,2,2025-06-15 04:44:42,3.73,14178.0,Belgium
537982,22427,ORGANIC EGGS DOZEN,3,2025-06-15 04:44:42,4.76,14178.0,Belgium
537982,21217,PACK OF 20 NAPKINS,1,2025-06-15 04:44:42,1.47,14178.0,Belgium
537982,21220,BICYCLE PUNCTURE REPAIR KIT,1,2025-06-15 04:44:42,3.08,14178.0,Belgium
537983,85123C,DARK CHOCOLATE BAR 85%,1,2025-11-22 02:56:17,3.63,12424.0,United Kingdom
537983,85123E,  CERAMIC COFFEE MUG   ,1,2025-11-22 02:56:17,6.58,12424.0,United Kingdom
537983,85123B,PURE CANE SUGAR,3,2025-11-22 02:56:17,2.49,12424.0,United Kingdom
537983,71057,MONITOR LIGHT BAR,1,2025-11-22 02:56:17,41.0,12424.0,United Kingdom
537983,71054,MECHANICAL KEYBOARD,1,2025-11-22 02:56:17,72.71,12424.0,United Kingdom
537983,85099B,WHITE HANGING HEART T-LIGHT HOLDER,1,2025-11-22 02:56:17,2.6,12424.0,United Kingdom
537983,22961,HEART OF WICKER LARGE,1,2025-11-22 02:56:17,2.84,12424.0,United Kingdom
537984,21737,GARLIC HERB BREADSTICKS,1,2025-12-03 02:38:59,2.92,17072.0,United Kingdom
537984,21733,ITALIAN EXTRA VIRGIN OLIVE OIL,1,2025-12-03 02:38:59,13.24,17072.0,United Kingdom
537984,21734,ARTISAN PASTA PENNE,1,2025-12-03 02:38:59,3.17,17072.0,United Kingdom
537984,21736,ORGANIC TOMATO BASIL SAUCE,3,2025-12-03 02:38:59,4.71,17072.0,United Kingdom
537985,84881,ORGANIC POTTING SOIL 10L,2,2025-05-17 02:50:53,6.7,17689.0,United Kingdom
537985,84879,CERAMIC PLANT POT WHITE,4,2025-05-17 02:50:53,10.24,17689.0,United Kingdom
537985,84883,LED GROW LIGHT BULB,4,2025-05-17 02:50:53,14.55,17689.0,United Kingdom
537986,71056,LARGE DESK PAD BLACK,1,2025-01-10 21:13:57,15.98,,United Kingdom
537986,71055,USB-C MULTIPORT ADAPTER,3,2025-01-10 21:13:57,26.17,,United Kingdom
537986,71057,MONITOR LIGHT BAR,3,2025-01-10 21:13:57,38.5,,United Kingdom
537986,71054,MECHANICAL KEYBOARD,2,2025-01-10 21:13:57,71.6,,United Kingdom
537986,85123B,PURE CANE SUGAR,2,2025-01-10 21:13:57,2.57,,United Kingdom
537986,85123A,COLOMBIAN ROAST COFFEE,12,2025-01-10 21:13:57,9.09,,United Kingdom
C537987,21229,HAND WARMER BIRD DESIGN,-9,2025-04-23 20:11:47,1.95,14971.0,Netherlands
537988,84879,CERAMIC PLANT POT WHITE,24,2025-12-20 19:22:44,10.15,18169.0,EIRE
537988,84881,ORGANIC POTTING SOIL 10L,2,2025-12-20 19:22:44,7.1,18169.0,EIRE
537988,21214,RECIPE BOX PANTRY DESIGN,1,2025-12-20 19:22:44,8.15,18169.0,EIRE
537989,21736,ORGANIC TOMATO BASIL SAUCE,1,2025-02-12 21:27:30,4.55,16839.0,United Kingdom
537989,21733,ITALIAN EXTRA VIRGIN OLIVE OIL,1,2025-02-12 21:27:30,12.49,16839.0,United Kingdom
537989,84880,WATERING CAN GREEN 2L,1,2025-02-12 21:27:30,11.32,16839.0,United Kingdom
537989,84879,CERAMIC PLANT POT WHITE,1,2025-02-12 21:27:30,10.01,16839.0,United Kingdom
537989,84882,GARDENING GLOVES PAIR,2,2025-02-12 21:27:30,4.92,16839.0,United Kingdom
537989,84883,LED GROW LIGHT BULB,2,2025-02-12 21:27:30,14.95,16839.0,United Kingdom
537989,20725,CROISSANT ALL BUTTER,1,2025-02-12 21:27:30,2.15,16839.0,United Kingdom
537989,20727,ALMOND DANISH,3,2025-02-12 21:27:30,2.8,16839.0,United Kingdom
537989,20729,BLUEBERRY SCONE,3,2025-02-12 21:27:30,2.47,16839.0,United Kingdom
537989,21223,SET OF 6 SPICE JARS,1,2025-02-12 21:27:30,9.72,16839.0,United Kingdom
537989,21219,TRAVEL SEWING KIT,1,2025-02-12 21:27:30,2.02,16839.0,United Kingdom
537989,21218,SCENTED CANDLE LAVENDER,6,2025-02-12 21:27:30,4.24,16839.0,United Kingdom
537990,21737,GARLIC HERB BREADSTICKS,1,2025-12-18 01:26:29,2.97,15084.0,United Kingdom
537990,21736,ORGANIC TOMATO BASIL SAUCE,6,2025-12-18 01:26:29,4.27,15084.0,United Kingdom
537990,21735,AGED PARMESAN REGGIANO,4,2025-12-18 01:26:29,7.77,15084.0,United Kingdom
537990,21733,ITALIAN EXTRA VIRGIN OLIVE OIL,2,2025-12-18 01:26:29,13.48,15084.0,United Kingdom
537990,21734,ARTISAN PASTA PENNE,1,2025-12-18 01:26:29,3.45,15084.0,United Kingdom
537990,85123E,CERAMIC COFFEE MUG,2,2025-12-18 01:26:29,6.75,15084.0,United Kingdom
537990,85123C,DARK CHOCOLATE BAR 85%,3,2025-12-18 01:26:29,3.61,15084.0,United Kingdom
537990,85123D,FRENCH VANILLA SYRUP,6,2025-12-18 01:26:29,5.74,15084.0,United Kingdom
537990,85123B,PURE CANE SUGAR,6,2025-12-18 01:26:29,2.46,15084.0,United Kingdom
537990,20727,ALMOND DANISH,1,2025-12-18 01:26:29,2.64,15084.0,United Kingdom
537990,20728,CAPPUCCINO CUP & SAUCER,24,2025-12-18 01:26:29,8.36,15084.0,United Kingdom
537991,84882,GARDENING GLOVES PAIR,2,2025-07-18 05:00:55,5.08,13557.0,United Kingdom
537991,84879,CERAMIC PLANT POT WHITE,1,2025-07-18 05:00:55,9.7,13557.0,United Kingdom
537992,85123E,CERAMIC COFFEE MUG,2,2025-09-03 01:54:38,6.77,15688.0,United Kingdom
537992,85123D,FRENCH VANILLA SYRUP,1,2025-09-03 01:54:38,6.01,15688.0,United Kingdom
537993,22426,STRAWBERRY PRESERVES,1,2025-05-05 03:45:26,3.99,14107.0,United Kingdom
537993,22427,ORGANIC EGGS DOZEN,4,2025-05-05 03:45:26,5.13,14107.0,United Kingdom
537994,22425,SWEET CREAM BUTTER,12,2025-11-28 02:33:40,4.32,16764.0,France
537994,22426,STRAWBERRY PRESERVES,2,2025-11-28 02:33:40,4.02,16764.0,France
537994,22424,WHOLE WHEAT BREAD,3,2025-11-28 02:33:40,3.1,16764.0,France
537995,84882,GARDENING GLOVES PAIR,2,2025-03-23 17:59:14,4.99,17479.0,United Kingdom
537995,84883,LED GROW LIGHT BULB,2,2025-03-23 17:59:14,14.91,17479.0,United Kingdom
537995,84880,WATERING CAN GREEN 2L,2,2025-03-23 17:59:14,11.72,17479.0,United Kingdom
537995,84879,CERAMIC PLANT POT WHITE,2,2025-03-23 17:59:14,9.52,17479.0,United Kingdom
537995,84881,ORGANIC POTTING SOIL 10L,3,2025-03-23 17:59:14,7.32,17479.0,United Kingdom
537995,21213,MINI PAINT SET 9 COLOURS,3,2025-03-23 17:59:14,1.29,17479.0,United Kingdom
537996,21733,ITALIAN EXTRA VIRGIN OLIVE OIL,12,2025-10-13 04:28:11,12.66,14559.0,Netherlands
537996,21737,GARLIC HERB BREADSTICKS,1,2025-10-13 04:28:11,3.03,14559.0,Netherlands
537996,21735,AGED PARMESAN REGGIANO,12,2025-10-13 04:28:11,7.5,14559.0,Netherlands
537996,21734,ARTISAN PASTA PENNE,3,2025-10-13 04:28:11,3.3,14559.0,Netherlands
537997,21221,RETRO SPOT TEA TOWEL,1,2025-04-13 21:09:35,2.47,17990.0,United Kingdom
537998,20725,CROISSANT ALL BUTTER,6,2025-06-05 00:52:12,2.21,15025.0,United Kingdom
537998,20727,ALMOND DANISH,3,2025-06-05 00:52:12,2.76,15025.0,United Kingdom
537999,22427,ORGANIC EGGS DOZEN,6,2025-06-13 05:07:15,5.19,,United Kingdom
537999,22424,WHOLE WHEAT BREAD,3,2025-06-13 05:07:15,3.11,,United Kingdom
537999,22426,STRAWBERRY PRESERVES,3,2025-06-13 05:07:15,3.82,,United Kingdom
537999,22423,ORGANIC WHOLE MILK,4,2025-06-13 05:07:15,3.47,,United Kingdom
537999,21220,BICYCLE PUNCTURE REPAIR KIT,3,2025-06-13 05:07:15,2.98,,United Kingdom
538000,22424,WHOLE WHEAT BREAD,3,2025-08-23 02:07:27,2.97,,United Kingdom
538000,22427,ORGANIC EGGS DOZEN,1,2025-08-23 02:07:27,5.08,,United Kingdom
538000,22423,ORGANIC WHOLE MILK,24,2025-08-23 02:07:27,3.47,,United Kingdom
538000,22426,STRAWBERRY PRESERVES,1,2025-08-23 02:07:27,4.03,,United Kingdom
538000,22425,SWEET CREAM BUTTER,2,2025-08-23 02:07:27,4.37,,United Kingdom
538001,85123D,FRENCH VANILLA SYRUP,1,2025-12-04 00:57:00,5.93,,United Kingdom
538001,85123B,PURE CANE SUGAR,6,2025-12-04 00:57:00,2.53,,United Kingdom
538001,85123C,DARK CHOCOLATE BAR 85%,1,2025-12-04 00:57:00,3.34,,United Kingdom
538002,21214,RECIPE BOX PANTRY DESIGN,3,2025-12-05 22:21:37,7.72,14206.0,United Kingdom
538003,22423,ORGANIC WHOLE MILK,2,2025-01-31 00:35:26,3.49,14214.0,United Kingdom
538003,22424,WHOLE WHEAT BREAD,1,2025-01-31 00:35:26,2.93,14214.0,United Kingdom
538004,22720,SET OF 3 CAKE TINS PANTRY,2,2025-10-23 03:44:37,4.8,18234.0,United Kingdom
538004,22423,REGENCY CAKESTAND 3 TIER,2,2025-10-23 03:44:37,13.29,18234.0,United Kingdom
538005,20728,CAPPUCCINO CUP & SAUCER,2,2025-04-26 23:30:15,8.32,16339.0,United Kingdom
538005,20727,ALMOND DANISH,1,2025-04-26 23:30:15,2.77,16339.0,United Kingdom
538005,22720,SET OF 3 CAKE TINS PANTRY,3,2025-04-26 23:30:15,4.79,16339.0,United Kingdom
538005,85099B,WHITE HANGING HEART T-LIGHT HOLDER,1,2025-04-26 23:30:15,2.62,16339.0,United Kingdom
538006,85099B,WHITE HANGING HEART T-LIGHT HOLDER,24,2025-05-08 17:26:07,2.48,16526.0,United Kingdom
538006,22961,HEART OF WICKER LARGE,4,2025-05-08 17:26:07,2.94,16526.0,United Kingdom
538006,22720,SET OF 3 CAKE TINS PANTRY,1,2025-05-08 17:26:07,5.08,16526.0,United Kingdom
538007,84881,ORGANIC POTTING SOIL 10L,24,2025-06-09 04:22:54,7.28,15088.0,Netherlands
538007,84880,WATERING CAN GREEN 2L,1,2025-06-09 04:22:54,11.83,15088.0,Netherlands
538007,84883,LED GROW LIGHT BULB,2,2025-06-09 04:22:54,14.3,15088.0,Netherlands
538008,21737,GARLIC HERB BREADSTICKS,1,2025-11-29 03:21:44,2.97,15163.0,United Kingdom
538008,21734,ARTISAN PASTA PENNE,2,2025-11-29 03:21:44,3.16,15163.0,United Kingdom
538008,21736,ORGANIC TOMATO BASIL SAUCE,2,2025-11-29 03:21:44,4.5,15163.0,United Kingdom
538008,21733,ITALIAN EXTRA VIRGIN OLIVE OIL,1,2025-11-29 03:21:44,13.55,15163.0,United Kingdom
538009,22960,HEART OF WICKER SMALL,1,2025-12-22 00:18:19,1.65,16859.0,United Kingdom
538009,22961,HEART OF WICKER LARGE,2,2025-12-22 00:18:19,3.03,16859.0,United Kingdom
538009,84880,WATERING CAN GREEN 2L,3,2025-12-22 00:18:19,11.75,16859.0,United Kingdom
538009,84882,GARDENING GLOVES PAIR,6,2025-12-22 00:18:19,4.98,16859.0,United Kingdom
538009,22425,SWEET CREAM BUTTER,6,2025-12-22 00:18:19,4.33,16859.0,United Kingdom
538009,22426,STRAWBERRY PRESERVES,2,2025-12-22 00:18:19,3.89,16859.0,United Kingdom
538009,22423,ORGANIC WHOLE MILK,1,2025-12-22 00:18:19,3.6,16859.0,United Kingdom
538009,22427,ORGANIC EGGS DOZEN,2,2025-12-22 00:18:19,5.2,16859.0,United Kingdom
538009,21227,VINTAGE UNION JACK CUSHION,1,2025-12-22 00:18:19,14.45,16859.0,United Kingdom
538009,21229,HAND WARMER BIRD DESIGN,2,2025-12-22 00:18:19,2.05,16859.0,United Kingdom
538010,22425,SWEET CREAM BUTTER,6,2025-06-21 01:17:45,4.25,16349.0,United Kingdom
538010,22426,STRAWBERRY PRESERVES,2,2025-06-21 01:17:45,3.88,16349.0,United Kingdom
538010,22427,ORGANIC EGGS DOZEN,3,2025-06-21 01:17:45,4.84,16349.0,United Kingdom
538011,85123C,DARK CHOCOLATE BAR 85%,1,2025-02-27 01:17:36,3.5,13251.0,United Kingdom
538011,85123E,CERAMIC COFFEE MUG,3,2025-02-27 01:17:36,6.66,13251.0,United Kingdom
538011,85123A,COLOMBIAN ROAST COFFEE,3,2025-02-27 01:17:36,8.6,13251.0,United Kingdom
538012,21734,ARTISAN PASTA PENNE,4,2025-01-10 21:09:48,3.26,,United Kingdom
538012,21736,ORGANIC TOMATO BASIL SAUCE,24,2025-01-10 21:09:48,4.36,,United Kingdom
538012,21737,GARLIC HERB BREADSTICKS,1,2025-01-10 21:09:48,3.1,,United Kingdom
538012,21735,AGED PARMESAN REGGIANO,1,2025-01-10 21:09:48,8.13,,United Kingdom
538013,22426,STRAWBERRY PRESERVES,6,2025-10-25 01:33:49,3.97,14687.0,United Kingdom
538013,22424,WHOLE WHEAT BREAD,6,2025-10-25 01:33:49,2.86,14687.0,United Kingdom
538013,71057,MONITOR LIGHT BAR,3,2025-10-25 01:33:49,40.03,14687.0,United Kingdom
538013,71053,WIRELESS ERGONOMIC MOUSE,1,2025-10-25 01:33:49,29.35,14687.0,United Kingdom
538013,21734,ARTISAN PASTA PENNE,1,2025-10-25 01:33:49,3.34,14687.0,United Kingdom
538013,21733,ITALIAN EXTRA VIRGIN OLIVE OIL,1,2025-10-25 01:33:49,12.62,14687.0,United Kingdom
538013,21737,GARLIC HERB BREADSTICKS,1,2025-10-25 01:33:49,3.14,14687.0,United Kingdom
538014,20725,CROISSANT ALL BUTTER,1,2025-08-14 05:01:03,2.3,17561.0,United Kingdom
538014,20729,BLUEBERRY SCONE,12,2025-08-14 05:01:03,2.39,17561.0,United Kingdom
538014,20727,ALMOND DANISH,12,2025-08-14 05:01:03,2.71,17561.0,United Kingdom
538014,22425,SWEET CREAM BUTTER,3,2025-08-14 05:01:03,4.34,17561.0,United Kingdom
538014,22427,ORGANIC EGGS DOZEN,2,2025-08-14 05:01:03,5.14,17561.0,United Kingdom
538014,22424,WHOLE WHEAT BREAD,2,2025-08-14 05:01:03,3.08,17561.0,United Kingdom
538014,22426,STRAWBERRY PRESERVES,3,2025-08-14 05:01:03,3.88,17561.0,United Kingdom
538014,21228,WALL CLOCK RETRO RED,2,2025-08-14 05:01:03,18.46,17561.0,United Kingdom
538015,71053,WIRELESS ERGONOMIC MOUSE,1,2025-05-23 00:15:50,28.66,12492.0,United Kingdom
538015,71056,LARGE DESK PAD BLACK,6,2025-05-23 00:15:50,16.78,12492.0,United Kingdom
538015,71055,USB-C MULTIPORT ADAPTER,4,2025-05-23 00:15:50,25.21,12492.0,United Kingdom
538015,71054,MECHANICAL KEYBOARD,1,2025-05-23 00:15:50,68.01,12492.0,United Kingdom
538016,20728,CAPPUCCINO CUP & SAUCER,1,2025-05-30 23:30:05,8.68,18268.0,United Kingdom
538016,20726,PAIN AU CHOCOLAT,3,2025-05-30 23:30:05,2.5,18268.0,United Kingdom
538016,20727,ALMOND DANISH,2,2025-05-30 23:30:05,2.67,18268.0,United Kingdom
538016,84882,GARDENING GLOVES PAIR,1,2025-05-30 23:30:05,5.03,18268.0,United Kingdom
538016,84880,WATERING CAN GREEN 2L,3,2025-05-30 23:30:05,11.21,18268.0,United Kingdom
538016,22426,STRAWBERRY PRESERVES,6,2025-05-30 23:30:05,4.03,18268.0,United Kingdom
538016,22424,WHOLE WHEAT BREAD,3,2025-05-30 23:30:05,2.88,18268.0,United Kingdom
538016,22423,ORGANIC WHOLE MILK,1,2025-05-30 23:30:05,3.36,18268.0,United Kingdom
538016,22425,SWEET CREAM BUTTER,2,2025-05-30 23:30:05,4.31,18268.0,United Kingdom
538017,22720,SET OF 3 CAKE TINS PANTRY,24,2025-09-08 16:53:59,5.16,16680.0,United Kingdom
538017,22961,HEART OF WICKER LARGE,2,2025-09-08 16:53:59,3.04,16680.0,United Kingdom
538018,71057,MONITOR LIGHT BAR,6,2025-12-30 00:25:06,37.99,,United Kingdom
538018,71056,LARGE DESK PAD BLACK,1,2025-12-30 00:25:06,15.99,,United Kingdom
538018,71054,MECHANICAL KEYBOARD,2,2025-12-30 00:25:06,69.67,,United Kingdom
538019,22424,WHOLE WHEAT BREAD,3,2025-06-18 21:06:30,3.03,14434.0,United Kingdom
538019,22426,STRAWBERRY PRESERVES,1,2025-06-18 21:06:30,3.92,14434.0,United Kingdom
538020,21218,SCENTED CANDLE LAVENDER,2,2025-03-20 02:01:58,4.22,12758.0,United Kingdom
538021,84883,LED GROW LIGHT BULB,1,2025-03-15 20:55:04,15.44,17325.0,United Kingdom
538021,84880,WATERING CAN GREEN 2L,2,2025-03-15 20:55:04,11.62,17325.0,United Kingdom
538021,84879,CERAMIC PLANT POT WHITE,2,2025-03-15 20:55:04,10.27,17325.0,United Kingdom
538021,84881,ORGANIC POTTING SOIL 10L,1,2025-03-15 20:55:04,7.1,17325.0,United Kingdom
538021,21227,VINTAGE UNION JACK CUSHION,2,2025-03-15 20:55:04,14.36,17325.0,United Kingdom
538022,20727,ALMOND DANISH,6,2025-01-14 01:09:35,2.7,14487.0,Germany
538022,20726,PAIN AU CHOCOLAT,3,2025-01-14 01:09:35,2.55,14487.0,Germany
538022,20725,  CROISSANT ALL BUTTER   ,2,2025-01-14 01:09:35,2.32,14487.0,Germany
538023,84882,GARDENING GLOVES PAIR,1,2025-08-11 01:20:08,5.02,16830.0,United Kingdom
538023,84881,ORGANIC POTTING SOIL 10L,1,2025-08-11 01:20:08,7.23,16830.0,United Kingdom
538023,84880,WATERING CAN GREEN 2L,1,2025-08-11 01:20:08,11.13,16830.0,United Kingdom
538023,84879,CERAMIC PLANT POT WHITE,12,2025-08-11 01:20:08,9.73,16830.0,United Kingdom
538023,84883,LED GROW LIGHT BULB,1,2025-08-11 01:20:08,15.53,16830.0,United Kingdom
538023,22423,REGENCY CAKESTAND 3 TIER,6,2025-08-11 01:20:08,12.87,16830.0,United Kingdom
538023,85099B,WHITE HANGING HEART T-LIGHT HOLDER,1,2025-08-11 01:20:08,2.5,16830.0,United Kingdom
538023,22720,SET OF 3 CAKE TINS PANTRY,6,2025-08-11 01:20:08,4.98,16830.0,United Kingdom
538023,22961,HEART OF WICKER LARGE,1,2025-08-11 01:20:08,3.02,16830.0,United Kingdom
538023,21227,VINTAGE UNION JACK CUSHION,4,2025-08-11 01:20:08,14.89,16830.0,United Kingdom
538023,21229,HAND WARMER BIRD DESIGN,2,2025-08-11 01:20:08,1.89,16830.0,United Kingdom
538023,21225,GLASS STORAGE JAR LARGE,1,2025-08-11 01:20:08,3.88,16830.0,United Kingdom
538024,85123E,CERAMIC COFFEE MUG,4,2025-12-03 18:26:11,6.21,,United Kingdom
538024,85123A,COLOMBIAN ROAST COFFEE,1,2025-12-03 18:26:11,9.32,,United Kingdom
538024,85123D,FRENCH VANILLA SYRUP,6,2025-12-03 18:26:11,5.74,,United Kingdom
538024,22424,WHOLE WHEAT BREAD,2,2025-12-03 18:26:11,2.99,,United Kingdom
538024,22423,ORGANIC WHOLE MILK,1,2025-12-03 18:26:11,3.62,,United Kingdom
538024,22426,STRAWBERRY PRESERVES,1,2025-12-03 18:26:11,3.76,,United Kingdom
538024,21225,GLASS STORAGE JAR LARGE,1,2025-12-03 18:26:11,4.14,,United Kingdom
538025,71057,MONITOR LIGHT BAR,1,2025-09-07 04:32:12,41.63,,Belgium
538025,71053,WIRELESS ERGONOMIC MOUSE,2,2025-09-07 04:32:12,29.4,,Belgium
538025,71054,MECHANICAL KEYBOARD,24,2025-09-07 04:32:12,72.0,,Belgium
538026,85123B,PURE CANE SUGAR,1,2025-05-12 22:29:38,2.55,16759.0,United Kingdom
538026,85123D,FRENCH VANILLA SYRUP,4,2025-05-12 22:29:38,6.18,16759.0,United Kingdom
538026,85123C,DARK CHOCOLATE BAR 85%,2,2025-05-12 22:29:38,3.47,16759.0,United Kingdom
538026,21227,VINTAGE UNION JACK CUSHION,4,2025-05-12 22:29:38,15.68,16759.0,United Kingdom
538026,21213,MINI PAINT SET 9 COLOURS,1,2025-05-12 22:29:38,1.26,16759.0,United Kingdom
538026,21223,SET OF 6 SPICE JARS,1,2025-05-12 22:29:38,10.43,16759.0,United Kingdom
538027,21231,FELTCRAFT DOLL ROSIE,2,2025-09-03 17:33:54,2.81,,United Kingdom
538028,85123D,FRENCH VANILLA SYRUP,1,2025-11-15 16:33:52,6.15,15853.0,Germany
538028,85123C,DARK CHOCOLATE BAR 85%,2,2025-11-15 16:33:52,3.39,15853.0,Germany
538028,21221,RETRO SPOT TEA TOWEL,2,2025-11-15 16:33:52,2.55,15853.0,Germany
538028,21228,WALL CLOCK RETRO RED,6,2025-11-15 16:33:52,17.92,15853.0,Germany
538029,20728,CAPPUCCINO CUP & SAUCER,1,2025-10-31 04:24:54,8.14,13816.0,United Kingdom
538029,20725,CROISSANT ALL BUTTER,6,2025-10-31 04:24:54,2.29,13816.0,United Kingdom
538029,20729,BLUEBERRY SCONE,2,2025-10-31 04:24:54,2.44,13816.0,United Kingdom
538029,21225,GLASS STORAGE JAR LARGE,4,2025-10-31 04:24:54,3.82,13816.0,United Kingdom
538030,22426,,1,2025-06-23 00:49:03,4.05,,Spain
538030,22424,WHOLE WHEAT BREAD,1,2025-06-23 00:49:03,3.08,,Spain
538030,22425,SWEET CREAM BUTTER,1,2025-06-23 00:49:03,4.25,,Spain
538030,71057,MONITOR LIGHT BAR,3,2025-06-23 00:49:03,39.04,,Spain
538030,71055,USB-C MULTIPORT ADAPTER,2,2025-06-23 00:49:03,24.17,,Spain
538031,85123A,COLOMBIAN ROAST COFFEE,1,2025-04-18 00:06:40,9.15,13459.0,United Kingdom
538031,85123C,DARK CHOCOLATE BAR 85%,24,2025-04-18 00:06:40,3.42,13459.0,United Kingdom
538032,21733,ITALIAN EXTRA VIRGIN OLIVE OIL,1,2025-08-29 05:19:46,12.97,,United Kingdom
538032,21735,AGED PARMESAN REGGIANO,2,2025-08-29 05:19:46,7.61,,United Kingdom
538032,21734,ARTISAN PASTA PENNE,12,2025-08-29 05:19:46,3.42,,United Kingdom
538032,21736,ORGANIC TOMATO BASIL SAUCE,6,2025-08-29 05:19:46,4.29,,United Kingdom
538032,21215,WOODEN PICTURE FRAME,2,2025-08-29 05:19:46,5.43,,United Kingdom
538032,21222,RETRO SPOT APRON,3,2025-08-29 05:19:46,6.95,,United Kingdom
538033,21227,VINTAGE UNION JACK CUSHION,1,2025-09-05 19:57:21,14.54,17216.0,United Kingdom
538034,71057,MONITOR LIGHT BAR,2,2025-03-07 23:56:23,40.59,15823.0,United Kingdom
538034,71054,MECHANICAL KEYBOARD,3,2025-03-07 23:56:23,72.73,15823.0,United Kingdom
538035,85123C,DARK CHOCOLATE BAR 85%,6,2025-08-12 20:33:50,3.53,13647.0,United Kingdom
538035,85123E,CERAMIC COFFEE MUG,1,2025-08-12 20:33:50,6.38,13647.0,United Kingdom
538035,21228,WALL CLOCK RETRO RED,2,2025-08-12 20:33:50,17.58,13647.0,United Kingdom
538036,84881,ORGANIC POTTING SOIL 10L,2,2025-01-15 00:16:13,7.06,,United Kingdom
538036,84880,WATERING CAN GREEN 2L,1,2025-01-15 00:16:13,11.58,,United Kingdom
538037,22427,ORGANIC EGGS DOZEN,4,2025-12-06 02:54:02,4.79,16225.0,United Kingdom
538037,22426,STRAWBERRY PRESERVES,1,2025-12-06 02:54:02,3.87,16225.0,United Kingdom
538037,21214,RECIPE BOX PANTRY DESIGN,2,2025-12-06 02:54:02,8.24,16225.0,United Kingdom
538038,21734,ARTISAN PASTA PENNE,6,2025-02-22 02:33:13,3.27,17085.0,United Kingdom
538038,21736,ORGANIC TOMATO BASIL SAUCE,4,2025-02-22 02:33:13,4.67,17085.0,United Kingdom
538038,21737,GARLIC HERB BREADSTICKS,12,2025-02-22 02:33:13,3.13,17085.0,United Kingdom
538038,21735,AGED PARMESAN REGGIANO,24,2025-02-22 02:33:13,7.91,17085.0,United Kingdom
538038,21733,ITALIAN EXTRA VIRGIN OLIVE OIL,1,2025-02-22 02:33:13,13.36,17085.0,United Kingdom
538038,71053,WIRELESS ERGONOMIC MOUSE,3,2025-02-22 02:33:13,29.03,17085.0,United Kingdom
538038,71054,MECHANICAL KEYBOARD,6,2025-02-22 02:33:13,67.03,17085.0,United Kingdom
538038,71057,MONITOR LIGHT BAR,1,2025-02-22 02:33:13,39.62,17085.0,United Kingdom
538039,85123C,DARK CHOCOLATE BAR 85%,1,2025-08-17 00:00:17,3.63,14024.0,United Kingdom
538039,85123E,CERAMIC COFFEE MUG,1,2025-08-17 00:00:17,6.28,14024.0,United Kingdom
538040,71055,USB-C MULTIPORT ADAPTER,1,2025-09-22 18:01:05,23.84,16257.0,United Kingdom
538040,71057,MONITOR LIGHT BAR,12,2025-09-22 18:01:05,41.86,16257.0,United Kingdom
538040,71054,MECHANICAL KEYBOARD,12,2025-09-22 18:01:05,73.14,16257.0,United Kingdom
538040,21218,SCENTED CANDLE LAVENDER,12,2025-09-22 18:01:05,4.15,16257.0,United Kingdom
538040,21230,BATHROOM SCALE VINTAGE,1,2025-09-22 18:01:05,21.21,16257.0,United Kingdom
538040,21224,GLASS STORAGE JAR SMALL,2,2025-09-22 18:01:05,2.25,16257.0,United Kingdom
538041,21735,AGED PARMESAN REGGIANO,1,2025-09-13 03:51:38,7.82,,United Kingdom
538041,21733,ITALIAN EXTRA VIRGIN OLIVE OIL,1,2025-09-13 03:51:38,13.03,,United Kingdom
538041,21737,GARLIC HERB BREADSTICKS,2,2025-09-13 03:51:38,3.05,,United Kingdom
538042,22960,HEART OF WICKER SMALL,2,2025-01-26 05:14:25,1.62,12937.0,United Kingdom
538042,22423,REGENCY CAKESTAND 3 TIER,12,2025-01-26 05:14:25,13.37,12937.0,United Kingdom
538042,21229,HAND WARMER BIRD DESIGN,12,2025-01-26 05:14:25,2.01,12937.0,United Kingdom
538043,85123D,FRENCH VANILLA SYRUP,2,2025-06-26 00:05:07,6.05,14290.0,United Kingdom
538043,85123A,COLOMBIAN ROAST COFFEE,1,2025-06-26 00:05:07,9.35,14290.0,United Kingdom
538043,85123E,CERAMIC COFFEE MUG,3,2025-06-26 00:05:07,6.2,14290.0,United Kingdom
538043,85123B,PURE CANE SUGAR,2,2025-06-26 00:05:07,2.5,14290.0,United Kingdom
538043,85123C,DARK CHOCOLATE BAR 85%,1,2025-06-26 00:05:07,3.5,14290.0,United Kingdom
538043,21227,VINTAGE UNION JACK CUSHION,1,2025-06-26 00:05:07,14.91,14290.0,United Kingdom
538043,21216,EMERGENCY FIRST AID TIN,1,2025-06-26 00:05:07,3.74,14290.0,United Kingdom
538044,84880,WATERING CAN GREEN 2L,6,2025-05-15 19:49:47,12.07,17596.0,United Kingdom
538044,84883,LED GROW LIGHT BULB,3,2025-05-15 19:49:47,14.35,17596.0,United Kingdom
538044,21222,RETRO SPOT APRON,2,2025-05-15 19:49:47,7.21,17596.0,United Kingdom
538045,21734,ARTISAN PASTA PENNE,2,2025-06-07 04:28:55,3.17,13514.0,United Kingdom
538045,21736,ORGANIC TOMATO BASIL SAUCE,3,2025-06-07 04:28:55,4.53,13514.0,United Kingdom
C538046,22720,SET OF 3 CAKE TINS PANTRY,-10,2025-05-08 22:58:28,5.15,,United Kingdom
C538046,22961,HEART OF WICKER LARGE,-9,2025-05-08 22:58:28,2.86,,United Kingdom
C538046,21221,RETRO SPOT TEA TOWEL,-9,2025-05-08 22:58:28,2.43,,United Kingdom
C538046,21231,FELTCRAFT DOLL ROSIE,-8,2025-05-08 22:58:28,2.99,,United Kingdom
538047,22720,SET OF 3 CAKE TINS PANTRY,2,2025-03-05 22:51:13,4.76,12965.0,United Kingdom
538047,22961,HEART OF WICKER LARGE,1,2025-03-05 22:51:13,2.96,12965.0,United Kingdom
538047,22423,REGENCY CAKESTAND 3 TIER,2,2025-03-05 22:51:13,12.33,12965.0,United Kingdom
538047,22960,HEART OF WICKER SMALL,1,2025-03-05 22:51:13,1.62,12965.0,United Kingdom
538048,22424,WHOLE WHEAT BREAD,1,2025-05-09 23:42:52,3.08,12979.0,United Kingdom
538048,22427,ORGANIC EGGS DOZEN,2,2025-05-09 23:42:52,5.11,12979.0,United Kingdom
538048,22423,ORGANIC WHOLE MILK,1,2025-05-09 23:42:52,3.53,12979.0,United Kingdom
538048,22425,SWEET CREAM BUTTER,2,2025-05-09 23:42:52,4.13,12979.0,United Kingdom
538048,22426,STRAWBERRY PRESERVES,1,2025-05-09 23:42:52,3.86,12979.0,United Kingdom
538048,21217,PACK OF 20 NAPKINS,4,2025-05-09 23:42:52,1.46,12979.0,United Kingdom
538048,21216,EMERGENCY FIRST AID TIN,3,2025-05-09 23:42:52,3.76,12979.0,United Kingdom
538049,21214,RECIPE BOX PANTRY DESIGN,3,2025-07-17 19:38:39,8.15,15971.0,United Kingdom
538050,20725,CROISSANT ALL BUTTER,3,2025-11-17 18:22:06,2.17,15551.0,United Kingdom
538050,20729,BLUEBERRY SCONE,2,2025-11-17 18:22:06,2.41,15551.0,United Kingdom
538050,21224,GLASS STORAGE JAR SMALL,1,2025-11-17 18:22:06,2.24,15551.0,United Kingdom
538050,21221,RETRO SPOT TEA TOWEL,1,2025-11-17 18:22:06,2.51,15551.0,United Kingdom
538050,21220,BICYCLE PUNCTURE REPAIR KIT,3,2025-11-17 18:22:06,3.12,15551.0,United Kingdom
538051,84879,CERAMIC PLANT POT WHITE,1,2025-07-15 20:05:33,9.99,12515.0,United Kingdom
538051,84880,WATERING CAN GREEN 2L,1,2025-07-15 20:05:33,10.96,12515.0,United Kingdom
538051,84881,ORGANIC POTTING SOIL 10L,2,2025-07-15 20:05:33,7.16,12515.0,United Kingdom
538052,85099B,WHITE HANGING HEART T-LIGHT HOLDER,4,2025-12-03 17:32:06,2.53,,United Kingdom
538052,22960,HEART OF WICKER SMALL,3,2025-12-03 17:32:06,1.62,,United Kingdom
538052,22720,SET OF 3 CAKE TINS PANTRY,6,2025-12-03 17:32:06,5.02,,United Kingdom
538052,22423,REGENCY CAKESTAND 3 TIER,3,2025-12-03 17:32:06,12.42,,United Kingdom
538052,22423,ORGANIC WHOLE MILK,4,2025-12-03 17:32:06,3.38,,United Kingdom
538052,22425,SWEET CREAM BUTTER,4,2025-12-03 17:32:06,4.12,,United Kingdom
538052,22426,STRAWBERRY PRESERVES,12,2025-12-03 17:32:06,3.71,,United Kingdom
538052,84879,CERAMIC PLANT POT WHITE,6,2025-12-03 17:32:06,10.0,,United Kingdom
538052,84882,GARDENING GLOVES PAIR,6,2025-12-03 17:32:06,5.23,,United Kingdom
538052,84881,ORGANIC POTTING SOIL 10L,2,2025-12-03 17:32:06,7.2,,United Kingdom
538053,20727,ALMOND DANISH,2,2025-05-05 03:31:59,2.62,15481.0,United Kingdom
538053,20728,CAPPUCCINO CUP & SAUCER,2,2025-05-05 03:31:59,8.08,15481.0,United Kingdom
538053,21219,TRAVEL SEWING KIT,1,2025-05-05 03:31:59,2.2,15481.0,United Kingdom
538054,85123C,DARK CHOCOLATE BAR 85%,2,2025-08-17 18:43:17,3.61,16679.0,Germany
538054,85123B,PURE CANE SUGAR,1,2025-08-17 18:43:17,2.56,16679.0,Germany
538054,84881,ORGANIC POTTING SOIL 10L,1,2025-08-17 18:43:17,6.82,16679.0,Germany
538054,84879,CERAMIC PLANT POT WHITE,1,2025-08-17 18:43:17,10.11,16679.0,Germany
538054,22720,SET OF 3 CAKE TINS PANTRY,3,2025-08-17 18:43:17,4.98,16679.0,Germany
538054,22961,HEART OF WICKER LARGE,1,2025-08-17 18:43:17,2.93,16679.0,Germany
538055,84882,GARDENING GLOVES PAIR,1,2025-06-09 04:05:22,5.09,16235.0,United Kingdom
538055,84883,LED GROW LIGHT BULB,2,2025-06-09 04:05:22,15.62,16235.0,United Kingdom
538055,21224,GLASS STORAGE JAR SMALL,1,2025-06-09 04:05:22,2.26,16235.0,United Kingdom
538056,21734,ARTISAN PASTA PENNE,1,2025-10-15 18:51:45,3.16,18199.0,United Kingdom
538056,21735,AGED PARMESAN REGGIANO,6,2025-10-15 18:51:45,8.18,18199.0,United Kingdom
538056,21737,GARLIC HERB BREADSTICKS,1,2025-10-15 18:51:45,2.88,18199.0,United Kingdom
538057,21736,ORGANIC TOMATO BASIL SAUCE,4,2025-04-01 18:11:31,4.29,14904.0,United Kingdom
538057,21734,ARTISAN PASTA PENNE,1,2025-04-01 18:11:31,3.14,14904.0,United Kingdom
538057,21737,GARLIC HERB BREADSTICKS,3,2025-04-01 18:11:31,3.03,14904.0,United Kingdom
538057,21735,AGED PARMESAN REGGIANO,1,2025-04-01 18:11:31,7.69,14904.0,United Kingdom
538058,20729,BLUEBERRY SCONE,2,2025-04-02 23:37:35,2.45,15856.0,United Kingdom
538058,20727,ALMOND DANISH,12,2025-04-02 23:37:35,2.8,15856.0,United Kingdom
538058,21213,MINI PAINT SET 9 COLOURS,2,2025-04-02 23:37:35,1.2,15856.0,United Kingdom
538058,21225,GLASS STORAGE JAR LARGE,6,2025-04-02 23:37:35,4.08,15856.0,United Kingdom
538059,20725,CROISSANT ALL BUTTER,3,2025-10-21 23:58:51,2.25,14269.0,United Kingdom
538059,20727,ALMOND DANISH,4,2025-10-21 23:58:51,2.87,14269.0,United Kingdom
538059,20726,PAIN AU CHOCOLAT,2,2025-10-21 23:58:51,2.62,14269.0,United Kingdom
538059,20728,CAPPUCCINO CUP & SAUCER,1,2025-10-21 23:58:51,8.62,14269.0,United Kingdom
538059,22427,ORGANIC EGGS DOZEN,2,2025-10-21 23:58:51,5.19,14269.0,United Kingdom
538059,22424,WHOLE WHEAT BREAD,2,2025-10-21 23:58:51,3.02,14269.0,United Kingdom
C538060,84881,ORGANIC POTTING SOIL 10L,-1,2025-02-01 21:51:37,6.77,12518.0,France
C538060,84880,WATERING CAN GREEN 2L,-3,2025-02-01 21:51:37,11.4,12518.0,France
C538060,84882,GARDENING GLOVES PAIR,-6,2025-02-01 21:51:37,4.96,12518.0,France
C538060,22427,ORGANIC EGGS DOZEN,-5,2025-02-01 21:51:37,5.1,12518.0,France
C538060,22423,ORGANIC WHOLE MILK,-11,2025-02-01 21:51:37,3.65,12518.0,France
538061,22424,WHOLE WHEAT BREAD,1,2025-07-23 18:28:26,2.89,18152.0,United Kingdom
538061,22427,ORGANIC EGGS DOZEN,2,2025-07-23 18:28:26,5.0,18152.0,United Kingdom
538061,21217,PACK OF 20 NAPKINS,6,2025-07-23 18:28:26,1.49,18152.0,United Kingdom
538062,84883,LED GROW LIGHT BULB,12,2025-08-09 23:49:41,14.39,15302.0,Netherlands
538062,84881,ORGANIC POTTING SOIL 10L,1,2025-08-09 23:49:41,7.07,15302.0,Netherlands
538062,84882,GARDENING GLOVES PAIR,2,2025-08-09 23:49:41,5.19,15302.0,Netherlands
538062,20729,BLUEBERRY SCONE,2,2025-08-09 23:49:41,2.36,15302.0,Netherlands
538062,20725,CROISSANT ALL BUTTER,4,2025-08-09 23:49:41,2.31,15302.0,Netherlands
538063,84883,LED GROW LIGHT BULB,1,2025-08-13 21:20:41,14.71,18025.0,United Kingdom
538063,84882,GARDENING GLOVES PAIR,1,2025-08-13 21:20:41,4.81,18025.0,United Kingdom
538064,21737,GARLIC HERB BREADSTICKS,1,2025-07-24 18:20:51,2.92,,United Kingdom
538064,21735,AGED PARMESAN REGGIANO,3,2025-07-24 18:20:51,7.68,,United Kingdom
538064,21734,ARTISAN PASTA PENNE,1,2025-07-24 18:20:51,3.34,,United Kingdom
538064,21736,ORGANIC TOMATO BASIL SAUCE,1,2025-07-24 18:20:51,4.31,,United Kingdom
538064,85123D,FRENCH VANILLA SYRUP,12,2025-07-24 18:20:51,6.06,,United Kingdom
538064,85123C,DARK CHOCOLATE BAR 85%,3,2025-07-24 18:20:51,3.43,,United Kingdom
538065,21736,ORGANIC TOMATO BASIL SAUCE,6,2025-04-27 18:19:14,4.36,18044.0,France
538065,21733,ITALIAN EXTRA VIRGIN OLIVE OIL,1,2025-04-27 18:19:14,12.44,18044.0,France
538065,21735,AGED PARMESAN REGGIANO,2,2025-04-27 18:19:14,7.85,18044.0,France
538065,71057,MONITOR LIGHT BAR,3,2025-04-27 18:19:14,40.49,18044.0,France
538065,71055,USB-C MULTIPORT ADAPTER,3,2025-04-27 18:19:14,24.31,18044.0,France
538065,71053,WIRELESS ERGONOMIC MOUSE,2,2025-04-27 18:19:14,28.6,18044.0,France
538065,22961,HEART OF WICKER LARGE,1,2025-04-27 18:19:14,3.03,18044.0,France
538065,22423,REGENCY CAKESTAND 3 TIER,3,2025-04-27 18:19:14,13.3,18044.0,France
538066,22427,ORGANIC EGGS DOZEN,1,2025-04-23 17:30:28,4.74,14554.0,United Kingdom
538066,22426,STRAWBERRY PRESERVES,2,2025-04-23 17:30:28,3.88,14554.0,United Kingdom
538067,22427,ORGANIC EGGS DOZEN,12,2025-10-29 19:22:17,5.2,,United Kingdom
538067,22423,ORGANIC WHOLE MILK,3,2025-10-29 19:22:17,3.54,,United Kingdom
538067,21213,MINI PAINT SET 9 COLOURS,6,2025-10-29 19:22:17,1.26,,United Kingdom
538068,22426,STRAWBERRY PRESERVES,2,2025-07-18 19:47:57,3.82,15302.0,United Kingdom
538068,22423,ORGANIC WHOLE MILK,3,2025-07-18 19:47:57,3.46,15302.0,United Kingdom
538068,22424,WHOLE WHEAT BREAD,1,2025-07-18 19:47:57,2.92,15302.0,United Kingdom
538068,85123B,PURE CANE SUGAR,2,2025-07-18 19:47:57,2.51,15302.0,United Kingdom
538068,85123D,FRENCH VANILLA SYRUP,6,2025-07-18 19:47:57,6.1,15302.0,United Kingdom
538069,22720,SET OF 3 CAKE TINS PANTRY,6,2025-08-04 02:36:26,5.1,16175.0,United Kingdom
538069,22960,HEART OF WICKER SMALL,2,2025-08-04 02:36:26,1.63,16175.0,United Kingdom
538069,22423,ORGANIC WHOLE MILK,1,2025-08-04 02:36:26,3.65,16175.0,United Kingdom
538069,22427,ORGANIC EGGS DOZEN,1,2025-08-04 02:36:26,4.86,16175.0,United Kingdom
538070,20728,CAPPUCCINO CUP & SAUCER,3,2025-12-05 04:11:41,8.26,17739.0,Netherlands
538070,20726,PAIN AU CHOCOLAT,3,2025-12-05 04:11:41,2.39,17739.0,Netherlands
538070,21212,VINTAGE SNAP CARDS,3,2025-12-05 04:11:41,0.86,17739.0,Netherlands
538071,21220,BICYCLE PUNCTURE REPAIR KIT,4,2025-02-28 16:42:56,3.02,13022.0,United Kingdom
538072,71056,LARGE DESK PAD BLACK,1,2025-05-17 22:16:17,15.3,14979.0,United Kingdom
538072,71054,MECHANICAL KEYBOARD,1,2025-05-17 22:16:17,71.6,14979.0,United Kingdom
538072,71053,WIRELESS ERGONOMIC MOUSE,1,2025-05-17 22:16:17,29.77,14979.0,United Kingdom
538072,22423,ORGANIC WHOLE MILK,3,2025-05-17 22:16:17,3.45,14979.0,United Kingdom
538072,22427,ORGANIC EGGS DOZEN,2,2025-05-17 22:16:17,5.19,14979.0,United Kingdom
538072,22426,STRAWBERRY PRESERVES,24,2025-05-17 22:16:17,4.03,14979.0,United Kingdom
538072,22424,WHOLE WHEAT BREAD,4,2025-05-17 22:16:17,2.9,14979.0,United Kingdom
538072,21223,SET OF 6 SPICE JARS,2,2025-05-17 22:16:17,9.51,14979.0,United Kingdom
538073,22425,SWEET CREAM BUTTER,4,2025-10-27 20:47:28,4.23,16399.0,United Kingdom
538073,22426,STRAWBERRY PRESERVES,1,2025-10-27 20:47:28,3.9,16399.0,United Kingdom
538073,22424,WHOLE WHEAT BREAD,1,2025-10-27 20:47:28,3.08,16399.0,United Kingdom
538074,20727,ALMOND DANISH,3,2025-04-03 04:07:18,2.8,,EIRE
538074,20725,CROISSANT ALL BUTTER,1,2025-04-03 04:07:18,2.24,,EIRE
538074,21219,TRAVEL SEWING KIT,6,2025-04-03 04:07:18,2.11,,EIRE
538075,84881,ORGANIC POTTING SOIL 10L,3,2025-08-17 04:23:45,7.09,,United Kingdom
538075,84879,CERAMIC PLANT POT WHITE,12,2025-08-17 04:23:45,9.76,,United Kingdom
538075,84882,GARDENING GLOVES PAIR,1,2025-08-17 04:23:45,5.19,,United Kingdom
538075,84880,WATERING CAN GREEN 2L,2,2025-08-17 04:23:45,11.56,,United Kingdom
538076,22423,REGENCY CAKESTAND 3 TIER,6,2025-02-07 23:17:32,12.36,,United Kingdom
538076,22960,HEART OF WICKER SMALL,1,2025-02-07 23:17:32,1.58,,United Kingdom
538077,85123B,PURE CANE SUGAR,1,2025-08-07 05:28:18,2.49,14959.0,United Kingdom
538077,85123A,COLOMBIAN ROAST COFFEE,1,2025-08-07 05:28:18,9.18,14959.0,United Kingdom
538078,85099B,WHITE HANGING HEART T-LIGHT HOLDER,6,2025-08-24 20:32:30,2.66,17840.0,United Kingdom
538078,22961,HEART OF WICKER LARGE,1,2025-08-24 20:32:30,3.08,17840.0,United Kingdom
538078,22720,SET OF 3 CAKE TINS PANTRY,1,2025-08-24 20:32:30,5.07,17840.0,United Kingdom
538078,22423,REGENCY CAKESTAND 3 TIER,3,2025-08-24 20:32:30,13.33,17840.0,United Kingdom
538079,20729,BLUEBERRY SCONE,4,2025-05-18 04:40:53,2.39,15598.0,United Kingdom
538079,20725,CROISSANT ALL BUTTER,4,2025-05-18 04:40:53,2.19,15598.0,United Kingdom
538080,20728,CAPPUCCINO CUP & SAUCER,1,2025-03-08 01:58:37,8.45,16088.0,United Kingdom
538080,20726,PAIN AU CHOCOLAT,24,2025-03-08 01:58:37,2.41,16088.0,United Kingdom
538080,20729,BLUEBERRY SCONE,4,2025-03-08 01:58:37,2.31,16088.0,United Kingdom
538080,71053,WIRELESS ERGONOMIC MOUSE,1,2025-03-08 01:58:37,31.02,16088.0,United Kingdom
538080,71055,USB-C MULTIPORT ADAPTER,2,2025-03-08 01:58:37,24.25,16088.0,United Kingdom
538080,22961,HEART OF WICKER LARGE,4,2025-03-08 01:58:37,2.85,16088.0,United Kingdom
538080,22423,REGENCY CAKESTAND 3 TIER,2,2025-03-08 01:58:37,13.19,16088.0,United Kingdom
538081,20728,CAPPUCCINO CUP & SAUCER,3,2025-03-05 19:17:24,8.39,,United Kingdom
538081,20725,CROISSANT ALL BUTTER,1,2025-03-05 19:17:24,2.35,,United Kingdom
538081,20729,BLUEBERRY SCONE,12,2025-03-05 19:17:24,2.31,,United Kingdom
538081,20726,PAIN AU CHOCOLAT,24,2025-03-05 19:17:24,2.55,,United Kingdom
538081,21228,WALL CLOCK RETRO RED,2,2025-03-05 19:17:24,18.35,,United Kingdom
538082,84880,WATERING CAN GREEN 2L,1,2025-07-29 17:30:37,11.58,18132.0,United Kingdom
538082,84882,GARDENING GLOVES PAIR,3,2025-07-29 17:30:37,5.05,18132.0,United Kingdom
538083,22424,WHOLE WHEAT BREAD,1,2025-12-14 23:19:28,3.12,15908.0,United Kingdom
538083,22427,ORGANIC EGGS DOZEN,1,2025-12-14 23:19:28,5.1,15908.0,United Kingdom
538083,21231,FELTCRAFT DOLL ROSIE,6,2025-12-14 23:19:28,2.89,15908.0,United Kingdom
538084,22426,STRAWBERRY PRESERVES,3,2025-01-21 22:55:25,3.72,,United Kingdom
538084,22424,WHOLE WHEAT BREAD,2,2025-01-21 22:55:25,2.86,,United Kingdom
538084,84881,ORGANIC POTTING SOIL 10L,3,2025-01-21 22:55:25,7.12,,United Kingdom
538084,84879,CERAMIC PLANT POT WHITE,3,2025-01-21 22:55:25,9.64,,United Kingdom
538084,84882,GARDENING GLOVES PAIR,1,2025-01-21 22:55:25,5.11,,United Kingdom
538085,85123D,FRENCH VANILLA SYRUP,1,2025-10-23 21:27:24,5.7,,United Kingdom
538085,85123B,PURE CANE SUGAR,2,2025-10-23 21:27:24,2.38,,United Kingdom
538085,85123E,CERAMIC COFFEE MUG,2,2025-10-23 21:27:24,6.43,,United Kingdom
538085,85123C,DARK CHOCOLATE BAR 85%,1,2025-10-23 21:27:24,3.51,,United Kingdom
538085,21735,AGED PARMESAN REGGIANO,6,2025-10-23 21:27:24,8.26,,United Kingdom
538085,21737,GARLIC HERB BREADSTICKS,1,2025-10-23 21:27:24,3.13,,United Kingdom
538085,21736,ORGANIC TOMATO BASIL SAUCE,6,2025-10-23 21:27:24,4.52,,United Kingdom
538086,84883,LED GROW LIGHT BULB,3,2025-06-04 04:42:25,15.3,12845.0,United Kingdom
538086,84879,CERAMIC PLANT POT WHITE,6,2025-06-04 04:42:25,9.91,12845.0,United Kingdom
538087,22423,ORGANIC WHOLE MILK,1,2025-03-01 00:20:34,3.35,18218.0,United Kingdom
538087,22426,STRAWBERRY PRESERVES,2,2025-03-01 00:20:34,3.96,18218.0,United Kingdom
538087,22424,WHOLE WHEAT BREAD,2,2025-03-01 00:20:34,3.01,18218.0,United Kingdom
538087,21737,GARLIC HERB BREADSTICKS,1,2025-03-01 00:20:34,3.0,18218.0,United Kingdom
538087,21736,ORGANIC TOMATO BASIL SAUCE,2,2025-03-01 00:20:34,4.63,18218.0,United Kingdom
538087,21733,ITALIAN EXTRA VIRGIN OLIVE OIL,2,2025-03-01 00:20:34,12.71,18218.0,United Kingdom
538087,21734,ARTISAN PASTA PENNE,2,2025-03-01 00:20:34,3.36,18218.0,United Kingdom
538087,21735,AGED PARMESAN REGGIANO,3,2025-03-01 00:20:34,8.14,18218.0,United Kingdom
538087,71053,WIRELESS ERGONOMIC MOUSE,3,2025-03-01 00:20:34,29.35,18218.0,United Kingdom
538087,71057,MONITOR LIGHT BAR,1,2025-03-01 00:20:34,40.62,18218.0,United Kingdom
538087,71055,USB-C MULTIPORT ADAPTER,4,2025-03-01 00:20:34,26.03,18218.0,United Kingdom
538087,21229,HAND WARMER BIRD DESIGN,3,2025-03-01 00:20:34,1.95,18218.0,United Kingdom
538088,22425,SWEET CREAM BUTTER,2,2025-02-25 21:32:09,4.16,,United Kingdom
538088,22424,WHOLE WHEAT BREAD,6,2025-02-25 21:32:09,3.03,,United Kingdom
538088,21736,ORGANIC TOMATO BASIL SAUCE,1,2025-02-25 21:32:09,4.44,,United Kingdom
538088,21733,ITALIAN EXTRA VIRGIN OLIVE OIL,3,2025-02-25 21:32:09,13.59,,United Kingdom
538088,21735,AGED PARMESAN REGGIANO,24,2025-02-25 21:32:09,8.18,,United Kingdom
538088,21221,RETRO SPOT TEA TOWEL,1,2025-02-25 21:32:09,2.42,,United Kingdom
538088,21223,SET OF 6 SPICE JARS,6,2025-02-25 21:32:09,9.87,,United Kingdom
538089,20726,PAIN AU CHOCOLAT,6,2026-01-06 04:19:40,2.42,16957.0,United Kingdom
538089,20728,CAPPUCCINO CUP & SAUCER,3,2026-01-06 04:19:40,8.84,16957.0,United Kingdom
538089,20729,BLUEBERRY SCONE,4,2026-01-06 04:19:40,2.51,16957.0,United Kingdom
538089,20727,ALMOND DANISH,1,2026-01-06 04:19:40,2.83,16957.0,United Kingdom
538089,21733,ITALIAN EXTRA VIRGIN OLIVE OIL,1,2026-01-06 04:19:40,13.37,16957.0,United Kingdom
538089,21735,AGED PARMESAN REGGIANO,1,2026-01-06 04:19:40,8.0,16957.0,United Kingdom
538090,20727,ALMOND DANISH,3,2025-07-26 16:33:44,2.75,16539.0,United Kingdom
538090,20728,CAPPUCCINO CUP & SAUCER,3,2025-07-26 16:33:44,8.7,16539.0,United Kingdom
538090,20725,CROISSANT ALL BUTTER,3,2025-07-26 16:33:44,2.29,16539.0,United Kingdom
538090,20726,PAIN AU CHOCOLAT,1,2025-07-26 16:33:44,2.56,16539.0,United Kingdom
538090,21224,GLASS STORAGE JAR SMALL,3,2025-07-26 16:33:44,2.36,16539.0,United Kingdom
538090,21216,EMERGENCY FIRST AID TIN,1,2025-07-26 16:33:44,3.88,16539.0,United Kingdom
538091,20726,PAIN AU CHOCOLAT,2,2025-02-28 22:24:15,2.54,,United Kingdom
538091,20729,BLUEBERRY SCONE,6,2025-02-28 22:24:15,2.3,,United Kingdom
538091,20725,CROISSANT ALL BUTTER,6,2025-02-28 22:24:15,2.14,,United Kingdom
538091,20727,ALMOND DANISH,2,2025-02-28 22:24:15,2.66,,United Kingdom
538091,21227,VINTAGE UNION JACK CUSHION,1,2025-02-28 22:24:15,15.46,,United Kingdom
538092,84882,GARDENING GLOVES PAIR,2,2025-02-19 02:33:03,4.88,,United Kingdom
538092,84879,CERAMIC PLANT POT WHITE,2,2025-02-19 02:33:03,9.89,,United Kingdom
538092,84880,WATERING CAN GREEN 2L,6,2025-02-19 02:33:03,11.72,,United Kingdom
538092,84883,LED GROW LIGHT BULB,6,2025-02-19 02:33:03,15.22,,United Kingdom
538092,84881,ORGANIC POTTING SOIL 10L,1,2025-02-19 02:33:03,6.69,,United Kingdom
538093,22426,STRAWBERRY PRESERVES,24,2025-06-10 20:15:14,4.02,15874.0,United Kingdom
538093,22427,ORGANIC EGGS DOZEN,4,2025-06-10 20:15:14,4.81,15874.0,United Kingdom
538093,21735,AGED PARMESAN REGGIANO,1,2025-06-10 20:15:14,7.87,15874.0,United Kingdom
538093,21734,ARTISAN PASTA PENNE,2,2025-06-10 20:15:14,3.16,15874.0,United Kingdom
538093,21217,PACK OF 20 NAPKINS,1,2025-06-10 20:15:14,1.43,15874.0,United Kingdom
538093,21226,CHILLI LIGHTS STRING,6,2025-06-10 20:15:14,8.21,15874.0,United Kingdom
C538094,85123B,PURE CANE SUGAR,-4,2025-04-18 02:09:23,2.45,,United Kingdom
C538094,85123D,FRENCH VANILLA SYRUP,-8,2025-04-18 02:09:23,6.21,,United Kingdom
538095,21231,FELTCRAFT DOLL ROSIE,1,2025-07-31 20:39:08,2.84,,United Kingdom
538096,85123C,DARK CHOCOLATE BAR 85%,1,2025-05-29 17:51:16,3.55,,United Kingdom
538096,85123B,PURE CANE SUGAR,1,2025-05-29 17:51:16,2.49,,United Kingdom
538097,22961,HEART OF WICKER LARGE,6,2025-09-25 20:50:12,3.01,,United Kingdom
538097,85099B,WHITE HANGING HEART T-LIGHT HOLDER,1,2025-09-25 20:50:12,2.57,,United Kingdom
538098,84881,ORGANIC POTTING SOIL 10L,3,2025-07-18 03:35:34,6.93,12963.0,United Kingdom
538098,84883,LED GROW LIGHT BULB,1,2025-07-18 03:35:34,15.19,12963.0,United Kingdom
538098,84879,CERAMIC PLANT POT WHITE,1,2025-07-18 03:35:34,10.45,12963.0,United Kingdom
538098,84882,GARDENING GLOVES PAIR,2,2025-07-18 03:35:34,4.88,12963.0,United Kingdom
538098,84880,WATERING CAN GREEN 2L,1,2025-07-18 03:35:34,11.9,12963.0,United Kingdom
538098,20726,PAIN AU CHOCOLAT,4,2025-07-18 03:35:34,2.41,12963.0,United Kingdom
538098,20725,CROISSANT ALL BUTTER,2,2025-07-18 03:35:34,2.19,12963.0,United Kingdom
538099,21737,GARLIC HERB BREADSTICKS,3,2025-07-04 20:02:23,3.01,14984.0,United Kingdom
538099,21733,ITALIAN EXTRA VIRGIN OLIVE OIL,3,2025-07-04 20:02:23,13.33,14984.0,United Kingdom
538099,21735,AGED PARMESAN REGGIANO,4,2025-07-04 20:02:23,7.67,14984.0,United Kingdom
538099,71057,MONITOR LIGHT BAR,3,2025-07-04 20:02:23,41.67,14984.0,United Kingdom
538099,71053,WIRELESS ERGONOMIC MOUSE,2,2025-07-04 20:02:23,31.17,14984.0,United Kingdom
538099,71056,LARGE DESK PAD BLACK,2,2025-07-04 20:02:23,15.41,14984.0,United Kingdom
538099,71054,MECHANICAL KEYBOARD,1,2025-07-04 20:02:23,71.24,14984.0,United Kingdom
538100,84879,CERAMIC PLANT POT WHITE,4,2025-03-24 22:50:59,10.36,13111.0,United Kingdom
538100,84882,GARDENING GLOVES PAIR,6,2025-03-24 22:50:59,4.94,13111.0,United Kingdom
538100,71057,MONITOR LIGHT BAR,4,2025-03-24 22:50:59,40.48,13111.0,United Kingdom
538100,71056,LARGE DESK PAD BLACK,6,2025-03-24 22:50:59,16.42,13111.0,United Kingdom
538100,21220,BICYCLE PUNCTURE REPAIR KIT,4,2025-03-24 22:50:59,3.02,13111.0,United Kingdom
538101,21734,ARTISAN PASTA PENNE,3,2025-01-17 21:49:33,3.41,13515.0,EIRE
538101,21737,GARLIC HERB BREADSTICKS,2,2025-01-17 21:49:33,2.9,13515.0,EIRE
538101,21225,GLASS STORAGE JAR LARGE,2,2025-01-17 21:49:33,3.93,13515.0,EIRE
538102,71054,MECHANICAL KEYBOARD,1,2025-10-18 20:32:30,70.09,12442.0,United Kingdom
538102,71057,MONITOR LIGHT BAR,6,2025-10-18 20:32:30,38.81,12442.0,United Kingdom
538102,71056,LARGE DESK PAD BLACK,6,2025-10-18 20:32:30,16.77,12442.0,United Kingdom
538102,21222,RETRO SPOT APRON,1,2025-10-18 20:32:30,6.94,12442.0,United Kingdom
538103,84883,LED GROW LIGHT BULB,3,2025-01-30 19:56:28,14.65,,United Kingdom
538103,84881,ORGANIC POTTING SOIL 10L,6,2025-01-30 19:56:28,6.79,,United Kingdom
538103,84882,GARDENING GLOVES PAIR,2,2025-01-30 19:56:28,4.86,,United Kingdom
538103,84880,WATERING CAN GREEN 2L,2,2025-01-30 19:56:28,11.49,,United Kingdom
538103,71053,WIRELESS ERGONOMIC MOUSE,2,2025-01-30 19:56:28,28.85,,United Kingdom
538103,71057,MONITOR LIGHT BAR,1,2025-01-30 19:56:28,40.31,,United Kingdom
538103,71056,LARGE DESK PAD BLACK,3,2025-01-30 19:56:28,16.13,,United Kingdom
538103,21228,WALL CLOCK RETRO RED,1,2025-01-30 19:56:28,18.92,,United Kingdom
538104,84881,ORGANIC POTTING SOIL 10L,1,2025-07-01 03:44:38,7.24,,United Kingdom
538104,84879,CERAMIC PLANT POT WHITE,1,2025-07-01 03:44:38,10.41,,United Kingdom
538104,85123B,PURE CANE SUGAR,1,2025-07-01 03:44:38,2.58,,United Kingdom
538104,85123A,COLOMBIAN ROAST COFFEE,6,2025-07-01 03:44:38,8.96,,United Kingdom
538104,85123C,DARK CHOCOLATE BAR 85%,1,2025-07-01 03:44:38,3.56,,United Kingdom
538104,85123E,CERAMIC COFFEE MUG,3,2025-07-01 03:44:38,6.62,,United Kingdom
538104,21736,ORGANIC TOMATO BASIL SAUCE,1,2025-07-01 03:44:38,4.46,,United Kingdom
538104,21737,GARLIC HERB BREADSTICKS,12,2025-07-01 03:44:38,3.13,,United Kingdom
538104,21733,ITALIAN EXTRA VIRGIN OLIVE OIL,3,2025-07-01 03:44:38,12.85,,United Kingdom
538104,21735,AGED PARMESAN REGGIANO,12,2025-07-01 03:44:38,7.56,,United Kingdom
538105,20729,BLUEBERRY SCONE,1,2025-05-19 23:21:51,2.39,15999.0,Switzerland
538105,20728,CAPPUCCINO CUP & SAUCER,1,2025-05-19 23:21:51,8.81,15999.0,Switzerland
538105,20726,PAIN AU CHOCOLAT,1,2025-05-19 23:21:51,2.6,15999.0,Switzerland
538105,21226,CHILLI LIGHTS STRING,1,2025-05-19 23:21:51,8.16,15999.0,Switzerland
538106,85123B,PURE CANE SUGAR,2,2025-05-11 20:04:53,2.43,,United Kingdom
538106,85123A,COLOMBIAN ROAST COFFEE,1,2025-05-11 20:04:53,8.98,,United Kingdom
538106,85123D,FRENCH VANILLA SYRUP,3,2025-05-11 20:04:53,5.81,,United Kingdom
538106,22424,WHOLE WHEAT BREAD,2,2025-05-11 20:04:53,2.98,,United Kingdom
538106,22425,SWEET CREAM BUTTER,2,2025-05-11 20:04:53,4.09,,United Kingdom
C538107,22720,SET OF 3 CAKE TINS PANTRY,-3,2025-09-26 04:44:40,5.01,,Spain
C538107,22423,REGENCY CAKESTAND 3 TIER,-9,2025-09-26 04:44:40,12.96,,Spain
C538107,22961,HEART OF WICKER LARGE,-2,2025-09-26 04:44:40,3.0,,Spain
538108,22423,ORGANIC WHOLE MILK,24,2025-07-19 22:45:57,3.6,17861.0,United Kingdom
538108,22424,WHOLE WHEAT BREAD,2,2025-07-19 22:45:57,2.98,17861.0,United Kingdom
538109,84880,WATERING CAN GREEN 2L,6,2025-05-02 21:29:23,11.13,13421.0,United Kingdom
538109,84879,CERAMIC PLANT POT WHITE,2,2025-05-02 21:29:23,10.14,13421.0,United Kingdom
538110,21733,ITALIAN EXTRA VIRGIN OLIVE OIL,1,2025-05-01 21:33:43,12.4,15687.0,United Kingdom
538110,21736,ORGANIC TOMATO BASIL SAUCE,6,2025-05-01 21:33:43,4.35,15687.0,United Kingdom
538111,21733,ITALIAN EXTRA VIRGIN OLIVE OIL,1,2025-07-21 18:08:19,12.83,13359.0,United Kingdom
538111,21734,ARTISAN PASTA PENNE,2,2025-07-21 18:08:19,3.25,13359.0,United Kingdom
538111,21737,GARLIC HERB BREADSTICKS,4,2025-07-21 18:08:19,2.99,13359.0,United Kingdom
538111,21736,ORGANIC TOMATO BASIL SAUCE,2,2025-07-21 18:08:19,4.31,13359.0,United Kingdom
538111,85123E,CERAMIC COFFEE MUG,6,2025-07-21 18:08:19,6.82,13359.0,United Kingdom
538111,85123B,PURE CANE SUGAR,1,2025-07-21 18:08:19,2.55,13359.0,United Kingdom
538111,85123A,COLOMBIAN ROAST COFFEE,2,2025-07-21 18:08:19,9.33,13359.0,United Kingdom
538112,71053,WIRELESS ERGONOMIC MOUSE,1,2025-02-13 02:38:24,29.75,13825.0,United Kingdom
538112,71056,LARGE DESK PAD BLACK,1,2025-02-13 02:38:24,16.1,13825.0,United Kingdom
538112,71055,USB-C MULTIPORT ADAPTER,2,2025-02-13 02:38:24,24.28,13825.0,United Kingdom
538112,21216,EMERGENCY FIRST AID TIN,2,2025-02-13 02:38:24,3.78,13825.0,United Kingdom
538112,21230,BATHROOM SCALE VINTAGE,2,2025-02-13 02:38:24,21.98,13825.0,United Kingdom
538113,22423,ORGANIC WHOLE MILK,1,2025-05-25 04:55:37,3.37,13577.0,United Kingdom
538113,22425,SWEET CREAM BUTTER,1,2025-05-25 04:55:37,4.08,13577.0,United Kingdom
538113,22426,STRAWBERRY PRESERVES,1,2025-05-25 04:55:37,3.74,13577.0,United Kingdom
538113,22424,WHOLE WHEAT BREAD,2,2025-05-25 04:55:37,3.06,13577.0,United Kingdom
538113,21217,PACK OF 20 NAPKINS,1,2025-05-25 04:55:37,1.47,13577.0,United Kingdom
538114,71056,LARGE DESK PAD BLACK,1,2025-08-03 05:00:56,16.56,18116.0,Belgium
538114,71057,MONITOR LIGHT BAR,4,2025-08-03 05:00:56,40.19,18116.0,Belgium
538114,22427,ORGANIC EGGS DOZEN,3,2025-08-03 05:00:56,5.22,18116.0,Belgium
538114,22423,ORGANIC WHOLE MILK,3,2025-08-03 05:00:56,3.43,18116.0,Belgium
538114,22425,SWEET CREAM BUTTER,24,2025-08-03 05:00:56,4.34,18116.0,Belgium
538114,22424,WHOLE WHEAT BREAD,1,2025-08-03 05:00:56,3.04,18116.0,Belgium
538115,84882,GARDENING GLOVES PAIR,2,2025-03-31 17:26:54,4.76,17677.0,United Kingdom
538115,84879,CERAMIC PLANT POT WHITE,1,2025-03-31 17:26:54,10.36,17677.0,United Kingdom
538115,84881,ORGANIC POTTING SOIL 10L,3,2025-03-31 17:26:54,7.26,17677.0,United Kingdom
538115,21735,AGED PARMESAN REGGIANO,1,2025-03-31 17:26:54,8.05,17677.0,United Kingdom
538115,21734,ARTISAN PASTA PENNE,2,2025-03-31 17:26:54,3.18,17677.0,United Kingdom
538115,21736,ORGANIC TOMATO BASIL SAUCE,6,2025-03-31 17:26:54,4.49,17677.0,United Kingdom
C538116,20729,BLUEBERRY SCONE,-6,2025-09-07 20:53:00,2.44,15853.0,United Kingdom
C538116,20726,PAIN AU CHOCOLAT,-6,2025-09-07 20:53:00,2.61,15853.0,United Kingdom
538117,21733,ITALIAN EXTRA VIRGIN OLIVE OIL,2,2025-07-12 23:23:20,12.35,,Germany
538117,21735,AGED PARMESAN REGGIANO,1,2025-07-12 23:23:20,7.98,,Germany
538117,21737,GARLIC HERB BREADSTICKS,1,2025-07-12 23:23:20,3.01,,Germany
538117,21734,ARTISAN PASTA PENNE,2,2025-07-12 23:23:20,3.16,,Germany
538117,21736,ORGANIC TOMATO BASIL SAUCE,2,2025-07-12 23:23:20,4.3,,Germany
538117,21218,SCENTED CANDLE LAVENDER,4,2025-07-12 23:23:20,4.33,,Germany
538117,21228,WALL CLOCK RETRO RED,6,2025-07-12 23:23:20,18.21,,Germany
538118,71053,WIRELESS ERGONOMIC MOUSE,1,2025-10-23 20:33:51,30.33,,United Kingdom
538118,71055,USB-C MULTIPORT ADAPTER,1,2025-10-23 20:33:51,25.37,,United Kingdom
538119,21735,AGED PARMESAN REGGIANO,1,2025-08-10 18:42:53,8.26,,France
538119,21734,ARTISAN PASTA PENNE,3,2025-08-10 18:42:53,3.2,,France
538120,71057,MONITOR LIGHT BAR,1,2025-10-09 02:14:21,39.19,17139.0,United Kingdom
538120,71053,WIRELESS ERGONOMIC MOUSE,1,2025-10-09 02:14:21,29.74,17139.0,United Kingdom
538120,21214,RECIPE BOX PANTRY DESIGN,2,2025-10-09 02:14:21,7.6,17139.0,United Kingdom
538121,84882,GARDENING GLOVES PAIR,1,2025-03-07 01:39:39,4.75,17332.0,France
538121,84880,WATERING CAN GREEN 2L,1,2025-03-07 01:39:39,10.94,17332.0,France
538121,21227,VINTAGE UNION JACK CUSHION,1,2025-03-07 01:39:39,14.36,17332.0,France
538122,84879,CERAMIC PLANT POT WHITE,6,2025-08-27 19:36:01,9.86,17864.0,United Kingdom
538122,84880,WATERING CAN GREEN 2L,1,2025-08-27 19:36:01,11.07,17864.0,United Kingdom
538123,20727,ALMOND DANISH,2,2025-10-21 22:57:55,2.82,12897.0,United Kingdom
538123,20725,CROISSANT ALL BUTTER,2,2025-10-21 22:57:55,2.29,12897.0,United Kingdom
538124,21734,ARTISAN PASTA PENNE,4,2025-11-26 16:52:12,3.4,12946.0,Spain
538124,21735,AGED PARMESAN REGGIANO,4,2025-11-26 16:52:12,7.87,12946.0,Spain
538125,84881,ORGANIC POTTING SOIL 10L,6,2025-05-05 02:12:01,7.23,,United Kingdom
538125,84883,LED GROW LIGHT BULB,1,2025-05-05 02:12:01,15.55,,United Kingdom
538125,85123B,PURE CANE SUGAR,1,2025-05-05 02:12:01,2.4,,United Kingdom
538125,85123D,FRENCH VANILLA SYRUP,12,2025-05-05 02:12:01,5.76,,United Kingdom
538125,85123A,COLOMBIAN ROAST COFFEE,1,2025-05-05 02:12:01,9.43,,United Kingdom
538125,85123E,CERAMIC COFFEE MUG,2,2025-05-05 02:12:01,6.24,,United Kingdom
538126,22423,REGENCY CAKESTAND 3 TIER,12,2025-10-11 19:53:19,12.49,17610.0,United Kingdom
538126,22720,SET OF 3 CAKE TINS PANTRY,3,2025-10-11 19:53:19,4.85,17610.0,United Kingdom
538127,22424,WHOLE WHEAT BREAD,2,2025-12-23 23:49:27,2.96,,United Kingdom
538127,22423,ORGANIC WHOLE MILK,1,2025-12-23 23:49:27,3.61,,United Kingdom
538127,22426,STRAWBERRY PRESERVES,2,2025-12-23 23:49:27,4.02,,United Kingdom
538128,21737,GARLIC HERB BREADSTICKS,3,2025-02-17 19:55:30,3.04,,Netherlands
538128,21734,ARTISAN PASTA PENNE,2,2025-02-17 19:55:30,3.18,,Netherlands
538128,21212,VINTAGE SNAP CARDS,1,2025-02-17 19:55:30,0.81,,Netherlands
C538129,84882,GARDENING GLOVES PAIR,-10,2025-04-30 02:52:31,4.99,16596.0,United Kingdom
C538129,84883,LED GROW LIGHT BULB,-5,2025-04-30 02:52:31,15.02,16596.0,United Kingdom
C538129,84879,CERAMIC PLANT POT WHITE,-1,2025-04-30 02:52:31,9.61,16596.0,United Kingdom
C538129,84881,ORGANIC POTTING SOIL 10L,-5,2025-04-30 02:52:31,6.96,16596.0,United Kingdom
538130,21737,GARLIC HERB BREADSTICKS,6,2025-03-13 21:59:12,3.04,16559.0,United Kingdom
538130,21736,ORGANIC TOMATO BASIL SAUCE,3,2025-03-13 21:59:12,4.46,16559.0,United Kingdom
538130,21735,AGED PARMESAN REGGIANO,12,2025-03-13 21:59:12,8.2,16559.0,United Kingdom
538130,21212,VINTAGE SNAP CARDS,1,2025-03-13 21:59:12,0.88,16559.0,United Kingdom
C538131,22720,SET OF 3 CAKE TINS PANTRY,-3,2025-10-04 02:49:35,4.79,12479.0,Germany
C538131,22960,HEART OF WICKER SMALL,-5,2025-10-04 02:49:35,1.71,12479.0,Germany
C538131,85099B,WHITE HANGING HEART T-LIGHT HOLDER,-9,2025-10-04 02:49:35,2.46,12479.0,Germany
C538131,21227,VINTAGE UNION JACK CUSHION,-6,2025-10-04 02:49:35,15.35,12479.0,Germany
C538131,21219,TRAVEL SEWING KIT,-11,2025-10-04 02:49:35,2.12,12479.0,Germany
538132,21737,GARLIC HERB BREADSTICKS,6,2025-01-25 23:28:22,2.91,15308.0,United Kingdom
538132,21733,ITALIAN EXTRA VIRGIN OLIVE OIL,1,2025-01-25 23:28:22,13.5,15308.0,United Kingdom
538133,84883,LED GROW LIGHT BULB,1,2025-01-15 02:44:09,15.19,17719.0,United Kingdom
538133,84882,GARDENING GLOVES PAIR,1,2025-01-15 02:44:09,5.16,17719.0,United Kingdom
538133,84879,CERAMIC PLANT POT WHITE,2,2025-01-15 02:44:09,10.07,17719.0,United Kingdom
538134,20728,CAPPUCCINO CUP & SAUCER,3,2025-10-18 22:42:42,8.21,,United Kingdom
538134,20727,ALMOND DANISH,4,2025-10-18 22:42:42,2.69,,United Kingdom
538134,21222,RETRO SPOT APRON,12,2025-10-18 22:42:42,6.81,,United Kingdom
538135,71056,LARGE DESK PAD BLACK,1,2025-02-25 01:35:33,15.23,17276.0,Spain
538135,71055,USB-C MULTIPORT ADAPTER,1,2025-02-25 01:35:33,25.86,17276.0,Spain
538135,21226,CHILLI LIGHTS STRING,1,2025-02-25 01:35:33,8.41,17276.0,Spain
538135,21222,RETRO SPOT APRON,1,2025-02-25 01:35:33,6.99,17276.0,Spain
538136,84879,CERAMIC PLANT POT WHITE,3,2025-05-23 01:31:51,9.56,17713.0,United Kingdom
538136,84882,GARDENING GLOVES PAIR,1,2025-05-23 01:31:51,4.92,17713.0,United Kingdom
538137,22426,STRAWBERRY PRESERVES,1,2025-05-03 00:35:44,3.75,,United Kingdom
538137,22425,SWEET CREAM BUTTER,1,2025-05-03 00:35:44,4.43,,United Kingdom
538137,22427,ORGANIC EGGS DOZEN,2,2025-05-03 00:35:44,4.94,,United Kingdom
538137,22423,ORGANIC WHOLE MILK,3,2025-05-03 00:35:44,3.59,,United Kingdom
538137,20728,CAPPUCCINO CUP & SAUCER,1,2025-05-03 00:35:44,8.52,,United Kingdom
538137,20726,PAIN AU CHOCOLAT,2,2025-05-03 00:35:44,2.52,,United Kingdom
538137,20725,CROISSANT ALL BUTTER,1,2025-05-03 00:35:44,2.18,,United Kingdom
538137,20727,ALMOND DANISH,6,2025-05-03 00:35:44,2.83,,United Kingdom
538138,22425,SWEET CREAM BUTTER,2,2025-06-13 00:43:00,4.46,14426.0,United Kingdom
538138,22427,ORGANIC EGGS DOZEN,2,2025-06-13 00:43:00,4.75,14426.0,United Kingdom
538138,22426,STRAWBERRY PRESERVES,3,2025-06-13 00:43:00,3.87,14426.0,United Kingdom
538138,22424,WHOLE WHEAT BREAD,1,2025-06-13 00:43:00,3.14,14426.0,United Kingdom
538138,21226,CHILLI LIGHTS STRING,2,2025-06-13 00:43:00,8.19,14426.0,United Kingdom
538139,20727,ALMOND DANISH,3,2025-08-26 22:52:31,2.82,,United Kingdom
538139,20725,CROISSANT ALL BUTTER,2,2025-08-26 22:52:31,2.19,,United Kingdom
538139,20729,BLUEBERRY SCONE,12,2025-08-26 22:52:31,2.28,,United Kingdom
538139,20728,CAPPUCCINO CUP & SAUCER,2,2025-08-26 22:52:31,8.42,,United Kingdom
538139,21220,BICYCLE PUNCTURE REPAIR KIT,1,2025-08-26 22:52:31,3.04,,United Kingdom
538139,21226,CHILLI LIGHTS STRING,6,2025-08-26 22:52:31,8.58,,United Kingdom
538140,22960,HEART OF WICKER SMALL,1,2025-12-14 21:57:21,1.62,,EIRE
538140,85099B,WHITE HANGING HEART T-LIGHT HOLDER,2,2025-12-14 21:57:21,2.67,,EIRE
538140,22720,SET OF 3 CAKE TINS PANTRY,4,2025-12-14 21:57:21,5.13,,EIRE
538140,22961,HEART OF WICKER LARGE,12,2025-12-14 21:57:21,2.86,,EIRE
538140,85123C,DARK CHOCOLATE BAR 85%,1,2025-12-14 21:57:21,3.43,,EIRE
538140,85123A,COLOMBIAN ROAST COFFEE,1,2025-12-14 21:57:21,9.06,,EIRE
538140,85123E,CERAMIC COFFEE MUG,2,2025-12-14 21:57:21,6.38,,EIRE
538140,71056,LARGE DESK PAD BLACK,12,2025-12-14 21:57:21,16.67,,EIRE
538140,71057,MONITOR LIGHT BAR,2,2025-12-14 21:57:21,39.12,,EIRE
538141,85123C,DARK CHOCOLATE BAR 85%,2,2025-03-07 18:23:03,3.46,,United Kingdom
538141,85123A,COLOMBIAN ROAST COFFEE,24,2025-03-07 18:23:03,8.8,,United Kingdom
538142,22424,WHOLE WHEAT BREAD,2,2025-06-13 23:55:01,2.89,17494.0,United Kingdom
538142,22425,SWEET CREAM BUTTER,3,2025-06-13 23:55:01,0.0,17494.0,United Kingdom
538142,22423,ORGANIC WHOLE MILK,3,2025-06-13 23:55:01,3.47,17494.0,United Kingdom
538142,22960,HEART OF WICKER SMALL,2,2025-06-13 23:55:01,1.71,17494.0,United Kingdom
538142,22720,SET OF 3 CAKE TINS PANTRY,2,2025-06-13 23:55:01,4.72,17494.0,United Kingdom
538142,20727,ALMOND DANISH,2,2025-06-13 23:55:01,2.88,17494.0,United Kingdom
538142,20725,CROISSANT ALL BUTTER,24,2025-06-13 23:55:01,2.16,17494.0,United Kingdom
538142,21223,SET OF 6 SPICE JARS,1,2025-06-13 23:55:01,9.65,17494.0,United Kingdom
538142,21227,VINTAGE UNION JACK CUSHION,3,2025-06-13 23:55:01,14.41,17494.0,United Kingdom
538143,84879,CERAMIC PLANT POT WHITE,2,2025-10-09 22:42:50,9.88,16508.0,United Kingdom
538143,84882,GARDENING GLOVES PAIR,1,2025-10-09 22:42:50,5.07,16508.0,United Kingdom
538143,84883,LED GROW LIGHT BULB,2,2025-10-09 22:42:50,15.3,16508.0,United Kingdom
538143,84880,WATERING CAN GREEN 2L,1,2025-10-09 22:42:50,11.3,16508.0,United Kingdom
538144,20729,BLUEBERRY SCONE,3,2025-03-02 01:11:37,2.43,14263.0,France
538144,20727,ALMOND DANISH,6,2025-03-02 01:11:37,2.7,14263.0,France
538144,71056,LARGE DESK PAD BLACK,1,2025-03-02 01:11:37,15.38,14263.0,France
538144,71057,MONITOR LIGHT BAR,3,2025-03-02 01:11:37,39.21,14263.0,France
538144,71055,USB-C MULTIPORT ADAPTER,1,2025-03-02 01:11:37,25.91,14263.0,France
538145,22424,WHOLE WHEAT BREAD,4,2025-12-15 04:21:24,3.0,13476.0,United Kingdom
538145,22423,ORGANIC WHOLE MILK,6,2025-12-15 04:21:24,3.57,13476.0,United Kingdom
538145,84880,WATERING CAN GREEN 2L,2,2025-12-15 04:21:24,11.43,13476.0,United Kingdom
538145,84881,ORGANIC POTTING SOIL 10L,2,2025-12-15 04:21:24,6.92,13476.0,United Kingdom
538146,71055,USB-C MULTIPORT ADAPTER,1,2025-08-04 17:36:39,26.12,13714.0,United Kingdom
538146,71056,LARGE DESK PAD BLACK,2,2025-08-04 17:36:39,15.38,13714.0,United Kingdom
538146,71057,MONITOR LIGHT BAR,1,2025-08-04 17:36:39,39.85,13714.0,United Kingdom
538146,84882,GARDENING GLOVES PAIR,2,2025-08-04 17:36:39,5.07,13714.0,United Kingdom
538146,84880,WATERING CAN GREEN 2L,24,2025-08-04 17:36:39,11.58,13714.0,United Kingdom
538146,22424,WHOLE WHEAT BREAD,6,2025-08-04 17:36:39,2.85,13714.0,United Kingdom
538146,22427,ORGANIC EGGS DOZEN,1,2025-08-04 17:36:39,5.03,13714.0,United Kingdom
538146,22425,SWEET CREAM BUTTER,6,2025-08-04 17:36:39,4.1,13714.0,United Kingdom
538146,21219,TRAVEL SEWING KIT,3,2025-08-04 17:36:39,2.2,13714.0,United Kingdom
538147,21217,PACK OF 20 NAPKINS,3,2025-07-26 22:43:13,1.39,,United Kingdom
538148,85123B,PURE CANE SUGAR,1,2025-04-20 17:48:04,2.61,17954.0,United Kingdom
538148,85123D,FRENCH VANILLA SYRUP,2,2025-04-20 17:48:04,6.18,17954.0,United Kingdom
538148,85123A,COLOMBIAN ROAST COFFEE,1,2025-04-20 17:48:04,9.02,17954.0,United Kingdom
538148,21218,SCENTED CANDLE LAVENDER,1,2025-04-20 17:48:04,4.32,17954.0,United Kingdom
538149,85123C,DARK CHOCOLATE BAR 85%,1,2026-01-06 03:31:37,3.64,16030.0,Germany
538149,85123D,FRENCH VANILLA SYRUP,3,2026-01-06 03:31:37,6.18,16030.0,Germany
538149,21231,FELTCRAFT DOLL ROSIE,1,2026-01-06 03:31:37,3.1,16030.0,Germany
538149,21212,VINTAGE SNAP CARDS,3,2026-01-06 03:31:37,0.86,16030.0,Germany
538149,21214,RECIPE BOX PANTRY DESIGN,1,2026-01-06 03:31:37,8.23,16030.0,Germany
538150,20725,CROISSANT ALL BUTTER,24,2025-04-23 20:56:35,2.25,17685.0,United Kingdom
538150,20728,CAPPUCCINO CUP & SAUCER,2,2025-04-23 20:56:35,8.86,17685.0,United Kingdom
538150,20726,PAIN AU CHOCOLAT,1,2025-04-23 20:56:35,2.62,17685.0,United Kingdom
538150,21227,VINTAGE UNION JACK CUSHION,3,2025-04-23 20:56:35,15.26,17685.0,United Kingdom
538151,20729,BLUEBERRY SCONE,1,2025-09-29 02:13:56,2.45,12472.0,United Kingdom
538151,20726,PAIN AU CHOCOLAT,2,2025-09-29 02:13:56,2.5,12472.0,United Kingdom
538151,20725,CROISSANT ALL BUTTER,4,2025-09-29 02:13:56,2.23,12472.0,United Kingdom
538151,20728,CAPPUCCINO CUP & SAUCER,3,2025-09-29 02:13:56,8.88,12472.0,United Kingdom
538152,21733,ITALIAN EXTRA VIRGIN OLIVE OIL,1,2025-08-01 17:30:52,13.38,13933.0,United Kingdom
538152,21735,AGED PARMESAN REGGIANO,6,2025-08-01 17:30:52,7.61,13933.0,United Kingdom
538152,21737,GARLIC HERB BREADSTICKS,1,2025-08-01 17:30:52,2.84,13933.0,United Kingdom
538152,21230,BATHROOM SCALE VINTAGE,4,2025-08-01 17:30:52,21.63,13933.0,United Kingdom
538153,71057,MONITOR LIGHT BAR,2,2025-09-04 20:39:41,39.29,14402.0,United Kingdom
538153,71055,USB-C MULTIPORT ADAPTER,2,2025-09-04 20:39:41,24.27,14402.0,United Kingdom
538154,20728,CAPPUCCINO CUP & SAUCER,1,2025-11-07 21:12:34,8.92,16529.0,United Kingdom
538154,20726,PAIN AU CHOCOLAT,1,2025-11-07 21:12:34,2.38,16529.0,United Kingdom
538154,71054,MECHANICAL KEYBOARD,3,2025-11-07 21:12:34,70.11,16529.0,United Kingdom
538154,71055,USB-C MULTIPORT ADAPTER,3,2025-11-07 21:12:34,23.85,16529.0,United Kingdom
538154,71053,,1,2025-11-07 21:12:34,29.98,16529.0,United Kingdom
538154,84880,WATERING CAN GREEN 2L,2,2025-11-07 21:12:34,11.69,16529.0,United Kingdom
538154,84879,CERAMIC PLANT POT WHITE,1,2025-11-07 21:12:34,9.56,16529.0,United Kingdom
538154,84881,ORGANIC POTTING SOIL 10L,6,2025-11-07 21:12:34,7.01,16529.0,United Kingdom
538155,22423,REGENCY CAKESTAND 3 TIER,4,2025-08-14 23:09:32,12.52,15553.0,United Kingdom
538155,22961,HEART OF WICKER LARGE,4,2025-08-14 23:09:32,3.0,15553.0,United Kingdom
538155,85099B,WHITE HANGING HEART T-LIGHT HOLDER,3,2025-08-14 23:09:32,2.49,15553.0,United Kingdom
538155,22960,HEART OF WICKER SMALL,6,2025-08-14 23:09:32,1.63,15553.0,United Kingdom
538155,21214,RECIPE BOX PANTRY DESIGN,3,2025-08-14 23:09:32,8.27,15553.0,United Kingdom
538156,21213,MINI PAINT SET 9 COLOURS,1,2025-12-27 00:37:44,1.2,,United Kingdom
538157,22425,SWEET CREAM BUTTER,6,2025-12-04 22:48:02,4.24,12804.0,Germany
538157,22427,ORGANIC EGGS DOZEN,1,2025-12-04 22:48:02,5.14,12804.0,Germany
538157,22424,WHOLE WHEAT BREAD,3,2025-12-04 22:48:02,3.07,12804.0,Germany
538157,22423,ORGANIC WHOLE MILK,2,2025-12-04 22:48:02,3.58,12804.0,Germany
538157,21734,ARTISAN PASTA PENNE,4,2025-12-04 22:48:02,3.19,12804.0,Germany
538157,21737,GARLIC HERB BREADSTICKS,2,2025-12-04 22:48:02,2.96,12804.0,Germany
538157,21736,ORGANIC TOMATO BASIL SAUCE,4,2025-12-04 22:48:02,4.57,12804.0,Germany
538157,71054,MECHANICAL KEYBOARD,1,2025-12-04 22:48:02,72.08,12804.0,Germany
538157,71055,USB-C MULTIPORT ADAPTER,2,2025-12-04 22:48:02,25.17,12804.0,Germany
538157,71053,WIRELESS ERGONOMIC MOUSE,1,2025-12-04 22:48:02,29.33,12804.0,Germany
538157,71056,LARGE DESK PAD BLACK,1,2025-12-04 22:48:02,15.54,12804.0,Germany
538157,21225,GLASS STORAGE JAR LARGE,1,2025-12-04 22:48:02,4.03,12804.0,Germany
538158,71056,LARGE DESK PAD BLACK,3,2025-12-17 23:54:38,16.34,14981.0,United Kingdom
538158,71055,USB-C MULTIPORT ADAPTER,2,2025-12-17 23:54:38,25.89,14981.0,United Kingdom
538158,71053,WIRELESS ERGONOMIC MOUSE,1,2025-12-17 23:54:38,28.83,14981.0,United Kingdom
538158,71057,MONITOR LIGHT BAR,2,2025-12-17 23:54:38,40.62,14981.0,United Kingdom
538159,22720,SET OF 3 CAKE TINS PANTRY,4,2025-02-19 20:32:56,4.82,15556.0,United Kingdom
538159,85099B,WHITE HANGING HEART T-LIGHT HOLDER,1,2025-02-19 20:32:56,2.68,15556.0,United Kingdom
538159,22961,HEART OF WICKER LARGE,3,2025-02-19 20:32:56,2.9,15556.0,United Kingdom
538159,21216,EMERGENCY FIRST AID TIN,1,2025-02-19 20:32:56,3.92,15556.0,United Kingdom
538159,21224,GLASS STORAGE JAR SMALL,4,2025-02-19 20:32:56,2.28,15556.0,United Kingdom
538160,22720,SET OF 3 CAKE TINS PANTRY,2,2025-04-03 18:58:45,4.83,17604.0,United Kingdom
538160,22961,HEART OF WICKER LARGE,2,2025-04-03 18:58:45,2.85,17604.0,United Kingdom
538160,22423,REGENCY CAKESTAND 3 TIER,2,2025-04-03 18:58:45,12.34,17604.0,United Kingdom
538160,22960,HEART OF WICKER SMALL,1,2025-04-03 18:58:45,1.66,17604.0,United Kingdom
538160,22426,STRAWBERRY PRESERVES,12,2025-04-03 18:58:45,3.81,17604.0,United Kingdom
538160,22427,ORGANIC EGGS DOZEN,6,2025-04-03 18:58:45,5.23,17604.0,United Kingdom
538160,71053,WIRELESS ERGONOMIC MOUSE,6,2025-04-03 18:58:45,29.74,17604.0,United Kingdom
538160,71054,MECHANICAL KEYBOARD,1,2025-04-03 18:58:45,70.12,17604.0,United Kingdom
538160,71055,USB-C MULTIPORT ADAPTER,4,2025-04-03 18:58:45,25.63,17604.0,United Kingdom
538160,71056,LARGE DESK PAD BLACK,1,2025-04-03 18:58:45,15.96,17604.0,United Kingdom
538160,71057,MONITOR LIGHT BAR,2,2025-04-03 18:58:45,40.71,17604.0,United Kingdom
538160,21225,GLASS STORAGE JAR LARGE,2,2025-04-03 18:58:45,3.78,17604.0,United Kingdom
538161,21735,AGED PARMESAN REGGIANO,1,2025-12-02 21:43:06,7.71,17023.0,United Kingdom
538161,21737,GARLIC HERB BREADSTICKS,1,2025-12-02 21:43:06,3.03,17023.0,United Kingdom
538161,21736,ORGANIC TOMATO BASIL SAUCE,2,2025-12-02 21:43:06,4.33,17023.0,United Kingdom
538162,22424,WHOLE WHEAT BREAD,2,2025-04-15 19:29:53,3.07,16834.0,United Kingdom
538162,22427,ORGANIC EGGS DOZEN,1,2025-04-15 19:29:53,5.03,16834.0,United Kingdom
538162,71056,LARGE DESK PAD BLACK,2,2025-04-15 19:29:53,15.53,16834.0,United Kingdom
538162,71057,MONITOR LIGHT BAR,3,2025-04-15 19:29:53,38.41,16834.0,United Kingdom
538162,21231,FELTCRAFT DOLL ROSIE,3,2025-04-15 19:29:53,3.03,16834.0,United Kingdom
538163,84880,WATERING CAN GREEN 2L,2,2025-07-11 22:54:15,10.96,14335.0,Germany
538163,84883,LED GROW LIGHT BULB,2,2025-07-11 22:54:15,15.6,14335.0,Germany
538163,84879,CERAMIC PLANT POT WHITE,1,2025-07-11 22:54:15,10.03,14335.0,Germany
538163,84882,GARDENING GLOVES PAIR,2,2025-07-11 22:54:15,4.86,14335.0,Germany
538163,21230,BATHROOM SCALE VINTAGE,6,2025-07-11 22:54:15,21.66,14335.0,Germany
538164,84879,CERAMIC PLANT POT WHITE,12,2025-12-03 19:04:41,10.13,13779.0,United Kingdom
538164,84881,ORGANIC POTTING SOIL 10L,1,2025-12-03 19:04:41,6.87,13779.0,United Kingdom
538164,84882,GARDENING GLOVES PAIR,1,2025-12-03 19:04:41,5.06,13779.0,United Kingdom
538164,21230,BATHROOM SCALE VINTAGE,1,2025-12-03 19:04:41,22.44,13779.0,United Kingdom
538165,84883,LED GROW LIGHT BULB,1,2025-03-09 01:16:52,14.86,12845.0,United Kingdom
538165,84882,GARDENING GLOVES PAIR,1,2025-03-09 01:16:52,5.08,12845.0,United Kingdom
538165,85123A,COLOMBIAN ROAST COFFEE,2,2025-03-09 01:16:52,8.93,12845.0,United Kingdom
538165,85123E,CERAMIC COFFEE MUG,1,2025-03-09 01:16:52,6.58,12845.0,United Kingdom
538165,85123B,PURE CANE SUGAR,3,2025-03-09 01:16:52,2.39,12845.0,United Kingdom
538165,85123C,DARK CHOCOLATE BAR 85%,2,2025-03-09 01:16:52,3.65,12845.0,United Kingdom
538166,85123C,DARK CHOCOLATE BAR 85%,3,2025-06-13 20:56:04,3.65,,United Kingdom
538166,85123B,PURE CANE SUGAR,1,2025-06-13 20:56:04,2.56,,United Kingdom
538166,21224,GLASS STORAGE JAR SMALL,2,2025-06-13 20:56:04,2.31,,United Kingdom
538167,84879,CERAMIC PLANT POT WHITE,1,2025-10-18 21:12:30,10.46,12777.0,United Kingdom
538167,84881,ORGANIC POTTING SOIL 10L,4,2025-10-18 21:12:30,7.23,12777.0,United Kingdom
538167,21221,RETRO SPOT TEA TOWEL,6,2025-10-18 21:12:30,2.55,12777.0,United Kingdom
538168,21225,GLASS STORAGE JAR LARGE,4,2025-08-30 21:33:29,4.09,12554.0,United Kingdom
538169,20728,CAPPUCCINO CUP & SAUCER,4,2025-08-19 00:47:08,8.17,17820.0,United Kingdom
538169,20725,CROISSANT ALL BUTTER,1,2025-08-19 00:47:08,2.21,17820.0,United Kingdom
538169,20727,ALMOND DANISH,1,2025-08-19 00:47:08,2.62,17820.0,United Kingdom
538169,20729,BLUEBERRY SCONE,6,2025-08-19 00:47:08,2.35,17820.0,United Kingdom
538169,85123C,DARK CHOCOLATE BAR 85%,1,2025-08-19 00:47:08,3.58,17820.0,United Kingdom
538169,85123E,CERAMIC COFFEE MUG,1,2025-08-19 00:47:08,6.45,17820.0,United Kingdom
538169,85123D,FRENCH VANILLA SYRUP,1,2025-08-19 00:47:08,6.04,17820.0,United Kingdom
538169,85123B,PURE CANE SUGAR,1,2025-08-19 00:47:08,2.49,17820.0,United Kingdom
538169,85123A,COLOMBIAN ROAST COFFEE,3,2025-08-19 00:47:08,9.0,17820.0,United Kingdom
538170,20727,ALMOND DANISH,2,2025-08-21 00:28:15,2.74,16966.0,United Kingdom
538170,20725,CROISSANT ALL BUTTER,6,2025-08-21 00:28:15,2.25,16966.0,United Kingdom
538171,71054,MECHANICAL KEYBOARD,4,2025-06-22 16:51:56,72.92,17862.0,United Kingdom
538171,71057,MONITOR LIGHT BAR,3,2025-06-22 16:51:56,40.05,17862.0,United Kingdom
538171,71056,LARGE DESK PAD BLACK,1,2025-06-22 16:51:56,16.38,17862.0,United Kingdom
538171,71053,WIRELESS ERGONOMIC MOUSE,1,2025-06-22 16:51:56,28.61,17862.0,United Kingdom
538172,85123E,CERAMIC COFFEE MUG,2,2025-10-28 20:31:34,6.76,14365.0,United Kingdom
538172,85123C,DARK CHOCOLATE BAR 85%,3,2025-10-28 20:31:34,3.61,14365.0,United Kingdom
538172,85123D,FRENCH VANILLA SYRUP,2,2025-10-28 20:31:34,5.9,14365.0,United Kingdom
538173,20729,BLUEBERRY SCONE,4,2025-02-16 01:42:20,2.31,17984.0,United Kingdom
538173,20728,CAPPUCCINO CUP & SAUCER,2,2025-02-16 01:42:20,8.26,17984.0,United Kingdom
538174,84882,GARDENING GLOVES PAIR,2,2025-10-15 20:50:21,5.05,18088.0,Germany
538174,84880,WATERING CAN GREEN 2L,1,2025-10-15 20:50:21,11.95,18088.0,Germany
538174,84883,LED GROW LIGHT BULB,1,2025-10-15 20:50:21,14.96,18088.0,Germany
538174,21223,SET OF 6 SPICE JARS,2,2025-10-15 20:50:21,10.32,18088.0,Germany
538174,21218,SCENTED CANDLE LAVENDER,1,2025-10-15 20:50:21,4.15,18088.0,Germany
538175,21737,GARLIC HERB BREADSTICKS,12,2025-02-27 17:52:58,3.04,15238.0,United Kingdom
538175,21733,ITALIAN EXTRA VIRGIN OLIVE OIL,2,2025-02-27 17:52:58,13.23,15238.0,United Kingdom
538176,85123A,COLOMBIAN ROAST COFFEE,2,2025-10-13 04:47:46,9.24,12668.0,United Kingdom
538176,85123D,FRENCH VANILLA SYRUP,1,2025-10-13 04:47:46,6.05,12668.0,United Kingdom
538176,85123E,CERAMIC COFFEE MUG,2,2025-10-13 04:47:46,6.71,12668.0,United Kingdom
538177,22426,STRAWBERRY PRESERVES,3,2025-08-19 21:35:26,3.82,13242.0,United Kingdom
538177,22424,WHOLE WHEAT BREAD,6,2025-08-19 21:35:26,2.84,13242.0,United Kingdom
538177,21227,VINTAGE UNION JACK CUSHION,3,2025-08-19 21:35:26,14.22,13242.0,United Kingdom
538178,85123C,DARK CHOCOLATE BAR 85%,1,2025-06-25 19:07:38,3.39,17684.0,United Kingdom
538178,85123E,CERAMIC COFFEE MUG,2,2025-06-25 19:07:38,6.59,17684.0,United Kingdom
538178,22423,REGENCY CAKESTAND 3 TIER,3,2025-06-25 19:07:38,12.42,17684.0,United Kingdom
538178,22961,HEART OF WICKER LARGE,2,2025-06-25 19:07:38,3.07,17684.0,United Kingdom
538178,22960,HEART OF WICKER SMALL,3,2025-06-25 19:07:38,1.62,17684.0,United Kingdom
538178,85099B,WHITE HANGING HEART T-LIGHT HOLDER,3,2025-06-25 19:07:38,2.55,17684.0,United Kingdom
538179,71054,MECHANICAL KEYBOARD,2,2025-10-22 23:56:52,68.02,,United Kingdom
538179,71057,MONITOR LIGHT BAR,4,2025-10-22 23:56:52,40.72,,United Kingdom
538179,21219,TRAVEL SEWING KIT,1,2025-10-22 23:56:52,2.08,,United Kingdom
C538180,20728,CAPPUCCINO CUP & SAUCER,-7,2025-07-20 18:27:50,8.74,18250.0,United Kingdom
C538180,20727,ALMOND DANISH,-3,2025-07-20 18:27:50,2.72,18250.0,United Kingdom
C538180,20726,PAIN AU CHOCOLAT,-3,2025-07-20 18:27:50,2.53,18250.0,United Kingdom
C538180,20729,BLUEBERRY SCONE,-12,2025-07-20 18:27:50,2.28,18250.0,United Kingdom
C538180,85123B,PURE CANE SUGAR,-2,2025-07-20 18:27:50,2.37,18250.0,United Kingdom
C538180,85123D,FRENCH VANILLA SYRUP,-12,2025-07-20 18:27:50,5.85,18250.0,United Kingdom
C538180,85123A,COLOMBIAN ROAST COFFEE,-6,2025-07-20 18:27:50,8.92,18250.0,United Kingdom
C538180,21212,VINTAGE SNAP CARDS,-11,2025-07-20 18:27:50,0.84,18250.0,United Kingdom
C538180,21219,TRAVEL SEWING KIT,-9,2025-07-20 18:27:50,2.13,18250.0,United Kingdom
538181,22425,SWEET CREAM BUTTER,1,2025-10-24 20:49:11,4.06,13528.0,United Kingdom
538181,22424,WHOLE WHEAT BREAD,1,2025-10-24 20:49:11,2.84,13528.0,United Kingdom
538181,21219,TRAVEL SEWING KIT,1,2025-10-24 20:49:11,2.07,13528.0,United Kingdom
C538182,71057,MONITOR LIGHT BAR,-5,2025-01-21 03:41:20,39.2,,United Kingdom
C538182,71056,LARGE DESK PAD BLACK,-6,2025-01-21 03:41:20,16.18,,United Kingdom
C538182,21219,TRAVEL SEWING KIT,-1,2025-01-21 03:41:20,2.15,,United Kingdom
C538182,21215,WOODEN PICTURE FRAME,-11,2025-01-21 03:41:20,5.33,,United Kingdom
538183,85123B,PURE CANE SUGAR,1,2025-10-17 17:44:37,2.57,16840.0,United Kingdom
538183,85123D,FRENCH VANILLA SYRUP,2,2025-10-17 17:44:37,6.03,16840.0,United Kingdom
538183,85123E,CERAMIC COFFEE MUG,4,2025-10-17 17:44:37,6.64,16840.0,United Kingdom
538183,85123C,DARK CHOCOLATE BAR 85%,6,2025-10-17 17:44:37,3.59,16840.0,United Kingdom
538184,85123C,DARK CHOCOLATE BAR 85%,6,2025-07-16 23:13:14,3.64,16488.0,United Kingdom
538184,85123B,PURE CANE SUGAR,2,2025-07-16 23:13:14,2.51,16488.0,United Kingdom
538184,85123A,COLOMBIAN ROAST COFFEE,1,2025-07-16 23:13:14,9.32,16488.0,United Kingdom
538184,21221,RETRO SPOT TEA TOWEL,1,2025-07-16 23:13:14,2.47,16488.0,United Kingdom
538185,22423,ORGANIC WHOLE MILK,2,2025-05-09 03:24:23,3.39,,United Kingdom
538185,22426,STRAWBERRY PRESERVES,2,2025-05-09 03:24:23,3.75,,United Kingdom
538186,22720,SET OF 3 CAKE TINS PANTRY,3,2025-12-17 00:12:28,4.93,15329.0,United Kingdom
538186,22961,HEART OF WICKER LARGE,6,2025-12-17 00:12:28,2.88,15329.0,United Kingdom
538186,85099B,WHITE HANGING HEART T-LIGHT HOLDER,1,2025-12-17 00:12:28,2.6,15329.0,United Kingdom
538186,22423,REGENCY CAKESTAND 3 TIER,1,2025-12-17 00:12:28,13.03,15329.0,United Kingdom
538186,21229,HAND WARMER BIRD DESIGN,3,2025-12-17 00:12:28,1.93,15329.0,United Kingdom
538187,22423,REGENCY CAKESTAND 3 TIER,2,2025-03-06 16:57:18,13.14,12872.0,United Kingdom
538187,22961,HEART OF WICKER LARGE,2,2025-03-06 16:57:18,3.08,12872.0,United Kingdom
538188,21231,FELTCRAFT DOLL ROSIE,4,2025-05-24 18:14:04,2.86,15034.0,United Kingdom
538189,22961,HEART OF WICKER LARGE,3,2025-02-19 00:56:27,2.98,,United Kingdom
538189,22960,HEART OF WICKER SMALL,2,2025-02-19 00:56:27,1.7,,United Kingdom
538190,21733,ITALIAN EXTRA VIRGIN OLIVE OIL,2,2025-10-05 02:27:30,12.93,12999.0,United Kingdom
538190,21736,ORGANIC TOMATO BASIL SAUCE,4,2025-10-05 02:27:30,4.59,12999.0,United Kingdom
538190,21737,GARLIC HERB BREADSTICKS,1,2025-10-05 02:27:30,2.86,12999.0,United Kingdom
538191,71053,WIRELESS ERGONOMIC MOUSE,1,2026-01-03 03:22:11,31.25,12716.0,United Kingdom
538191,71056,LARGE DESK PAD BLACK,1,2026-01-03 03:22:11,16.25,12716.0,United Kingdom
538191,71054,MECHANICAL KEYBOARD,2,2026-01-03 03:22:11,68.89,12716.0,United Kingdom
538191,71055,USB-C MULTIPORT ADAPTER,4,2026-01-03 03:22:11,25.75,12716.0,United Kingdom
538191,71057,MONITOR LIGHT BAR,1,2026-01-03 03:22:11,38.23,12716.0,United Kingdom
538191,85123C,DARK CHOCOLATE BAR 85%,3,2026-01-03 03:22:11,3.59,12716.0,United Kingdom
538191,85123A,COLOMBIAN ROAST COFFEE,1,2026-01-03 03:22:11,9.16,12716.0,United Kingdom
538192,71054,MECHANICAL KEYBOARD,1,2025-10-15 19:48:37,72.32,18222.0,United Kingdom
538192,71056,LARGE DESK PAD BLACK,3,2025-10-15 19:48:37,15.98,18222.0,United Kingdom
538192,21227,VINTAGE UNION JACK CUSHION,1,2025-10-15 19:48:37,14.46,18222.0,United Kingdom
538193,22424,WHOLE WHEAT BREAD,4,2025-12-30 03:35:43,3.09,13584.0,United Kingdom
538193,22425,SWEET CREAM BUTTER,2,2025-12-30 03:35:43,4.42,13584.0,United Kingdom
538193,21212,VINTAGE SNAP CARDS,2,2025-12-30 03:35:43,0.82,13584.0,United Kingdom
538194,85123D,FRENCH VANILLA SYRUP,24,2025-03-14 00:03:52,5.92,16352.0,United Kingdom
538194,85123A,COLOMBIAN ROAST COFFEE,1,2025-03-14 00:03:52,9.06,16352.0,United Kingdom
538194,21229,HAND WARMER BIRD DESIGN,1,2025-03-14 00:03:52,1.92,16352.0,United Kingdom
538195,20726,PAIN AU CHOCOLAT,2,2025-11-29 04:34:33,2.59,16916.0,United Kingdom
538195,20728,CAPPUCCINO CUP & SAUCER,3,2025-11-29 04:34:33,8.56,16916.0,United Kingdom
538195,20725,CROISSANT ALL BUTTER,3,2025-11-29 04:34:33,2.14,16916.0,United Kingdom
538195,20729,BLUEBERRY SCONE,2,2025-11-29 04:34:33,2.31,16916.0,United Kingdom
538195,22424,WHOLE WHEAT BREAD,1,2025-11-29 04:34:33,2.98,16916.0,United Kingdom
538195,22423,ORGANIC WHOLE MILK,4,2025-11-29 04:34:33,3.52,16916.0,United Kingdom
538195,22426,STRAWBERRY PRESERVES,2,2025-11-29 04:34:33,4.02,16916.0,United Kingdom
538195,22425,SWEET CREAM BUTTER,2,2025-11-29 04:34:33,4.1,16916.0,United Kingdom
538195,84879,CERAMIC PLANT POT WHITE,2,2025-11-29 04:34:33,9.84,16916.0,United Kingdom
538195,84880,WATERING CAN GREEN 2L,6,2025-11-29 04:34:33,11.31,16916.0,United Kingdom
538195,84881,ORGANIC POTTING SOIL 10L,1,2025-11-29 04:34:33,7.33,16916.0,United Kingdom
538195,84882,GARDENING GLOVES PAIR,2,2025-11-29 04:34:33,4.83,16916.0,United Kingdom
538195,84883,LED GROW LIGHT BULB,2,2025-11-29 04:34:33,14.93,16916.0,United Kingdom
538196,85123A,COLOMBIAN ROAST COFFEE,2,2025-09-30 01:32:18,8.96,17260.0,United Kingdom
538196,85123E,CERAMIC COFFEE MUG,2,2025-09-30 01:32:18,6.5,17260.0,United Kingdom
538196,85123B,PURE CANE SUGAR,2,2025-09-30 01:32:18,2.56,17260.0,United Kingdom
538196,71053,WIRELESS ERGONOMIC MOUSE,1,2025-09-30 01:32:18,30.29,17260.0,United Kingdom
538196,71055,USB-C MULTIPORT ADAPTER,3,2025-09-30 01:32:18,25.05,17260.0,United Kingdom
538197,71054,MECHANICAL KEYBOARD,1,2025-11-14 20:59:39,70.78,16531.0,United Kingdom
538197,71056,LARGE DESK PAD BLACK,1,2025-11-14 20:59:39,16.43,16531.0,United Kingdom
538197,71057,MONITOR LIGHT BAR,3,2025-11-14 20:59:39,38.72,16531.0,United Kingdom
538197,71055,USB-C MULTIPORT ADAPTER,2,2025-11-14 20:59:39,24.08,16531.0,United Kingdom
538198,22426,STRAWBERRY PRESERVES,6,2025-10-16 03:23:34,3.91,,United Kingdom
538198,22425,SWEET CREAM BUTTER,1,2025-10-16 03:23:34,4.3,,United Kingdom
538198,22424,WHOLE WHEAT BREAD,1,2025-10-16 03:23:34,3.11,,United Kingdom
538199,71053,WIRELESS ERGONOMIC MOUSE,3,2025-07-10 23:49:32,29.26,15419.0,United Kingdom
538199,71056,LARGE DESK PAD BLACK,6,2025-07-10 23:49:32,15.3,15419.0,United Kingdom
538199,71055,USB-C MULTIPORT ADAPTER,3,2025-07-10 23:49:32,24.27,15419.0,United Kingdom
538199,85123D,FRENCH VANILLA SYRUP,3,2025-07-10 23:49:32,6.02,15419.0,United Kingdom
538199,85123C,DARK CHOCOLATE BAR 85%,1,2025-07-10 23:49:32,3.65,15419.0,United Kingdom
538199,21214,RECIPE BOX PANTRY DESIGN,1,2025-07-10 23:49:32,8.25,15419.0,United Kingdom
538200,22426,STRAWBERRY PRESERVES,4,2025-07-13 00:13:36,3.86,,United Kingdom
538200,22425,SWEET CREAM BUTTER,6,2025-07-13 00:13:36,4.05,,United Kingdom
538200,22427,ORGANIC EGGS DOZEN,1,2025-07-13 00:13:36,5.2,,United Kingdom
538200,22423,ORGANIC WHOLE MILK,2,2025-07-13 00:13:36,3.49,,United Kingdom
538200,22424,WHOLE WHEAT BREAD,3,2025-07-13 00:13:36,2.92,,United Kingdom
538200,21225,GLASS STORAGE JAR LARGE,3,2025-07-13 00:13:36,4.08,,United Kingdom
538201,22961,HEART OF WICKER LARGE,2,2025-08-05 05:07:21,2.9,,United Kingdom
538201,22423,REGENCY CAKESTAND 3 TIER,1,2025-08-05 05:07:21,12.87,,United Kingdom
538201,85099B,WHITE HANGING HEART T-LIGHT HOLDER,2,2025-08-05 05:07:21,2.65,,United Kingdom
538202,21223,SET OF 6 SPICE JARS,1,2025-06-02 04:43:50,10.11,13556.0,United Kingdom
538203,71053,WIRELESS ERGONOMIC MOUSE,4,2025-06-21 20:20:36,29.91,14286.0,United Kingdom
538203,71056,LARGE DESK PAD BLACK,1,2025-06-21 20:20:36,16.23,14286.0,United Kingdom
538203,71057,MONITOR LIGHT BAR,1,2025-06-21 20:20:36,40.16,14286.0,United Kingdom
538203,21736,ORGANIC TOMATO BASIL SAUCE,2,2025-06-21 20:20:36,4.51,14286.0,United Kingdom
538203,21733,ITALIAN EXTRA VIRGIN OLIVE OIL,2,2025-06-21 20:20:36,12.71,14286.0,United Kingdom
538203,21737,GARLIC HERB BREADSTICKS,1,2025-06-21 20:20:36,3.08,14286.0,United Kingdom
538203,21734,ARTISAN PASTA PENNE,6,2025-06-21 20:20:36,3.19,14286.0,United Kingdom
538203,21735,AGED PARMESAN REGGIANO,6,2025-06-21 20:20:36,7.52,14286.0,United Kingdom
538204,85099B,WHITE HANGING HEART T-LIGHT HOLDER,3,2025-12-03 19:42:43,2.66,15333.0,United Kingdom
538204,22960,HEART OF WICKER SMALL,1,2025-12-03 19:42:43,1.66,15333.0,United Kingdom
538204,22423,REGENCY CAKESTAND 3 TIER,1,2025-12-03 19:42:43,13.24,15333.0,United Kingdom
538204,22720,SET OF 3 CAKE TINS PANTRY,1,2025-12-03 19:42:43,4.86,15333.0,United Kingdom
538205,22961,HEART OF WICKER LARGE,2,2025-07-29 17:52:10,2.9,12521.0,United Kingdom
538205,85099B,WHITE HANGING HEART T-LIGHT HOLDER,1,2025-07-29 17:52:10,2.64,12521.0,United Kingdom
538206,22961,HEART OF WICKER LARGE,4,2025-06-30 01:34:29,2.92,16382.0,United Kingdom
538206,85099B,WHITE HANGING HEART T-LIGHT HOLDER,1,2025-06-30 01:34:29,2.67,16382.0,United Kingdom
538206,22720,SET OF 3 CAKE TINS PANTRY,3,2025-06-30 01:34:29,4.95,16382.0,United Kingdom
538207,22961,HEART OF WICKER LARGE,12,2025-05-16 18:16:06,3.0,16906.0,United Kingdom
538207,22423,REGENCY CAKESTAND 3 TIER,3,2025-05-16 18:16:06,12.64,16906.0,United Kingdom
538207,21228,WALL CLOCK RETRO RED,4,2025-05-16 18:16:06,18.81,16906.0,United Kingdom
538207,21229,HAND WARMER BIRD DESIGN,1,2025-05-16 18:16:06,1.86,16906.0,United Kingdom
538207,D,Discount,3,2025-05-16 18:16:06,-10.0,16906.0,United Kingdom
538208,71054,MECHANICAL KEYBOARD,4,2025-07-23 21:47:20,70.78,,Germany
538208,71053,WIRELESS ERGONOMIC MOUSE,2,2025-07-23 21:47:20,29.55,,Germany
538209,85123B,PURE CANE SUGAR,6,2025-03-26 17:21:26,2.58,12516.0,United Kingdom
538209,85123C,DARK CHOCOLATE BAR 85%,2,2025-03-26 17:21:26,3.67,12516.0,United Kingdom
538209,22423,REGENCY CAKESTAND 3 TIER,2,2025-03-26 17:21:26,12.12,12516.0,United Kingdom
538209,85099B,WHITE HANGING HEART T-LIGHT HOLDER,2,2025-03-26 17:21:26,2.64,12516.0,United Kingdom
538209,21228,WALL CLOCK RETRO RED,3,2025-03-26 17:21:26,18.72,12516.0,United Kingdom
538210,85123D,FRENCH VANILLA SYRUP,12,2025-09-23 05:01:01,5.76,17359.0,Belgium
538210,85123B,PURE CANE SUGAR,4,2025-09-23 05:01:01,2.45,17359.0,Belgium
538210,21216,EMERGENCY FIRST AID TIN,2,2025-09-23 05:01:01,3.57,17359.0,Belgium
538211,71056,LARGE DESK PAD BLACK,6,2025-11-17 18:49:03,15.9,13540.0,United Kingdom
538211,71057,MONITOR LIGHT BAR,4,2025-11-17 18:49:03,40.21,13540.0,United Kingdom
538211,71053,WIRELESS ERGONOMIC MOUSE,1,2025-11-17 18:49:03,31.11,13540.0,United Kingdom
538212,21225,GLASS STORAGE JAR LARGE,1,2025-03-09 22:42:23,3.96,13860.0,United Kingdom
538213,22427,ORGANIC EGGS DOZEN,3,2025-09-05 23:53:43,5.14,17131.0,United Kingdom
538213,22423,ORGANIC WHOLE MILK,6,2025-09-05 23:53:43,3.38,17131.0,United Kingdom
538213,21735,AGED PARMESAN REGGIANO,1,2025-09-05 23:53:43,8.21,17131.0,United Kingdom
538213,21734,ARTISAN PASTA PENNE,3,2025-09-05 23:53:43,3.23,17131.0,United Kingdom
538213,21733,ITALIAN EXTRA VIRGIN OLIVE OIL,1,2025-09-05 23:53:43,13.0,17131.0,United Kingdom
538213,21218,SCENTED CANDLE LAVENDER,3,2025-09-05 23:53:43,4.04,17131.0,United Kingdom
538214,84879,CERAMIC PLANT POT WHITE,6,2025-07-25 03:32:58,9.9,13938.0,Netherlands
538214,84882,GARDENING GLOVES PAIR,2,2025-07-25 03:32:58,4.81,13938.0,Netherlands
538214,20725,CROISSANT ALL BUTTER,2,2025-07-25 03:32:58,2.15,13938.0,Netherlands
538214,20727,ALMOND DANISH,1,2025-07-25 03:32:58,2.73,13938.0,Netherlands
538215,22426,STRAWBERRY PRESERVES,2,2025-07-10 21:18:31,3.97,,France
538215,22424,WHOLE WHEAT BREAD,3,2025-07-10 21:18:31,3.02,,France
538216,84879,CERAMIC PLANT POT WHITE,2,2025-12-29 00:41:53,9.89,,United Kingdom
538216,84882,GARDENING GLOVES PAIR,3,2025-12-29 00:41:53,5.11,,United Kingdom
538216,84881,ORGANIC POTTING SOIL 10L,4,2025-12-29 00:41:53,6.89,,United Kingdom
538216,84880,WATERING CAN GREEN 2L,6,2025-12-29 00:41:53,11.95,,United Kingdom
538216,84883,LED GROW LIGHT BULB,1,2025-12-29 00:41:53,15.65,,United Kingdom
538217,71055,USB-C MULTIPORT ADAPTER,1,2025-02-27 19:09:43,25.75,,United Kingdom
538217,71057,MONITOR LIGHT BAR,3,2025-02-27 19:09:43,40.27,,United Kingdom
538218,85123B,PURE CANE SUGAR,1,2025-07-11 22:46:20,2.41,14488.0,United Kingdom
538218,85123A,COLOMBIAN ROAST COFFEE,2,2025-07-11 22:46:20,9.35,14488.0,United Kingdom
538218,21225,GLASS STORAGE JAR LARGE,1,2025-07-11 22:46:20,4.08,14488.0,United Kingdom
538218,21222,RETRO SPOT APRON,3,2025-07-11 22:46:20,6.73,14488.0,United Kingdom
538219,71054,MECHANICAL KEYBOARD,1,2025-07-07 03:35:05,69.87,13579.0,United Kingdom
538219,71057,MONITOR LIGHT BAR,1,2025-07-07 03:35:05,39.76,13579.0,United Kingdom
538219,71053,WIRELESS ERGONOMIC MOUSE,1,2025-07-07 03:35:05,30.09,13579.0,United Kingdom
538219,20727,ALMOND DANISH,4,2025-07-07 03:35:05,2.88,13579.0,United Kingdom
538219,20726,PAIN AU CHOCOLAT,2,2025-07-07 03:35:05,2.42,13579.0,United Kingdom
538220,21734,ARTISAN PASTA PENNE,2,2025-05-20 03:25:48,3.32,16504.0,United Kingdom
538220,21736,ORGANIC TOMATO BASIL SAUCE,3,2025-05-20 03:25:48,4.64,16504.0,United Kingdom
538220,21223,SET OF 6 SPICE JARS,1,2025-05-20 03:25:48,9.59,16504.0,United Kingdom
538221,20725,CROISSANT ALL BUTTER,1,2025-10-16 03:12:51,2.33,16406.0,United Kingdom
538221,20727,ALMOND DANISH,3,2025-10-16 03:12:51,2.88,16406.0,United Kingdom
538221,21226,CHILLI LIGHTS STRING,1,2025-10-16 03:12:51,8.12,16406.0,United Kingdom
538221,21212,VINTAGE SNAP CARDS,3,2025-10-16 03:12:51,0.85,16406.0,United Kingdom
538222,21220,BICYCLE PUNCTURE REPAIR KIT,3,2025-05-27 00:51:55,3.0,15658.0,United Kingdom
538223,20728,CAPPUCCINO CUP & SAUCER,2,2025-04-08 22:51:56,8.26,13212.0,Belgium
538223,20726,PAIN AU CHOCOLAT,2,2025-04-08 22:51:56,2.4,13212.0,Belgium
538223,20725,CROISSANT ALL BUTTER,2,2025-04-08 22:51:56,2.2,13212.0,Belgium
538223,21220,BICYCLE PUNCTURE REPAIR KIT,3,2025-04-08 22:51:56,3.03,13212.0,Belgium
538224,85123B,PURE CANE SUGAR,6,2025-04-13 23:28:44,2.45,16883.0,United Kingdom
538224,85123E,CERAMIC COFFEE MUG,2,2025-04-13 23:28:44,6.8,16883.0,United Kingdom
538224,85123D,FRENCH VANILLA SYRUP,1,2025-04-13 23:28:44,5.8,16883.0,United Kingdom
538224,85123A,COLOMBIAN ROAST COFFEE,1,2025-04-13 23:28:44,9.39,16883.0,United Kingdom
538225,20726,PAIN AU CHOCOLAT,3,2025-02-15 05:16:24,2.43,13735.0,United Kingdom
538225,20729,BLUEBERRY SCONE,3,2025-02-15 05:16:24,2.47,13735.0,United Kingdom
538225,20727,ALMOND DANISH,1,2025-02-15 05:16:24,2.85,13735.0,United Kingdom
538225,21733,ITALIAN EXTRA VIRGIN OLIVE OIL,1,2025-02-15 05:16:24,13.46,13735.0,United Kingdom
538225,21737,GARLIC HERB BREADSTICKS,1,2025-02-15 05:16:24,3.01,13735.0,United Kingdom
538226,21734,ARTISAN PASTA PENNE,1,2025-11-19 01:24:07,3.33,15560.0,United Kingdom
538226,21736,ORGANIC TOMATO BASIL SAUCE,12,2025-11-19 01:24:07,4.38,15560.0,United Kingdom
538226,21735,AGED PARMESAN REGGIANO,1,2025-11-19 01:24:07,8.12,15560.0,United Kingdom
538226,21227,VINTAGE UNION JACK CUSHION,2,2025-11-19 01:24:07,15.27,15560.0,United Kingdom
538227,20725,CROISSANT ALL BUTTER,2,2025-05-29 03:58:29,2.26,,United Kingdom
538227,20726,PAIN AU CHOCOLAT,12,2025-05-29 03:58:29,2.51,,United Kingdom
538227,71056,LARGE DESK PAD BLACK,2,2025-05-29 03:58:29,16.65,,United Kingdom
538227,71053,WIRELESS ERGONOMIC MOUSE,3,2025-05-29 03:58:29,31.39,,United Kingdom
538227,71054,MECHANICAL KEYBOARD,4,2025-05-29 03:58:29,72.31,,United Kingdom
538227,85099B,WHITE HANGING HEART T-LIGHT HOLDER,3,2025-05-29 03:58:29,2.46,,United Kingdom
538227,22720,SET OF 3 CAKE TINS PANTRY,1,2025-05-29 03:58:29,5.1,,United Kingdom
538228,20729,BLUEBERRY SCONE,1,2025-09-10 02:12:34,2.33,,United Kingdom
538228,20725,CROISSANT ALL BUTTER,2,2025-09-10 02:12:34,2.27,,United Kingdom
538228,20728,CAPPUCCINO CUP & SAUCER,2,2025-09-10 02:12:34,8.36,,United Kingdom
538228,20726,PAIN AU CHOCOLAT,6,2025-09-10 02:12:34,2.48,,United Kingdom
538228,20727,ALMOND DANISH,2,2025-09-10 02:12:34,2.71,,United Kingdom
538228,21213,MINI PAINT SET 9 COLOURS,4,2025-09-10 02:12:34,1.21,,United Kingdom
538229,84879,CERAMIC PLANT POT WHITE,3,2025-09-20 23:21:03,9.55,,France
538229,84882,GARDENING GLOVES PAIR,2,2025-09-20 23:21:03,5.12,,France
538229,21225,GLASS STORAGE JAR LARGE,1,2025-09-20 23:21:03,4.07,,France
538229,21213,MINI PAINT SET 9 COLOURS,6,2025-09-20 23:21:03,1.24,,France
538229,21212,VINTAGE SNAP CARDS,1,2025-09-20 23:21:03,0.89,,France
538230,20728,CAPPUCCINO CUP & SAUCER,4,2025-07-21 04:26:39,8.54,17789.0,United Kingdom
538230,20727,ALMOND DANISH,6,2025-07-21 04:26:39,2.62,17789.0,United Kingdom
538230,21221,RETRO SPOT TEA TOWEL,4,2025-07-21 04:26:39,2.5,17789.0,United Kingdom
538231,85123D,FRENCH VANILLA SYRUP,3,2025-05-24 23:05:50,5.86,,United Kingdom
538231,85123E,CERAMIC COFFEE MUG,4,2025-05-24 23:05:50,6.39,,United Kingdom
538232,85123A,COLOMBIAN ROAST COFFEE,3,2025-08-20 02:33:40,9.1,14860.0,United Kingdom
538232,85123E,CERAMIC COFFEE MUG,2,2025-08-20 02:33:40,6.34,14860.0,United Kingdom
538232,85123C,DARK CHOCOLATE BAR 85%,1,2025-08-20 02:33:40,3.36,14860.0,United Kingdom
538232,21213,MINI PAINT SET 9 COLOURS,2,2025-08-20 02:33:40,1.19,14860.0,United Kingdom
538232,M,MANUAL,4,2025-08-20 02:33:40,2.46,14860.0,United Kingdom
538233,84879,CERAMIC PLANT POT WHITE,4,2025-04-03 20:30:06,9.8,,United Kingdom
538233,84881,ORGANIC POTTING SOIL 10L,2,2025-04-03 20:30:06,6.65,,United Kingdom
538234,20726,PAIN AU CHOCOLAT,1,2025-06-04 17:37:37,2.38,,United Kingdom
538234,20728,CAPPUCCINO CUP & SAUCER,1,2025-06-04 17:37:37,8.11,,United Kingdom
538234,20725,CROISSANT ALL BUTTER,1,2025-06-04 17:37:37,2.36,,United Kingdom
538235,71055,USB-C MULTIPORT ADAPTER,1,2025-11-13 01:56:47,25.32,13462.0,United Kingdom
538235,71057,MONITOR LIGHT BAR,4,2025-11-13 01:56:47,41.12,13462.0,United Kingdom
538235,71056,LARGE DESK PAD BLACK,6,2025-11-13 01:56:47,15.96,13462.0,United Kingdom
538235,22425,SWEET CREAM BUTTER,2,2025-11-13 01:56:47,4.35,13462.0,United Kingdom
538235,22427,ORGANIC EGGS DOZEN,3,2025-11-13 01:56:47,5.11,13462.0,United Kingdom
538235,22423,ORGANIC WHOLE MILK,4,2025-11-13 01:56:47,3.66,13462.0,United Kingdom
538235,22426,STRAWBERRY PRESERVES,6,2025-11-13 01:56:47,3.73,13462.0,United Kingdom
538235,22424,WHOLE WHEAT BREAD,3,2025-11-13 01:56:47,3.07,13462.0,United Kingdom
538235,21216,EMERGENCY FIRST AID TIN,1,2025-11-13 01:56:47,3.68,13462.0,United Kingdom
538235,21215,WOODEN PICTURE FRAME,4,2025-11-13 01:56:47,5.33,13462.0,United Kingdom
538236,22427,ORGANIC EGGS DOZEN,24,2025-03-11 21:29:26,5.03,13128.0,United Kingdom
538236,22424,WHOLE WHEAT BREAD,4,2025-03-11 21:29:26,3.06,13128.0,United Kingdom
538236,21225,GLASS STORAGE JAR LARGE,1,2025-03-11 21:29:26,3.86,13128.0,United Kingdom
538237,85099B,WHITE HANGING HEART T-LIGHT HOLDER,1,2025-01-13 20:11:00,2.65,13201.0,United Kingdom
538237,22720,SET OF 3 CAKE TINS PANTRY,4,2025-01-13 20:11:00,4.95,13201.0,United Kingdom
538237,22961,HEART OF WICKER LARGE,1,2025-01-13 20:11:00,3.07,13201.0,United Kingdom
538237,22427,ORGANIC EGGS DOZEN,4,2025-01-13 20:11:00,4.87,13201.0,United Kingdom
538237,22426,STRAWBERRY PRESERVES,1,2025-01-13 20:11:00,4.05,13201.0,United Kingdom
538238,21733,ITALIAN EXTRA VIRGIN OLIVE OIL,1,2025-11-19 22:01:47,12.51,,United Kingdom
538238,21737,GARLIC HERB BREADSTICKS,1,2025-11-19 22:01:47,3.05,,United Kingdom
538238,21735,AGED PARMESAN REGGIANO,2,2025-11-19 22:01:47,8.25,,United Kingdom
538238,20726,PAIN AU CHOCOLAT,4,2025-11-19 22:01:47,2.4,,United Kingdom
538238,20725,CROISSANT ALL BUTTER,2,2025-11-19 22:01:47,2.34,,United Kingdom
538238,21231,FELTCRAFT DOLL ROSIE,2,2025-11-19 22:01:47,3.02,,United Kingdom
538238,21219,TRAVEL SEWING KIT,3,2025-11-19 22:01:47,2.18,,United Kingdom
538239,21736,ORGANIC TOMATO BASIL SAUCE,2,2025-07-11 02:48:00,4.58,,Germany
538239,21737,GARLIC HERB BREADSTICKS,1,2025-07-11 02:48:00,3.03,,Germany
538239,21734,ARTISAN PASTA PENNE,1,2025-07-11 02:48:00,3.32,,Germany
538239,21735,AGED PARMESAN REGGIANO,3,2025-07-11 02:48:00,7.67,,Germany
538240,21736,ORGANIC TOMATO BASIL SAUCE,1,2025-05-05 04:49:12,4.6,16495.0,United Kingdom
538240,21734,ARTISAN PASTA PENNE,12,2025-05-05 04:49:12,3.4,16495.0,United Kingdom
538240,21213,MINI PAINT SET 9 COLOURS,1,2025-05-05 04:49:12,1.2,16495.0,United Kingdom
538240,21224,GLASS STORAGE JAR SMALL,1,2025-05-05 04:49:12,2.36,16495.0,United Kingdom
538241,22424,WHOLE WHEAT BREAD,6,2025-06-10 21:50:48,2.98,14525.0,United Kingdom
538241,22427,ORGANIC EGGS DOZEN,4,2025-06-10 21:50:48,5.19,14525.0,United Kingdom
538241,22425,SWEET CREAM BUTTER,3,2025-06-10 21:50:48,4.39,14525.0,United Kingdom
538241,22423,ORGANIC WHOLE MILK,3,2025-06-10 21:50:48,3.53,14525.0,United Kingdom
538241,20728,CAPPUCCINO CUP & SAUCER,2,2025-06-10 21:50:48,8.46,14525.0,United Kingdom
538241,20727,ALMOND DANISH,6,2025-06-10 21:50:48,2.7,14525.0,United Kingdom
538241,21733,ITALIAN EXTRA VIRGIN OLIVE OIL,2,2025-06-10 21:50:48,12.51,14525.0,United Kingdom
538241,21737,GARLIC HERB BREADSTICKS,1,2025-06-10 21:50:48,3.13,14525.0,United Kingdom
538241,21222,RETRO SPOT APRON,2,2025-06-10 21:50:48,6.98,14525.0,United Kingdom
538241,21225,GLASS STORAGE JAR LARGE,1,2025-06-10 21:50:48,3.78,14525.0,United Kingdom
538242,85099B,WHITE HANGING HEART T-LIGHT HOLDER,6,2025-12-24 02:14:34,2.55,16245.0,Netherlands
538242,22423,REGENCY CAKESTAND 3 TIER,2,2025-12-24 02:14:34,12.85,16245.0,Netherlands
538243,22425,SWEET CREAM BUTTER,1,2025-03-19 22:12:03,4.23,,United Kingdom
538243,22426,STRAWBERRY PRESERVES,3,2025-03-19 22:12:03,3.9,,United Kingdom
538243,22423,ORGANIC WHOLE MILK,6,2025-03-19 22:12:03,3.52,,United Kingdom
538243,22427,ORGANIC EGGS DOZEN,1,2025-03-19 22:12:03,4.83,,United Kingdom
538243,21219,TRAVEL SEWING KIT,2,2025-03-19 22:12:03,2.14,,United Kingdom
538244,21224,GLASS STORAGE JAR SMALL,1,2025-01-21 19:15:59,2.27,13952.0,United Kingdom
538245,85123C,DARK CHOCOLATE BAR 85%,2,2025-09-15 20:30:58,3.48,13620.0,United Kingdom
538245,85123D,FRENCH VANILLA SYRUP,12,2025-09-15 20:30:58,5.91,13620.0,United Kingdom
538245,85123B,PURE CANE SUGAR,1,2025-09-15 20:30:58,2.45,13620.0,United Kingdom
538245,22423,ORGANIC WHOLE MILK,2,2025-09-15 20:30:58,3.48,13620.0,United Kingdom
538245,22427,ORGANIC EGGS DOZEN,2,2025-09-15 20:30:58,5.04,13620.0,United Kingdom
538246,21225,,12,2025-07-12 19:53:20,4.09,,Germany
538247,85099B,WHITE HANGING HEART T-LIGHT HOLDER,1,2025-11-22 22:59:51,2.63,14361.0,United Kingdom
538247,22961,HEART OF WICKER LARGE,1,2025-11-22 22:59:51,2.91,14361.0,United Kingdom
538247,22423,REGENCY CAKESTAND 3 TIER,6,2025-11-22 22:59:51,12.52,14361.0,United Kingdom
538247,22960,HEART OF WICKER SMALL,1,2025-11-22 22:59:51,1.59,14361.0,United Kingdom
538248,85123B,PURE CANE SUGAR,4,2025-04-04 20:50:37,2.51,16503.0,United Kingdom
538248,85123D,FRENCH VANILLA SYRUP,1,2025-04-04 20:50:37,6.07,16503.0,United Kingdom
538248,85123A,COLOMBIAN ROAST COFFEE,6,2025-04-04 20:50:37,9.02,16503.0,United Kingdom
538248,85123E,CERAMIC COFFEE MUG,1,2025-04-04 20:50:37,6.73,16503.0,United Kingdom
538248,85123C,DARK CHOCOLATE BAR 85%,3,2025-04-04 20:50:37,3.6,16503.0,United Kingdom
538248,22960,HEART OF WICKER SMALL,1,2025-04-04 20:50:37,1.67,16503.0,United Kingdom
538248,85099B,WHITE HANGING HEART T-LIGHT HOLDER,1,2025-04-04 20:50:37,2.49,16503.0,United Kingdom
538249,22960,HEART OF WICKER SMALL,3,2025-01-17 17:16:51,1.61,16701.0,United Kingdom
538249,85099B,WHITE HANGING HEART T-LIGHT HOLDER,3,2025-01-17 17:16:51,2.47,16701.0,United Kingdom
538249,22720,SET OF 3 CAKE TINS PANTRY,2,2025-01-17 17:16:51,5.02,16701.0,United Kingdom
538249,21230,BATHROOM SCALE VINTAGE,3,2025-01-17 17:16:51,21.73,16701.0,United Kingdom
538250,71057,MONITOR LIGHT BAR,2,2025-06-07 01:47:19,41.28,13722.0,United Kingdom
538250,71053,WIRELESS ERGONOMIC MOUSE,2,2025-06-07 01:47:19,29.94,13722.0,United Kingdom
538251,85123E,CERAMIC COFFEE MUG,12,2025-12-29 17:05:25,6.18,17383.0,United Kingdom
538251,85123D,FRENCH VANILLA SYRUP,6,2025-12-29 17:05:25,5.94,17383.0,United Kingdom
538251,85123A,COLOMBIAN ROAST COFFEE,6,2025-12-29 17:05:25,8.97,17383.0,United Kingdom
538251,85123C,DARK CHOCOLATE BAR 85%,1,2025-12-29 17:05:25,3.49,17383.0,United Kingdom
538251,85123B,PURE CANE SUGAR,3,2025-12-29 17:05:25,2.6,17383.0,United Kingdom
538251,21217,PACK OF 20 NAPKINS,3,2025-12-29 17:05:25,1.44,17383.0,United Kingdom
C538252,84880,WATERING CAN GREEN 2L,-1,2025-07-28 01:49:07,11.64,13400.0,United Kingdom
C538252,84879,CERAMIC PLANT POT WHITE,-7,2025-07-28 01:49:07,10.35,13400.0,United Kingdom
C538252,BANK CHARGES,BANK CHARGES,-3,2025-07-28 01:49:07,15.54,13400.0,United Kingdom
538253,85123A,COLOMBIAN ROAST COFFEE,2,2025-12-08 23:48:36,8.79,12474.0,United Kingdom
538253,85123D,FRENCH VANILLA SYRUP,6,2025-12-08 23:48:36,5.82,12474.0,United Kingdom
538253,21216,EMERGENCY FIRST AID TIN,1,2025-12-08 23:48:36,3.92,12474.0,United Kingdom
538254,21733,ITALIAN EXTRA VIRGIN OLIVE OIL,3,2025-07-27 20:43:57,12.76,12649.0,United Kingdom
538254,21734,ARTISAN PASTA PENNE,2,2025-07-27 20:43:57,3.32,12649.0,United Kingdom
538254,21735,AGED PARMESAN REGGIANO,4,2025-07-27 20:43:57,7.51,12649.0,United Kingdom
538254,21736,ORGANIC TOMATO BASIL SAUCE,4,2025-07-27 20:43:57,4.42,12649.0,United Kingdom
538255,84880,WATERING CAN GREEN 2L,1,2025-12-02 17:06:51,11.75,14451.0,United Kingdom
538255,84883,LED GROW LIGHT BULB,4,2025-12-02 17:06:51,15.54,14451.0,United Kingdom
538255,84879,CERAMIC PLANT POT WHITE,1,2025-12-02 17:06:51,10.39,14451.0,United Kingdom
538255,84882,GARDENING GLOVES PAIR,2,2025-12-02 17:06:51,5.01,14451.0,United Kingdom
538256,21215,WOODEN PICTURE FRAME,3,2025-09-15 05:05:44,5.46,15671.0,United Kingdom
538257,20725,CROISSANT ALL BUTTER,1,2025-12-12 03:50:21,2.35,18064.0,France
538257,20727,ALMOND DANISH,3,2025-12-12 03:50:21,2.65,18064.0,France
538257,20726,PAIN AU CHOCOLAT,2,2025-12-12 03:50:21,2.5,18064.0,France
538258,85123A,COLOMBIAN ROAST COFFEE,1,2025-01-28 02:49:46,9.21,15160.0,United Kingdom
538258,85123D,FRENCH VANILLA SYRUP,1,2025-01-28 02:49:46,5.89,15160.0,United Kingdom
538258,85123B,PURE CANE SUGAR,1,2025-01-28 02:49:46,2.54,15160.0,United Kingdom
538259,21216,EMERGENCY FIRST AID TIN,1,2025-06-21 01:24:16,3.78,17994.0,United Kingdom
538260,21736,ORGANIC TOMATO BASIL SAUCE,2,2025-09-05 22:45:28,4.31,,United Kingdom
538260,21735,AGED PARMESAN REGGIANO,1,2025-09-05 22:45:28,8.27,,United Kingdom
538260,21737,GARLIC HERB BREADSTICKS,1,2025-09-05 22:45:28,3.11,,United Kingdom
538260,21733,ITALIAN EXTRA VIRGIN OLIVE OIL,1,2025-09-05 22:45:28,13.2,,United Kingdom
538260,21218,SCENTED CANDLE LAVENDER,4,2025-09-05 22:45:28,4.4,,United Kingdom
538261,20729,BLUEBERRY SCONE,1,2025-10-04 03:54:09,2.3,15019.0,United Kingdom
538261,20727,ALMOND DANISH,4,2025-10-04 03:54:09,2.8,15019.0,United Kingdom
538261,20726,PAIN AU CHOCOLAT,2,2025-10-04 03:54:09,2.49,15019.0,United Kingdom
538261,20728,CAPPUCCINO CUP & SAUCER,4,2025-10-04 03:54:09,8.3,15019.0,United Kingdom
538261,20725,CROISSANT ALL BUTTER,1,2025-10-04 03:54:09,2.24,15019.0,United Kingdom
538261,22423,ORGANIC WHOLE MILK,1,2025-10-04 03:54:09,3.44,15019.0,United Kingdom
538261,22426,STRAWBERRY PRESERVES,6,2025-10-04 03:54:09,3.96,15019.0,United Kingdom
538262,20729,BLUEBERRY SCONE,1,2025-09-17 23:23:55,2.39,15302.0,United Kingdom
538262,20728,CAPPUCCINO CUP & SAUCER,3,2025-09-17 23:23:55,8.43,15302.0,United Kingdom
538262,21231,FELTCRAFT DOLL ROSIE,2,2025-09-17 23:23:55,2.92,15302.0,United Kingdom
538262,21230,BATHROOM SCALE VINTAGE,3,2025-09-17 23:23:55,21.85,15302.0,United Kingdom
538263,21226,CHILLI LIGHTS STRING,1,2025-03-05 16:33:26,8.38,15152.0,United Kingdom
538264,71057,MONITOR LIGHT BAR,4,2025-04-22 17:08:18,39.81,,United Kingdom
538264,71053,WIRELESS ERGONOMIC MOUSE,2,2025-04-22 17:08:18,28.56,,United Kingdom
538265,84880,WATERING CAN GREEN 2L,3,2025-07-26 18:22:33,10.96,16542.0,United Kingdom
538265,84879,CERAMIC PLANT POT WHITE,1,2025-07-26 18:22:33,10.24,16542.0,United Kingdom
538265,84883,LED GROW LIGHT BULB,1,2025-07-26 18:22:33,15.46,16542.0,United Kingdom
538265,84882,GARDENING GLOVES PAIR,1,2025-07-26 18:22:33,4.92,16542.0,United Kingdom
538265,84881,ORGANIC POTTING SOIL 10L,6,2025-07-26 18:22:33,6.68,16542.0,United Kingdom
538266,20725,CROISSANT ALL BUTTER,1,2025-06-14 18:04:23,2.2,14705.0,United Kingdom
538266,20726,PAIN AU CHOCOLAT,2,2025-06-14 18:04:23,2.44,14705.0,United Kingdom
538267,22960,HEART OF WICKER SMALL,2,2025-08-07 18:30:27,1.69,16092.0,United Kingdom
538267,22961,HEART OF WICKER LARGE,2,2025-08-07 18:30:27,2.84,16092.0,United Kingdom
538267,85099B,WHITE HANGING HEART T-LIGHT HOLDER,1,2025-08-07 18:30:27,2.56,16092.0,United Kingdom
538267,22423,REGENCY CAKESTAND 3 TIER,1,2025-08-07 18:30:27,13.3,16092.0,United Kingdom
538267,85123B,PURE CANE SUGAR,2,2025-08-07 18:30:27,2.38,16092.0,United Kingdom
538267,85123A,COLOMBIAN ROAST COFFEE,1,2025-08-07 18:30:27,9.19,16092.0,United Kingdom
538267,21736,ORGANIC TOMATO BASIL SAUCE,1,2025-08-07 18:30:27,4.27,16092.0,United Kingdom
538267,21737,GARLIC HERB BREADSTICKS,2,2025-08-07 18:30:27,2.98,16092.0,United Kingdom
538267,21733,ITALIAN EXTRA VIRGIN OLIVE OIL,4,2025-08-07 18:30:27,12.57,16092.0,United Kingdom
538268,21736,ORGANIC TOMATO BASIL SAUCE,4,2025-09-25 03:40:42,4.61,17498.0,United Kingdom
538268,21735,AGED PARMESAN REGGIANO,2,2025-09-25 03:40:42,8.07,17498.0,United Kingdom
538269,22427,ORGANIC EGGS DOZEN,2,2025-05-12 18:35:13,4.82,13953.0,United Kingdom
538269,22424,WHOLE WHEAT BREAD,2,2025-05-12 18:35:13,2.86,13953.0,United Kingdom
538270,21734,ARTISAN PASTA PENNE,1,2025-08-28 01:04:09,3.29,,United Kingdom
538270,21733,ITALIAN EXTRA VIRGIN OLIVE OIL,2,2025-08-28 01:04:09,13.4,,United Kingdom
538270,21735,AGED PARMESAN REGGIANO,6,2025-08-28 01:04:09,7.87,,United Kingdom
538270,21737,GARLIC HERB BREADSTICKS,24,2025-08-28 01:04:09,2.96,,United Kingdom
538270,21736,ORGANIC TOMATO BASIL SAUCE,1,2025-08-28 01:04:09,4.35,,United Kingdom
538271,21733,ITALIAN EXTRA VIRGIN OLIVE OIL,3,2025-05-19 18:35:45,12.42,,United Kingdom
538271,21734,ARTISAN PASTA PENNE,2,2025-05-19 18:35:45,3.25,,United Kingdom
538271,22961,HEART OF WICKER LARGE,3,2025-05-19 18:35:45,3.09,,United Kingdom
538271,22423,REGENCY CAKESTAND 3 TIER,2,2025-05-19 18:35:45,12.97,,United Kingdom
538271,22720,SET OF 3 CAKE TINS PANTRY,4,2025-05-19 18:35:45,4.99,,United Kingdom
538271,85123E,CERAMIC COFFEE MUG,12,2025-05-19 18:35:45,6.74,,United Kingdom
538271,85123D,FRENCH VANILLA SYRUP,1,2025-05-19 18:35:45,5.85,,United Kingdom
538272,22960,HEART OF WICKER SMALL,2,2025-07-01 16:45:20,1.57,12516.0,United Kingdom
538272,22961,HEART OF WICKER LARGE,1,2025-07-01 16:45:20,2.92,12516.0,United Kingdom
538272,84879,CERAMIC PLANT POT WHITE,1,2025-07-01 16:45:20,10.13,12516.0,United Kingdom
538272,84881,ORGANIC POTTING SOIL 10L,2,2025-07-01 16:45:20,7.04,12516.0,United Kingdom
538272,71056,LARGE DESK PAD BLACK,3,2025-07-01 16:45:20,15.7,12516.0,United Kingdom
538272,71057,MONITOR LIGHT BAR,1,2025-07-01 16:45:20,39.76,12516.0,United Kingdom
538273,85123D,FRENCH VANILLA SYRUP,3,2025-06-11 03:31:55,6.15,14409.0,United Kingdom
538273,85123C,DARK CHOCOLATE BAR 85%,4,2025-06-11 03:31:55,3.48,14409.0,United Kingdom
538273,85123E,CERAMIC COFFEE MUG,1,2025-06-11 03:31:55,6.2,14409.0,United Kingdom
538274,22425,SWEET CREAM BUTTER,1,2025-11-08 19:49:35,4.08,,Germany
538274,22427,ORGANIC EGGS DOZEN,2,2025-11-08 19:49:35,5.11,,Germany
538274,21215,WOODEN PICTURE FRAME,1,2025-11-08 19:49:35,5.33,,Germany
538275,85123D,FRENCH VANILLA SYRUP,4,2025-11-16 19:04:03,5.8,15965.0,United Kingdom
538275,85123B,PURE CANE SUGAR,1,2025-11-16 19:04:03,2.49,15965.0,United Kingdom
538275,85123E,CERAMIC COFFEE MUG,1,2025-11-16 19:04:03,6.61,15965.0,United Kingdom
538276,22425,SWEET CREAM BUTTER,1,2025-10-13 01:17:50,4.17,13838.0,United Kingdom
538276,22426,STRAWBERRY PRESERVES,1,2025-10-13 01:17:50,4.05,13838.0,United Kingdom
538276,21221,RETRO SPOT TEA TOWEL,1,2025-10-13 01:17:50,2.39,13838.0,United Kingdom
538277,21733,ITALIAN EXTRA VIRGIN OLIVE OIL,4,2025-11-05 01:14:42,12.62,16831.0,United Kingdom
538277,21737,GARLIC HERB BREADSTICKS,1,2025-11-05 01:14:42,2.91,16831.0,United Kingdom
538277,21734,ARTISAN PASTA PENNE,1,2025-11-05 01:14:42,3.2,16831.0,United Kingdom
538278,21736,ORGANIC TOMATO BASIL SAUCE,1,2025-06-13 22:36:28,4.63,17381.0,United Kingdom
538278,21733,ITALIAN EXTRA VIRGIN OLIVE OIL,2,2025-06-13 22:36:28,13.38,17381.0,United Kingdom
538278,21737,GARLIC HERB BREADSTICKS,6,2025-06-13 22:36:28,2.89,17381.0,United Kingdom
538279,21734,ARTISAN PASTA PENNE,4,2025-07-17 00:07:29,3.13,13251.0,United Kingdom
538279,21736,ORGANIC TOMATO BASIL SAUCE,3,2025-07-17 00:07:29,4.27,13251.0,United Kingdom
538279,21735,AGED PARMESAN REGGIANO,1,2025-07-17 00:07:29,7.58,13251.0,United Kingdom
538279,21737,GARLIC HERB BREADSTICKS,1,2025-07-17 00:07:29,2.87,13251.0,United Kingdom
538279,21212,VINTAGE SNAP CARDS,6,2025-07-17 00:07:29,0.82,13251.0,United Kingdom
538279,21221,RETRO SPOT TEA TOWEL,2,2025-07-17 00:07:29,0.0,13251.0,United Kingdom
538279,21226,CHILLI LIGHTS STRING,3,2025-07-17 00:07:29,8.56,13251.0,United Kingdom
538280,71055,USB-C MULTIPORT ADAPTER,2,2025-02-28 03:47:55,24.75,15581.0,United Kingdom
538280,71057,MONITOR LIGHT BAR,1,2025-02-28 03:47:55,39.96,15581.0,United Kingdom
538280,71053,WIRELESS ERGONOMIC MOUSE,3,2025-02-28 03:47:55,29.01,15581.0,United Kingdom
538281,20725,CROISSANT ALL BUTTER,1,2025-10-28 17:54:01,2.17,14217.0,United Kingdom
538281,20728,CAPPUCCINO CUP & SAUCER,1,2025-10-28 17:54:01,8.81,14217.0,United Kingdom
538281,20726,PAIN AU CHOCOLAT,4,2025-10-28 17:54:01,2.62,14217.0,United Kingdom
C538282,84882,GARDENING GLOVES PAIR,-8,2025-12-07 02:02:59,4.87,15164.0,United Kingdom
C538282,84880,WATERING CAN GREEN 2L,-3,2025-12-07 02:02:59,11.41,15164.0,United Kingdom
C538282,84879,CERAMIC PLANT POT WHITE,-1,2025-12-07 02:02:59,9.83,15164.0,United Kingdom
C538282,22424,WHOLE WHEAT BREAD,-10,2025-12-07 02:02:59,3.01,15164.0,United Kingdom
C538282,22427,ORGANIC EGGS DOZEN,-2,2025-12-07 02:02:59,5.03,15164.0,United Kingdom
C538282,22426,STRAWBERRY PRESERVES,-4,2025-12-07 02:02:59,4.07,15164.0,United Kingdom
C538282,21223,SET OF 6 SPICE JARS,-3,2025-12-07 02:02:59,10.22,15164.0,United Kingdom
538283,21219,TRAVEL SEWING KIT,1,2025-02-26 20:02:36,2.06,16740.0,Netherlands
538284,22425,SWEET CREAM BUTTER,1,2025-09-30 02:54:22,4.33,,Germany
538284,22426,STRAWBERRY PRESERVES,3,2025-09-30 02:54:22,3.75,,Germany
538284,22423,ORGANIC WHOLE MILK,2,2025-09-30 02:54:22,3.59,,Germany
538284,21219,TRAVEL SEWING KIT,2,2025-09-30 02:54:22,2.05,,Germany
538284,21227,VINTAGE UNION JACK CUSHION,4,2025-09-30 02:54:22,14.99,,Germany
538285,84883,LED GROW LIGHT BULB,3,2025-07-02 23:57:32,15.62,15431.0,United Kingdom
538285,84882,GARDENING GLOVES PAIR,2,2025-07-02 23:57:32,4.76,15431.0,United Kingdom
538285,84880,WATERING CAN GREEN 2L,2,2025-07-02 23:57:32,11.3,15431.0,United Kingdom
538285,21221,RETRO SPOT TEA TOWEL,1,2025-07-02 23:57:32,2.45,15431.0,United Kingdom
538286,22423,REGENCY CAKESTAND 3 TIER,24,2025-08-05 01:54:29,12.87,13735.0,United Kingdom
538286,22720,SET OF 3 CAKE TINS PANTRY,2,2025-08-05 01:54:29,5.14,13735.0,United Kingdom
538286,22961,HEART OF WICKER LARGE,24,2025-08-05 01:54:29,2.88,13735.0,United Kingdom
538286,22960,HEART OF WICKER SMALL,4,2025-08-05 01:54:29,1.63,13735.0,United Kingdom
538286,85099B,WHITE HANGING HEART T-LIGHT HOLDER,2,2025-08-05 01:54:29,2.53,13735.0,United Kingdom
538286,71055,USB-C MULTIPORT ADAPTER,2,2025-08-05 01:54:29,23.95,13735.0,United Kingdom
538286,71053,WIRELESS ERGONOMIC MOUSE,1,2025-08-05 01:54:29,29.72,13735.0,United Kingdom
538286,21231,FELTCRAFT DOLL ROSIE,6,2025-08-05 01:54:29,2.94,13735.0,United Kingdom
538286,21230,BATHROOM SCALE VINTAGE,4,2025-08-05 01:54:29,21.0,13735.0,United Kingdom
538286,21228,WALL CLOCK RETRO RED,12,2025-08-05 01:54:29,18.03,13735.0,United Kingdom
538287,22425,SWEET CREAM BUTTER,12,2025-07-15 16:33:19,4.44,17097.0,United Kingdom
538287,22423,ORGANIC WHOLE MILK,4,2025-07-15 16:33:19,3.4,17097.0,United Kingdom
538287,22426,STRAWBERRY PRESERVES,2,2025-07-15 16:33:19,3.91,17097.0,United Kingdom
538288,84880,WATERING CAN GREEN 2L,4,2025-07-31 02:29:47,11.81,16878.0,United Kingdom
538288,84882,GARDENING GLOVES PAIR,6,2025-07-31 02:29:47,5.06,16878.0,United Kingdom
538288,21212,VINTAGE SNAP CARDS,1,2025-07-31 02:29:47,0.87,16878.0,United Kingdom
538289,21224,GLASS STORAGE JAR SMALL,12,2025-07-05 00:21:19,2.16,12505.0,EIRE
538290,85123D,FRENCH VANILLA SYRUP,3,2025-01-31 01:33:51,6.15,17309.0,Germany
538290,85123E,CERAMIC COFFEE MUG,1,2025-01-31 01:33:51,6.4,17309.0,Germany
538290,21224,GLASS STORAGE JAR SMALL,12,2025-01-31 01:33:51,2.28,17309.0,Germany
538291,22427,ORGANIC EGGS DOZEN,2,2025-07-05 01:43:09,5.18,14374.0,France
538291,22424,WHOLE WHEAT BREAD,2,2025-07-05 01:43:09,2.93,14374.0,France
538291,22425,SWEET CREAM BUTTER,6,2025-07-05 01:43:09,4.24,14374.0,France
538291,22426,STRAWBERRY PRESERVES,3,2025-07-05 01:43:09,3.86,14374.0,France
538291,21226,CHILLI LIGHTS STRING,2,2025-07-05 01:43:09,8.22,14374.0,France
538291,21227,VINTAGE UNION JACK CUSHION,1,2025-07-05 01:43:09,15.35,14374.0,France
C538292,22424,WHOLE WHEAT BREAD,-4,2025-01-17 16:48:43,2.88,16069.0,United Kingdom
C538292,22427,ORGANIC EGGS DOZEN,-6,2025-01-17 16:48:43,4.96,16069.0,United Kingdom
C538292,22426,STRAWBERRY PRESERVES,-11,2025-01-17 16:48:43,3.93,16069.0,United Kingdom
C538292,21215,WOODEN PICTURE FRAME,-5,2025-01-17 16:48:43,5.75,16069.0,United Kingdom
C538292,21217,PACK OF 20 NAPKINS,-6,2025-01-17 16:48:43,1.41,16069.0,United Kingdom
C538292,21228,WALL CLOCK RETRO RED,-12,2025-01-17 16:48:43,18.29,16069.0,United Kingdom
538293,71057,MONITOR LIGHT BAR,6,2025-01-17 04:07:37,40.31,16839.0,United Kingdom
538293,71054,MECHANICAL KEYBOARD,24,2025-01-17 04:07:37,70.02,16839.0,United Kingdom
538294,84880,WATERING CAN GREEN 2L,2,2025-10-15 00:44:12,11.61,,United Kingdom
538294,84881,ORGANIC POTTING SOIL 10L,1,2025-10-15 00:44:12,7.06,,United Kingdom
538294,84882,GARDENING GLOVES PAIR,1,2025-10-15 00:44:12,4.92,,United Kingdom
538295,20727,ALMOND DANISH,2,2025-01-28 05:02:44,2.89,15992.0,United Kingdom
538295,20726,PAIN AU CHOCOLAT,2,2025-01-28 05:02:44,2.51,15992.0,United Kingdom
538295,20729,BLUEBERRY SCONE,1,2025-01-28 05:02:44,2.35,15992.0,United Kingdom
538295,20725,CROISSANT ALL BUTTER,1,2025-01-28 05:02:44,2.36,15992.0,United Kingdom
538295,20728,CAPPUCCINO CUP & SAUCER,2,2025-01-28 05:02:44,8.49,15992.0,United Kingdom
538296,22720,SET OF 3 CAKE TINS PANTRY,6,2025-12-07 05:07:34,5.17,14695.0,United Kingdom
538296,22960,HEART OF WICKER SMALL,1,2025-12-07 05:07:34,1.58,14695.0,United Kingdom
538296,22423,REGENCY CAKESTAND 3 TIER,12,2025-12-07 05:07:34,13.06,14695.0,United Kingdom
538297,84879,CERAMIC PLANT POT WHITE,4,2025-02-05 19:51:42,9.98,,United Kingdom
538297,84882,GARDENING GLOVES PAIR,1,2025-02-05 19:51:42,5.2,,United Kingdom
538297,84881,ORGANIC POTTING SOIL 10L,1,2025-02-05 19:51:42,6.99,,United Kingdom
538297,21216,EMERGENCY FIRST AID TIN,3,2025-02-05 19:51:42,3.63,,United Kingdom
538298,71054,MECHANICAL KEYBOARD,1,2025-01-25 18:05:36,70.74,16186.0,Germany
538298,71053,WIRELESS ERGONOMIC MOUSE,4,2025-01-25 18:05:36,30.83,16186.0,Germany
538298,71057,MONITOR LIGHT BAR,1,2025-01-25 18:05:36,38.76,16186.0,Germany
538299,71056,LARGE DESK PAD BLACK,1,2025-04-02 23:48:13,16.31,16137.0,Netherlands
538299,71054,MECHANICAL KEYBOARD,24,2025-04-02 23:48:13,73.25,16137.0,Netherlands
538299,71053,WIRELESS ERGONOMIC MOUSE,2,2025-04-02 23:48:13,28.51,16137.0,Netherlands
538300,85123D,FRENCH VANILLA SYRUP,4,2025-08-30 04:44:23,5.74,,United Kingdom
538300,85123B,PURE CANE SUGAR,1,2025-08-30 04:44:23,2.54,,United Kingdom
538300,85123E,CERAMIC COFFEE MUG,1,2025-08-30 04:44:23,6.66,,United Kingdom
538300,85123A,COLOMBIAN ROAST COFFEE,1,2025-08-30 04:44:23,8.68,,United Kingdom
538301,85123A,COLOMBIAN ROAST COFFEE,4,2025-06-07 21:36:59,9.36,17618.0,United Kingdom
538301,85123D,FRENCH VANILLA SYRUP,3,2025-06-07 21:36:59,6.09,17618.0,United Kingdom
538301,85123C,DARK CHOCOLATE BAR 85%,1,2025-06-07 21:36:59,3.52,17618.0,United Kingdom
538301,85099B,  WHITE HANGING HEART T-LIGHT HOLDER   ,3,2025-06-07 21:36:59,2.61,17618.0,United Kingdom
538301,22960,HEART OF WICKER SMALL,1,2025-06-07 21:36:59,1.58,17618.0,United Kingdom
538301,22720,SET OF 3 CAKE TINS PANTRY,2,2025-06-07 21:36:59,4.93,17618.0,United Kingdom
538302,84881,ORGANIC POTTING SOIL 10L,1,2025-06-25 21:31:23,7.01,15505.0,United Kingdom
538302,84880,WATERING CAN GREEN 2L,1,2025-06-25 21:31:23,11.58,15505.0,United Kingdom
538302,21228,WALL CLOCK RETRO RED,6,2025-06-25 21:31:23,19.23,15505.0,United Kingdom
538303,21222,RETRO SPOT APRON,2,2025-06-13 02:39:09,7.18,,United Kingdom
538304,85099B,WHITE HANGING HEART T-LIGHT HOLDER,1,2025-03-03 01:05:38,2.55,,United Kingdom
538304,22960,HEART OF WICKER SMALL,4,2025-03-03 01:05:38,1.71,,United Kingdom
538305,71054,MECHANICAL KEYBOARD,1,2025-10-18 22:22:54,71.17,17083.0,United Kingdom
538305,71053,WIRELESS ERGONOMIC MOUSE,2,2025-10-18 22:22:54,28.64,17083.0,United Kingdom
538305,71057,MONITOR LIGHT BAR,3,2025-10-18 22:22:54,40.1,17083.0,United Kingdom
538305,22427,ORGANIC EGGS DOZEN,4,2025-10-18 22:22:54,5.09,17083.0,United Kingdom
538305,22424,WHOLE WHEAT BREAD,1,2025-10-18 22:22:54,2.97,17083.0,United Kingdom
538305,22425,SWEET CREAM BUTTER,1,2025-10-18 22:22:54,4.35,17083.0,United Kingdom
538305,21223,SET OF 6 SPICE JARS,1,2025-10-18 22:22:54,9.82,17083.0,United Kingdom
538305,21231,FELTCRAFT DOLL ROSIE,6,2025-10-18 22:22:54,3.0,17083.0,United Kingdom
538306,21221,RETRO SPOT TEA TOWEL,6,2025-06-05 23:55:24,2.61,,United Kingdom
538307,21737,GARLIC HERB BREADSTICKS,24,2025-02-14 20:02:54,2.91,13146.0,United Kingdom
538307,21734,ARTISAN PASTA PENNE,2,2025-02-14 20:02:54,3.42,13146.0,United Kingdom
538307,21225,GLASS STORAGE JAR LARGE,2,2025-02-14 20:02:54,3.87,13146.0,United Kingdom
538308,20725,CROISSANT ALL BUTTER,4,2025-05-20 21:47:29,2.16,,United Kingdom
538308,20726,PAIN AU CHOCOLAT,1,2025-05-20 21:47:29,2.5,,United Kingdom
538309,22960,HEART OF WICKER SMALL,3,2025-09-21 17:18:43,1.57,13725.0,United Kingdom
538309,22720,SET OF 3 CAKE TINS PANTRY,3,2025-09-21 17:18:43,4.95,13725.0,United Kingdom
538310,22426,STRAWBERRY PRESERVES,2,2025-03-11 21:41:27,3.74,12798.0,United Kingdom
538310,22424,WHOLE WHEAT BREAD,12,2025-03-11 21:41:27,3.01,12798.0,United Kingdom
538310,20729,BLUEBERRY SCONE,6,2025-03-11 21:41:27,2.33,12798.0,United Kingdom
538310,20726,PAIN AU CHOCOLAT,2,2025-03-11 21:41:27,2.54,12798.0,United Kingdom
538311,22720,SET OF 3 CAKE TINS PANTRY,6,2025-12-24 22:02:36,4.93,,United Kingdom
538311,22961,HEART OF WICKER LARGE,4,2025-12-24 22:02:36,2.86,,United Kingdom
538311,22423,REGENCY CAKESTAND 3 TIER,6,2025-12-24 22:02:36,13.3,,United Kingdom
538312,21737,GARLIC HERB BREADSTICKS,1,2025-10-07 04:01:25,2.85,,United Kingdom
538312,21734,ARTISAN PASTA PENNE,1,2025-10-07 04:01:25,3.3,,United Kingdom
538312,21733,ITALIAN EXTRA VIRGIN OLIVE OIL,2,2025-10-07 04:01:25,12.98,,United Kingdom
538312,21735,AGED PARMESAN REGGIANO,4,2025-10-07 04:01:25,7.67,,United Kingdom
538312,21736,ORGANIC TOMATO BASIL SAUCE,1,2025-10-07 04:01:25,4.44,,United Kingdom
538312,22424,WHOLE WHEAT BREAD,3,2025-10-07 04:01:25,2.96,,United Kingdom
538312,22426,STRAWBERRY PRESERVES,1,2025-10-07 04:01:25,3.78,,United Kingdom
538312,22423,ORGANIC WHOLE MILK,2,2025-10-07 04:01:25,3.65,,United Kingdom
538312,71055,USB-C MULTIPORT ADAPTER,3,2025-10-07 04:01:25,24.69,,United Kingdom
538312,71054,MECHANICAL KEYBOARD,2,2025-10-07 04:01:25,73.08,,United Kingdom
538313,22423,ORGANIC WHOLE MILK,2,2025-04-27 03:13:12,3.38,16732.0,United Kingdom
538313,22424,WHOLE WHEAT BREAD,12,2025-04-27 03:13:12,3.13,16732.0,United Kingdom
538313,22427,ORGANIC EGGS DOZEN,1,2025-04-27 03:13:12,4.89,16732.0,United Kingdom
538313,71056,LARGE DESK PAD BLACK,1,2025-04-27 03:13:12,16.77,16732.0,United Kingdom
538313,71054,MECHANICAL KEYBOARD,2,2025-04-27 03:13:12,71.99,16732.0,United Kingdom
538313,85123B,PURE CANE SUGAR,3,2025-04-27 03:13:12,2.55,16732.0,United Kingdom
538313,85123A,COLOMBIAN ROAST COFFEE,3,2025-04-27 03:13:12,9.13,16732.0,United Kingdom
538313,85123C,DARK CHOCOLATE BAR 85%,2,2025-04-27 03:13:12,3.67,16732.0,United Kingdom
538313,85123D,FRENCH VANILLA SYRUP,3,2025-04-27 03:13:12,5.96,16732.0,United Kingdom
538314,21734,ARTISAN PASTA PENNE,2,2025-10-31 17:06:04,3.35,13797.0,United Kingdom
538314,21737,GARLIC HERB BREADSTICKS,1,2025-10-31 17:06:04,3.0,13797.0,United Kingdom
538315,84882,GARDENING GLOVES PAIR,1,2025-01-21 18:07:08,5.01,14146.0,United Kingdom
538315,84881,ORGANIC POTTING SOIL 10L,2,2025-01-21 18:07:08,6.66,14146.0,United Kingdom
538316,21212,VINTAGE SNAP CARDS,2,2025-06-01 04:29:08,0.88,14168.0,United Kingdom
538317,20726,PAIN AU CHOCOLAT,1,2025-01-19 23:04:26,2.41,,United Kingdom
538317,20727,ALMOND DANISH,2,2025-01-19 23:04:26,2.82,,United Kingdom
538317,20725,CROISSANT ALL BUTTER,1,2025-01-19 23:04:26,2.24,,United Kingdom
538317,20729,BLUEBERRY SCONE,1,2025-01-19 23:04:26,2.52,,United Kingdom
538317,20728,CAPPUCCINO CUP & SAUCER,3,2025-01-19 23:04:26,8.63,,United Kingdom
538317,21217,PACK OF 20 NAPKINS,4,2025-01-19 23:04:26,1.38,,United Kingdom
538318,20728,CAPPUCCINO CUP & SAUCER,3,2025-06-24 03:38:28,8.92,13177.0,United Kingdom
538318,20725,CROISSANT ALL BUTTER,2,2025-06-24 03:38:28,2.19,13177.0,United Kingdom
538318,21736,ORGANIC TOMATO BASIL SAUCE,3,2025-06-24 03:38:28,4.32,13177.0,United Kingdom
538318,21735,AGED PARMESAN REGGIANO,2,2025-06-24 03:38:28,7.79,13177.0,United Kingdom
538319,21215,WOODEN PICTURE FRAME,4,2025-05-15 22:44:02,5.7,,United Kingdom
538320,21735,AGED PARMESAN REGGIANO,2,2025-07-26 03:07:36,7.77,,United Kingdom
538320,21736,ORGANIC TOMATO BASIL SAUCE,2,2025-07-26 03:07:36,4.46,,United Kingdom
538320,84880,WATERING CAN GREEN 2L,1,2025-07-26 03:07:36,11.54,,United Kingdom
538320,84881,ORGANIC POTTING SOIL 10L,2,2025-07-26 03:07:36,7.27,,United Kingdom
538320,84879,CERAMIC PLANT POT WHITE,3,2025-07-26 03:07:36,9.97,,United Kingdom
538320,22425,SWEET CREAM BUTTER,2,2025-07-26 03:07:36,4.43,,United Kingdom
538320,22424,WHOLE WHEAT BREAD,6,2025-07-26 03:07:36,2.85,,United Kingdom
538320,22423,ORGANIC WHOLE MILK,1,2025-07-26 03:07:36,3.61,,United Kingdom
538320,22426,STRAWBERRY PRESERVES,1,2025-07-26 03:07:36,3.72,,United Kingdom
538320,22427,ORGANIC EGGS DOZEN,6,2025-07-26 03:07:36,5.2,,United Kingdom
538320,21226,CHILLI LIGHTS STRING,6,2025-07-26 03:07:36,8.46,,United Kingdom
538321,84880,WATERING CAN GREEN 2L,3,2025-03-28 01:42:58,11.39,14313.0,United Kingdom
538321,84883,LED GROW LIGHT BULB,3,2025-03-28 01:42:58,15.0,14313.0,United Kingdom
538321,22425,SWEET CREAM BUTTER,1,2025-03-28 01:42:58,4.4,14313.0,United Kingdom
538321,22424,WHOLE WHEAT BREAD,2,2025-03-28 01:42:58,3.02,14313.0,United Kingdom
538321,22423,ORGANIC WHOLE MILK,1,2025-03-28 01:42:58,3.43,14313.0,United Kingdom
538321,85099B,WHITE HANGING HEART T-LIGHT HOLDER,3,2025-03-28 01:42:58,2.47,14313.0,United Kingdom
538321,22961,HEART OF WICKER LARGE,3,2025-03-28 01:42:58,2.94,14313.0,United Kingdom
538321,21220,BICYCLE PUNCTURE REPAIR KIT,6,2025-03-28 01:42:58,3.12,14313.0,United Kingdom
538322,22961,HEART OF WICKER LARGE,12,2025-02-18 03:41:24,3.09,12768.0,United Kingdom
538322,22720,SET OF 3 CAKE TINS PANTRY,1,2025-02-18 03:41:24,5.08,12768.0,United Kingdom
538322,22423,REGENCY CAKESTAND 3 TIER,1,2025-02-18 03:41:24,12.92,12768.0,United Kingdom
538322,21212,VINTAGE SNAP CARDS,1,2025-02-18 03:41:24,0.83,12768.0,United Kingdom
538323,85123E,CERAMIC COFFEE MUG,1,2025-02-15 22:41:53,6.63,15462.0,Germany
538323,85123A,COLOMBIAN ROAST COFFEE,1,2025-02-15 22:41:53,8.86,15462.0,Germany
538324,21217,PACK OF 20 NAPKINS,1,2025-12-08 05:02:39,1.4,16586.0,United Kingdom
538325,21734,ARTISAN PASTA PENNE,2,2025-04-01 00:17:55,3.19,13180.0,United Kingdom
538325,21736,ORGANIC TOMATO BASIL SAUCE,1,2025-04-01 00:17:55,4.27,13180.0,United Kingdom
538325,21733,ITALIAN EXTRA VIRGIN OLIVE OIL,2,2025-04-01 00:17:55,12.57,13180.0,United Kingdom
538326,21737,GARLIC HERB BREADSTICKS,1,2025-09-14 00:36:21,3.08,16680.0,United Kingdom
538326,21734,ARTISAN PASTA PENNE,2,2025-09-14 00:36:21,3.43,16680.0,United Kingdom
538327,85123B,PURE CANE SUGAR,24,2025-06-22 02:49:10,2.6,13071.0,United Kingdom
538327,85123E,CERAMIC COFFEE MUG,2,2025-06-22 02:49:10,6.51,13071.0,United Kingdom
538327,84880,WATERING CAN GREEN 2L,1,2025-06-22 02:49:10,11.05,13071.0,United Kingdom
538327,84882,GARDENING GLOVES PAIR,1,2025-06-22 02:49:10,4.77,13071.0,United Kingdom
538327,84879,CERAMIC PLANT POT WHITE,3,2025-06-22 02:49:10,9.95,13071.0,United Kingdom
538327,22427,ORGANIC EGGS DOZEN,1,2025-06-22 02:49:10,5.21,13071.0,United Kingdom
538327,22426,STRAWBERRY PRESERVES,1,2025-06-22 02:49:10,3.97,13071.0,United Kingdom
538327,22424,WHOLE WHEAT BREAD,1,2025-06-22 02:49:10,2.95,13071.0,United Kingdom
538327,21224,GLASS STORAGE JAR SMALL,4,2025-06-22 02:49:10,2.36,13071.0,United Kingdom
538327,21218,SCENTED CANDLE LAVENDER,12,2025-06-22 02:49:10,4.28,13071.0,United Kingdom
538328,84883,LED GROW LIGHT BULB,2,2025-01-14 21:44:29,15.21,17052.0,United Kingdom
538328,84879,CERAMIC PLANT POT WHITE,3,2025-01-14 21:44:29,9.68,17052.0,United Kingdom
538328,84881,ORGANIC POTTING SOIL 10L,1,2025-01-14 21:44:29,6.8,17052.0,United Kingdom
538328,21227,VINTAGE UNION JACK CUSHION,24,2025-01-14 21:44:29,15.21,17052.0,United Kingdom
538328,21216,EMERGENCY FIRST AID TIN,1,2025-01-14 21:44:29,3.78,17052.0,United Kingdom
C538329,85123A,COLOMBIAN ROAST COFFEE,-7,2025-07-26 20:13:08,8.63,17516.0,United Kingdom
C538329,85123D,FRENCH VANILLA SYRUP,-5,2025-07-26 20:13:08,6.21,17516.0,United Kingdom
C538329,85123C,DARK CHOCOLATE BAR 85%,-8,2025-07-26 20:13:08,3.54,17516.0,United Kingdom
538330,84883,LED GROW LIGHT BULB,3,2025-05-01 19:42:52,15.56,14727.0,United Kingdom
538330,84881,ORGANIC POTTING SOIL 10L,1,2025-05-01 19:42:52,7.06,14727.0,United Kingdom
538330,84879,CERAMIC PLANT POT WHITE,1,2025-05-01 19:42:52,9.7,14727.0,United Kingdom
538330,84880,WATERING CAN GREEN 2L,1,2025-05-01 19:42:52,11.48,14727.0,United Kingdom
538330,84882,GARDENING GLOVES PAIR,4,2025-05-01 19:42:52,4.77,14727.0,United Kingdom
538330,21217,PACK OF 20 NAPKINS,1,2025-05-01 19:42:52,1.51,14727.0,United Kingdom
538331,71056,LARGE DESK PAD BLACK,1,2025-12-08 21:49:11,0.0,,United Kingdom
538331,71053,WIRELESS ERGONOMIC MOUSE,1,2025-12-08 21:49:11,28.55,,United Kingdom
538331,71057,MONITOR LIGHT BAR,1,2025-12-08 21:49:11,41.35,,United Kingdom
538332,22427,ORGANIC EGGS DOZEN,1,2025-02-01 00:53:20,5.23,15042.0,United Kingdom
538332,22423,ORGANIC WHOLE MILK,1,2025-02-01 00:53:20,3.48,15042.0,United Kingdom
538332,22426,STRAWBERRY PRESERVES,2,2025-02-01 00:53:20,3.94,15042.0,United Kingdom
538332,22425,SWEET CREAM BUTTER,1,2025-02-01 00:53:20,4.12,15042.0,United Kingdom
C538333,71055,USB-C MULTIPORT ADAPTER,-10,2025-11-24 01:05:04,25.77,16208.0,United Kingdom
C538333,71056,LARGE DESK PAD BLACK,-8,2025-11-24 01:05:04,16.3,16208.0,United Kingdom
C538333,71057,MONITOR LIGHT BAR,-11,2025-11-24 01:05:04,38.41,16208.0,United Kingdom
C538333,21737,GARLIC HERB BREADSTICKS,-7,2025-11-24 01:05:04,2.92,16208.0,United Kingdom
C538333,21735,AGED PARMESAN REGGIANO,-4,2025-11-24 01:05:04,7.51,16208.0,United Kingdom
538334,22427,ORGANIC EGGS DOZEN,2,2025-02-02 01:18:10,5.01,,United Kingdom
538334,22426,STRAWBERRY PRESERVES,4,2025-02-02 01:18:10,3.75,,United Kingdom
538334,22425,SWEET CREAM BUTTER,1,2025-02-02 01:18:10,4.1,,United Kingdom
538334,22423,ORGANIC WHOLE MILK,2,2025-02-02 01:18:10,3.36,,United Kingdom
538334,21224,GLASS STORAGE JAR SMALL,1,2025-02-02 01:18:10,2.31,,United Kingdom
538335,22961,HEART OF WICKER LARGE,1,2025-11-17 21:14:09,2.88,15221.0,United Kingdom
538335,85099B,WHITE HANGING HEART T-LIGHT HOLDER,2,2025-11-17 21:14:09,2.6,15221.0,United Kingdom
538335,22960,HEART OF WICKER SMALL,1,2025-11-17 21:14:09,1.6,15221.0,United Kingdom
538335,21230,BATHROOM SCALE VINTAGE,1,2025-11-17 21:14:09,22.83,15221.0,United Kingdom
538335,POST,POSTAGE,1,2025-11-17 21:14:09,17.65,15221.0,United Kingdom
538336,22426,STRAWBERRY PRESERVES,1,2025-10-30 17:47:35,3.71,15754.0,United Kingdom
538336,22425,SWEET CREAM BUTTER,2,2025-10-30 17:47:35,4.31,15754.0,United Kingdom
538337,21735,AGED PARMESAN REGGIANO,2,2025-03-17 19:42:17,7.58,,United Kingdom
538337,21736,ORGANIC TOMATO BASIL SAUCE,1,2025-03-17 19:42:17,4.5,,United Kingdom
538337,21733,ITALIAN EXTRA VIRGIN OLIVE OIL,3,2025-03-17 19:42:17,13.59,,United Kingdom
538337,21734,ARTISAN PASTA PENNE,1,2025-03-17 19:42:17,3.26,,United Kingdom
538337,85123B,PURE CANE SUGAR,1,2025-03-17 19:42:17,2.48,,United Kingdom
538337,85123A,COLOMBIAN ROAST COFFEE,2,2025-03-17 19:42:17,8.86,,United Kingdom
538337,21218,SCENTED CANDLE LAVENDER,1,2025-03-17 19:42:17,4.0,,United Kingdom
538337,21223,SET OF 6 SPICE JARS,1,2025-03-17 19:42:17,10.36,,United Kingdom
538338,85123E,CERAMIC COFFEE MUG,2,2025-09-10 05:11:25,6.23,,United Kingdom
538338,85123A,COLOMBIAN ROAST COFFEE,1,2025-09-10 05:11:25,9.22,,United Kingdom
538338,85123D,FRENCH VANILLA SYRUP,1,2025-09-10 05:11:25,5.81,,United Kingdom
538339,22427,ORGANIC EGGS DOZEN,2,2025-04-26 20:12:56,4.99,15242.0,United Kingdom
538339,22423,ORGANIC WHOLE MILK,1,2025-04-26 20:12:56,3.38,15242.0,United Kingdom
538339,22426,STRAWBERRY PRESERVES,1,2025-04-26 20:12:56,3.73,15242.0,United Kingdom
538339,21213,MINI PAINT SET 9 COLOURS,2,2025-04-26 20:12:56,1.24,15242.0,United Kingdom
538340,20729,BLUEBERRY SCONE,1,2025-12-02 17:00:43,2.49,16232.0,United Kingdom
538340,20727,ALMOND DANISH,6,2025-12-02 17:00:43,2.83,16232.0,United Kingdom
538340,20728,CAPPUCCINO CUP & SAUCER,2,2025-12-02 17:00:43,8.08,16232.0,United Kingdom
538340,20725,CROISSANT ALL BUTTER,2,2025-12-02 17:00:43,2.19,16232.0,United Kingdom
538340,21220,BICYCLE PUNCTURE REPAIR KIT,1,2025-12-02 17:00:43,2.86,16232.0,United Kingdom
538341,21735,AGED PARMESAN REGGIANO,2,2025-09-29 20:12:37,0.0,18011.0,Belgium
538341,21736,ORGANIC TOMATO BASIL SAUCE,2,2025-09-29 20:12:37,4.55,18011.0,Belgium
538341,21737,GARLIC HERB BREADSTICKS,3,2025-09-29 20:12:37,2.88,18011.0,Belgium
538341,21224,GLASS STORAGE JAR SMALL,1,2025-09-29 20:12:37,2.34,18011.0,Belgium
538342,84882,GARDENING GLOVES PAIR,6,2025-07-17 05:20:01,4.77,14717.0,United Kingdom
538342,84883,LED GROW LIGHT BULB,1,2025-07-17 05:20:01,15.43,14717.0,United Kingdom
538342,84881,ORGANIC POTTING SOIL 10L,2,2025-07-17 05:20:01,6.69,14717.0,United Kingdom
538342,84879,CERAMIC PLANT POT WHITE,1,2025-07-17 05:20:01,9.61,14717.0,United Kingdom
538342,84880,WATERING CAN GREEN 2L,1,2025-07-17 05:20:01,11.36,14717.0,United Kingdom
538343,21734,ARTISAN PASTA PENNE,3,2025-04-22 01:07:08,3.33,16974.0,United Kingdom
538343,21737,GARLIC HERB BREADSTICKS,1,2025-04-22 01:07:08,2.88,16974.0,United Kingdom
538343,21735,AGED PARMESAN REGGIANO,4,2025-04-22 01:07:08,8.04,16974.0,United Kingdom
538343,21223,SET OF 6 SPICE JARS,6,2025-04-22 01:07:08,10.33,16974.0,United Kingdom
538344,20729,BLUEBERRY SCONE,2,2025-02-02 19:07:34,2.42,14479.0,United Kingdom
538344,20726,PAIN AU CHOCOLAT,1,2025-02-02 19:07:34,2.52,14479.0,United Kingdom
538344,20725,CROISSANT ALL BUTTER,6,2025-02-02 19:07:34,2.14,14479.0,United Kingdom
538344,71054,MECHANICAL KEYBOARD,2,2025-02-02 19:07:34,73.06,14479.0,United Kingdom
538344,71053,WIRELESS ERGONOMIC MOUSE,24,2025-02-02 19:07:34,29.42,14479.0,United Kingdom
538344,21229,HAND WARMER BIRD DESIGN,4,2025-02-02 19:07:34,1.98,14479.0,United Kingdom
538345,84879,CERAMIC PLANT POT WHITE,2,2025-10-30 04:09:17,9.55,14746.0,United Kingdom
538345,84880,WATERING CAN GREEN 2L,1,2025-10-30 04:09:17,11.84,14746.0,United Kingdom
538345,84882,GARDENING GLOVES PAIR,3,2025-10-30 04:09:17,5.21,14746.0,United Kingdom
538345,84881,ORGANIC POTTING SOIL 10L,1,2025-10-30 04:09:17,7.16,14746.0,United Kingdom
538345,22427,ORGANIC EGGS DOZEN,2,2025-10-30 04:09:17,5.18,14746.0,United Kingdom
538345,22424,WHOLE WHEAT BREAD,1,2025-10-30 04:09:17,2.97,14746.0,United Kingdom
538346,20725,CROISSANT ALL BUTTER,2,2025-07-22 04:28:15,2.36,14864.0,United Kingdom
538346,20727,ALMOND DANISH,1,2025-07-22 04:28:15,2.89,14864.0,United Kingdom
538346,20726,PAIN AU CHOCOLAT,1,2025-07-22 04:28:15,2.46,14864.0,United Kingdom
538346,22960,HEART OF WICKER SMALL,1,2025-07-22 04:28:15,1.6,14864.0,United Kingdom
538346,22423,REGENCY CAKESTAND 3 TIER,3,2025-07-22 04:28:15,12.14,14864.0,United Kingdom
538346,22720,SET OF 3 CAKE TINS PANTRY,24,2025-07-22 04:28:15,4.93,14864.0,United Kingdom
538346,85099B,WHITE HANGING HEART T-LIGHT HOLDER,2,2025-07-22 04:28:15,2.6,14864.0,United Kingdom
538346,21215,WOODEN PICTURE FRAME,6,2025-07-22 04:28:15,5.65,14864.0,United Kingdom
538347,21737,GARLIC HERB BREADSTICKS,2,2025-02-20 02:58:09,3.13,17882.0,United Kingdom
538347,21733,ITALIAN EXTRA VIRGIN OLIVE OIL,2,2025-02-20 02:58:09,12.95,17882.0,United Kingdom
538347,21734,ARTISAN PASTA PENNE,1,2025-02-20 02:58:09,3.24,17882.0,United Kingdom
538347,21736,ORGANIC TOMATO BASIL SAUCE,2,2025-02-20 02:58:09,4.69,17882.0,United Kingdom
538347,21735,AGED PARMESAN REGGIANO,12,2025-02-20 02:58:09,7.84,17882.0,United Kingdom
538348,71056,LARGE DESK PAD BLACK,6,2025-03-10 18:18:34,16.73,12976.0,United Kingdom
538348,71053,WIRELESS ERGONOMIC MOUSE,2,2025-03-10 18:18:34,29.39,12976.0,United Kingdom
538349,22720,SET OF 3 CAKE TINS PANTRY,2,2025-07-03 02:48:01,5.19,13079.0,United Kingdom
538349,22960,HEART OF WICKER SMALL,6,2025-07-03 02:48:01,1.58,13079.0,United Kingdom
538349,85123A,COLOMBIAN ROAST COFFEE,3,2025-07-03 02:48:01,8.77,13079.0,United Kingdom
538349,85123E,CERAMIC COFFEE MUG,3,2025-07-03 02:48:01,6.42,13079.0,United Kingdom
538349,85123B,PURE CANE SUGAR,3,2025-07-03 02:48:01,2.47,13079.0,United Kingdom
538349,85123D,FRENCH VANILLA SYRUP,3,2025-07-03 02:48:01,6.05,13079.0,United Kingdom
538349,21231,FELTCRAFT DOLL ROSIE,2,2025-07-03 02:48:01,2.99,13079.0,United Kingdom
538350,85123C,DARK CHOCOLATE BAR 85%,4,2025-04-30 23:54:25,3.35,,United Kingdom
538350,85123E,CERAMIC COFFEE MUG,3,2025-04-30 23:54:25,6.5,,United Kingdom
538350,85123A,COLOMBIAN ROAST COFFEE,2,2025-04-30 23:54:25,9.38,,United Kingdom
538350,85123D,FRENCH VANILLA SYRUP,6,2025-04-30 23:54:25,5.76,,United Kingdom
538351,85123A,COLOMBIAN ROAST COFFEE,2,2025-01-25 17:40:00,9.24,14383.0,United Kingdom
538351,85123D,FRENCH VANILLA SYRUP,3,2025-01-25 17:40:00,6.16,14383.0,United Kingdom
538351,85123E,CERAMIC COFFEE MUG,2,2025-01-25 17:40:00,6.76,14383.0,United Kingdom
538351,85123B,PURE CANE SUGAR,1,2025-01-25 17:40:00,2.44,14383.0,United Kingdom
538351,22423,ORGANIC WHOLE MILK,1,2025-01-25 17:40:00,3.59,14383.0,United Kingdom
538351,22427,ORGANIC EGGS DOZEN,3,2025-01-25 17:40:00,4.85,14383.0,United Kingdom
538351,22424,WHOLE WHEAT BREAD,1,2025-01-25 17:40:00,2.92,14383.0,United Kingdom
538351,21217,PACK OF 20 NAPKINS,2,2025-01-25 17:40:00,1.47,14383.0,United Kingdom
538351,21222,RETRO SPOT APRON,6,2025-01-25 17:40:00,7.15,14383.0,United Kingdom
538352,21737,GARLIC HERB BREADSTICKS,2,2025-10-11 16:55:44,3.02,16643.0,United Kingdom
538352,21734,ARTISAN PASTA PENNE,1,2025-10-11 16:55:44,3.33,16643.0,United Kingdom
538352,21733,ITALIAN EXTRA VIRGIN OLIVE OIL,6,2025-10-11 16:55:44,12.42,16643.0,United Kingdom
538352,21736,ORGANIC TOMATO BASIL SAUCE,1,2025-10-11 16:55:44,4.65,16643.0,United Kingdom
538352,20726,PAIN AU CHOCOLAT,6,2025-10-11 16:55:44,2.6,16643.0,United Kingdom
538352,20728,CAPPUCCINO CUP & SAUCER,2,2025-10-11 16:55:44,8.91,16643.0,United Kingdom
538353,85123D,FRENCH VANILLA SYRUP,2,2025-06-06 01:06:57,6.09,16558.0,United Kingdom
538353,85123A,COLOMBIAN ROAST COFFEE,1,2025-06-06 01:06:57,9.28,16558.0,United Kingdom
538353,85123C,DARK CHOCOLATE BAR 85%,1,2025-06-06 01:06:57,3.54,16558.0,United Kingdom
538353,85123E,CERAMIC COFFEE MUG,2,2025-06-06 01:06:57,6.18,16558.0,United Kingdom
538353,21230,BATHROOM SCALE VINTAGE,1,2025-06-06 01:06:57,20.95,16558.0,United Kingdom
538353,21215,WOODEN PICTURE FRAME,3,2025-06-06 01:06:57,5.45,16558.0,United Kingdom
538353,21218,SCENTED CANDLE LAVENDER,1,2025-06-06 01:06:57,4.32,16558.0,United Kingdom
538354,84881,ORGANIC POTTING SOIL 10L,2,2025-03-03 01:49:54,7.0,16439.0,United Kingdom
538354,84883,LED GROW LIGHT BULB,1,2025-03-03 01:49:54,15.47,16439.0,United Kingdom
538355,85123B,PURE CANE SUGAR,2,2025-06-15 17:20:53,2.6,,United Kingdom
538355,85123C,DARK CHOCOLATE BAR 85%,3,2025-06-15 17:20:53,3.53,,United Kingdom
538356,22426,STRAWBERRY PRESERVES,6,2025-01-14 16:39:15,3.91,17751.0,United Kingdom
538356,22424,WHOLE WHEAT BREAD,2,2025-01-14 16:39:15,3.03,17751.0,United Kingdom
538356,22425,SWEET CREAM BUTTER,3,2025-01-14 16:39:15,4.46,17751.0,United Kingdom
538357,22424,WHOLE WHEAT BREAD,2,2025-03-06 05:12:12,3.0,12480.0,United Kingdom
538357,22427,ORGANIC EGGS DOZEN,2,2025-03-06 05:12:12,5.17,12480.0,United Kingdom
538357,22426,STRAWBERRY PRESERVES,4,2025-03-06 05:12:12,3.77,12480.0,United Kingdom
538357,22423,ORGANIC WHOLE MILK,1,2025-03-06 05:12:12,3.63,12480.0,United Kingdom
538357,21225,GLASS STORAGE JAR LARGE,2,2025-03-06 05:12:12,3.77,12480.0,United Kingdom
538358,21231,FELTCRAFT DOLL ROSIE,12,2025-07-24 05:09:16,2.86,17762.0,United Kingdom
538359,22425,SWEET CREAM BUTTER,1,2025-11-30 00:59:06,4.26,13109.0,United Kingdom
538359,22427,ORGANIC EGGS DOZEN,1,2025-11-30 00:59:06,5.05,13109.0,United Kingdom
538359,22424,WHOLE WHEAT BREAD,3,2025-11-30 00:59:06,3.04,13109.0,United Kingdom
538359,21224,GLASS STORAGE JAR SMALL,2,2025-11-30 00:59:06,2.21,13109.0,United Kingdom
538359,21219,TRAVEL SEWING KIT,1,2025-11-30 00:59:06,2.12,13109.0,United Kingdom
538360,22423,ORGANIC WHOLE MILK,3,2025-04-01 17:51:12,3.42,16974.0,United Kingdom
538360,22425,SWEET CREAM BUTTER,1,2025-04-01 17:51:12,4.44,16974.0,United Kingdom
538360,22427,ORGANIC EGGS DOZEN,2,2025-04-01 17:51:12,4.84,16974.0,United Kingdom
538361,21214,RECIPE BOX PANTRY DESIGN,1,2025-12-17 04:02:06,7.7,17591.0,United Kingdom
538362,22426,STRAWBERRY PRESERVES,3,2025-04-28 22:34:03,4.03,15067.0,United Kingdom
538362,22427,ORGANIC EGGS DOZEN,12,2025-04-28 22:34:03,4.82,15067.0,United Kingdom
538362,22424,WHOLE WHEAT BREAD,3,2025-04-28 22:34:03,3.0,15067.0,United Kingdom
538363,85123E,CERAMIC COFFEE MUG,2,2025-12-15 04:05:51,6.57,,United Kingdom
538363,85123C,DARK CHOCOLATE BAR 85%,6,2025-12-15 04:05:51,3.37,,United Kingdom
538363,21225,GLASS STORAGE JAR LARGE,2,2025-12-15 04:05:51,3.79,,United Kingdom
538364,22961,HEART OF WICKER LARGE,12,2025-06-14 18:57:53,2.88,,France
538364,22960,HEART OF WICKER SMALL,3,2025-06-14 18:57:53,1.61,,France
538364,22720,SET OF 3 CAKE TINS PANTRY,4,2025-06-14 18:57:53,4.72,,France
538364,71056,LARGE DESK PAD BLACK,1,2025-06-14 18:57:53,15.35,,France
538364,71057,MONITOR LIGHT BAR,2,2025-06-14 18:57:53,38.27,,France
538364,71055,USB-C MULTIPORT ADAPTER,2,2025-06-14 18:57:53,25.27,,France
538364,71054,MECHANICAL KEYBOARD,1,2025-06-14 18:57:53,66.59,,France
538364,71053,WIRELESS ERGONOMIC MOUSE,6,2025-06-14 18:57:53,28.56,,France
538364,20728,CAPPUCCINO CUP & SAUCER,4,2025-06-14 18:57:53,8.92,,France
538364,20726,PAIN AU CHOCOLAT,1,2025-06-14 18:57:53,2.39,,France
538365,22960,HEART OF WICKER SMALL,1,2025-04-03 02:59:35,1.63,16323.0,United Kingdom
538365,22720,SET OF 3 CAKE TINS PANTRY,2,2025-04-03 02:59:35,4.73,16323.0,United Kingdom
538366,84883,LED GROW LIGHT BULB,2,2025-05-29 19:48:46,15.49,,United Kingdom
538366,84880,WATERING CAN GREEN 2L,2,2025-05-29 19:48:46,11.6,,United Kingdom
538366,84882,GARDENING GLOVES PAIR,6,2025-05-29 19:48:46,5.22,,United Kingdom
538366,84881,ORGANIC POTTING SOIL 10L,3,2025-05-29 19:48:46,7.08,,United Kingdom
538366,21215,WOODEN PICTURE FRAME,1,2025-05-29 19:48:46,5.32,,United Kingdom
538367,21213,MINI PAINT SET 9 COLOURS,2,2026-01-03 23:22:35,1.2,18256.0,United Kingdom
538368,85123E,CERAMIC COFFEE MUG,1,2025-04-20 23:18:21,6.42,,United Kingdom
538368,85123D,FRENCH VANILLA SYRUP,1,2025-04-20 23:18:21,5.99,,United Kingdom
538368,85123A,COLOMBIAN ROAST COFFEE,1,2025-04-20 23:18:21,8.57,,United Kingdom
538368,85123B,PURE CANE SUGAR,6,2025-04-20 23:18:21,2.5,,United Kingdom
538368,21221,RETRO SPOT TEA TOWEL,2,2025-04-20 23:18:21,2.38,,United Kingdom
538369,20725,CROISSANT ALL BUTTER,1,2025-12-13 02:57:06,2.21,12406.0,United Kingdom
538369,20726,PAIN AU CHOCOLAT,2,2025-12-13 02:57:06,2.58,12406.0,United Kingdom
538369,22423,ORGANIC WHOLE MILK,3,2025-12-13 02:57:06,3.36,12406.0,United Kingdom
538369,22424,WHOLE WHEAT BREAD,4,2025-12-13 02:57:06,3.08,12406.0,United Kingdom
538369,22427,ORGANIC EGGS DOZEN,3,2025-12-13 02:57:06,5.14,12406.0,United Kingdom
538369,21223,SET OF 6 SPICE JARS,6,2025-12-13 02:57:06,9.85,12406.0,United Kingdom
538370,21733,ITALIAN EXTRA VIRGIN OLIVE OIL,1,2025-05-25 02:44:01,12.82,,United Kingdom
538370,21737,GARLIC HERB BREADSTICKS,2,2025-05-25 02:44:01,3.13,,United Kingdom
538371,20726,PAIN AU CHOCOLAT,4,2025-12-31 18:00:09,2.55,17094.0,United Kingdom
538371,20728,CAPPUCCINO CUP & SAUCER,1,2025-12-31 18:00:09,8.43,17094.0,United Kingdom
538371,20725,CROISSANT ALL BUTTER,4,2025-12-31 18:00:09,2.31,17094.0,United Kingdom
538371,20727,ALMOND DANISH,1,2025-12-31 18:00:09,2.8,17094.0,United Kingdom
538372,22425,SWEET CREAM BUTTER,1,2025-01-24 16:35:52,4.34,17799.0,United Kingdom
538372,22423,ORGANIC WHOLE MILK,2,2025-01-24 16:35:52,3.44,17799.0,United Kingdom
538372,22424,WHOLE WHEAT BREAD,2,2025-01-24 16:35:52,2.92,17799.0,United Kingdom
538372,21229,HAND WARMER BIRD DESIGN,2,2025-01-24 16:35:52,2.03,17799.0,United Kingdom
538373,21736,ORGANIC TOMATO BASIL SAUCE,2,2025-02-14 22:01:43,4.34,17054.0,United Kingdom
538373,21734,ARTISAN PASTA PENNE,2,2025-02-14 22:01:43,3.23,17054.0,United Kingdom
538374,21217,PACK OF 20 NAPKINS,24,2025-02-11 01:46:05,1.45,,United Kingdom
538375,22424,WHOLE WHEAT BREAD,3,2025-04-04 03:35:06,3.09,17360.0,United Kingdom
538375,22427,ORGANIC EGGS DOZEN,1,2025-04-04 03:35:06,4.95,17360.0,United Kingdom
538375,22425,SWEET CREAM BUTTER,6,2025-04-04 03:35:06,4.22,17360.0,United Kingdom
538375,21228,WALL CLOCK RETRO RED,2,2025-04-04 03:35:06,17.71,17360.0,United Kingdom
538376,20727,ALMOND DANISH,3,2025-08-12 02:51:41,2.64,16310.0,United Kingdom
538376,20728,CAPPUCCINO CUP & SAUCER,2,2025-08-12 02:51:41,8.82,16310.0,United Kingdom
538376,21213,MINI PAINT SET 9 COLOURS,6,2025-08-12 02:51:41,1.23,16310.0,United Kingdom
538377,85123C,DARK CHOCOLATE BAR 85%,1,2025-12-12 03:53:41,3.39,15233.0,United Kingdom
538377,85123D,FRENCH VANILLA SYRUP,4,2025-12-12 03:53:41,5.87,15233.0,United Kingdom
538377,85123E,CERAMIC COFFEE MUG,1,2025-12-12 03:53:41,6.32,15233.0,United Kingdom
538377,85123A,COLOMBIAN ROAST COFFEE,4,2025-12-12 03:53:41,8.99,15233.0,United Kingdom
538377,20727,ALMOND DANISH,2,2025-12-12 03:53:41,2.75,15233.0,United Kingdom
538377,20726,PAIN AU CHOCOLAT,1,2025-12-12 03:53:41,2.49,15233.0,United Kingdom
538377,20725,CROISSANT ALL BUTTER,4,2025-12-12 03:53:41,2.2,15233.0,United Kingdom
538377,20729,BLUEBERRY SCONE,6,2025-12-12 03:53:41,2.31,15233.0,United Kingdom
538377,20728,CAPPUCCINO CUP & SAUCER,2,2025-12-12 03:53:41,8.34,15233.0,United Kingdom
538378,84883,LED GROW LIGHT BULB,2,2025-11-11 01:01:27,14.56,15357.0,United Kingdom
538378,84881,ORGANIC POTTING SOIL 10L,3,2025-11-11 01:01:27,7.2,15357.0,United Kingdom
538378,84879,CERAMIC PLANT POT WHITE,1,2025-11-11 01:01:27,9.81,15357.0,United Kingdom
538378,84882,GARDENING GLOVES PAIR,3,2025-11-11 01:01:27,4.91,15357.0,United Kingdom
538378,84880,WATERING CAN GREEN 2L,2,2025-11-11 01:01:27,11.67,15357.0,United Kingdom
538378,22960,HEART OF WICKER SMALL,6,2025-11-11 01:01:27,1.69,15357.0,United Kingdom
538378,85099B,WHITE HANGING HEART T-LIGHT HOLDER,2,2025-11-11 01:01:27,2.48,15357.0,United Kingdom
538378,21222,RETRO SPOT APRON,4,2025-11-11 01:01:27,7.14,15357.0,United Kingdom
538379,85123A,COLOMBIAN ROAST COFFEE,1,2025-06-24 02:47:37,9.0,,United Kingdom
538379,85123C,DARK CHOCOLATE BAR 85%,1,2025-06-24 02:47:37,3.37,,United Kingdom
538379,85123B,PURE CANE SUGAR,3,2025-06-24 02:47:37,2.53,,United Kingdom
538380,22426,STRAWBERRY PRESERVES,6,2026-01-02 01:08:07,3.72,12384.0,United Kingdom
538380,22427,ORGANIC EGGS DOZEN,4,2026-01-02 01:08:07,5.03,12384.0,United Kingdom
538380,22425,SWEET CREAM BUTTER,2,2026-01-02 01:08:07,4.25,12384.0,United Kingdom
538380,22423,ORGANIC WHOLE MILK,3,2026-01-02 01:08:07,3.53,12384.0,United Kingdom
538381,22720,SET OF 3 CAKE TINS PANTRY,2,2025-06-10 23:50:10,5.0,16468.0,France
538381,85099B,WHITE HANGING HEART T-LIGHT HOLDER,3,2025-06-10 23:50:10,2.66,16468.0,France
538381,21221,RETRO SPOT TEA TOWEL,2,2025-06-10 23:50:10,2.45,16468.0,France
538382,21735,AGED PARMESAN REGGIANO,2,2025-12-30 03:41:36,8.1,16269.0,United Kingdom
538382,21737,GARLIC HERB BREADSTICKS,3,2025-12-30 03:41:36,2.89,16269.0,United Kingdom
538382,21734,ARTISAN PASTA PENNE,4,2025-12-30 03:41:36,3.44,16269.0,United Kingdom
538382,20725,CROISSANT ALL BUTTER,1,2025-12-30 03:41:36,2.36,16269.0,United Kingdom
538382,20727,ALMOND DANISH,2,2025-12-30 03:41:36,2.63,16269.0,United Kingdom
538382,20729,BLUEBERRY SCONE,2,2025-12-30 03:41:36,2.37,16269.0,United Kingdom
538383,85123C,DARK CHOCOLATE BAR 85%,2,2025-06-21 21:25:08,3.41,,United Kingdom
538383,85123B,PURE CANE SUGAR,3,2025-06-21 21:25:08,2.5,,United Kingdom
538383,85123E,CERAMIC COFFEE MUG,3,2025-06-21 21:25:08,6.27,,United Kingdom
538383,85123A,COLOMBIAN ROAST COFFEE,1,2025-06-21 21:25:08,8.82,,United Kingdom
538383,21228,WALL CLOCK RETRO RED,3,2025-06-21 21:25:08,19.35,,United Kingdom
538383,21221,  RETRO SPOT TEA TOWEL   ,1,2025-06-21 21:25:08,2.6,,United Kingdom
538384,84882,GARDENING GLOVES PAIR,2,2025-07-15 01:29:32,4.91,,United Kingdom
538384,84879,CERAMIC PLANT POT WHITE,3,2025-07-15 01:29:32,9.98,,United Kingdom
538384,22424,WHOLE WHEAT BREAD,2,2025-07-15 01:29:32,2.88,,United Kingdom
538384,22425,SWEET CREAM BUTTER,1,2025-07-15 01:29:32,4.06,,United Kingdom
538384,21212,VINTAGE SNAP CARDS,1,2025-07-15 01:29:32,0.81,,United Kingdom
538385,85123A,COLOMBIAN ROAST COFFEE,1,2025-05-23 17:25:00,9.0,15143.0,United Kingdom
538385,85123B,PURE CANE SUGAR,3,2025-05-23 17:25:00,2.53,15143.0,United Kingdom
538385,21224,GLASS STORAGE JAR SMALL,4,2025-05-23 17:25:00,2.3,15143.0,United Kingdom
538386,71057,MONITOR LIGHT BAR,2,2025-08-18 20:12:45,41.29,,United Kingdom
538386,71056,LARGE DESK PAD BLACK,4,2025-08-18 20:12:45,15.33,,United Kingdom
538386,71055,USB-C MULTIPORT ADAPTER,1,2025-08-18 20:12:45,24.84,,United Kingdom
538387,22425,SWEET CREAM BUTTER,1,2025-03-08 23:04:12,4.16,14516.0,United Kingdom
538387,22426,STRAWBERRY PRESERVES,6,2025-03-08 23:04:12,4.05,14516.0,United Kingdom
538387,21734,ARTISAN PASTA PENNE,1,2025-03-08 23:04:12,3.39,14516.0,United Kingdom
538387,21733,ITALIAN EXTRA VIRGIN OLIVE OIL,3,2025-03-08 23:04:12,12.96,14516.0,United Kingdom
538388,20727,ALMOND DANISH,1,2025-12-24 03:45:24,2.8,13131.0,United Kingdom
538388,20729,BLUEBERRY SCONE,6,2025-12-24 03:45:24,2.46,13131.0,United Kingdom
538388,20725,CROISSANT ALL BUTTER,4,2025-12-24 03:45:24,2.32,13131.0,United Kingdom
538388,20726,PAIN AU CHOCOLAT,2,2025-12-24 03:45:24,2.5,13131.0,United Kingdom
538388,20728,CAPPUCCINO CUP & SAUCER,2,2025-12-24 03:45:24,8.81,13131.0,United Kingdom
538389,84880,  WATERING CAN GREEN 2L   ,4,2025-06-19 05:15:07,11.52,,United Kingdom
538389,84879,CERAMIC PLANT POT WHITE,2,2025-06-19 05:15:07,9.62,,United Kingdom
538389,84883,LED GROW LIGHT BULB,2,2025-06-19 05:15:07,15.64,,United Kingdom
538389,84882,GARDENING GLOVES PAIR,1,2025-06-19 05:15:07,5.0,,United Kingdom
538390,22426,STRAWBERRY PRESERVES,1,2025-11-09 05:22:17,3.93,,United Kingdom
538390,22424,WHOLE WHEAT BREAD,2,2025-11-09 05:22:17,2.93,,United Kingdom
538390,22427,ORGANIC EGGS DOZEN,2,2025-11-09 05:22:17,5.21,,United Kingdom
538390,84883,LED GROW LIGHT BULB,1,2025-11-09 05:22:17,14.43,,United Kingdom
538390,84880,WATERING CAN GREEN 2L,6,2025-11-09 05:22:17,11.23,,United Kingdom
538390,85099B,WHITE HANGING HEART T-LIGHT HOLDER,2,2025-11-09 05:22:17,2.67,,United Kingdom
538390,22960,HEART OF WICKER SMALL,3,2025-11-09 05:22:17,1.73,,United Kingdom
538390,21218,SCENTED CANDLE LAVENDER,4,2025-11-09 05:22:17,4.17,,United Kingdom
538390,21225,GLASS STORAGE JAR LARGE,6,2025-11-09 05:22:17,4.05,,United Kingdom
538391,22427,ORGANIC EGGS DOZEN,24,2025-09-20 00:27:31,5.22,13399.0,United Kingdom
538391,22426,STRAWBERRY PRESERVES,2,2025-09-20 00:27:31,3.74,13399.0,United Kingdom
538391,22425,SWEET CREAM BUTTER,2,2025-09-20 00:27:31,4.12,13399.0,United Kingdom
538391,84882,GARDENING GLOVES PAIR,1,2025-09-20 00:27:31,4.85,13399.0,United Kingdom
538391,84880,WATERING CAN GREEN 2L,1,2025-09-20 00:27:31,11.05,13399.0,United Kingdom
538391,20727,ALMOND DANISH,12,2025-09-20 00:27:31,2.71,13399.0,United Kingdom
538391,20725,CROISSANT ALL BUTTER,3,2025-09-20 00:27:31,2.35,13399.0,United Kingdom
538391,20728,CAPPUCCINO CUP & SAUCER,6,2025-09-20 00:27:31,8.12,13399.0,United Kingdom
538391,20729,BLUEBERRY SCONE,2,2025-09-20 00:27:31,2.49,13399.0,United Kingdom
538391,21218,SCENTED CANDLE LAVENDER,1,2025-09-20 00:27:31,4.21,13399.0,United Kingdom
538392,85123E,CERAMIC COFFEE MUG,2,2025-08-02 17:06:25,6.69,,United Kingdom
538392,85123D,FRENCH VANILLA SYRUP,3,2025-08-02 17:06:25,6.19,,United Kingdom
538392,85123A,COLOMBIAN ROAST COFFEE,1,2025-08-02 17:06:25,9.06,,United Kingdom
538393,22427,ORGANIC EGGS DOZEN,1,2025-09-25 16:47:17,5.18,17866.0,United Kingdom
538393,22423,ORGANIC WHOLE MILK,1,2025-09-25 16:47:17,3.66,17866.0,United Kingdom
538393,22425,SWEET CREAM BUTTER,1,2025-09-25 16:47:17,4.36,17866.0,United Kingdom
538393,22961,HEART OF WICKER LARGE,1,2025-09-25 16:47:17,2.83,17866.0,United Kingdom
538393,22423,REGENCY CAKESTAND 3 TIER,4,2025-09-25 16:47:17,13.24,17866.0,United Kingdom
538393,85099B,WHITE HANGING HEART T-LIGHT HOLDER,1,2025-09-25 16:47:17,2.5,17866.0,United Kingdom
538393,22960,HEART OF WICKER SMALL,6,2025-09-25 16:47:17,1.69,17866.0,United Kingdom
538394,22720,SET OF 3 CAKE TINS PANTRY,1,2025-03-16 03:05:11,4.9,13125.0,United Kingdom
538394,85099B,WHITE HANGING HEART T-LIGHT HOLDER,2,2025-03-16 03:05:11,2.48,13125.0,United Kingdom
538394,21231,FELTCRAFT DOLL ROSIE,3,2025-03-16 03:05:11,2.83,13125.0,United Kingdom
538395,21733,ITALIAN EXTRA VIRGIN OLIVE OIL,1,2025-03-18 01:24:05,13.33,,United Kingdom
538395,21736,ORGANIC TOMATO BASIL SAUCE,6,2025-03-18 01:24:05,4.7,,United Kingdom
538395,21737,GARLIC HERB BREADSTICKS,4,2025-03-18 01:24:05,2.86,,United Kingdom
538395,21734,ARTISAN PASTA PENNE,1,2025-03-18 01:24:05,3.4,,United Kingdom
538396,21222,RETRO SPOT APRON,1,2025-03-15 03:02:08,6.96,17015.0,United Kingdom
538397,85123B,PURE CANE SUGAR,3,2025-03-22 22:45:46,2.44,14766.0,United Kingdom
538397,85123E,CERAMIC COFFEE MUG,3,2025-03-22 22:45:46,6.26,14766.0,United Kingdom
538397,85123D,FRENCH VANILLA SYRUP,3,2025-03-22 22:45:46,5.93,14766.0,United Kingdom
538397,85123C,DARK CHOCOLATE BAR 85%,1,2025-03-22 22:45:46,3.63,14766.0,United Kingdom
538397,85123A,COLOMBIAN ROAST COFFEE,1,2025-03-22 22:45:46,8.77,14766.0,United Kingdom
538397,21226,CHILLI LIGHTS STRING,1,2025-03-22 22:45:46,8.79,14766.0,United Kingdom
538398,21736,ORGANIC TOMATO BASIL SAUCE,12,2025-05-27 05:10:49,4.39,12493.0,United Kingdom
538398,21733,ITALIAN EXTRA VIRGIN OLIVE OIL,2,2025-05-27 05:10:49,12.63,12493.0,United Kingdom
538398,21734,ARTISAN PASTA PENNE,2,2025-05-27 05:10:49,3.28,12493.0,United Kingdom
538398,71053,WIRELESS ERGONOMIC MOUSE,12,2025-05-27 05:10:49,30.48,12493.0,United Kingdom
538398,71054,MECHANICAL KEYBOARD,4,2025-05-27 05:10:49,68.55,12493.0,United Kingdom
538399,21735,AGED PARMESAN REGGIANO,1,2025-07-21 17:23:38,8.05,15112.0,United Kingdom
538399,21737,GARLIC HERB BREADSTICKS,2,2025-07-21 17:23:38,2.88,15112.0,United Kingdom
538399,21733,ITALIAN EXTRA VIRGIN OLIVE OIL,6,2025-07-21 17:23:38,13.28,15112.0,United Kingdom
538399,20729,BLUEBERRY SCONE,3,2025-07-21 17:23:38,2.38,15112.0,United Kingdom
538399,20728,CAPPUCCINO CUP & SAUCER,2,2025-07-21 17:23:38,8.21,15112.0,United Kingdom
538399,21216,EMERGENCY FIRST AID TIN,2,2025-07-21 17:23:38,3.79,15112.0,United Kingdom
538400,85123A,COLOMBIAN ROAST COFFEE,2,2025-09-27 01:45:19,9.17,17416.0,United Kingdom
538400,85123E,CERAMIC COFFEE MUG,2,2025-09-27 01:45:19,6.35,17416.0,United Kingdom
538400,85123C,DARK CHOCOLATE BAR 85%,3,2025-09-27 01:45:19,3.62,17416.0,United Kingdom
538400,21221,RETRO SPOT TEA TOWEL,2,2025-09-27 01:45:19,2.48,17416.0,United Kingdom
538401,85099B,WHITE HANGING HEART T-LIGHT HOLDER,3,2025-06-26 01:57:16,2.52,18227.0,United Kingdom
538401,22720,SET OF 3 CAKE TINS PANTRY,1,2025-06-26 01:57:16,5.15,18227.0,United Kingdom
538402,84881,ORGANIC POTTING SOIL 10L,4,2025-01-10 20:55:26,6.98,12377.0,United Kingdom
538402,84880,WATERING CAN GREEN 2L,1,2025-01-10 20:55:26,11.23,12377.0,United Kingdom
538402,84879,CERAMIC PLANT POT WHITE,1,2025-01-10 20:55:26,10.14,12377.0,United Kingdom
538402,84882,GARDENING GLOVES PAIR,6,2025-01-10 20:55:26,4.94,12377.0,United Kingdom
538403,21737,  GARLIC HERB BREADSTICKS   ,1,2025-04-03 05:15:05,3.05,,United Kingdom
538403,21733,ITALIAN EXTRA VIRGIN OLIVE OIL,3,2025-04-03 05:15:05,13.01,,United Kingdom
538403,84883,LED GROW LIGHT BULB,2,2025-04-03 05:15:05,14.31,,United Kingdom
538403,84879,CERAMIC PLANT POT WHITE,1,2025-04-03 05:15:05,10.0,,United Kingdom
538404,21737,GARLIC HERB BREADSTICKS,3,2025-09-08 22:29:42,2.88,16799.0,United Kingdom
538404,21736,ORGANIC TOMATO BASIL SAUCE,4,2025-09-08 22:29:42,4.54,16799.0,United Kingdom
538405,22720,SET OF 3 CAKE TINS PANTRY,3,2025-04-08 03:54:13,5.05,16901.0,Germany
538405,22961,HEART OF WICKER LARGE,1,2025-04-08 03:54:13,2.8,16901.0,Germany
538405,22960,HEART OF WICKER SMALL,3,2025-04-08 03:54:13,1.63,16901.0,Germany
538405,21733,ITALIAN EXTRA VIRGIN OLIVE OIL,1,2025-04-08 03:54:13,12.47,16901.0,Germany
538405,21735,AGED PARMESAN REGGIANO,4,2025-04-08 03:54:13,7.8,16901.0,Germany
538405,21736,ORGANIC TOMATO BASIL SAUCE,6,2025-04-08 03:54:13,4.54,16901.0,Germany
538405,21737,GARLIC HERB BREADSTICKS,3,2025-04-08 03:54:13,2.9,16901.0,Germany
538405,21734,ARTISAN PASTA PENNE,4,2025-04-08 03:54:13,3.19,16901.0,Germany
538405,21220,BICYCLE PUNCTURE REPAIR KIT,24,2025-04-08 03:54:13,2.86,16901.0,Germany
538405,21230,BATHROOM SCALE VINTAGE,2,2025-04-08 03:54:13,21.99,16901.0,Germany
538406,85099B,WHITE HANGING HEART T-LIGHT HOLDER,2,2025-08-30 20:18:05,2.53,12584.0,United Kingdom
538406,22720,SET OF 3 CAKE TINS PANTRY,4,2025-08-30 20:18:05,4.85,12584.0,United Kingdom
538406,22423,REGENCY CAKESTAND 3 TIER,2,2025-08-30 20:18:05,13.32,12584.0,United Kingdom
538407,21736,ORGANIC TOMATO BASIL SAUCE,2,2025-10-10 00:58:02,4.68,12719.0,United Kingdom
538407,21733,ITALIAN EXTRA VIRGIN OLIVE OIL,1,2025-10-10 00:58:02,13.63,12719.0,United Kingdom
538407,21734,ARTISAN PASTA PENNE,1,2025-10-10 00:58:02,3.38,12719.0,United Kingdom
538408,21734,ARTISAN PASTA PENNE,1,2025-09-17 21:47:50,3.22,,United Kingdom
538408,21737,GARLIC HERB BREADSTICKS,3,2025-09-17 21:47:50,2.89,,United Kingdom
538408,21733,ITALIAN EXTRA VIRGIN OLIVE OIL,2,2025-09-17 21:47:50,13.09,,United Kingdom
538408,22960,HEART OF WICKER SMALL,1,2025-09-17 21:47:50,1.65,,United Kingdom
538408,85099B,WHITE HANGING HEART T-LIGHT HOLDER,1,2025-09-17 21:47:50,2.55,,United Kingdom
538409,20726,PAIN AU CHOCOLAT,3,2025-02-23 03:41:23,2.44,14393.0,United Kingdom
538409,20729,BLUEBERRY SCONE,3,2025-02-23 03:41:23,2.38,14393.0,United Kingdom
538409,85123B,PURE CANE SUGAR,3,2025-02-23 03:41:23,2.45,14393.0,United Kingdom
538409,85123C,DARK CHOCOLATE BAR 85%,2,2025-02-23 03:41:23,3.37,14393.0,United Kingdom
538409,21221,RETRO SPOT TEA TOWEL,4,2025-02-23 03:41:23,2.48,14393.0,United Kingdom
538410,21734,ARTISAN PASTA PENNE,2,2025-03-31 03:11:32,3.36,,United Kingdom
538410,21735,AGED PARMESAN REGGIANO,2,2025-03-31 03:11:32,7.6,,United Kingdom
538410,21225,GLASS STORAGE JAR LARGE,2,2025-03-31 03:11:32,3.84,,United Kingdom
538411,71055,USB-C MULTIPORT ADAPTER,1,2025-01-20 17:18:06,24.89,12650.0,United Kingdom
538411,71053,WIRELESS ERGONOMIC MOUSE,12,2025-01-20 17:18:06,28.67,12650.0,United Kingdom
538411,71057,MONITOR LIGHT BAR,4,2025-01-20 17:18:06,38.69,12650.0,United Kingdom
538411,71054,MECHANICAL KEYBOARD,1,2025-01-20 17:18:06,70.98,12650.0,United Kingdom
538411,21218,SCENTED CANDLE LAVENDER,2,2025-01-20 17:18:06,4.05,12650.0,United Kingdom
538412,84881,ORGANIC POTTING SOIL 10L,12,2025-03-04 18:02:13,7.07,,United Kingdom
538412,84879,CERAMIC PLANT POT WHITE,1,2025-03-04 18:02:13,10.2,,United Kingdom
538413,21737,GARLIC HERB BREADSTICKS,2,2025-03-16 05:08:47,3.07,12920.0,United Kingdom
538413,21734,ARTISAN PASTA PENNE,2,2025-03-16 05:08:47,3.29,12920.0,United Kingdom
538413,21733,ITALIAN EXTRA VIRGIN OLIVE OIL,1,2025-03-16 05:08:47,12.47,12920.0,United Kingdom
538413,21735,AGED PARMESAN REGGIANO,1,2025-03-16 05:08:47,7.98,12920.0,United Kingdom
538413,21736,ORGANIC TOMATO BASIL SAUCE,1,2025-03-16 05:08:47,4.33,12920.0,United Kingdom
538413,22425,SWEET CREAM BUTTER,12,2025-03-16 05:08:47,4.27,12920.0,United Kingdom
538413,22427,ORGANIC EGGS DOZEN,3,2025-03-16 05:08:47,4.99,12920.0,United Kingdom
538413,22426,STRAWBERRY PRESERVES,2,2025-03-16 05:08:47,3.79,12920.0,United Kingdom
538414,84881,ORGANIC POTTING SOIL 10L,1,2025-03-11 22:29:09,7.34,13471.0,United Kingdom
538414,84879,CERAMIC PLANT POT WHITE,1,2025-03-11 22:29:09,9.8,13471.0,United Kingdom
538414,84880,WATERING CAN GREEN 2L,1,2025-03-11 22:29:09,11.17,13471.0,United Kingdom
538414,84882,GARDENING GLOVES PAIR,4,2025-03-11 22:29:09,5.03,13471.0,United Kingdom
538415,20728,CAPPUCCINO CUP & SAUCER,1,2025-06-01 22:00:40,8.59,14504.0,United Kingdom
538415,20726,PAIN AU CHOCOLAT,1,2025-06-01 22:00:40,2.43,14504.0,United Kingdom
538415,20725,CROISSANT ALL BUTTER,1,2025-06-01 22:00:40,2.31,14504.0,United Kingdom
538416,71053,WIRELESS ERGONOMIC MOUSE,6,2025-04-27 23:04:44,29.97,15653.0,United Kingdom
538416,71057,MONITOR LIGHT BAR,1,2025-04-27 23:04:44,39.1,15653.0,United Kingdom
538416,71056,LARGE DESK PAD BLACK,3,2025-04-27 23:04:44,16.2,15653.0,United Kingdom
538417,21737,GARLIC HERB BREADSTICKS,1,2025-04-24 23:31:37,3.11,,United Kingdom
538417,21735,AGED PARMESAN REGGIANO,2,2025-04-24 23:31:37,7.89,,United Kingdom
538417,22961,HEART OF WICKER LARGE,4,2025-04-24 23:31:37,3.01,,United Kingdom
538417,22423,REGENCY CAKESTAND 3 TIER,2,2025-04-24 23:31:37,13.17,,United Kingdom
538417,85099B,WHITE HANGING HEART T-LIGHT HOLDER,3,2025-04-24 23:31:37,2.66,,United Kingdom
538417,22960,HEART OF WICKER SMALL,2,2025-04-24 23:31:37,1.66,,United Kingdom
538417,22720,SET OF 3 CAKE TINS PANTRY,1,2025-04-24 23:31:37,4.75,,United Kingdom
538417,21213,MINI PAINT SET 9 COLOURS,1,2025-04-24 23:31:37,1.21,,United Kingdom
538418,21214,RECIPE BOX PANTRY DESIGN,3,2025-12-10 21:44:38,7.83,15349.0,EIRE
538419,20726,PAIN AU CHOCOLAT,3,2025-05-31 17:45:09,2.48,14358.0,United Kingdom
538419,20729,BLUEBERRY SCONE,3,2025-05-31 17:45:09,2.33,14358.0,United Kingdom
538419,20728,CAPPUCCINO CUP & SAUCER,1,2025-05-31 17:45:09,8.87,14358.0,United Kingdom
538419,21225,GLASS STORAGE JAR LARGE,1,2025-05-31 17:45:09,4.14,14358.0,United Kingdom
538420,21214,RECIPE BOX PANTRY DESIGN,1,2025-03-17 22:26:32,8.27,,United Kingdom
538421,22423,REGENCY CAKESTAND 3 TIER,2,2025-04-26 00:08:31,12.91,,United Kingdom
538421,22960,HEART OF WICKER SMALL,1,2025-04-26 00:08:31,1.69,,United Kingdom
538421,85099B,WHITE HANGING HEART T-LIGHT HOLDER,1,2025-04-26 00:08:31,2.45,,United Kingdom
538421,22961,HEART OF WICKER LARGE,24,2025-04-26 00:08:31,2.92,,United Kingdom
538421,22720,SET OF 3 CAKE TINS PANTRY,3,2025-04-26 00:08:31,4.9,,United Kingdom
538421,21218,SCENTED CANDLE LAVENDER,1,2025-04-26 00:08:31,4.07,,United Kingdom
538421,21216,EMERGENCY FIRST AID TIN,2,2025-04-26 00:08:31,3.68,,United Kingdom
538421,21225,GLASS STORAGE JAR LARGE,1,2025-04-26 00:08:31,3.76,,United Kingdom
538422,20726,PAIN AU CHOCOLAT,1,2025-01-23 04:54:05,2.41,16622.0,United Kingdom
538422,20728,CAPPUCCINO CUP & SAUCER,1,2025-01-23 04:54:05,8.69,16622.0,United Kingdom
538422,21737,GARLIC HERB BREADSTICKS,4,2025-01-23 04:54:05,3.14,16622.0,United Kingdom
538422,21735,AGED PARMESAN REGGIANO,2,2025-01-23 04:54:05,7.6,16622.0,United Kingdom
538422,21734,ARTISAN PASTA PENNE,6,2025-01-23 04:54:05,3.36,16622.0,United Kingdom
538422,21733,ITALIAN EXTRA VIRGIN OLIVE OIL,12,2025-01-23 04:54:05,12.47,16622.0,United Kingdom
538422,22423,REGENCY CAKESTAND 3 TIER,2,2025-01-23 04:54:05,12.16,16622.0,United Kingdom
538422,22720,SET OF 3 CAKE TINS PANTRY,3,2025-01-23 04:54:05,4.95,16622.0,United Kingdom
538422,22961,HEART OF WICKER LARGE,1,2025-01-23 04:54:05,2.85,16622.0,United Kingdom
538423,21215,WOODEN PICTURE FRAME,4,2025-09-17 16:30:32,5.71,,United Kingdom
538424,71057,MONITOR LIGHT BAR,4,2025-03-22 23:44:17,41.64,16447.0,United Kingdom
538424,71056,LARGE DESK PAD BLACK,1,2025-03-22 23:44:17,16.71,16447.0,United Kingdom
538424,71054,MECHANICAL KEYBOARD,2,2025-03-22 23:44:17,68.76,16447.0,United Kingdom
538424,71053,WIRELESS ERGONOMIC MOUSE,6,2025-03-22 23:44:17,30.65,16447.0,United Kingdom
538424,71055,USB-C MULTIPORT ADAPTER,2,2025-03-22 23:44:17,25.35,16447.0,United Kingdom
538424,22961,HEART OF WICKER LARGE,3,2025-03-22 23:44:17,2.85,16447.0,United Kingdom
538424,22423,REGENCY CAKESTAND 3 TIER,1,2025-03-22 23:44:17,12.28,16447.0,United Kingdom
538424,22960,HEART OF WICKER SMALL,1,2025-03-22 23:44:17,1.69,16447.0,United Kingdom
538425,21734,ARTISAN PASTA PENNE,2,2026-01-04 03:01:24,3.23,15191.0,United Kingdom
538425,21737,GARLIC HERB BREADSTICKS,1,2026-01-04 03:01:24,3.05,15191.0,United Kingdom
538425,21735,AGED PARMESAN REGGIANO,1,2026-01-04 03:01:24,7.94,15191.0,United Kingdom
538426,84880,WATERING CAN GREEN 2L,2,2025-08-19 05:15:46,11.43,15880.0,United Kingdom
538426,84883,LED GROW LIGHT BULB,1,2025-08-19 05:15:46,15.25,15880.0,United Kingdom
538426,21219,TRAVEL SEWING KIT,1,2025-08-19 05:15:46,2.14,15880.0,United Kingdom
538427,21735,AGED PARMESAN REGGIANO,2,2025-11-13 03:37:06,8.14,17151.0,United Kingdom
538427,21734,ARTISAN PASTA PENNE,1,2025-11-13 03:37:06,3.4,17151.0,United Kingdom
538427,21736,ORGANIC TOMATO BASIL SAUCE,24,2025-11-13 03:37:06,4.4,17151.0,United Kingdom
538427,21737,GARLIC HERB BREADSTICKS,1,2025-11-13 03:37:06,2.88,17151.0,United Kingdom
538427,22720,SET OF 3 CAKE TINS PANTRY,3,2025-11-13 03:37:06,5.17,17151.0,United Kingdom
538427,22960,HEART OF WICKER SMALL,2,2025-11-13 03:37:06,1.71,17151.0,United Kingdom
538427,21221,RETRO SPOT TEA TOWEL,1,2025-11-13 03:37:06,2.45,17151.0,United Kingdom
538427,21224,GLASS STORAGE JAR SMALL,12,2025-11-13 03:37:06,2.22,17151.0,United Kingdom
538428,21222,RETRO SPOT APRON,2,2025-10-07 03:54:28,6.86,,United Kingdom
538429,21735,AGED PARMESAN REGGIANO,2,2025-08-23 19:44:44,7.67,13534.0,United Kingdom
538429,21734,ARTISAN PASTA PENNE,2,2025-08-23 19:44:44,3.19,13534.0,United Kingdom
538429,22424,WHOLE WHEAT BREAD,3,2025-08-23 19:44:44,3.11,13534.0,United Kingdom
538429,22423,ORGANIC WHOLE MILK,1,2025-08-23 19:44:44,3.37,13534.0,United Kingdom
538430,21735,AGED PARMESAN REGGIANO,1,2025-03-26 21:24:34,7.92,,United Kingdom
538430,21737,GARLIC HERB BREADSTICKS,6,2025-03-26 21:24:34,2.84,,United Kingdom
538430,21218,SCENTED CANDLE LAVENDER,4,2025-03-26 21:24:34,4.33,,United Kingdom
538431,85099B,WHITE HANGING HEART T-LIGHT HOLDER,1,2025-04-03 04:42:12,2.55,18096.0,United Kingdom
538431,22720,SET OF 3 CAKE TINS PANTRY,2,2025-04-03 04:42:12,4.9,18096.0,United Kingdom
538431,84880,WATERING CAN GREEN 2L,2,2025-04-03 04:42:12,11.45,18096.0,United Kingdom
538431,84883,LED GROW LIGHT BULB,1,2025-04-03 04:42:12,15.43,18096.0,United Kingdom
538432,84879,CERAMIC PLANT POT WHITE,3,2025-09-16 21:26:39,9.86,13712.0,United Kingdom
538432,84880,WATERING CAN GREEN 2L,1,2025-09-16 21:26:39,11.76,13712.0,United Kingdom
538432,84881,ORGANIC POTTING SOIL 10L,6,2025-09-16 21:26:39,7.3,13712.0,United Kingdom
538432,84883,LED GROW LIGHT BULB,1,2025-09-16 21:26:39,15.7,13712.0,United Kingdom
538433,85099B,WHITE HANGING HEART T-LIGHT HOLDER,2,2025-11-02 02:10:37,2.43,15164.0,United Kingdom
538433,22423,REGENCY CAKESTAND 3 TIER,24,2025-11-02 02:10:37,13.33,15164.0,United Kingdom
538433,21226,CHILLI LIGHTS STRING,24,2025-11-02 02:10:37,8.16,15164.0,United Kingdom
538434,71056,LARGE DESK PAD BLACK,4,2025-05-06 20:35:33,16.78,,United Kingdom
538434,71057,MONITOR LIGHT BAR,2,2025-05-06 20:35:33,41.73,,United Kingdom
538435,84880,WATERING CAN GREEN 2L,1,2025-02-17 17:25:37,11.62,12943.0,United Kingdom
538435,84883,LED GROW LIGHT BULB,2,2025-02-17 17:25:37,15.28,12943.0,United Kingdom
538435,71056,LARGE DESK PAD BLACK,2,2025-02-17 17:25:37,15.43,12943.0,United Kingdom
538435,71057,MONITOR LIGHT BAR,1,2025-02-17 17:25:37,41.77,12943.0,United Kingdom
538436,22961,HEART OF WICKER LARGE,3,2025-05-02 23:59:38,2.92,14221.0,United Kingdom
538436,22423,REGENCY CAKESTAND 3 TIER,2,2025-05-02 23:59:38,12.55,14221.0,United Kingdom
538436,85099B,WHITE HANGING HEART T-LIGHT HOLDER,2,2025-05-02 23:59:38,2.5,14221.0,United Kingdom
538437,71053,WIRELESS ERGONOMIC MOUSE,12,2025-03-04 04:46:09,31.39,14403.0,United Kingdom
538437,71057,MONITOR LIGHT BAR,6,2025-03-04 04:46:09,39.95,14403.0,United Kingdom
538437,71055,USB-C MULTIPORT ADAPTER,3,2025-03-04 04:46:09,23.82,14403.0,United Kingdom
538438,21737,GARLIC HERB BREADSTICKS,1,2025-09-29 18:55:43,3.08,13005.0,United Kingdom
538438,21733,ITALIAN EXTRA VIRGIN OLIVE OIL,2,2025-09-29 18:55:43,12.61,13005.0,United Kingdom
538438,21736,ORGANIC TOMATO BASIL SAUCE,2,2025-09-29 18:55:43,4.53,13005.0,United Kingdom
538438,21219,TRAVEL SEWING KIT,2,2025-09-29 18:55:43,2.06,13005.0,United Kingdom
538438,21228,WALL CLOCK RETRO RED,4,2025-09-29 18:55:43,18.01,13005.0,United Kingdom
538439,21737,GARLIC HERB BREADSTICKS,2,2025-05-23 16:33:48,3.06,16695.0,United Kingdom
538439,21734,ARTISAN PASTA PENNE,1,2025-05-23 16:33:48,3.14,16695.0,United Kingdom
538439,21212,VINTAGE SNAP CARDS,2,2025-05-23 16:33:48,0.84,16695.0,United Kingdom
538439,21219,TRAVEL SEWING KIT,4,2025-05-23 16:33:48,2.04,16695.0,United Kingdom
C538440,22961,HEART OF WICKER LARGE,-11,2025-08-08 04:12:18,2.9,14748.0,United Kingdom
C538440,85099B,WHITE HANGING HEART T-LIGHT HOLDER,-6,2025-08-08 04:12:18,2.53,14748.0,United Kingdom
C538440,21734,ARTISAN PASTA PENNE,-3,2025-08-08 04:12:18,3.39,14748.0,United Kingdom
C538440,21736,ORGANIC TOMATO BASIL SAUCE,-4,2025-08-08 04:12:18,4.34,14748.0,United Kingdom
538441,22424,WHOLE WHEAT BREAD,2,2025-04-30 00:06:26,2.99,14557.0,United Kingdom
538441,22426,STRAWBERRY PRESERVES,12,2025-04-30 00:06:26,3.95,14557.0,United Kingdom
538441,71055,USB-C MULTIPORT ADAPTER,4,2025-04-30 00:06:26,24.37,14557.0,United Kingdom
538441,71053,WIRELESS ERGONOMIC MOUSE,3,2025-04-30 00:06:26,30.91,14557.0,United Kingdom
538441,71057,MONITOR LIGHT BAR,24,2025-04-30 00:06:26,39.45,14557.0,United Kingdom
538441,71054,MECHANICAL KEYBOARD,3,2025-04-30 00:06:26,70.32,14557.0,United Kingdom
538441,71056,LARGE DESK PAD BLACK,6,2025-04-30 00:06:26,16.5,14557.0,United Kingdom
538442,21216,EMERGENCY FIRST AID TIN,1,2025-03-27 03:29:50,3.73,,United Kingdom
538443,84881,ORGANIC POTTING SOIL 10L,2,2025-04-04 01:09:19,7.0,12404.0,United Kingdom
538443,84883,LED GROW LIGHT BULB,1,2025-04-04 01:09:19,14.76,12404.0,United Kingdom
538443,21215,WOODEN PICTURE FRAME,1,2025-04-04 01:09:19,5.72,12404.0,United Kingdom
538443,21227,VINTAGE UNION JACK CUSHION,1,2025-04-04 01:09:19,15.69,12404.0,United Kingdom
538444,22960,HEART OF WICKER SMALL,2,2025-06-03 01:44:30,1.66,14795.0,United Kingdom
538444,85099B,WHITE HANGING HEART T-LIGHT HOLDER,3,2025-06-03 01:44:30,2.49,14795.0,United Kingdom
538444,22720,SET OF 3 CAKE TINS PANTRY,3,2025-06-03 01:44:30,4.92,14795.0,United Kingdom
538444,22423,REGENCY CAKESTAND 3 TIER,6,2025-06-03 01:44:30,13.38,14795.0,United Kingdom
538445,85123C,DARK CHOCOLATE BAR 85%,6,2025-02-25 05:28:49,3.57,17962.0,United Kingdom
538445,85123D,FRENCH VANILLA SYRUP,1,2025-02-25 05:28:49,5.96,17962.0,United Kingdom
538445,85123B,PURE CANE SUGAR,3,2025-02-25 05:28:49,2.58,17962.0,United Kingdom
C538446,85123C,DARK CHOCOLATE BAR 85%,-6,2025-06-20 16:34:52,3.47,14620.0,United Kingdom
C538446,85123A,COLOMBIAN ROAST COFFEE,-1,2025-06-20 16:34:52,8.83,14620.0,United Kingdom
C538446,85123D,FRENCH VANILLA SYRUP,-1,2025-06-20 16:34:52,5.71,14620.0,United Kingdom
C538446,85123E,CERAMIC COFFEE MUG,-5,2025-06-20 16:34:52,6.43,14620.0,United Kingdom
C538446,21734,ARTISAN PASTA PENNE,-7,2025-06-20 16:34:52,3.21,14620.0,United Kingdom
C538446,21737,GARLIC HERB BREADSTICKS,-11,2025-06-20 16:34:52,3.0,14620.0,United Kingdom
C538446,21216,EMERGENCY FIRST AID TIN,-10,2025-06-20 16:34:52,3.74,14620.0,United Kingdom
538447,22720,SET OF 3 CAKE TINS PANTRY,1,2025-09-02 02:16:58,4.89,14635.0,United Kingdom
538447,85099B,WHITE HANGING HEART T-LIGHT HOLDER,4,2025-09-02 02:16:58,2.44,14635.0,United Kingdom
538447,22423,REGENCY CAKESTAND 3 TIER,1,2025-09-02 02:16:58,13.14,14635.0,United Kingdom
538448,85123A,COLOMBIAN ROAST COFFEE,2,2025-07-08 23:42:55,9.12,15643.0,United Kingdom
538448,85123C,DARK CHOCOLATE BAR 85%,4,2025-07-08 23:42:55,3.57,15643.0,United Kingdom
538448,85123B,PURE CANE SUGAR,2,2025-07-08 23:42:55,2.56,15643.0,United Kingdom
538448,21216,EMERGENCY FIRST AID TIN,2,2025-07-08 23:42:55,3.75,15643.0,United Kingdom
538449,85123B,PURE CANE SUGAR,4,2025-09-04 22:11:02,2.41,16389.0,EIRE
538449,85123D,FRENCH VANILLA SYRUP,3,2025-09-04 22:11:02,6.18,16389.0,EIRE
538449,85123E,CERAMIC COFFEE MUG,4,2025-09-04 22:11:02,6.61,16389.0,EIRE
538449,85123C,DARK CHOCOLATE BAR 85%,2,2025-09-04 22:11:02,3.44,16389.0,EIRE
538450,22960,HEART OF WICKER SMALL,4,2025-02-16 23:25:16,1.68,,United Kingdom
538450,22423,REGENCY CAKESTAND 3 TIER,2,2025-02-16 23:25:16,12.14,,United Kingdom
538451,84882,GARDENING GLOVES PAIR,6,2025-01-28 22:00:45,4.9,,United Kingdom
538451,84880,WATERING CAN GREEN 2L,1,2025-01-28 22:00:45,11.47,,United Kingdom
538451,84881,ORGANIC POTTING SOIL 10L,2,2025-01-28 22:00:45,6.85,,United Kingdom
538451,84883,LED GROW LIGHT BULB,1,2025-01-28 22:00:45,14.27,,United Kingdom
538451,84879,CERAMIC PLANT POT WHITE,3,2025-01-28 22:00:45,10.35,,United Kingdom
538451,71055,USB-C MULTIPORT ADAPTER,24,2025-01-28 22:00:45,26.1,,United Kingdom
538451,71053,WIRELESS ERGONOMIC MOUSE,6,2025-01-28 22:00:45,29.51,,United Kingdom
538451,71054,MECHANICAL KEYBOARD,6,2025-01-28 22:00:45,68.33,,United Kingdom
538451,21221,RETRO SPOT TEA TOWEL,4,2025-01-28 22:00:45,2.55,,United Kingdom
538451,21213,MINI PAINT SET 9 COLOURS,6,2025-01-28 22:00:45,1.21,,United Kingdom
538452,85123E,CERAMIC COFFEE MUG,1,2025-08-09 19:11:39,6.76,,France
538452,85123C,DARK CHOCOLATE BAR 85%,6,2025-08-09 19:11:39,3.59,,France
538453,21223,SET OF 6 SPICE JARS,2,2025-10-31 01:34:09,9.57,13123.0,United Kingdom
538454,71053,WIRELESS ERGONOMIC MOUSE,1,2025-12-22 23:30:47,30.5,17879.0,United Kingdom
538454,71055,USB-C MULTIPORT ADAPTER,1,2025-12-22 23:30:47,25.91,17879.0,United Kingdom
538454,71056,LARGE DESK PAD BLACK,1,2025-12-22 23:30:47,16.18,17879.0,United Kingdom
538454,21222,RETRO SPOT APRON,2,2025-12-22 23:30:47,7.07,17879.0,United Kingdom
538455,71053,WIRELESS ERGONOMIC MOUSE,6,2025-07-15 04:26:20,29.4,17481.0,United Kingdom
538455,71057,MONITOR LIGHT BAR,1,2025-07-15 04:26:20,38.42,17481.0,United Kingdom
538456,85123E,CERAMIC COFFEE MUG,4,2025-04-23 23:29:01,6.18,12611.0,United Kingdom
538456,85123B,PURE CANE SUGAR,1,2025-04-23 23:29:01,2.47,12611.0,United Kingdom
538456,85123D,FRENCH VANILLA SYRUP,2,2025-04-23 23:29:01,5.79,12611.0,United Kingdom
538456,21227,VINTAGE UNION JACK CUSHION,1,2025-04-23 23:29:01,15.1,12611.0,United Kingdom
538456,21225,GLASS STORAGE JAR LARGE,6,2025-04-23 23:29:01,3.96,12611.0,United Kingdom
538456,21213,MINI PAINT SET 9 COLOURS,12,2025-04-23 23:29:01,1.29,12611.0,United Kingdom
538457,85123E,CERAMIC COFFEE MUG,1,2025-06-17 23:55:18,6.32,12723.0,United Kingdom
538457,85123A,COLOMBIAN ROAST COFFEE,6,2025-06-17 23:55:18,8.92,12723.0,United Kingdom
538457,85123B,PURE CANE SUGAR,1,2025-06-17 23:55:18,2.58,12723.0,United Kingdom
538457,85123D,FRENCH VANILLA SYRUP,1,2025-06-17 23:55:18,6.28,12723.0,United Kingdom
538457,21225,GLASS STORAGE JAR LARGE,2,2025-06-17 23:55:18,3.98,12723.0,United Kingdom
538458,20726,PAIN AU CHOCOLAT,1,2025-07-22 23:38:32,2.62,12595.0,United Kingdom
538458,20727,ALMOND DANISH,2,2025-07-22 23:38:32,2.86,12595.0,United Kingdom
538459,21230,BATHROOM SCALE VINTAGE,6,2025-09-20 21:28:57,22.24,,France
538460,71056,LARGE DESK PAD BLACK,3,2025-07-09 17:58:56,16.76,13958.0,United Kingdom
538460,71055,USB-C MULTIPORT ADAPTER,2,2025-07-09 17:58:56,25.36,13958.0,United Kingdom
538460,71057,MONITOR LIGHT BAR,1,2025-07-09 17:58:56,39.0,13958.0,United Kingdom
538460,20725,CROISSANT ALL BUTTER,1,2025-07-09 17:58:56,2.35,13958.0,United Kingdom
538460,20727,ALMOND DANISH,1,2025-07-09 17:58:56,2.79,13958.0,United Kingdom
538460,20726,PAIN AU CHOCOLAT,2,2025-07-09 17:58:56,2.39,13958.0,United Kingdom
538461,21222,RETRO SPOT APRON,1,2025-04-26 21:27:04,6.8,14013.0,Spain
538462,84880,WATERING CAN GREEN 2L,3,2025-06-30 00:21:01,11.78,12783.0,United Kingdom
538462,84882,GARDENING GLOVES PAIR,2,2025-06-30 00:21:01,4.95,12783.0,United Kingdom
538462,84879,CERAMIC PLANT POT WHITE,1,2025-06-30 00:21:01,10.04,12783.0,United Kingdom
538462,84881,ORGANIC POTTING SOIL 10L,2,2025-06-30 00:21:01,6.97,12783.0,United Kingdom
538463,22426,STRAWBERRY PRESERVES,1,2025-10-15 21:54:15,3.84,13037.0,Spain
538463,22427,ORGANIC EGGS DOZEN,4,2025-10-15 21:54:15,4.95,13037.0,Spain
538463,22425,SWEET CREAM BUTTER,1,2025-10-15 21:54:15,4.36,13037.0,Spain
538463,22423,ORGANIC WHOLE MILK,3,2025-10-15 21:54:15,3.65,13037.0,Spain
538463,22424,WHOLE WHEAT BREAD,4,2025-10-15 21:54:15,2.84,13037.0,Spain
538463,20725,CROISSANT ALL BUTTER,2,2025-10-15 21:54:15,2.26,13037.0,Spain
538463,20726,PAIN AU CHOCOLAT,3,2025-10-15 21:54:15,2.61,13037.0,Spain
538463,71057,MONITOR LIGHT BAR,2,2025-10-15 21:54:15,40.35,13037.0,Spain
538463,71056,LARGE DESK PAD BLACK,3,2025-10-15 21:54:15,16.08,13037.0,Spain
538463,71054,MECHANICAL KEYBOARD,1,2025-10-15 21:54:15,66.68,13037.0,Spain
538463,71055,USB-C MULTIPORT ADAPTER,3,2025-10-15 21:54:15,24.28,13037.0,Spain
538464,85123C,DARK CHOCOLATE BAR 85%,2,2025-08-05 01:54:22,3.36,15403.0,United Kingdom
538464,85123B,PURE CANE SUGAR,6,2025-08-05 01:54:22,2.57,15403.0,United Kingdom
538464,85123A,COLOMBIAN ROAST COFFEE,4,2025-08-05 01:54:22,9.34,15403.0,United Kingdom
538464,22425,SWEET CREAM BUTTER,24,2025-08-05 01:54:22,4.19,15403.0,United Kingdom
538464,22423,ORGANIC WHOLE MILK,6,2025-08-05 01:54:22,3.42,15403.0,United Kingdom
538464,22427,ORGANIC EGGS DOZEN,1,2025-08-05 01:54:22,4.92,15403.0,United Kingdom
538464,21222,RETRO SPOT APRON,2,2025-08-05 01:54:22,6.96,15403.0,United Kingdom
538465,71055,USB-C MULTIPORT ADAPTER,6,2025-11-04 04:22:52,24.27,18150.0,United Kingdom
538465,71057,MONITOR LIGHT BAR,12,2025-11-04 04:22:52,39.84,18150.0,United Kingdom
538465,71053,WIRELESS ERGONOMIC MOUSE,4,2025-11-04 04:22:52,31.06,18150.0,United Kingdom
538465,71056,LARGE DESK PAD BLACK,2,2025-11-04 04:22:52,15.65,18150.0,United Kingdom
538465,21221,RETRO SPOT TEA TOWEL,2,2025-11-04 04:22:52,2.5,18150.0,United Kingdom
538466,71053,WIRELESS ERGONOMIC MOUSE,3,2025-08-07 23:48:26,30.71,15570.0,United Kingdom
538466,71056,LARGE DESK PAD BLACK,2,2025-08-07 23:48:26,16.53,15570.0,United Kingdom
538466,85123E,CERAMIC COFFEE MUG,1,2025-08-07 23:48:26,6.44,15570.0,United Kingdom
538466,85123D,FRENCH VANILLA SYRUP,2,2025-08-07 23:48:26,5.91,15570.0,United Kingdom
538466,21212,VINTAGE SNAP CARDS,6,2025-08-07 23:48:26,0.88,15570.0,United Kingdom
538467,20726,PAIN AU CHOCOLAT,12,2025-07-18 19:54:22,2.51,,United Kingdom
538467,20729,BLUEBERRY SCONE,3,2025-07-18 19:54:22,2.38,,United Kingdom
538467,22960,HEART OF WICKER SMALL,3,2025-07-18 19:54:22,1.69,,United Kingdom
538467,22961,HEART OF WICKER LARGE,6,2025-07-18 19:54:22,2.95,,United Kingdom
538467,85099B,WHITE HANGING HEART T-LIGHT HOLDER,6,2025-07-18 19:54:22,2.62,,United Kingdom
538468,22426,STRAWBERRY PRESERVES,2,2025-09-08 21:20:49,3.71,15215.0,United Kingdom
538468,22425,SWEET CREAM BUTTER,2,2025-09-08 21:20:49,4.38,15215.0,United Kingdom
538468,22423,ORGANIC WHOLE MILK,3,2025-09-08 21:20:49,3.56,15215.0,United Kingdom
538468,22424,WHOLE WHEAT BREAD,6,2025-09-08 21:20:49,3.03,15215.0,United Kingdom
538468,22427,ORGANIC EGGS DOZEN,1,2025-09-08 21:20:49,4.96,15215.0,United Kingdom
538468,21224,GLASS STORAGE JAR SMALL,2,2025-09-08 21:20:49,2.26,15215.0,United Kingdom
538469,21734,ARTISAN PASTA PENNE,1,2025-05-12 23:38:48,3.21,13117.0,United Kingdom
538469,21735,AGED PARMESAN REGGIANO,1,2025-05-12 23:38:48,7.98,13117.0,United Kingdom
538469,21737,GARLIC HERB BREADSTICKS,4,2025-05-12 23:38:48,3.03,13117.0,United Kingdom
538469,21736,ORGANIC TOMATO BASIL SAUCE,1,2025-05-12 23:38:48,4.47,13117.0,United Kingdom
538469,21733,ITALIAN EXTRA VIRGIN OLIVE OIL,3,2025-05-12 23:38:48,13.54,13117.0,United Kingdom
538470,85123A,COLOMBIAN ROAST COFFEE,2,2025-07-23 02:18:42,9.25,14273.0,United Kingdom
538470,85123D,FRENCH VANILLA SYRUP,6,2025-07-23 02:18:42,5.96,14273.0,United Kingdom
538471,71054,MECHANICAL KEYBOARD,1,2025-09-05 00:36:45,66.67,,United Kingdom
538471,71056,LARGE DESK PAD BLACK,2,2025-09-05 00:36:45,16.18,,United Kingdom
538471,71055,USB-C MULTIPORT ADAPTER,3,2025-09-05 00:36:45,24.89,,United Kingdom
538471,71057,MONITOR LIGHT BAR,1,2025-09-05 00:36:45,40.0,,United Kingdom
538472,85123A,COLOMBIAN ROAST COFFEE,3,2025-09-20 00:46:23,8.72,13730.0,United Kingdom
538472,85123E,CERAMIC COFFEE MUG,3,2025-09-20 00:46:23,6.53,13730.0,United Kingdom
538472,85123B,PURE CANE SUGAR,24,2025-09-20 00:46:23,2.46,13730.0,United Kingdom
C538473,20726,PAIN AU CHOCOLAT,-8,2025-03-15 22:14:46,2.5,15676.0,United Kingdom
C538473,20729,BLUEBERRY SCONE,-11,2025-03-15 22:14:46,2.43,15676.0,United Kingdom
C538473,20728,CAPPUCCINO CUP & SAUCER,-2,2025-03-15 22:14:46,8.87,15676.0,United Kingdom
538474,71054,MECHANICAL KEYBOARD,4,2025-10-08 23:02:16,66.96,16655.0,United Kingdom
538474,71057,MONITOR LIGHT BAR,3,2025-10-08 23:02:16,38.84,16655.0,United Kingdom
538474,71056,  LARGE DESK PAD BLACK   ,4,2025-10-08 23:02:16,15.33,16655.0,United Kingdom
538474,21214,RECIPE BOX PANTRY DESIGN,24,2025-10-08 23:02:16,8.06,16655.0,United Kingdom
538475,21734,ARTISAN PASTA PENNE,4,2025-07-27 20:08:57,3.29,,United Kingdom
538475,21735,AGED PARMESAN REGGIANO,3,2025-07-27 20:08:57,7.99,,United Kingdom
538476,21733,ITALIAN EXTRA VIRGIN OLIVE OIL,2,2025-03-25 04:46:33,12.5,16000.0,United Kingdom
538476,21736,ORGANIC TOMATO BASIL SAUCE,1,2025-03-25 04:46:33,4.68,16000.0,United Kingdom
538477,85123B,PURE CANE SUGAR,1,2025-04-11 04:47:12,2.48,16397.0,United Kingdom
538477,85123D,FRENCH VANILLA SYRUP,3,2025-04-11 04:47:12,6.24,16397.0,United Kingdom
538477,85123C,DARK CHOCOLATE BAR 85%,2,2025-04-11 04:47:12,3.35,16397.0,United Kingdom
538477,21735,AGED PARMESAN REGGIANO,1,2025-04-11 04:47:12,7.73,16397.0,United Kingdom
538477,21734,ARTISAN PASTA PENNE,12,2025-04-11 04:47:12,3.14,16397.0,United Kingdom
538477,21733,ITALIAN EXTRA VIRGIN OLIVE OIL,4,2025-04-11 04:47:12,13.41,16397.0,United Kingdom
538478,71056,LARGE DESK PAD BLACK,2,2025-09-17 00:46:32,16.15,17635.0,United Kingdom
538478,71055,USB-C MULTIPORT ADAPTER,2,2025-09-17 00:46:32,25.97,17635.0,United Kingdom
538478,71053,WIRELESS ERGONOMIC MOUSE,1,2025-09-17 00:46:32,29.96,17635.0,United Kingdom
538478,71057,MONITOR LIGHT BAR,1,2025-09-17 00:46:32,41.84,17635.0,United Kingdom
538478,21216,EMERGENCY FIRST AID TIN,1,2025-09-17 00:46:32,3.62,17635.0,United Kingdom
538479,20727,ALMOND DANISH,3,2025-12-01 23:12:38,2.64,,United Kingdom
538479,20726,PAIN AU CHOCOLAT,1,2025-12-01 23:12:38,2.53,,United Kingdom
538479,20729,BLUEBERRY SCONE,1,2025-12-01 23:12:38,2.51,,United Kingdom
538479,21224,GLASS STORAGE JAR SMALL,2,2025-12-01 23:12:38,2.3,,United Kingdom
538480,85099B,WHITE HANGING HEART T-LIGHT HOLDER,2,2025-05-16 03:08:23,2.62,,United Kingdom
538480,22960,HEART OF WICKER SMALL,3,2025-05-16 03:08:23,1.65,,United Kingdom
538480,22423,REGENCY CAKESTAND 3 TIER,12,2025-05-16 03:08:23,12.87,,United Kingdom
538480,21227,VINTAGE UNION JACK CUSHION,1,2025-05-16 03:08:23,15.54,,United Kingdom
538481,21218,SCENTED CANDLE LAVENDER,1,2025-12-27 01:02:23,4.32,16514.0,United Kingdom
538482,84882,  GARDENING GLOVES PAIR   ,3,2025-05-06 19:36:42,5.07,13046.0,United Kingdom
538482,84879,CERAMIC PLANT POT WHITE,4,2025-05-06 19:36:42,9.95,13046.0,United Kingdom
538482,84881,ORGANIC POTTING SOIL 10L,4,2025-05-06 19:36:42,7.15,13046.0,United Kingdom
538482,84880,WATERING CAN GREEN 2L,3,2025-05-06 19:36:42,11.31,13046.0,United Kingdom
538482,84883,LED GROW LIGHT BULB,1,2025-05-06 19:36:42,14.62,13046.0,United Kingdom
538482,21735,AGED PARMESAN REGGIANO,1,2025-05-06 19:36:42,8.2,13046.0,United Kingdom
538482,21734,ARTISAN PASTA PENNE,1,2025-05-06 19:36:42,3.14,13046.0,United Kingdom
538482,21736,ORGANIC TOMATO BASIL SAUCE,2,2025-05-06 19:36:42,4.45,13046.0,United Kingdom
C538483,71053,WIRELESS ERGONOMIC MOUSE,-3,2025-11-14 05:10:12,30.83,12451.0,United Kingdom
C538483,71054,MECHANICAL KEYBOARD,-3,2025-11-14 05:10:12,70.36,12451.0,United Kingdom
C538483,71055,USB-C MULTIPORT ADAPTER,-12,2025-11-14 05:10:12,24.58,12451.0,United Kingdom
C538483,71056,LARGE DESK PAD BLACK,-8,2025-11-14 05:10:12,16.09,12451.0,United Kingdom
C538483,21217,PACK OF 20 NAPKINS,-12,2025-11-14 05:10:12,1.39,12451.0,United Kingdom
538484,21225,GLASS STORAGE JAR LARGE,3,2025-02-08 16:30:01,4.04,12352.0,United Kingdom
538485,84881,ORGANIC POTTING SOIL 10L,2,2025-06-22 17:06:08,6.64,15772.0,United Kingdom
538485,84879,CERAMIC PLANT POT WHITE,2,2025-06-22 17:06:08,10.26,15772.0,United Kingdom
538485,21213,MINI PAINT SET 9 COLOURS,2,2025-06-22 17:06:08,1.28,15772.0,United Kingdom
538486,85123B,PURE CANE SUGAR,4,2025-06-13 00:04:49,2.59,,United Kingdom
538486,85123E,CERAMIC COFFEE MUG,4,2025-06-13 00:04:49,6.23,,United Kingdom
538486,85123D,FRENCH VANILLA SYRUP,6,2025-06-13 00:04:49,6.05,,United Kingdom
538486,22423,ORGANIC WHOLE MILK,4,2025-06-13 00:04:49,3.33,,United Kingdom
538486,22426,STRAWBERRY PRESERVES,3,2025-06-13 00:04:49,3.83,,United Kingdom
538486,22424,WHOLE WHEAT BREAD,1,2025-06-13 00:04:49,3.04,,United Kingdom
538486,21216,EMERGENCY FIRST AID TIN,1,2025-06-13 00:04:49,3.83,,United Kingdom
538486,BANK CHARGES,BANK CHARGES,1,2025-06-13 00:04:49,15.49,,United Kingdom
538487,84881,ORGANIC POTTING SOIL 10L,1,2025-01-14 18:46:40,6.69,,United Kingdom
538487,84880,WATERING CAN GREEN 2L,4,2025-01-14 18:46:40,11.49,,United Kingdom
538487,21735,AGED PARMESAN REGGIANO,2,2025-01-14 18:46:40,8.14,,United Kingdom
538487,21736,ORGANIC TOMATO BASIL SAUCE,1,2025-01-14 18:46:40,4.57,,United Kingdom
538488,85123A,COLOMBIAN ROAST COFFEE,1,2025-07-20 21:57:29,8.57,16482.0,United Kingdom
538488,85123E,CERAMIC COFFEE MUG,4,2025-07-20 21:57:29,6.44,16482.0,United Kingdom
538488,85123B,PURE CANE SUGAR,2,2025-07-20 21:57:29,2.6,16482.0,United Kingdom
538489,85123E,CERAMIC COFFEE MUG,1,2025-08-08 20:37:08,6.27,17997.0,United Kingdom
538489,85123D,FRENCH VANILLA SYRUP,1,2025-08-08 20:37:08,6.14,17997.0,United Kingdom
538490,21224,GLASS STORAGE JAR SMALL,2,2025-10-18 18:00:41,2.31,15573.0,United Kingdom
538491,21213,MINI PAINT SET 9 COLOURS,1,2025-07-18 23:26:26,1.25,,Germany
538492,84880,WATERING CAN GREEN 2L,2,2025-12-17 22:33:13,11.95,15741.0,United Kingdom
538492,84879,CERAMIC PLANT POT WHITE,6,2025-12-17 22:33:13,10.15,15741.0,United Kingdom
538492,21223,SET OF 6 SPICE JARS,1,2025-12-17 22:33:13,9.66,15741.0,United Kingdom
538492,21227,VINTAGE UNION JACK CUSHION,6,2025-12-17 22:33:13,15.13,15741.0,United Kingdom
538493,84881,ORGANIC POTTING SOIL 10L,4,2025-06-15 04:25:05,6.8,,United Kingdom
538493,84882,GARDENING GLOVES PAIR,1,2025-06-15 04:25:05,5.12,,United Kingdom
538493,84880,WATERING CAN GREEN 2L,4,2025-06-15 04:25:05,11.89,,United Kingdom
538494,21735,AGED PARMESAN REGGIANO,2,2025-10-25 00:07:37,7.64,,Netherlands
538494,21733,ITALIAN EXTRA VIRGIN OLIVE OIL,3,2025-10-25 00:07:37,12.55,,Netherlands
538494,21734,ARTISAN PASTA PENNE,1,2025-10-25 00:07:37,3.38,,Netherlands
538495,84879,CERAMIC PLANT POT WHITE,1,2025-11-19 20:16:48,10.35,,United Kingdom
538495,84881,ORGANIC POTTING SOIL 10L,1,2025-11-19 20:16:48,7.11,,United Kingdom
538495,84880,WATERING CAN GREEN 2L,3,2025-11-19 20:16:48,11.42,,United Kingdom
538495,71054,MECHANICAL KEYBOARD,6,2025-11-19 20:16:48,72.45,,United Kingdom
538495,71056,LARGE DESK PAD BLACK,6,2025-11-19 20:16:48,15.59,,United Kingdom
538495,71057,MONITOR LIGHT BAR,2,2025-11-19 20:16:48,40.22,,United Kingdom
538495,71055,USB-C MULTIPORT ADAPTER,4,2025-11-19 20:16:48,24.08,,United Kingdom
538496,84882,GARDENING GLOVES PAIR,3,2025-03-05 01:11:24,4.98,12447.0,Netherlands
538496,84879,CERAMIC PLANT POT WHITE,24,2025-03-05 01:11:24,9.62,12447.0,Netherlands
538497,21231,FELTCRAFT DOLL ROSIE,3,2025-02-23 20:39:17,3.09,,United Kingdom
538498,84883,LED GROW LIGHT BULB,2,2025-04-30 23:38:15,15.47,16148.0,France
538498,84880,WATERING CAN GREEN 2L,2,2025-04-30 23:38:15,11.5,16148.0,France
538498,21222,RETRO SPOT APRON,12,2025-04-30 23:38:15,6.71,16148.0,France
538499,71057,MONITOR LIGHT BAR,2,2025-03-11 00:34:22,38.72,17558.0,United Kingdom
538499,71055,USB-C MULTIPORT ADAPTER,24,2025-03-11 00:34:22,24.31,17558.0,United Kingdom
538499,71054,MECHANICAL KEYBOARD,6,2025-03-11 00:34:22,69.33,17558.0,United Kingdom
538499,71056,LARGE DESK PAD BLACK,12,2025-03-11 00:34:22,16.38,17558.0,United Kingdom
538499,22424,WHOLE WHEAT BREAD,2,2025-03-11 00:34:22,3.12,17558.0,United Kingdom
538499,22426,STRAWBERRY PRESERVES,1,2025-03-11 00:34:22,4.02,17558.0,United Kingdom
538499,22423,ORGANIC WHOLE MILK,6,2025-03-11 00:34:22,3.52,17558.0,United Kingdom
538499,22423,REGENCY CAKESTAND 3 TIER,1,2025-03-11 00:34:22,12.81,17558.0,United Kingdom
538499,22720,SET OF 3 CAKE TINS PANTRY,4,2025-03-11 00:34:22,4.75,17558.0,United Kingdom
538499,22960,HEART OF WICKER SMALL,4,2025-03-11 00:34:22,1.72,17558.0,United Kingdom
538500,71056,LARGE DESK PAD BLACK,1,2025-05-19 04:48:39,16.11,,United Kingdom
538500,71057,MONITOR LIGHT BAR,6,2025-05-19 04:48:39,38.11,,United Kingdom
538500,71053,WIRELESS ERGONOMIC MOUSE,1,2025-05-19 04:48:39,28.9,,United Kingdom
538501,22423,REGENCY CAKESTAND 3 TIER,1,2025-01-21 23:53:01,12.63,15159.0,United Kingdom
538501,22961,HEART OF WICKER LARGE,2,2025-01-21 23:53:01,3.07,15159.0,United Kingdom
538501,22960,HEART OF WICKER SMALL,1,2025-01-21 23:53:01,1.67,15159.0,United Kingdom
538501,22720,SET OF 3 CAKE TINS PANTRY,24,2025-01-21 23:53:01,4.8,15159.0,United Kingdom
538501,21733,ITALIAN EXTRA VIRGIN OLIVE OIL,1,2025-01-21 23:53:01,12.78,15159.0,United Kingdom
538501,21737,GARLIC HERB BREADSTICKS,1,2025-01-21 23:53:01,2.85,15159.0,United Kingdom
538501,20726,PAIN AU CHOCOLAT,2,2025-01-21 23:53:01,2.56,15159.0,United Kingdom
538501,20728,CAPPUCCINO CUP & SAUCER,2,2025-01-21 23:53:01,8.81,15159.0,United Kingdom
538501,20727,ALMOND DANISH,3,2025-01-21 23:53:01,2.62,15159.0,United Kingdom
538501,21227,VINTAGE UNION JACK CUSHION,3,2025-01-21 23:53:01,15.36,15159.0,United Kingdom
538502,20727,ALMOND DANISH,2,2025-04-24 22:20:22,2.7,,Spain
538502,20729,BLUEBERRY SCONE,1,2025-04-24 22:20:22,2.45,,Spain
538502,20726,PAIN AU CHOCOLAT,2,2025-04-24 22:20:22,2.42,,Spain
538502,20725,CROISSANT ALL BUTTER,2,2025-04-24 22:20:22,2.17,,Spain
538502,21231,FELTCRAFT DOLL ROSIE,2,2025-04-24 22:20:22,3.01,,Spain
538502,21217,PACK OF 20 NAPKINS,3,2025-04-24 22:20:22,1.38,,Spain
538503,85123D,FRENCH VANILLA SYRUP,2,2025-04-11 23:27:20,6.0,17027.0,EIRE
538503,85123C,DARK CHOCOLATE BAR 85%,1,2025-04-11 23:27:20,3.48,17027.0,EIRE
538503,85123E,CERAMIC COFFEE MUG,3,2025-04-11 23:27:20,6.77,17027.0,EIRE
538504,20729,BLUEBERRY SCONE,2,2025-01-17 22:10:30,2.3,,United Kingdom
538504,20726,PAIN AU CHOCOLAT,1,2025-01-17 22:10:30,2.6,,United Kingdom
538505,84882,GARDENING GLOVES PAIR,2,2025-06-30 16:43:55,4.87,15560.0,United Kingdom
538505,84883,LED GROW LIGHT BULB,4,2025-06-30 16:43:55,14.7,15560.0,United Kingdom
538505,84881,ORGANIC POTTING SOIL 10L,1,2025-06-30 16:43:55,7.17,15560.0,United Kingdom
538505,84880,WATERING CAN GREEN 2L,2,2025-06-30 16:43:55,11.8,15560.0,United Kingdom
538506,22423,REGENCY CAKESTAND 3 TIER,1,2025-02-08 22:21:16,12.13,15232.0,United Kingdom
538506,22961,HEART OF WICKER LARGE,1,2025-02-08 22:21:16,2.95,15232.0,United Kingdom
538506,71057,MONITOR LIGHT BAR,1,2025-02-08 22:21:16,38.01,15232.0,United Kingdom
538506,71056,LARGE DESK PAD BLACK,1,2025-02-08 22:21:16,16.77,15232.0,United Kingdom
538507,71056,LARGE DESK PAD BLACK,6,2025-12-17 18:57:53,16.23,13830.0,United Kingdom
538507,71054,MECHANICAL KEYBOARD,4,2025-12-17 18:57:53,68.71,13830.0,United Kingdom
538508,85123D,FRENCH VANILLA SYRUP,1,2025-07-01 00:10:07,6.02,12557.0,United Kingdom
538508,85123B,PURE CANE SUGAR,2,2025-07-01 00:10:07,2.44,12557.0,United Kingdom
538508,85123A,COLOMBIAN ROAST COFFEE,1,2025-07-01 00:10:07,9.23,12557.0,United Kingdom
538508,85123E,CERAMIC COFFEE MUG,4,2025-07-01 00:10:07,6.65,12557.0,United Kingdom
538509,21216,EMERGENCY FIRST AID TIN,3,2025-01-26 23:37:11,3.76,,United Kingdom
538510,85123B,PURE CANE SUGAR,4,2025-09-02 22:20:48,2.55,17750.0,United Kingdom
538510,85123D,FRENCH VANILLA SYRUP,12,2025-09-02 22:20:48,6.13,17750.0,United Kingdom
538510,71054,MECHANICAL KEYBOARD,1,2025-09-02 22:20:48,68.52,17750.0,United Kingdom
538510,71057,MONITOR LIGHT BAR,1,2025-09-02 22:20:48,41.35,17750.0,United Kingdom
538510,71055,USB-C MULTIPORT ADAPTER,1,2025-09-02 22:20:48,24.5,17750.0,United Kingdom
538510,21230,BATHROOM SCALE VINTAGE,12,2025-09-02 22:20:48,22.0,17750.0,United Kingdom
538510,21218,SCENTED CANDLE LAVENDER,4,2025-09-02 22:20:48,4.14,17750.0,United Kingdom
538510,21212,VINTAGE SNAP CARDS,2,2025-09-02 22:20:48,0.86,17750.0,United Kingdom
538511,21734,ARTISAN PASTA PENNE,1,2025-03-09 23:34:59,3.2,14845.0,United Kingdom
538511,21736,ORGANIC TOMATO BASIL SAUCE,3,2025-03-09 23:34:59,4.56,14845.0,United Kingdom
538511,21227,VINTAGE UNION JACK CUSHION,3,2025-03-09 23:34:59,14.35,14845.0,United Kingdom
538512,21733,ITALIAN EXTRA VIRGIN OLIVE OIL,1,2025-10-04 21:43:48,13.28,15068.0,United Kingdom
538512,21735,AGED PARMESAN REGGIANO,3,2025-10-04 21:43:48,7.6,15068.0,United Kingdom
538512,71056,LARGE DESK PAD BLACK,1,2025-10-04 21:43:48,15.72,15068.0,United Kingdom
538512,71057,MONITOR LIGHT BAR,1,2025-10-04 21:43:48,40.04,15068.0,United Kingdom
538512,71055,USB-C MULTIPORT ADAPTER,2,2025-10-04 21:43:48,25.59,15068.0,United Kingdom
538512,21218,SCENTED CANDLE LAVENDER,1,2025-10-04 21:43:48,4.07,15068.0,United Kingdom
538512,21225,GLASS STORAGE JAR LARGE,4,2025-10-04 21:43:48,3.94,15068.0,United Kingdom
538512,21231,FELTCRAFT DOLL ROSIE,1,2025-10-04 21:43:48,3.03,15068.0,United Kingdom
538513,71056,LARGE DESK PAD BLACK,1,2025-02-02 03:02:50,16.75,12890.0,United Kingdom
538513,71053,WIRELESS ERGONOMIC MOUSE,3,2025-02-02 03:02:50,30.05,12890.0,United Kingdom
538513,21228,WALL CLOCK RETRO RED,1,2025-02-02 03:02:50,18.92,12890.0,United Kingdom
538514,85123C,DARK CHOCOLATE BAR 85%,6,2025-07-12 04:18:38,3.53,13241.0,United Kingdom
538514,85123A,COLOMBIAN ROAST COFFEE,1,2025-07-12 04:18:38,9.33,13241.0,United Kingdom
538514,20726,PAIN AU CHOCOLAT,1,2025-07-12 04:18:38,2.52,13241.0,United Kingdom
538514,20727,ALMOND DANISH,1,2025-07-12 04:18:38,2.65,13241.0,United Kingdom
538514,20729,BLUEBERRY SCONE,2,2025-07-12 04:18:38,2.46,13241.0,United Kingdom
538515,85123B,PURE CANE SUGAR,1,2025-06-17 02:43:25,2.38,17765.0,United Kingdom
538515,85123E,CERAMIC COFFEE MUG,3,2025-06-17 02:43:25,6.82,17765.0,United Kingdom
538515,85123C,DARK CHOCOLATE BAR 85%,2,2025-06-17 02:43:25,3.54,17765.0,United Kingdom
538515,22960,HEART OF WICKER SMALL,1,2025-06-17 02:43:25,1.58,17765.0,United Kingdom
538515,22961,HEART OF WICKER LARGE,1,2025-06-17 02:43:25,2.88,17765.0,United Kingdom
538515,22423,REGENCY CAKESTAND 3 TIER,2,2025-06-17 02:43:25,13.03,17765.0,United Kingdom
538515,85099B,WHITE HANGING HEART T-LIGHT HOLDER,6,2025-06-17 02:43:25,2.62,17765.0,United Kingdom
538515,21734,ARTISAN PASTA PENNE,1,2025-06-17 02:43:25,3.39,17765.0,United Kingdom
538515,21737,GARLIC HERB BREADSTICKS,2,2025-06-17 02:43:25,3.02,17765.0,United Kingdom
538515,21733,ITALIAN EXTRA VIRGIN OLIVE OIL,3,2025-06-17 02:43:25,13.42,17765.0,United Kingdom
538516,21228,WALL CLOCK RETRO RED,1,2025-01-28 16:36:56,18.32,16024.0,United Kingdom
538517,21734,ARTISAN PASTA PENNE,3,2025-02-16 16:40:07,3.4,16544.0,United Kingdom
538517,21735,AGED PARMESAN REGGIANO,6,2025-02-16 16:40:07,7.78,16544.0,United Kingdom
538518,71053,WIRELESS ERGONOMIC MOUSE,1,2025-06-25 04:40:49,29.16,15235.0,United Kingdom
538518,71055,USB-C MULTIPORT ADAPTER,3,2025-06-25 04:40:49,26.05,15235.0,United Kingdom
538518,71056,LARGE DESK PAD BLACK,12,2025-06-25 04:40:49,16.12,15235.0,United Kingdom
538518,21228,WALL CLOCK RETRO RED,6,2025-06-25 04:40:49,19.16,15235.0,United Kingdom
538518,21225,GLASS STORAGE JAR LARGE,6,2025-06-25 04:40:49,4.03,15235.0,United Kingdom
538519,21735,AGED PARMESAN REGGIANO,6,2025-10-06 20:38:57,7.65,12982.0,United Kingdom
538519,21733,ITALIAN EXTRA VIRGIN OLIVE OIL,3,2025-10-06 20:38:57,12.65,12982.0,United Kingdom
538519,21734,ARTISAN PASTA PENNE,1,2025-10-06 20:38:57,3.44,12982.0,United Kingdom
538520,84881,ORGANIC POTTING SOIL 10L,1,2025-11-06 17:04:03,7.09,17843.0,United Kingdom
538520,84882,GARDENING GLOVES PAIR,6,2025-11-06 17:04:03,4.99,17843.0,United Kingdom
538521,85123A,COLOMBIAN ROAST COFFEE,3,2025-05-07 04:23:55,9.3,15309.0,France
538521,85123E,CERAMIC COFFEE MUG,1,2025-05-07 04:23:55,6.64,15309.0,France
538521,85123C,DARK CHOCOLATE BAR 85%,3,2025-05-07 04:23:55,3.45,15309.0,France
538521,85123D,FRENCH VANILLA SYRUP,2,2025-05-07 04:23:55,6.28,15309.0,France
538521,21737,GARLIC HERB BREADSTICKS,2,2025-05-07 04:23:55,2.86,15309.0,France
538521,21736,ORGANIC TOMATO BASIL SAUCE,1,2025-05-07 04:23:55,4.52,15309.0,France
538521,21735,AGED PARMESAN REGGIANO,1,2025-05-07 04:23:55,7.9,15309.0,France
538521,21734,ARTISAN PASTA PENNE,4,2025-05-07 04:23:55,3.2,15309.0,France
538521,21733,ITALIAN EXTRA VIRGIN OLIVE OIL,2,2025-05-07 04:23:55,12.53,15309.0,France
538522,22426,STRAWBERRY PRESERVES,6,2026-01-06 01:06:01,3.98,14412.0,United Kingdom
538522,22424,WHOLE WHEAT BREAD,2,2026-01-06 01:06:01,2.87,14412.0,United Kingdom
538522,22423,ORGANIC WHOLE MILK,4,2026-01-06 01:06:01,3.43,14412.0,United Kingdom
538523,21737,GARLIC HERB BREADSTICKS,6,2025-12-04 01:18:28,3.08,17715.0,United Kingdom
538523,21735,AGED PARMESAN REGGIANO,2,2025-12-04 01:18:28,7.88,17715.0,United Kingdom
538523,21736,ORGANIC TOMATO BASIL SAUCE,2,2025-12-04 01:18:28,4.49,17715.0,United Kingdom
538523,21229,HAND WARMER BIRD DESIGN,3,2025-12-04 01:18:28,1.87,17715.0,United Kingdom
538524,84879,CERAMIC PLANT POT WHITE,4,2025-11-26 00:17:39,10.34,14403.0,United Kingdom
538524,84883,LED GROW LIGHT BULB,1,2025-11-26 00:17:39,14.46,14403.0,United Kingdom
538524,21225,GLASS STORAGE JAR LARGE,3,2025-11-26 00:17:39,4.04,14403.0,United Kingdom
538524,21219,TRAVEL SEWING KIT,2,2025-11-26 00:17:39,2.1,14403.0,United Kingdom
538524,21212,VINTAGE SNAP CARDS,1,2025-11-26 00:17:39,0.88,14403.0,United Kingdom
538525,84879,CERAMIC PLANT POT WHITE,1,2025-04-20 18:02:04,10.35,16393.0,United Kingdom
538525,84883,LED GROW LIGHT BULB,1,2025-04-20 18:02:04,15.02,16393.0,United Kingdom
538525,84882,GARDENING GLOVES PAIR,2,2025-04-20 18:02:04,5.02,16393.0,United Kingdom
538525,84881,ORGANIC POTTING SOIL 10L,12,2025-04-20 18:02:04,7.15,16393.0,United Kingdom
538525,84880,WATERING CAN GREEN 2L,4,2025-04-20 18:02:04,11.22,16393.0,United Kingdom
538526,71056,LARGE DESK PAD BLACK,24,2025-02-08 18:51:56,16.09,16014.0,United Kingdom
538526,71057,MONITOR LIGHT BAR,1,2025-02-08 18:51:56,40.51,16014.0,United Kingdom
538526,84883,LED GROW LIGHT BULB,1,2025-02-08 18:51:56,14.79,16014.0,United Kingdom
538526,84879,CERAMIC PLANT POT WHITE,3,2025-02-08 18:51:56,9.91,16014.0,United Kingdom
538526,84882,GARDENING GLOVES PAIR,1,2025-02-08 18:51:56,5.18,16014.0,United Kingdom
538526,84881,ORGANIC POTTING SOIL 10L,1,2025-02-08 18:51:56,7.17,16014.0,United Kingdom
538527,71056,LARGE DESK PAD BLACK,1,2025-07-12 05:29:15,15.79,,United Kingdom
538527,71055,USB-C MULTIPORT ADAPTER,1,2025-07-12 05:29:15,25.45,,United Kingdom
538528,20729,BLUEBERRY SCONE,2,2025-05-31 16:57:15,2.34,17714.0,United Kingdom
538528,20727,ALMOND DANISH,2,2025-05-31 16:57:15,2.81,17714.0,United Kingdom
538529,84879,CERAMIC PLANT POT WHITE,1,2025-02-08 23:54:25,9.89,14567.0,United Kingdom
538529,84881,ORGANIC POTTING SOIL 10L,2,2025-02-08 23:54:25,7.16,14567.0,United Kingdom
538529,84882,GARDENING GLOVES PAIR,2,2025-02-08 23:54:25,4.86,14567.0,United Kingdom
538529,84883,LED GROW LIGHT BULB,4,2025-02-08 23:54:25,15.64,14567.0,United Kingdom
538530,20729,BLUEBERRY SCONE,2,2025-06-06 03:57:27,2.38,14236.0,United Kingdom
538530,20727,ALMOND DANISH,1,2025-06-06 03:57:27,2.75,14236.0,United Kingdom
538530,21224,GLASS STORAGE JAR SMALL,2,2025-06-06 03:57:27,2.19,14236.0,United Kingdom
538530,21226,CHILLI LIGHTS STRING,1,2025-06-06 03:57:27,8.61,14236.0,United Kingdom
538530,21228,WALL CLOCK RETRO RED,4,2025-06-06 03:57:27,17.85,14236.0,United Kingdom
538531,22423,REGENCY CAKESTAND 3 TIER,1,2025-05-12 21:30:51,12.84,17526.0,United Kingdom
538531,22961,HEART OF WICKER LARGE,2,2025-05-12 21:30:51,3.04,17526.0,United Kingdom
538531,22720,SET OF 3 CAKE TINS PANTRY,3,2025-05-12 21:30:51,4.94,17526.0,United Kingdom
538531,22424,WHOLE WHEAT BREAD,4,2025-05-12 21:30:51,3.01,17526.0,United Kingdom
538531,22426,STRAWBERRY PRESERVES,2,2025-05-12 21:30:51,3.95,17526.0,United Kingdom
538531,22425,SWEET CREAM BUTTER,12,2025-05-12 21:30:51,4.42,17526.0,United Kingdom
538531,21224,GLASS STORAGE JAR SMALL,3,2025-05-12 21:30:51,2.22,17526.0,United Kingdom
C538532,22427,ORGANIC EGGS DOZEN,-3,2025-11-10 03:32:07,5.06,12810.0,United Kingdom
C538532,22426,STRAWBERRY PRESERVES,-11,2025-11-10 03:32:07,3.87,12810.0,United Kingdom
C538532,22425,SWEET CREAM BUTTER,-12,2025-11-10 03:32:07,4.24,12810.0,United Kingdom
538533,20726,PAIN AU CHOCOLAT,2,2025-12-27 20:17:09,2.42,13033.0,United Kingdom
538533,20727,ALMOND DANISH,1,2025-12-27 20:17:09,2.63,13033.0,United Kingdom
538533,20725,CROISSANT ALL BUTTER,6,2025-12-27 20:17:09,2.24,13033.0,United Kingdom
538534,71056,LARGE DESK PAD BLACK,2,2025-02-12 19:19:24,16.57,14561.0,United Kingdom
538534,71057,MONITOR LIGHT BAR,2,2025-02-12 19:19:24,40.78,14561.0,United Kingdom
538534,71053,WIRELESS ERGONOMIC MOUSE,2,2025-02-12 19:19:24,29.63,14561.0,United Kingdom
538534,71054,MECHANICAL KEYBOARD,6,2025-02-12 19:19:24,69.67,14561.0,United Kingdom
538535,22720,SET OF 3 CAKE TINS PANTRY,6,2025-01-23 23:22:28,4.78,13986.0,United Kingdom
538535,22961,HEART OF WICKER LARGE,6,2025-01-23 23:22:28,2.97,13986.0,United Kingdom
538535,22423,REGENCY CAKESTAND 3 TIER,3,2025-01-23 23:22:28,13.39,13986.0,United Kingdom
538535,85123C,DARK CHOCOLATE BAR 85%,2,2025-01-23 23:22:28,3.45,13986.0,United Kingdom
538535,85123E,CERAMIC COFFEE MUG,1,2025-01-23 23:22:28,6.42,13986.0,United Kingdom
538535,85123B,PURE CANE SUGAR,2,2025-01-23 23:22:28,2.58,13986.0,United Kingdom
538536,20725,CROISSANT ALL BUTTER,1,2025-07-29 18:12:33,2.36,16724.0,United Kingdom
538536,20727,ALMOND DANISH,1,2025-07-29 18:12:33,2.68,16724.0,United Kingdom
538536,20729,BLUEBERRY SCONE,1,2025-07-29 18:12:33,2.4,16724.0,United Kingdom
538536,20728,CAPPUCCINO CUP & SAUCER,1,2025-07-29 18:12:33,8.11,16724.0,United Kingdom
538537,22427,ORGANIC EGGS DOZEN,2,2025-07-04 17:14:49,4.86,,United Kingdom
538537,22423,ORGANIC WHOLE MILK,24,2025-07-04 17:14:49,3.61,,United Kingdom
538538,71053,WIRELESS ERGONOMIC MOUSE,1,2025-12-16 23:26:56,28.61,13401.0,France
538538,71057,MONITOR LIGHT BAR,3,2025-12-16 23:26:56,41.78,13401.0,France
538538,71056,LARGE DESK PAD BLACK,1,2025-12-16 23:26:56,16.68,13401.0,France
538538,21215,WOODEN PICTURE FRAME,12,2025-12-16 23:26:56,5.59,13401.0,France
538539,20727,ALMOND DANISH,1,2025-05-14 19:27:15,2.66,15909.0,United Kingdom
538539,20726,PAIN AU CHOCOLAT,12,2025-05-14 19:27:15,2.43,15909.0,United Kingdom
538539,20729,BLUEBERRY SCONE,3,2025-05-14 19:27:15,2.52,15909.0,United Kingdom
538540,21733,ITALIAN EXTRA VIRGIN OLIVE OIL,2,2025-01-13 19:28:31,12.82,,United Kingdom
538540,21737,GARLIC HERB BREADSTICKS,6,2025-01-13 19:28:31,2.98,,United Kingdom
538540,21734,ARTISAN PASTA PENNE,1,2025-01-13 19:28:31,3.42,,United Kingdom
538541,84883,LED GROW LIGHT BULB,2,2025-12-01 04:38:13,15.72,16869.0,United Kingdom
538541,84880,WATERING CAN GREEN 2L,3,2025-12-01 04:38:13,11.58,16869.0,United Kingdom
538541,84879,CERAMIC PLANT POT WHITE,2,2025-12-01 04:38:13,10.21,16869.0,United Kingdom
538541,84882,GARDENING GLOVES PAIR,3,2025-12-01 04:38:13,5.01,16869.0,United Kingdom
538541,20728,CAPPUCCINO CUP & SAUCER,3,2025-12-01 04:38:13,8.75,16869.0,United Kingdom
538541,20727,ALMOND DANISH,2,2025-12-01 04:38:13,2.84,16869.0,United Kingdom
538541,20726,PAIN AU CHOCOLAT,1,2025-12-01 04:38:13,2.52,16869.0,United Kingdom
538541,20725,CROISSANT ALL BUTTER,6,2025-12-01 04:38:13,2.32,16869.0,United Kingdom
538541,20729,BLUEBERRY SCONE,2,2025-12-01 04:38:13,2.47,16869.0,United Kingdom
538542,20725,CROISSANT ALL BUTTER,2,2025-10-07 01:24:48,2.24,,United Kingdom
538542,20729,BLUEBERRY SCONE,1,2025-10-07 01:24:48,2.31,,United Kingdom
538542,21227,VINTAGE UNION JACK CUSHION,2,2025-10-07 01:24:48,14.74,,United Kingdom
538543,20725,CROISSANT ALL BUTTER,1,2025-09-26 05:14:44,2.32,16841.0,United Kingdom
538543,20726,PAIN AU CHOCOLAT,2,2025-09-26 05:14:44,2.51,16841.0,United Kingdom
538543,20727,ALMOND DANISH,24,2025-09-26 05:14:44,2.75,16841.0,United Kingdom
538543,20728,CAPPUCCINO CUP & SAUCER,6,2025-09-26 05:14:44,8.2,16841.0,United Kingdom
538543,20729,BLUEBERRY SCONE,1,2025-09-26 05:14:44,2.29,16841.0,United Kingdom
538543,21222,RETRO SPOT APRON,2,2025-09-26 05:14:44,6.75,16841.0,United Kingdom
538544,20725,CROISSANT ALL BUTTER,12,2025-02-05 17:28:52,2.28,12840.0,United Kingdom
538544,20729,BLUEBERRY SCONE,1,2025-02-05 17:28:52,2.29,12840.0,United Kingdom
538544,85123D,FRENCH VANILLA SYRUP,3,2025-02-05 17:28:52,5.89,12840.0,United Kingdom
538544,85123B,PURE CANE SUGAR,3,2025-02-05 17:28:52,2.57,12840.0,United Kingdom
538544,85123A,COLOMBIAN ROAST COFFEE,2,2025-02-05 17:28:52,8.68,12840.0,United Kingdom
538545,84883,LED GROW LIGHT BULB,3,2026-01-03 17:50:05,15.66,15010.0,United Kingdom
538545,84881,ORGANIC POTTING SOIL 10L,1,2026-01-03 17:50:05,6.72,15010.0,United Kingdom
538545,21223,SET OF 6 SPICE JARS,6,2026-01-03 17:50:05,10.08,15010.0,United Kingdom
538545,21228,WALL CLOCK RETRO RED,3,2026-01-03 17:50:05,18.01,15010.0,United Kingdom
538546,21734,ARTISAN PASTA PENNE,1,2025-11-04 03:27:00,3.19,13521.0,United Kingdom
538546,21736,ORGANIC TOMATO BASIL SAUCE,2,2025-11-04 03:27:00,4.44,13521.0,United Kingdom
538546,21228,WALL CLOCK RETRO RED,6,2025-11-04 03:27:00,17.99,13521.0,United Kingdom
538547,20725,CROISSANT ALL BUTTER,1,2025-05-08 19:37:17,2.28,,Germany
538547,20729,BLUEBERRY SCONE,2,2025-05-08 19:37:17,2.49,,Germany
538547,20727,ALMOND DANISH,2,2025-05-08 19:37:17,2.72,,Germany
538548,20728,CAPPUCCINO CUP & SAUCER,2,2025-08-17 18:36:38,8.21,13972.0,United Kingdom
538548,20727,ALMOND DANISH,3,2025-08-17 18:36:38,2.82,13972.0,United Kingdom
538548,21220,BICYCLE PUNCTURE REPAIR KIT,2,2025-08-17 18:36:38,3.1,13972.0,United Kingdom
538549,22960,HEART OF WICKER SMALL,6,2025-06-30 04:38:44,1.71,14036.0,United Kingdom
538549,22720,SET OF 3 CAKE TINS PANTRY,2,2025-06-30 04:38:44,5.06,14036.0,United Kingdom
538549,22961,HEART OF WICKER LARGE,3,2025-06-30 04:38:44,2.88,14036.0,United Kingdom
538549,85123D,FRENCH VANILLA SYRUP,24,2025-06-30 04:38:44,5.87,14036.0,United Kingdom
538549,85123E,CERAMIC COFFEE MUG,2,2025-06-30 04:38:44,6.53,14036.0,United Kingdom
538549,85123B,PURE CANE SUGAR,2,2025-06-30 04:38:44,2.37,14036.0,United Kingdom
538549,85123C,DARK CHOCOLATE BAR 85%,4,2025-06-30 04:38:44,3.62,14036.0,United Kingdom
538550,22427,ORGANIC EGGS DOZEN,3,2025-10-21 00:11:07,4.94,,United Kingdom
538550,22425,SWEET CREAM BUTTER,1,2025-10-21 00:11:07,4.39,,United Kingdom
538550,22426,STRAWBERRY PRESERVES,4,2025-10-21 00:11:07,4.0,,United Kingdom
538550,84880,WATERING CAN GREEN 2L,3,2025-10-21 00:11:07,11.51,,United Kingdom
538550,84879,CERAMIC PLANT POT WHITE,1,2025-10-21 00:11:07,9.79,,United Kingdom
538550,84881,ORGANIC POTTING SOIL 10L,1,2025-10-21 00:11:07,6.99,,United Kingdom
538550,84882,GARDENING GLOVES PAIR,1,2025-10-21 00:11:07,5.12,,United Kingdom
538550,71056,LARGE DESK PAD BLACK,1,2025-10-21 00:11:07,16.04,,United Kingdom
538550,71055,USB-C MULTIPORT ADAPTER,24,2025-10-21 00:11:07,25.6,,United Kingdom
538550,21216,EMERGENCY FIRST AID TIN,2,2025-10-21 00:11:07,3.68,,United Kingdom
538551,85123C,DARK CHOCOLATE BAR 85%,1,2025-01-29 03:53:34,3.56,12928.0,Switzerland
538551,85123D,FRENCH VANILLA SYRUP,1,2025-01-29 03:53:34,6.04,12928.0,Switzerland
538551,85123A,COLOMBIAN ROAST COFFEE,1,2025-01-29 03:53:34,9.2,12928.0,Switzerland
538551,20727,ALMOND DANISH,2,2025-01-29 03:53:34,2.69,12928.0,Switzerland
538551,20729,BLUEBERRY SCONE,3,2025-01-29 03:53:34,2.36,12928.0,Switzerland
538551,21228,WALL CLOCK RETRO RED,2,2025-01-29 03:53:34,19.21,12928.0,Switzerland
538552,71057,MONITOR LIGHT BAR,1,2025-12-19 03:58:47,38.8,12379.0,Netherlands
538552,71053,WIRELESS ERGONOMIC MOUSE,24,2025-12-19 03:58:47,28.72,12379.0,Netherlands
538552,21222,RETRO SPOT APRON,1,2025-12-19 03:58:47,7.23,12379.0,Netherlands
538553,21736,ORGANIC TOMATO BASIL SAUCE,1,2025-12-03 01:39:33,4.59,13646.0,United Kingdom
538553,21735,AGED PARMESAN REGGIANO,1,2025-12-03 01:39:33,7.97,13646.0,United Kingdom
538553,21734,ARTISAN PASTA PENNE,2,2025-12-03 01:39:33,3.43,13646.0,United Kingdom
538553,21733,ITALIAN EXTRA VIRGIN OLIVE OIL,4,2025-12-03 01:39:33,12.6,13646.0,United Kingdom
538553,21737,GARLIC HERB BREADSTICKS,1,2025-12-03 01:39:33,2.89,13646.0,United Kingdom
538554,21224,GLASS STORAGE JAR SMALL,1,2025-12-13 02:01:02,2.21,16775.0,United Kingdom
538555,21734,ARTISAN PASTA PENNE,1,2025-04-14 03:25:04,3.16,14271.0,EIRE
538555,21735,AGED PARMESAN REGGIANO,4,2025-04-14 03:25:04,8.1,14271.0,EIRE
538556,21219,TRAVEL SEWING KIT,4,2025-06-05 23:45:22,2.1,16083.0,United Kingdom
538557,84880,WATERING CAN GREEN 2L,1,2025-08-27 21:45:03,11.4,15168.0,United Kingdom
538557,84882,GARDENING GLOVES PAIR,1,2025-08-27 21:45:03,5.08,15168.0,United Kingdom
538557,84879,CERAMIC PLANT POT WHITE,24,2025-08-27 21:45:03,9.53,15168.0,United Kingdom
538557,84883,LED GROW LIGHT BULB,2,2025-08-27 21:45:03,14.33,15168.0,United Kingdom
538557,21736,ORGANIC TOMATO BASIL SAUCE,4,2025-08-27 21:45:03,4.38,15168.0,United Kingdom
538557,21733,ITALIAN EXTRA VIRGIN OLIVE OIL,1,2025-08-27 21:45:03,13.41,15168.0,United Kingdom
538557,21218,SCENTED CANDLE LAVENDER,1,2025-08-27 21:45:03,4.14,15168.0,United Kingdom
538558,21736,ORGANIC TOMATO BASIL SAUCE,4,2025-08-25 22:22:05,4.44,17220.0,France
538558,21735,AGED PARMESAN REGGIANO,1,2025-08-25 22:22:05,7.94,17220.0,France
538558,21737,GARLIC HERB BREADSTICKS,1,2025-08-25 22:22:05,3.13,17220.0,France
538558,21734,ARTISAN PASTA PENNE,6,2025-08-25 22:22:05,3.18,17220.0,France
538559,22961,HEART OF WICKER LARGE,2,2025-05-10 05:06:44,3.02,13316.0,United Kingdom
538559,85099B,WHITE HANGING HEART T-LIGHT HOLDER,3,2025-05-10 05:06:44,2.47,13316.0,United Kingdom
538559,84882,GARDENING GLOVES PAIR,1,2025-05-10 05:06:44,4.76,13316.0,United Kingdom
538559,84879,CERAMIC PLANT POT WHITE,1,2025-05-10 05:06:44,10.13,13316.0,United Kingdom
538560,71056,LARGE DESK PAD BLACK,2,2025-03-12 01:07:59,16.09,14541.0,United Kingdom
538560,71055,USB-C MULTIPORT ADAPTER,6,2025-03-12 01:07:59,25.35,14541.0,United Kingdom
538560,71057,MONITOR LIGHT BAR,2,2025-03-12 01:07:59,40.71,14541.0,United Kingdom
538560,71054,MECHANICAL KEYBOARD,6,2025-03-12 01:07:59,71.81,14541.0,United Kingdom
538561,21218,SCENTED CANDLE LAVENDER,2,2025-12-01 02:34:23,4.08,16089.0,Germany
538562,84879,CERAMIC PLANT POT WHITE,4,2025-10-18 01:29:31,10.34,16308.0,Belgium
538562,84880,WATERING CAN GREEN 2L,2,2025-10-18 01:29:31,11.05,16308.0,Belgium
538563,22720,SET OF 3 CAKE TINS PANTRY,3,2025-09-11 20:35:13,4.94,12580.0,United Kingdom
538563,22961,HEART OF WICKER LARGE,6,2025-09-11 20:35:13,3.03,12580.0,United Kingdom
538563,21216,EMERGENCY FIRST AID TIN,2,2025-09-11 20:35:13,3.9,12580.0,United Kingdom
538563,21228,WALL CLOCK RETRO RED,2,2025-09-11 20:35:13,18.92,12580.0,United Kingdom
538564,85123D,FRENCH VANILLA SYRUP,24,2025-02-16 22:53:25,5.81,14617.0,France
538564,85123A,COLOMBIAN ROAST COFFEE,1,2025-02-16 22:53:25,8.82,14617.0,France
538564,85123B,PURE CANE SUGAR,2,2025-02-16 22:53:25,2.49,14617.0,France
538564,85123C,  DARK CHOCOLATE BAR 85%   ,2,2025-02-16 22:53:25,3.67,14617.0,France
538564,85123E,CERAMIC COFFEE MUG,1,2025-02-16 22:53:25,6.59,14617.0,France
538564,71056,LARGE DESK PAD BLACK,2,2025-02-16 22:53:25,16.16,14617.0,France
538564,71054,MECHANICAL KEYBOARD,1,2025-02-16 22:53:25,67.41,14617.0,France
538564,21222,RETRO SPOT APRON,1,2025-02-16 22:53:25,7.25,14617.0,France
538565,21737,GARLIC HERB BREADSTICKS,4,2025-10-05 02:30:22,2.86,14162.0,United Kingdom
538565,21735,AGED PARMESAN REGGIANO,2,2025-10-05 02:30:22,7.72,14162.0,United Kingdom
538565,21736,ORGANIC TOMATO BASIL SAUCE,6,2025-10-05 02:30:22,4.5,14162.0,United Kingdom
538565,21733,ITALIAN EXTRA VIRGIN OLIVE OIL,2,2025-10-05 02:30:22,12.39,14162.0,United Kingdom
538565,21734,ARTISAN PASTA PENNE,1,2025-10-05 02:30:22,3.29,14162.0,United Kingdom
538566,71056,LARGE DESK PAD BLACK,1,2025-04-18 21:56:44,16.69,12654.0,United Kingdom
538566,71057,MONITOR LIGHT BAR,2,2025-04-18 21:56:44,39.45,12654.0,United Kingdom
538567,84883,LED GROW LIGHT BULB,6,2025-08-06 01:09:55,15.68,17001.0,United Kingdom
538567,84880,WATERING CAN GREEN 2L,2,2025-08-06 01:09:55,10.95,17001.0,United Kingdom
538567,84881,ORGANIC POTTING SOIL 10L,6,2025-08-06 01:09:55,7.29,17001.0,United Kingdom
538567,84879,CERAMIC PLANT POT WHITE,1,2025-08-06 01:09:55,9.73,17001.0,United Kingdom
538567,71056,LARGE DESK PAD BLACK,4,2025-08-06 01:09:55,15.2,17001.0,United Kingdom
538567,71053,WIRELESS ERGONOMIC MOUSE,12,2025-08-06 01:09:55,30.17,17001.0,United Kingdom
538568,21733,ITALIAN EXTRA VIRGIN OLIVE OIL,6,2025-05-22 21:30:55,13.62,,United Kingdom
538568,21735,AGED PARMESAN REGGIANO,2,2025-05-22 21:30:55,7.7,,United Kingdom
538568,21734,ARTISAN PASTA PENNE,2,2025-05-22 21:30:55,3.38,,United Kingdom
538569,84883,LED GROW LIGHT BULB,2,2025-07-07 02:34:29,14.55,14629.0,United Kingdom
538569,84879,CERAMIC PLANT POT WHITE,1,2025-07-07 02:34:29,9.82,14629.0,United Kingdom
538569,84881,ORGANIC POTTING SOIL 10L,2,2025-07-07 02:34:29,7.1,14629.0,United Kingdom
538569,84882,GARDENING GLOVES PAIR,6,2025-07-07 02:34:29,4.95,14629.0,United Kingdom
538569,84880,WATERING CAN GREEN 2L,24,2025-07-07 02:34:29,11.58,14629.0,United Kingdom
538570,84879,CERAMIC PLANT POT WHITE,1,2025-11-02 23:16:11,10.46,17721.0,United Kingdom
538570,84880,WATERING CAN GREEN 2L,1,2025-11-02 23:16:11,11.54,17721.0,United Kingdom
538570,71054,MECHANICAL KEYBOARD,4,2025-11-02 23:16:11,67.43,17721.0,United Kingdom
538570,71057,MONITOR LIGHT BAR,1,2025-11-02 23:16:11,40.17,17721.0,United Kingdom
538570,71056,LARGE DESK PAD BLACK,3,2025-11-02 23:16:11,16.49,17721.0,United Kingdom
538570,20728,CAPPUCCINO CUP & SAUCER,2,2025-11-02 23:16:11,8.79,17721.0,United Kingdom
538570,20727,ALMOND DANISH,1,2025-11-02 23:16:11,2.72,17721.0,United Kingdom
538570,20725,CROISSANT ALL BUTTER,6,2025-11-02 23:16:11,2.23,17721.0,United Kingdom
538570,21215,WOODEN PICTURE FRAME,4,2025-11-02 23:16:11,5.23,17721.0,United Kingdom
538570,21220,BICYCLE PUNCTURE REPAIR KIT,6,2025-11-02 23:16:11,3.14,17721.0,United Kingdom
538571,84880,WATERING CAN GREEN 2L,1,2025-10-23 21:36:24,11.68,,United Kingdom
538571,84879,CERAMIC PLANT POT WHITE,1,2025-10-23 21:36:24,10.18,,United Kingdom
538571,84883,LED GROW LIGHT BULB,3,2025-10-23 21:36:24,14.78,,United Kingdom
538571,84882,GARDENING GLOVES PAIR,1,2025-10-23 21:36:24,5.01,,United Kingdom
538572,21736,ORGANIC TOMATO BASIL SAUCE,6,2025-05-22 01:00:13,4.45,17536.0,United Kingdom
538572,21733,ITALIAN EXTRA VIRGIN OLIVE OIL,4,2025-05-22 01:00:13,13.18,17536.0,United Kingdom
538572,21734,ARTISAN PASTA PENNE,6,2025-05-22 01:00:13,3.45,17536.0,United Kingdom
538572,21735,AGED PARMESAN REGGIANO,2,2025-05-22 01:00:13,8.08,17536.0,United Kingdom
538573,85099B,WHITE HANGING HEART T-LIGHT HOLDER,1,2025-12-20 00:09:24,2.59,,United Kingdom
538573,22961,HEART OF WICKER LARGE,2,2025-12-20 00:09:24,3.01,,United Kingdom
538573,21737,GARLIC HERB BREADSTICKS,6,2025-12-20 00:09:24,2.94,,United Kingdom
538573,21734,ARTISAN PASTA PENNE,3,2025-12-20 00:09:24,3.23,,United Kingdom
538574,20729,BLUEBERRY SCONE,2,2025-07-24 21:14:53,2.42,12839.0,United Kingdom
538574,20728,CAPPUCCINO CUP & SAUCER,2,2025-07-24 21:14:53,8.62,12839.0,United Kingdom
538574,20727,ALMOND DANISH,3,2025-07-24 21:14:53,2.69,12839.0,United Kingdom
538574,22961,HEART OF WICKER LARGE,1,2025-07-24 21:14:53,2.98,12839.0,United Kingdom
538574,85099B,WHITE HANGING HEART T-LIGHT HOLDER,1,2025-07-24 21:14:53,2.51,12839.0,United Kingdom
538574,22960,HEART OF WICKER SMALL,3,2025-07-24 21:14:53,1.72,12839.0,United Kingdom
538574,22720,SET OF 3 CAKE TINS PANTRY,1,2025-07-24 21:14:53,4.86,12839.0,United Kingdom
538575,84883,LED GROW LIGHT BULB,1,2025-10-07 23:38:55,15.64,,United Kingdom
538575,84880,WATERING CAN GREEN 2L,3,2025-10-07 23:38:55,11.78,,United Kingdom
538576,21733,ITALIAN EXTRA VIRGIN OLIVE OIL,2,2025-09-07 18:54:03,13.37,,United Kingdom
538576,21734,ARTISAN PASTA PENNE,1,2025-09-07 18:54:03,3.34,,United Kingdom
538576,21736,ORGANIC TOMATO BASIL SAUCE,6,2025-09-07 18:54:03,4.63,,United Kingdom
538576,21737,GARLIC HERB BREADSTICKS,1,2025-09-07 18:54:03,3.01,,United Kingdom
538577,84880,WATERING CAN GREEN 2L,1,2025-07-16 04:22:00,11.63,14930.0,United Kingdom
538577,84879,CERAMIC PLANT POT WHITE,1,2025-07-16 04:22:00,10.22,14930.0,United Kingdom
538577,84883,LED GROW LIGHT BULB,1,2025-07-16 04:22:00,14.6,14930.0,United Kingdom
538577,85123B,PURE CANE SUGAR,2,2025-07-16 04:22:00,2.41,14930.0,United Kingdom
538577,85123C,DARK CHOCOLATE BAR 85%,2,2025-07-16 04:22:00,3.61,14930.0,United Kingdom
538577,85123A,COLOMBIAN ROAST COFFEE,6,2025-07-16 04:22:00,9.32,14930.0,United Kingdom
538577,85123E,CERAMIC COFFEE MUG,3,2025-07-16 04:22:00,6.58,14930.0,United Kingdom
538578,85123C,DARK CHOCOLATE BAR 85%,4,2025-02-04 17:36:57,3.34,14646.0,United Kingdom
538578,85123E,CERAMIC COFFEE MUG,12,2025-02-04 17:36:57,6.43,14646.0,United Kingdom
538578,85123D,FRENCH VANILLA SYRUP,1,2025-02-04 17:36:57,5.89,14646.0,United Kingdom
538578,85123A,COLOMBIAN ROAST COFFEE,2,2025-02-04 17:36:57,8.8,14646.0,United Kingdom
538578,22960,HEART OF WICKER SMALL,1,2025-02-04 17:36:57,1.65,14646.0,United Kingdom
538578,22423,REGENCY CAKESTAND 3 TIER,1,2025-02-04 17:36:57,12.79,14646.0,United Kingdom
538578,85099B,WHITE HANGING HEART T-LIGHT HOLDER,1,2025-02-04 17:36:57,2.46,14646.0,United Kingdom
538578,22961,HEART OF WICKER LARGE,1,2025-02-04 17:36:57,2.97,14646.0,United Kingdom
538578,22720,SET OF 3 CAKE TINS PANTRY,1,2025-02-04 17:36:57,5.04,14646.0,United Kingdom
538579,84882,GARDENING GLOVES PAIR,1,2025-03-06 23:00:12,5.05,13298.0,United Kingdom
538579,84883,LED GROW LIGHT BULB,2,2025-03-06 23:00:12,15.05,13298.0,United Kingdom
538579,84879,CERAMIC PLANT POT WHITE,3,2025-03-06 23:00:12,10.14,13298.0,United Kingdom
538579,84881,ORGANIC POTTING SOIL 10L,1,2025-03-06 23:00:12,7.15,13298.0,United Kingdom
538579,21220,BICYCLE PUNCTURE REPAIR KIT,1,2025-03-06 23:00:12,3.02,13298.0,United Kingdom
538580,21736,ORGANIC TOMATO BASIL SAUCE,2,2025-07-10 03:11:50,4.62,,Germany
538580,21737,GARLIC HERB BREADSTICKS,4,2025-07-10 03:11:50,3.0,,Germany
538580,21230,BATHROOM SCALE VINTAGE,1,2025-07-10 03:11:50,21.21,,Germany
538581,21736,ORGANIC TOMATO BASIL SAUCE,4,2025-02-25 00:13:08,4.49,12919.0,United Kingdom
538581,21733,ITALIAN EXTRA VIRGIN OLIVE OIL,1,2025-02-25 00:13:08,13.39,12919.0,United Kingdom
538581,21737,GARLIC HERB BREADSTICKS,3,2025-02-25 00:13:08,2.87,12919.0,United Kingdom
538582,20728,CAPPUCCINO CUP & SAUCER,3,2025-09-13 18:02:20,8.1,13266.0,United Kingdom
538582,20725,CROISSANT ALL BUTTER,2,2025-09-13 18:02:20,2.22,13266.0,United Kingdom
538582,20726,PAIN AU CHOCOLAT,1,2025-09-13 18:02:20,2.41,13266.0,United Kingdom
538582,20729,BLUEBERRY SCONE,3,2025-09-13 18:02:20,2.38,13266.0,United Kingdom
538582,20727,ALMOND DANISH,2,2025-09-13 18:02:20,2.82,13266.0,United Kingdom
538583,22427,ORGANIC EGGS DOZEN,6,2025-01-13 19:36:07,5.06,,United Kingdom
538583,22423,ORGANIC WHOLE MILK,1,2025-01-13 19:36:07,3.65,,United Kingdom
538583,22425,SWEET CREAM BUTTER,1,2025-01-13 19:36:07,4.06,,United Kingdom
538583,22426,STRAWBERRY PRESERVES,2,2025-01-13 19:36:07,3.82,,United Kingdom
538584,71053,WIRELESS ERGONOMIC MOUSE,1,2025-09-17 22:23:16,29.31,13656.0,Germany
538584,71054,MECHANICAL KEYBOARD,1,2025-09-17 22:23:16,67.22,13656.0,Germany
538584,22425,SWEET CREAM BUTTER,2,2025-09-17 22:23:16,4.36,13656.0,Germany
538584,22427,ORGANIC EGGS DOZEN,2,2025-09-17 22:23:16,5.05,13656.0,Germany
538585,71057,MONITOR LIGHT BAR,6,2025-09-30 18:36:32,39.33,,United Kingdom
538585,71053,WIRELESS ERGONOMIC MOUSE,1,2025-09-30 18:36:32,31.35,,United Kingdom
538586,71053,WIRELESS ERGONOMIC MOUSE,1,2025-12-07 18:42:56,30.48,16529.0,United Kingdom
538586,71055,USB-C MULTIPORT ADAPTER,2,2025-12-07 18:42:56,24.58,16529.0,United Kingdom
538586,71056,LARGE DESK PAD BLACK,1,2025-12-07 18:42:56,16.76,16529.0,United Kingdom
538586,21212,VINTAGE SNAP CARDS,4,2025-12-07 18:42:56,0.85,16529.0,United Kingdom
538587,21230,BATHROOM SCALE VINTAGE,1,2025-11-13 00:08:42,21.87,12719.0,United Kingdom
538588,21735,AGED PARMESAN REGGIANO,3,2025-08-24 19:19:12,8.01,16727.0,United Kingdom
538588,21736,ORGANIC TOMATO BASIL SAUCE,3,2025-08-24 19:19:12,4.5,16727.0,United Kingdom
538588,21734,ARTISAN PASTA PENNE,3,2025-08-24 19:19:12,3.4,16727.0,United Kingdom
538588,21225,GLASS STORAGE JAR LARGE,3,2025-08-24 19:19:12,3.78,16727.0,United Kingdom
538589,71054,MECHANICAL KEYBOARD,1,2025-04-21 02:17:39,69.87,17763.0,United Kingdom
538589,71053,WIRELESS ERGONOMIC MOUSE,1,2025-04-21 02:17:39,31.14,17763.0,United Kingdom
538589,71055,USB-C MULTIPORT ADAPTER,2,2025-04-21 02:17:39,24.33,17763.0,United Kingdom
538590,71053,WIRELESS ERGONOMIC MOUSE,1,2025-12-04 17:49:20,29.75,14839.0,United Kingdom
538590,71055,USB-C MULTIPORT ADAPTER,1,2025-12-04 17:49:20,25.12,14839.0,United Kingdom
538590,20729,BLUEBERRY SCONE,3,2025-12-04 17:49:20,2.31,14839.0,United Kingdom
538590,20727,ALMOND DANISH,2,2025-12-04 17:49:20,2.7,14839.0,United Kingdom
538590,20726,PAIN AU CHOCOLAT,3,2025-12-04 17:49:20,2.59,14839.0,United Kingdom
538590,20725,CROISSANT ALL BUTTER,1,2025-12-04 17:49:20,2.31,14839.0,United Kingdom
538590,85123E,CERAMIC COFFEE MUG,12,2025-12-04 17:49:20,6.21,14839.0,United Kingdom
538590,85123B,PURE CANE SUGAR,3,2025-12-04 17:49:20,2.44,14839.0,United Kingdom
538590,21215,WOODEN PICTURE FRAME,3,2025-12-04 17:49:20,5.71,14839.0,United Kingdom
538590,21219,TRAVEL SEWING KIT,1,2025-12-04 17:49:20,2.16,14839.0,United Kingdom
538590,21221,RETRO SPOT TEA TOWEL,6,2025-12-04 17:49:20,2.52,14839.0,United Kingdom
538591,85123D,FRENCH VANILLA SYRUP,6,2025-10-10 17:51:38,6.14,,United Kingdom
538591,85123B,PURE CANE SUGAR,2,2025-10-10 17:51:38,2.56,,United Kingdom
538591,85123A,COLOMBIAN ROAST COFFEE,12,2025-10-10 17:51:38,8.98,,United Kingdom
538591,85123C,DARK CHOCOLATE BAR 85%,1,2025-10-10 17:51:38,3.6,,United Kingdom
538592,21735,AGED PARMESAN REGGIANO,6,2025-08-06 17:02:34,7.72,18045.0,United Kingdom
538592,21733,ITALIAN EXTRA VIRGIN OLIVE OIL,3,2025-08-06 17:02:34,12.93,18045.0,United Kingdom
538592,21737,GARLIC HERB BREADSTICKS,1,2025-08-06 17:02:34,2.99,18045.0,United Kingdom
538592,21734,ARTISAN PASTA PENNE,1,2025-08-06 17:02:34,3.23,18045.0,United Kingdom
538593,21733,ITALIAN EXTRA VIRGIN OLIVE OIL,1,2025-09-15 23:08:28,13.52,16798.0,United Kingdom
538593,21734,ARTISAN PASTA PENNE,12,2025-09-15 23:08:28,3.41,16798.0,United Kingdom
538593,85123C,DARK CHOCOLATE BAR 85%,2,2025-09-15 23:08:28,3.62,16798.0,United Kingdom
538593,85123A,COLOMBIAN ROAST COFFEE,6,2025-09-15 23:08:28,8.89,16798.0,United Kingdom
538593,21227,VINTAGE UNION JACK CUSHION,1,2025-09-15 23:08:28,15.06,16798.0,United Kingdom
538594,22427,ORGANIC EGGS DOZEN,1,2025-11-01 01:05:20,5.05,17645.0,United Kingdom
538594,22425,SWEET CREAM BUTTER,3,2025-11-01 01:05:20,4.19,17645.0,United Kingdom
538594,22426,STRAWBERRY PRESERVES,2,2025-11-01 01:05:20,4.01,17645.0,United Kingdom
538594,21225,GLASS STORAGE JAR LARGE,4,2025-11-01 01:05:20,3.79,17645.0,United Kingdom
538595,85123B,PURE CANE SUGAR,6,2025-02-05 23:38:01,2.4,12648.0,United Kingdom
538595,85123C,DARK CHOCOLATE BAR 85%,2,2025-02-05 23:38:01,3.37,12648.0,United Kingdom
538595,85123D,FRENCH VANILLA SYRUP,3,2025-02-05 23:38:01,6.01,12648.0,United Kingdom
538596,71053,WIRELESS ERGONOMIC MOUSE,6,2025-06-07 19:14:06,29.48,17321.0,United Kingdom
538596,71056,LARGE DESK PAD BLACK,3,2025-06-07 19:14:06,15.8,17321.0,United Kingdom
538596,71054,MECHANICAL KEYBOARD,4,2025-06-07 19:14:06,68.63,17321.0,United Kingdom
538596,71055,USB-C MULTIPORT ADAPTER,4,2025-06-07 19:14:06,24.94,17321.0,United Kingdom
538597,21733,ITALIAN EXTRA VIRGIN OLIVE OIL,1,2025-11-11 17:36:21,13.64,14345.0,United Kingdom
538597,21737,GARLIC HERB BREADSTICKS,3,2025-11-11 17:36:21,2.9,14345.0,United Kingdom
538597,21220,BICYCLE PUNCTURE REPAIR KIT,2,2025-11-11 17:36:21,3.11,14345.0,United Kingdom
538598,20728,CAPPUCCINO CUP & SAUCER,4,2025-09-23 16:37:39,8.1,16682.0,United Kingdom
538598,20729,BLUEBERRY SCONE,6,2025-09-23 16:37:39,2.35,16682.0,United Kingdom
538598,20725,CROISSANT ALL BUTTER,2,2025-09-23 16:37:39,2.35,16682.0,United Kingdom
538599,21734,ARTISAN PASTA PENNE,4,2025-02-21 20:42:00,3.25,17120.0,United Kingdom
538599,21736,ORGANIC TOMATO BASIL SAUCE,1,2025-02-21 20:42:00,4.56,17120.0,United Kingdom
538599,84883,LED GROW LIGHT BULB,1,2025-02-21 20:42:00,14.75,17120.0,United Kingdom
538599,84881,ORGANIC POTTING SOIL 10L,6,2025-02-21 20:42:00,7.05,17120.0,United Kingdom
538599,84880,WATERING CAN GREEN 2L,4,2025-02-21 20:42:00,12.04,17120.0,United Kingdom
538599,84882,GARDENING GLOVES PAIR,3,2025-02-21 20:42:00,5.11,17120.0,United Kingdom
538600,20726,PAIN AU CHOCOLAT,1,2025-11-27 20:35:11,2.52,14064.0,United Kingdom
538600,20727,ALMOND DANISH,1,2025-11-27 20:35:11,2.88,14064.0,United Kingdom
538600,20729,BLUEBERRY SCONE,3,2025-11-27 20:35:11,2.44,14064.0,United Kingdom
538600,22424,WHOLE WHEAT BREAD,1,2025-11-27 20:35:11,3.12,14064.0,United Kingdom
538600,22423,ORGANIC WHOLE MILK,2,2025-11-27 20:35:11,3.58,14064.0,United Kingdom
538600,22427,ORGANIC EGGS DOZEN,1,2025-11-27 20:35:11,5.09,14064.0,United Kingdom
538600,21217,PACK OF 20 NAPKINS,2,2025-11-27 20:35:11,1.41,14064.0,United Kingdom
538601,21735,AGED PARMESAN REGGIANO,1,2025-08-22 21:41:15,8.0,,United Kingdom
538601,21734,ARTISAN PASTA PENNE,2,2025-08-22 21:41:15,3.31,,United Kingdom
538601,21733,ITALIAN EXTRA VIRGIN OLIVE OIL,2,2025-08-22 21:41:15,13.63,,United Kingdom
538601,21736,ORGANIC TOMATO BASIL SAUCE,2,2025-08-22 21:41:15,4.68,,United Kingdom
538602,85123C,DARK CHOCOLATE BAR 85%,3,2025-03-02 19:36:53,3.63,15371.0,United Kingdom
538602,85123B,PURE CANE SUGAR,2,2025-03-02 19:36:53,2.53,15371.0,United Kingdom
538602,85123E,CERAMIC COFFEE MUG,4,2025-03-02 19:36:53,6.61,15371.0,United Kingdom
538602,85123D,FRENCH VANILLA SYRUP,3,2025-03-02 19:36:53,6.16,15371.0,United Kingdom
538602,21214,RECIPE BOX PANTRY DESIGN,2,2025-03-02 19:36:53,8.22,15371.0,United Kingdom
538602,21218,SCENTED CANDLE LAVENDER,6,2025-03-02 19:36:53,4.09,15371.0,United Kingdom
538603,22426,STRAWBERRY PRESERVES,4,2025-09-12 00:07:53,3.87,,United Kingdom
538603,22425,SWEET CREAM BUTTER,2,2025-09-12 00:07:53,4.36,,United Kingdom
538603,22424,WHOLE WHEAT BREAD,3,2025-09-12 00:07:53,2.97,,United Kingdom
538604,22425,SWEET CREAM BUTTER,2,2025-10-21 02:41:44,4.17,,United Kingdom
538604,22423,ORGANIC WHOLE MILK,1,2025-10-21 02:41:44,3.33,,United Kingdom
538604,22427,ORGANIC EGGS DOZEN,6,2025-10-21 02:41:44,4.96,,United Kingdom
538604,22426,STRAWBERRY PRESERVES,1,2025-10-21 02:41:44,3.71,,United Kingdom
538605,85099B,WHITE HANGING HEART T-LIGHT HOLDER,1,2025-09-12 20:05:12,2.53,14485.0,United Kingdom
538605,22960,HEART OF WICKER SMALL,3,2025-09-12 20:05:12,1.57,14485.0,United Kingdom
538605,85123E,CERAMIC COFFEE MUG,6,2025-09-12 20:05:12,6.63,14485.0,United Kingdom
538605,85123A,COLOMBIAN ROAST COFFEE,2,2025-09-12 20:05:12,9.08,14485.0,United Kingdom
538605,85123C,DARK CHOCOLATE BAR 85%,2,2025-09-12 20:05:12,3.37,14485.0,United Kingdom
538606,22423,REGENCY CAKESTAND 3 TIER,6,2025-04-19 04:02:58,12.39,16778.0,France
538606,22960,HEART OF WICKER SMALL,2,2025-04-19 04:02:58,1.7,16778.0,France
538607,85123A,COLOMBIAN ROAST COFFEE,1,2025-03-06 04:42:04,9.41,17405.0,Germany
538607,85123D,FRENCH VANILLA SYRUP,4,2025-03-06 04:42:04,6.18,17405.0,Germany
538607,71056,LARGE DESK PAD BLACK,12,2025-03-06 04:42:04,16.66,17405.0,Germany
538607,71055,USB-C MULTIPORT ADAPTER,3,2025-03-06 04:42:04,24.71,17405.0,Germany
538607,71054,MECHANICAL KEYBOARD,1,2025-03-06 04:42:04,68.51,17405.0,Germany
538608,21736,ORGANIC TOMATO BASIL SAUCE,3,2025-11-06 21:04:42,4.52,17990.0,United Kingdom
538608,21737,GARLIC HERB BREADSTICKS,2,2025-11-06 21:04:42,3.02,17990.0,United Kingdom
538608,20728,CAPPUCCINO CUP & SAUCER,3,2025-11-06 21:04:42,8.71,17990.0,United Kingdom
538608,20727,ALMOND DANISH,4,2025-11-06 21:04:42,2.79,17990.0,United Kingdom
538609,22960,HEART OF WICKER SMALL,1,2025-10-28 21:50:05,1.73,18096.0,United Kingdom
538609,22423,REGENCY CAKESTAND 3 TIER,2,2025-10-28 21:50:05,12.21,18096.0,United Kingdom
538609,22720,SET OF 3 CAKE TINS PANTRY,4,2025-10-28 21:50:05,4.74,18096.0,United Kingdom
538610,71053,WIRELESS ERGONOMIC MOUSE,2,2025-05-26 05:01:59,29.79,13617.0,United Kingdom
538610,71054,MECHANICAL KEYBOARD,3,2025-05-26 05:01:59,70.7,13617.0,United Kingdom
538610,21736,ORGANIC TOMATO BASIL SAUCE,2,2025-05-26 05:01:59,4.44,13617.0,United Kingdom
538610,21735,AGED PARMESAN REGGIANO,6,2025-05-26 05:01:59,7.54,13617.0,United Kingdom
538610,21733,ITALIAN EXTRA VIRGIN OLIVE OIL,12,2025-05-26 05:01:59,13.03,13617.0,United Kingdom
538610,21734,ARTISAN PASTA PENNE,2,2025-05-26 05:01:59,3.22,13617.0,United Kingdom
538610,20726,PAIN AU CHOCOLAT,2,2025-05-26 05:01:59,2.47,13617.0,United Kingdom
538610,20725,CROISSANT ALL BUTTER,2,2025-05-26 05:01:59,2.25,13617.0,United Kingdom
538610,20728,CAPPUCCINO CUP & SAUCER,4,2025-05-26 05:01:59,8.38,13617.0,United Kingdom
538610,21231,FELTCRAFT DOLL ROSIE,3,2025-05-26 05:01:59,2.85,13617.0,United Kingdom
538611,71057,MONITOR LIGHT BAR,6,2025-07-18 22:59:19,41.47,12526.0,United Kingdom
538611,71055,USB-C MULTIPORT ADAPTER,1,2025-07-18 22:59:19,25.95,12526.0,United Kingdom
538611,71056,LARGE DESK PAD BLACK,1,2025-07-18 22:59:19,16.4,12526.0,United Kingdom
538611,71053,WIRELESS ERGONOMIC MOUSE,1,2025-07-18 22:59:19,29.11,12526.0,United Kingdom
538611,71054,MECHANICAL KEYBOARD,2,2025-07-18 22:59:19,72.81,12526.0,United Kingdom
538611,21229,HAND WARMER BIRD DESIGN,1,2025-07-18 22:59:19,1.98,12526.0,United Kingdom
538612,20727,ALMOND DANISH,4,2025-04-27 21:05:20,2.66,16305.0,Germany
538612,20725,CROISSANT ALL BUTTER,1,2025-04-27 21:05:20,2.15,16305.0,Germany
538612,22961,HEART OF WICKER LARGE,6,2025-04-27 21:05:20,3.09,16305.0,Germany
538612,22960,HEART OF WICKER SMALL,3,2025-04-27 21:05:20,1.71,16305.0,Germany
538612,22423,REGENCY CAKESTAND 3 TIER,2,2025-04-27 21:05:20,12.63,16305.0,Germany
538613,85123B,PURE CANE SUGAR,1,2025-02-26 20:14:55,2.44,16453.0,France
538613,85123C,DARK CHOCOLATE BAR 85%,1,2025-02-26 20:14:55,3.63,16453.0,France
538613,85123E,CERAMIC COFFEE MUG,4,2025-02-26 20:14:55,6.24,16453.0,France
538613,21217,PACK OF 20 NAPKINS,2,2025-02-26 20:14:55,1.42,16453.0,France
538614,85123D,FRENCH VANILLA SYRUP,1,2025-12-28 16:36:21,5.89,12774.0,United Kingdom
538614,85123E,CERAMIC COFFEE MUG,1,2025-12-28 16:36:21,6.73,12774.0,United Kingdom
538614,22423,ORGANIC WHOLE MILK,2,2025-12-28 16:36:21,3.33,12774.0,United Kingdom
538614,22425,SWEET CREAM BUTTER,1,2025-12-28 16:36:21,4.3,12774.0,United Kingdom
538614,21217,PACK OF 20 NAPKINS,1,2025-12-28 16:36:21,1.43,12774.0,United Kingdom
538614,21212,VINTAGE SNAP CARDS,1,2025-12-28 16:36:21,0.89,12774.0,United Kingdom
538614,21221,RETRO SPOT TEA TOWEL,3,2025-12-28 16:36:21,2.44,12774.0,United Kingdom
538615,20728,CAPPUCCINO CUP & SAUCER,2,2025-11-20 21:01:46,8.08,16440.0,Spain
538615,20725,CROISSANT ALL BUTTER,1,2025-11-20 21:01:46,2.28,16440.0,Spain
538615,20726,PAIN AU CHOCOLAT,1,2025-11-20 21:01:46,2.52,16440.0,Spain
538616,84881,ORGANIC POTTING SOIL 10L,1,2025-11-28 20:23:20,6.81,13279.0,United Kingdom
538616,84880,WATERING CAN GREEN 2L,2,2025-11-28 20:23:20,11.0,13279.0,United Kingdom
538616,84879,CERAMIC PLANT POT WHITE,3,2025-11-28 20:23:20,10.35,13279.0,United Kingdom
538617,71054,MECHANICAL KEYBOARD,1,2025-02-24 20:57:33,67.95,15975.0,United Kingdom
538617,71057,MONITOR LIGHT BAR,1,2025-02-24 20:57:33,39.23,15975.0,United Kingdom
538617,22960,HEART OF WICKER SMALL,3,2025-02-24 20:57:33,1.65,15975.0,United Kingdom
538617,22720,SET OF 3 CAKE TINS PANTRY,2,2025-02-24 20:57:33,5.16,15975.0,United Kingdom
538617,22423,REGENCY CAKESTAND 3 TIER,3,2025-02-24 20:57:33,12.52,15975.0,United Kingdom
538617,85099B,WHITE HANGING HEART T-LIGHT HOLDER,3,2025-02-24 20:57:33,2.66,15975.0,United Kingdom
538617,22961,HEART OF WICKER LARGE,2,2025-02-24 20:57:33,3.01,15975.0,United Kingdom
538617,21229,HAND WARMER BIRD DESIGN,4,2025-02-24 20:57:33,2.01,15975.0,United Kingdom
538617,21218,SCENTED CANDLE LAVENDER,6,2025-02-24 20:57:33,4.37,15975.0,United Kingdom
538618,22423,ORGANIC WHOLE MILK,1,2025-01-23 05:27:28,3.33,13239.0,United Kingdom
538618,22427,ORGANIC EGGS DOZEN,3,2025-01-23 05:27:28,5.12,13239.0,United Kingdom
538619,22424,WHOLE WHEAT BREAD,1,2025-04-10 23:20:39,3.06,,Spain
538619,22426,STRAWBERRY PRESERVES,2,2025-04-10 23:20:39,3.71,,Spain
538619,22423,ORGANIC WHOLE MILK,2,2025-04-10 23:20:39,3.64,,Spain
538620,21737,GARLIC HERB BREADSTICKS,1,2025-09-19 03:57:09,3.13,,United Kingdom
538620,21736,ORGANIC TOMATO BASIL SAUCE,1,2025-09-19 03:57:09,4.28,,United Kingdom
538620,21733,ITALIAN EXTRA VIRGIN OLIVE OIL,6,2025-09-19 03:57:09,13.4,,United Kingdom
538620,21735,AGED PARMESAN REGGIANO,4,2025-09-19 03:57:09,7.54,,United Kingdom
538620,21734,ARTISAN PASTA PENNE,6,2025-09-19 03:57:09,3.17,,United Kingdom
538620,21219,TRAVEL SEWING KIT,3,2025-09-19 03:57:09,2.02,,United Kingdom
538621,71053,WIRELESS ERGONOMIC MOUSE,2,2025-10-31 02:53:10,28.62,17487.0,United Kingdom
538621,71054,MECHANICAL KEYBOARD,2,2025-10-31 02:53:10,71.04,17487.0,United Kingdom
538621,71056,LARGE DESK PAD BLACK,1,2025-10-31 02:53:10,16.72,17487.0,United Kingdom
538621,71057,MONITOR LIGHT BAR,2,2025-10-31 02:53:10,38.03,17487.0,United Kingdom
538621,71055,USB-C MULTIPORT ADAPTER,3,2025-10-31 02:53:10,26.17,17487.0,United Kingdom
538621,22423,REGENCY CAKESTAND 3 TIER,6,2025-10-31 02:53:10,12.22,17487.0,United Kingdom
538621,22961,HEART OF WICKER LARGE,2,2025-10-31 02:53:10,2.97,17487.0,United Kingdom
538622,20726,PAIN AU CHOCOLAT,1,2025-11-26 18:31:08,2.61,17818.0,United Kingdom
538622,20727,ALMOND DANISH,1,2025-11-26 18:31:08,2.63,17818.0,United Kingdom
538623,85123D,FRENCH VANILLA SYRUP,6,2025-05-09 19:10:38,5.86,14730.0,United Kingdom
538623,85123A,COLOMBIAN ROAST COFFEE,2,2025-05-09 19:10:38,9.04,14730.0,United Kingdom
538623,85123B,PURE CANE SUGAR,4,2025-05-09 19:10:38,2.42,14730.0,United Kingdom
538624,85123E,CERAMIC COFFEE MUG,2,2025-07-07 23:40:17,6.19,13572.0,United Kingdom
538624,85123D,FRENCH VANILLA SYRUP,1,2025-07-07 23:40:17,5.83,13572.0,United Kingdom
538624,85123B,PURE CANE SUGAR,3,2025-07-07 23:40:17,2.38,13572.0,United Kingdom
538624,21733,ITALIAN EXTRA VIRGIN OLIVE OIL,4,2025-07-07 23:40:17,13.36,13572.0,United Kingdom
538624,21737,GARLIC HERB BREADSTICKS,2,2025-07-07 23:40:17,3.1,13572.0,United Kingdom
538625,22423,ORGANIC WHOLE MILK,1,2025-08-29 22:54:10,3.5,16440.0,United Kingdom
538625,22427,ORGANIC EGGS DOZEN,3,2025-08-29 22:54:10,4.85,16440.0,United Kingdom
538625,22425,SWEET CREAM BUTTER,4,2025-08-29 22:54:10,4.2,16440.0,United Kingdom
538625,22424,WHOLE WHEAT BREAD,1,2025-08-29 22:54:10,2.91,16440.0,United Kingdom
538625,21224,GLASS STORAGE JAR SMALL,2,2025-08-29 22:54:10,2.27,16440.0,United Kingdom
538626,22423,ORGANIC WHOLE MILK,1,2025-06-24 01:20:00,3.34,12640.0,United Kingdom
538626,22425,SWEET CREAM BUTTER,2,2025-06-24 01:20:00,4.34,12640.0,United Kingdom
538626,22424,WHOLE WHEAT BREAD,4,2025-06-24 01:20:00,2.86,12640.0,United Kingdom
538626,21231,FELTCRAFT DOLL ROSIE,2,2025-06-24 01:20:00,2.96,12640.0,United Kingdom
538627,22423,REGENCY CAKESTAND 3 TIER,3,2025-08-26 04:27:24,13.21,,United Kingdom
538627,22960,HEART OF WICKER SMALL,2,2025-08-26 04:27:24,1.66,,United Kingdom
538627,85099B,WHITE HANGING HEART T-LIGHT HOLDER,1,2025-08-26 04:27:24,2.55,,United Kingdom
538627,22720,SET OF 3 CAKE TINS PANTRY,2,2025-08-26 04:27:24,5.18,,United Kingdom
538627,22961,  HEART OF WICKER LARGE   ,6,2025-08-26 04:27:24,2.87,,United Kingdom
538627,21229,HAND WARMER BIRD DESIGN,1,2025-08-26 04:27:24,1.95,,United Kingdom
538628,21734,ARTISAN PASTA PENNE,1,2025-04-03 00:52:08,3.27,13753.0,United Kingdom
538628,21733,ITALIAN EXTRA VIRGIN OLIVE OIL,3,2025-04-03 00:52:08,12.94,13753.0,United Kingdom
538628,21735,AGED PARMESAN REGGIANO,2,2025-04-03 00:52:08,7.75,13753.0,United Kingdom
538628,21736,ORGANIC TOMATO BASIL SAUCE,1,2025-04-03 00:52:08,4.53,13753.0,United Kingdom
538628,21213,MINI PAINT SET 9 COLOURS,3,2025-04-03 00:52:08,1.27,13753.0,United Kingdom
538629,21735,AGED PARMESAN REGGIANO,3,2025-11-11 20:19:29,8.22,15362.0,United Kingdom
538629,21737,GARLIC HERB BREADSTICKS,4,2025-11-11 20:19:29,2.99,15362.0,United Kingdom
538630,71056,  LARGE DESK PAD BLACK   ,6,2025-08-16 00:59:12,16.24,17081.0,Germany
538630,71053,WIRELESS ERGONOMIC MOUSE,4,2025-08-16 00:59:12,30.03,17081.0,Germany
538630,84879,CERAMIC PLANT POT WHITE,6,2025-08-16 00:59:12,9.72,17081.0,Germany
538630,84880,WATERING CAN GREEN 2L,2,2025-08-16 00:59:12,11.52,17081.0,Germany
538630,84882,GARDENING GLOVES PAIR,6,2025-08-16 00:59:12,5.2,17081.0,Germany
538630,22423,REGENCY CAKESTAND 3 TIER,12,2025-08-16 00:59:12,12.24,17081.0,Germany
538630,85099B,WHITE HANGING HEART T-LIGHT HOLDER,1,2025-08-16 00:59:12,2.49,17081.0,Germany
538630,22720,SET OF 3 CAKE TINS PANTRY,1,2025-08-16 00:59:12,5.12,17081.0,Germany
538630,21222,RETRO SPOT APRON,6,2025-08-16 00:59:12,7.11,17081.0,Germany
538631,85123B,PURE CANE SUGAR,1,2025-07-09 22:36:07,2.51,17042.0,France
538631,85123A,COLOMBIAN ROAST COFFEE,2,2025-07-09 22:36:07,9.08,17042.0,France
538631,85123D,FRENCH VANILLA SYRUP,2,2025-07-09 22:36:07,5.79,17042.0,France
538632,21219,TRAVEL SEWING KIT,6,2025-03-06 16:33:51,2.0,14888.0,United Kingdom
538633,84883,LED GROW LIGHT BULB,1,2025-08-28 20:53:07,14.29,,United Kingdom
538633,84880,WATERING CAN GREEN 2L,2,2025-08-28 20:53:07,11.6,,United Kingdom
538633,84882,GARDENING GLOVES PAIR,4,2025-08-28 20:53:07,4.9,,United Kingdom
538634,21733,ITALIAN EXTRA VIRGIN OLIVE OIL,2,2025-12-06 18:56:27,12.68,13668.0,United Kingdom
538634,21737,GARLIC HERB BREADSTICKS,1,2025-12-06 18:56:27,3.05,13668.0,United Kingdom
538634,21734,ARTISAN PASTA PENNE,3,2025-12-06 18:56:27,3.23,13668.0,United Kingdom
538634,21736,ORGANIC TOMATO BASIL SAUCE,3,2025-12-06 18:56:27,4.59,13668.0,United Kingdom
538634,22425,SWEET CREAM BUTTER,3,2025-12-06 18:56:27,4.15,13668.0,United Kingdom
538634,22426,STRAWBERRY PRESERVES,6,2025-12-06 18:56:27,3.73,13668.0,United Kingdom
538634,22427,ORGANIC EGGS DOZEN,1,2025-12-06 18:56:27,5.0,13668.0,United Kingdom
538634,22424,WHOLE WHEAT BREAD,1,2025-12-06 18:56:27,2.9,13668.0,United Kingdom
538634,71053,WIRELESS ERGONOMIC MOUSE,6,2025-12-06 18:56:27,30.76,13668.0,United Kingdom
538634,71055,USB-C MULTIPORT ADAPTER,1,2025-12-06 18:56:27,25.94,13668.0,United Kingdom
538634,71054,MECHANICAL KEYBOARD,3,2025-12-06 18:56:27,66.74,13668.0,United Kingdom
538635,84883,LED GROW LIGHT BULB,2,2025-12-29 20:09:54,14.98,17279.0,United Kingdom
538635,84881,ORGANIC POTTING SOIL 10L,1,2025-12-29 20:09:54,7.2,17279.0,United Kingdom
538635,84880,WATERING CAN GREEN 2L,2,2025-12-29 20:09:54,11.99,17279.0,United Kingdom
538636,20725,CROISSANT ALL BUTTER,1,2025-12-14 20:32:20,2.18,16237.0,EIRE
538636,20728,CAPPUCCINO CUP & SAUCER,1,2025-12-14 20:32:20,8.74,16237.0,EIRE
538636,20726,PAIN AU CHOCOLAT,3,2025-12-14 20:32:20,2.56,16237.0,EIRE
538637,21216,EMERGENCY FIRST AID TIN,4,2025-06-09 19:08:14,3.74,13389.0,United Kingdom
538638,85123A,COLOMBIAN ROAST COFFEE,2,2025-08-21 17:26:05,8.64,13147.0,United Kingdom
538638,85123B,PURE CANE SUGAR,2,2025-08-21 17:26:05,2.51,13147.0,United Kingdom
538638,M,MANUAL,4,2025-08-21 17:26:05,2.41,13147.0,United Kingdom
538639,21733,ITALIAN EXTRA VIRGIN OLIVE OIL,1,2025-05-06 01:06:25,13.43,17713.0,United Kingdom
538639,21734,ARTISAN PASTA PENNE,24,2025-05-06 01:06:25,3.39,17713.0,United Kingdom
538639,21228,WALL CLOCK RETRO RED,1,2025-05-06 01:06:25,18.33,17713.0,United Kingdom
538639,21225,GLASS STORAGE JAR LARGE,1,2025-05-06 01:06:25,4.05,17713.0,United Kingdom
538639,21217,PACK OF 20 NAPKINS,24,2025-05-06 01:06:25,1.46,17713.0,United Kingdom
538640,21733,ITALIAN EXTRA VIRGIN OLIVE OIL,4,2025-08-13 04:17:25,13.08,,United Kingdom
538640,21736,ORGANIC TOMATO BASIL SAUCE,1,2025-08-13 04:17:25,4.49,,United Kingdom
538640,21737,GARLIC HERB BREADSTICKS,1,2025-08-13 04:17:25,2.88,,United Kingdom
538640,21735,AGED PARMESAN REGGIANO,4,2025-08-13 04:17:25,7.78,,United Kingdom
538640,21220,BICYCLE PUNCTURE REPAIR KIT,24,2025-08-13 04:17:25,2.96,,United Kingdom
538641,22961,HEART OF WICKER LARGE,2,2025-04-04 22:25:52,2.93,14521.0,United Kingdom
538641,22720,SET OF 3 CAKE TINS PANTRY,2,2025-04-04 22:25:52,5.04,14521.0,United Kingdom
538641,22423,REGENCY CAKESTAND 3 TIER,1,2025-04-04 22:25:52,12.66,14521.0,United Kingdom
538641,21230,BATHROOM SCALE VINTAGE,24,2025-04-04 22:25:52,22.71,14521.0,United Kingdom
538642,22424,WHOLE WHEAT BREAD,2,2025-06-13 04:12:27,2.84,16583.0,United Kingdom
538642,22427,ORGANIC EGGS DOZEN,1,2025-06-13 04:12:27,4.9,16583.0,United Kingdom
538642,22426,STRAWBERRY PRESERVES,1,2025-06-13 04:12:27,3.87,16583.0,United Kingdom
538643,84879,CERAMIC PLANT POT WHITE,2,2025-03-10 02:02:22,9.94,13698.0,United Kingdom
538643,84881,ORGANIC POTTING SOIL 10L,24,2025-03-10 02:02:22,6.91,13698.0,United Kingdom
538643,84880,WATERING CAN GREEN 2L,2,2025-03-10 02:02:22,12.01,13698.0,United Kingdom
538643,84883,LED GROW LIGHT BULB,2,2025-03-10 02:02:22,15.38,13698.0,United Kingdom
538644,20729,BLUEBERRY SCONE,1,2025-01-11 21:15:59,2.31,18050.0,United Kingdom
538644,20728,CAPPUCCINO CUP & SAUCER,1,2025-01-11 21:15:59,8.61,18050.0,United Kingdom
538645,71056,LARGE DESK PAD BLACK,2,2025-12-18 18:03:28,16.5,18205.0,France
538645,71055,USB-C MULTIPORT ADAPTER,1,2025-12-18 18:03:28,24.57,18205.0,France
538645,71057,MONITOR LIGHT BAR,3,2025-12-18 18:03:28,41.4,18205.0,France
538645,71053,WIRELESS ERGONOMIC MOUSE,3,2025-12-18 18:03:28,28.62,18205.0,France
538646,22960,HEART OF WICKER SMALL,3,2025-06-18 05:03:38,1.71,17547.0,United Kingdom
538646,22423,REGENCY CAKESTAND 3 TIER,4,2025-06-18 05:03:38,12.55,17547.0,United Kingdom
538646,22720,SET OF 3 CAKE TINS PANTRY,1,2025-06-18 05:03:38,5.03,17547.0,United Kingdom
538647,21231,FELTCRAFT DOLL ROSIE,2,2025-08-15 05:22:40,3.01,13033.0,United Kingdom
538648,84879,CERAMIC PLANT POT WHITE,1,2025-02-14 04:06:23,10.48,18274.0,United Kingdom
538648,84883,LED GROW LIGHT BULB,1,2025-02-14 04:06:23,15.42,18274.0,United Kingdom
538648,84880,WATERING CAN GREEN 2L,1,2025-02-14 04:06:23,11.35,18274.0,United Kingdom
538648,84881,ORGANIC POTTING SOIL 10L,3,2025-02-14 04:06:23,6.65,18274.0,United Kingdom
538648,21212,VINTAGE SNAP CARDS,12,2025-02-14 04:06:23,0.84,18274.0,United Kingdom
538649,22424,WHOLE WHEAT BREAD,6,2025-12-24 22:57:49,2.89,,United Kingdom
538649,22426,STRAWBERRY PRESERVES,2,2025-12-24 22:57:49,4.05,,United Kingdom
538649,22427,ORGANIC EGGS DOZEN,6,2025-12-24 22:57:49,5.11,,United Kingdom
538649,21229,HAND WARMER BIRD DESIGN,1,2025-12-24 22:57:49,1.9,,United Kingdom
538650,84882,GARDENING GLOVES PAIR,2,2025-04-20 17:52:55,5.05,14703.0,United Kingdom
538650,84879,CERAMIC PLANT POT WHITE,4,2025-04-20 17:52:55,9.72,14703.0,United Kingdom
538650,84881,ORGANIC POTTING SOIL 10L,2,2025-04-20 17:52:55,7.24,14703.0,United Kingdom
538650,71054,MECHANICAL KEYBOARD,1,2025-04-20 17:52:55,70.3,14703.0,United Kingdom
538650,71053,WIRELESS ERGONOMIC MOUSE,2,2025-04-20 17:52:55,31.02,14703.0,United Kingdom
538650,71056,LARGE DESK PAD BLACK,12,2025-04-20 17:52:55,16.28,14703.0,United Kingdom
538651,85099B,WHITE HANGING HEART T-LIGHT HOLDER,1,2025-12-02 17:13:56,2.45,,United Kingdom
538651,22960,HEART OF WICKER SMALL,3,2025-12-02 17:13:56,1.59,,United Kingdom
538651,21220,BICYCLE PUNCTURE REPAIR KIT,6,2025-12-02 17:13:56,3.15,,United Kingdom
538651,21222,RETRO SPOT APRON,2,2025-12-02 17:13:56,6.74,,United Kingdom
538652,21733,ITALIAN EXTRA VIRGIN OLIVE OIL,6,2026-01-05 17:01:57,12.48,16520.0,United Kingdom
538652,21735,AGED PARMESAN REGGIANO,2,2026-01-05 17:01:57,7.71,16520.0,United Kingdom
538652,21736,ORGANIC TOMATO BASIL SAUCE,1,2026-01-05 17:01:57,4.58,16520.0,United Kingdom
538652,21734,ARTISAN PASTA PENNE,4,2026-01-05 17:01:57,3.3,16520.0,United Kingdom
538652,21737,GARLIC HERB BREADSTICKS,1,2026-01-05 17:01:57,3.03,16520.0,United Kingdom
538652,22720,SET OF 3 CAKE TINS PANTRY,1,2026-01-05 17:01:57,5.07,16520.0,United Kingdom
538652,22961,HEART OF WICKER LARGE,3,2026-01-05 17:01:57,2.92,16520.0,United Kingdom
538652,22423,REGENCY CAKESTAND 3 TIER,1,2026-01-05 17:01:57,12.79,16520.0,United Kingdom
538652,84881,ORGANIC POTTING SOIL 10L,1,2026-01-05 17:01:57,7.31,16520.0,United Kingdom
538652,84882,GARDENING GLOVES PAIR,2,2026-01-05 17:01:57,5.12,16520.0,United Kingdom
538652,21218,SCENTED CANDLE LAVENDER,6,2026-01-05 17:01:57,4.4,16520.0,United Kingdom
538653,71055,USB-C MULTIPORT ADAPTER,1,2025-11-11 00:02:33,24.35,,United Kingdom
538653,71054,MECHANICAL KEYBOARD,1,2025-11-11 00:02:33,71.21,,United Kingdom
538653,71056,LARGE DESK PAD BLACK,1,2025-11-11 00:02:33,16.13,,United Kingdom
538654,85123B,PURE CANE SUGAR,3,2025-03-20 21:10:53,2.4,14939.0,United Kingdom
538654,85123E,CERAMIC COFFEE MUG,1,2025-03-20 21:10:53,6.28,14939.0,United Kingdom
538654,85123D,FRENCH VANILLA SYRUP,1,2025-03-20 21:10:53,5.96,14939.0,United Kingdom
538654,21224,GLASS STORAGE JAR SMALL,1,2025-03-20 21:10:53,2.26,14939.0,United Kingdom
538655,20725,CROISSANT ALL BUTTER,2,2025-03-01 17:56:57,2.29,13741.0,United Kingdom
538655,20728,CAPPUCCINO CUP & SAUCER,3,2025-03-01 17:56:57,8.61,13741.0,United Kingdom
538656,22423,ORGANIC WHOLE MILK,1,2025-09-10 19:30:07,3.43,,United Kingdom
538656,22425,SWEET CREAM BUTTER,12,2025-09-10 19:30:07,4.25,,United Kingdom
538657,20727,ALMOND DANISH,1,2025-05-28 19:11:06,2.63,12768.0,United Kingdom
538657,20725,CROISSANT ALL BUTTER,2,2025-05-28 19:11:06,2.27,12768.0,United Kingdom
538657,84882,GARDENING GLOVES PAIR,2,2025-05-28 19:11:06,5.06,12768.0,United Kingdom
538657,84880,WATERING CAN GREEN 2L,1,2025-05-28 19:11:06,11.0,12768.0,United Kingdom
538657,21231,FELTCRAFT DOLL ROSIE,1,2025-05-28 19:11:06,3.06,12768.0,United Kingdom
538658,21733,ITALIAN EXTRA VIRGIN OLIVE OIL,1,2025-12-03 16:48:27,13.54,16134.0,France
538658,21737,GARLIC HERB BREADSTICKS,6,2025-12-03 16:48:27,3.09,16134.0,France
538658,21735,AGED PARMESAN REGGIANO,1,2025-12-03 16:48:27,7.86,16134.0,France
538658,21214,RECIPE BOX PANTRY DESIGN,3,2025-12-03 16:48:27,8.32,16134.0,France
538658,21218,SCENTED CANDLE LAVENDER,1,2025-12-03 16:48:27,4.03,16134.0,France
538658,21219,TRAVEL SEWING KIT,3,2025-12-03 16:48:27,2.18,16134.0,France
538659,20725,CROISSANT ALL BUTTER,2,2025-09-18 16:35:19,2.32,17709.0,United Kingdom
538659,20726,PAIN AU CHOCOLAT,2,2025-09-18 16:35:19,2.58,17709.0,United Kingdom
538659,20727,ALMOND DANISH,3,2025-09-18 16:35:19,2.87,17709.0,United Kingdom
538659,21227,VINTAGE UNION JACK CUSHION,3,2025-09-18 16:35:19,15.59,17709.0,United Kingdom
538659,21221,RETRO SPOT TEA TOWEL,6,2025-09-18 16:35:19,2.49,17709.0,United Kingdom
C538660,21228,WALL CLOCK RETRO RED,-12,2025-12-23 00:31:01,18.76,,United Kingdom
538661,84880,WATERING CAN GREEN 2L,3,2025-06-05 23:30:11,11.58,17358.0,United Kingdom
538661,84882,GARDENING GLOVES PAIR,24,2025-06-05 23:30:11,5.08,17358.0,United Kingdom
538661,84883,LED GROW LIGHT BULB,2,2025-06-05 23:30:11,15.43,17358.0,United Kingdom
538662,85123D,FRENCH VANILLA SYRUP,2,2025-10-17 05:27:59,5.96,12728.0,United Kingdom
538662,85123E,CERAMIC COFFEE MUG,2,2025-10-17 05:27:59,6.4,12728.0,United Kingdom
538662,85123C,DARK CHOCOLATE BAR 85%,3,2025-10-17 05:27:59,3.49,12728.0,United Kingdom
538662,85123A,COLOMBIAN ROAST COFFEE,4,2025-10-17 05:27:59,9.18,12728.0,United Kingdom
538662,85123B,PURE CANE SUGAR,2,2025-10-17 05:27:59,2.49,12728.0,United Kingdom
538662,21218,,6,2025-10-17 05:27:59,4.12,12728.0,United Kingdom
538663,20729,BLUEBERRY SCONE,1,2025-09-16 23:35:21,2.33,17613.0,United Kingdom
538663,20725,CROISSANT ALL BUTTER,1,2025-09-16 23:35:21,2.27,17613.0,United Kingdom
538663,22425,SWEET CREAM BUTTER,1,2025-09-16 23:35:21,4.13,17613.0,United Kingdom
538663,22423,ORGANIC WHOLE MILK,3,2025-09-16 23:35:21,3.4,17613.0,United Kingdom
538663,22426,STRAWBERRY PRESERVES,2,2025-09-16 23:35:21,3.79,17613.0,United Kingdom
538663,22427,ORGANIC EGGS DOZEN,3,2025-09-16 23:35:21,4.97,17613.0,United Kingdom
538663,M,MANUAL,1,2025-09-16 23:35:21,2.44,17613.0,United Kingdom
538664,71053,WIRELESS ERGONOMIC MOUSE,2,2025-11-01 20:54:59,29.59,13173.0,United Kingdom
538664,71054,MECHANICAL KEYBOARD,4,2025-11-01 20:54:59,73.3,13173.0,United Kingdom
538664,71055,USB-C MULTIPORT ADAPTER,3,2025-11-01 20:54:59,23.74,13173.0,United Kingdom
538664,71056,LARGE DESK PAD BLACK,6,2025-11-01 20:54:59,15.87,13173.0,United Kingdom
538665,22426,STRAWBERRY PRESERVES,6,2025-09-01 22:05:22,3.75,14786.0,United Kingdom
538665,22423,ORGANIC WHOLE MILK,3,2025-09-01 22:05:22,3.43,14786.0,United Kingdom
538665,22427,,3,2025-09-01 22:05:22,4.92,14786.0,United Kingdom
538665,21225,GLASS STORAGE JAR LARGE,6,2025-09-01 22:05:22,3.96,14786.0,United Kingdom
538666,84883,LED GROW LIGHT BULB,1,2025-03-21 18:54:21,15.57,17531.0,Germany
538666,84880,WATERING CAN GREEN 2L,6,2025-03-21 18:54:21,11.68,17531.0,Germany
538666,84879,CERAMIC PLANT POT WHITE,3,2025-03-21 18:54:21,9.63,17531.0,Germany
538666,84881,ORGANIC POTTING SOIL 10L,2,2025-03-21 18:54:21,6.9,17531.0,Germany
538667,22720,SET OF 3 CAKE TINS PANTRY,6,2025-06-09 03:02:19,4.92,,United Kingdom
538667,22423,REGENCY CAKESTAND 3 TIER,4,2025-06-09 03:02:19,13.07,,United Kingdom
538667,22961,HEART OF WICKER LARGE,12,2025-06-09 03:02:19,2.88,,United Kingdom
538667,85099B,WHITE HANGING HEART T-LIGHT HOLDER,1,2025-06-09 03:02:19,2.49,,United Kingdom
538667,20726,PAIN AU CHOCOLAT,2,2025-06-09 03:02:19,2.51,,United Kingdom
538667,20727,ALMOND DANISH,2,2025-06-09 03:02:19,2.71,,United Kingdom
538668,71054,MECHANICAL KEYBOARD,3,2025-08-11 00:26:32,69.9,12475.0,United Kingdom
538668,71055,USB-C MULTIPORT ADAPTER,4,2025-08-11 00:26:32,25.94,12475.0,United Kingdom
538669,21735,AGED PARMESAN REGGIANO,2,2025-10-23 01:07:28,7.76,14458.0,France
538669,21736,ORGANIC TOMATO BASIL SAUCE,6,2025-10-23 01:07:28,4.6,14458.0,France
538669,21737,GARLIC HERB BREADSTICKS,3,2025-10-23 01:07:28,3.1,14458.0,France
538669,21734,ARTISAN PASTA PENNE,3,2025-10-23 01:07:28,3.19,14458.0,France
538669,21733,ITALIAN EXTRA VIRGIN OLIVE OIL,3,2025-10-23 01:07:28,13.35,14458.0,France
538669,21216,EMERGENCY FIRST AID TIN,1,2025-10-23 01:07:28,3.8,14458.0,France
538670,84882,GARDENING GLOVES PAIR,2,2025-10-22 21:35:38,5.12,15462.0,United Kingdom
538670,84881,ORGANIC POTTING SOIL 10L,6,2025-10-22 21:35:38,6.83,15462.0,United Kingdom
538670,71054,MECHANICAL KEYBOARD,4,2025-10-22 21:35:38,69.06,15462.0,United Kingdom
538670,71053,WIRELESS ERGONOMIC MOUSE,2,2025-10-22 21:35:38,31.13,15462.0,United Kingdom
538671,21736,ORGANIC TOMATO BASIL SAUCE,2,2025-11-13 19:08:03,4.51,,United Kingdom
538671,21737,GARLIC HERB BREADSTICKS,1,2025-11-13 19:08:03,3.09,,United Kingdom
538671,21220,BICYCLE PUNCTURE REPAIR KIT,1,2025-11-13 19:08:03,3.0,,United Kingdom
538672,85123A,COLOMBIAN ROAST COFFEE,2,2025-05-04 21:25:59,8.92,13724.0,United Kingdom
538672,85123C,DARK CHOCOLATE BAR 85%,1,2025-05-04 21:25:59,3.43,13724.0,United Kingdom
538673,20726,PAIN AU CHOCOLAT,2,2025-10-03 20:53:35,2.6,15562.0,Switzerland
538673,20727,ALMOND DANISH,3,2025-10-03 20:53:35,2.85,15562.0,Switzerland
538673,20728,CAPPUCCINO CUP & SAUCER,4,2025-10-03 20:53:35,8.52,15562.0,Switzerland
538673,20729,BLUEBERRY SCONE,4,2025-10-03 20:53:35,2.31,15562.0,Switzerland
538674,84882,GARDENING GLOVES PAIR,3,2025-11-12 22:31:01,5.16,16124.0,United Kingdom
538674,84879,CERAMIC PLANT POT WHITE,6,2025-11-12 22:31:01,10.25,16124.0,United Kingdom
538674,21213,MINI PAINT SET 9 COLOURS,4,2025-11-12 22:31:01,1.24,16124.0,United Kingdom
538675,22424,WHOLE WHEAT BREAD,1,2025-01-20 01:05:23,2.88,17063.0,United Kingdom
538675,22425,SWEET CREAM BUTTER,6,2025-01-20 01:05:23,4.37,17063.0,United Kingdom
538675,71054,MECHANICAL KEYBOARD,3,2025-01-20 01:05:23,67.54,17063.0,United Kingdom
538675,71057,MONITOR LIGHT BAR,1,2025-01-20 01:05:23,41.53,17063.0,United Kingdom
538676,21737,GARLIC HERB BREADSTICKS,2,2025-07-01 17:57:32,2.89,16582.0,United Kingdom
538676,21734,ARTISAN PASTA PENNE,2,2025-07-01 17:57:32,3.25,16582.0,United Kingdom
538676,21212,VINTAGE SNAP CARDS,2,2025-07-01 17:57:32,0.84,16582.0,United Kingdom
538677,84880,WATERING CAN GREEN 2L,6,2025-06-07 17:01:01,11.26,,United Kingdom
538677,84882,GARDENING GLOVES PAIR,1,2025-06-07 17:01:01,5.05,,United Kingdom
538677,84879,CERAMIC PLANT POT WHITE,1,2025-06-07 17:01:01,10.06,,United Kingdom
538677,21229,HAND WARMER BIRD DESIGN,3,2025-06-07 17:01:01,1.96,,United Kingdom
538677,21212,VINTAGE SNAP CARDS,1,2025-06-07 17:01:01,0.85,,United Kingdom
538678,22427,ORGANIC EGGS DOZEN,1,2025-05-22 22:09:03,4.88,14980.0,United Kingdom
538678,22423,ORGANIC WHOLE MILK,1,2025-05-22 22:09:03,3.42,14980.0,United Kingdom
538678,22424,WHOLE WHEAT BREAD,1,2025-05-22 22:09:03,2.84,14980.0,United Kingdom
538678,21214,RECIPE BOX PANTRY DESIGN,3,2025-05-22 22:09:03,7.69,14980.0,United Kingdom
538679,71055,USB-C MULTIPORT ADAPTER,4,2025-10-03 17:08:07,24.8,,United Kingdom
538679,71054,MECHANICAL KEYBOARD,6,2025-10-03 17:08:07,70.72,,United Kingdom
538679,71056,,1,2025-10-03 17:08:07,16.35,,United Kingdom
538679,71057,MONITOR LIGHT BAR,2,2025-10-03 17:08:07,39.18,,United Kingdom
538680,21737,GARLIC HERB BREADSTICKS,2,2025-07-22 18:42:43,2.88,15440.0,United Kingdom
538680,21735,AGED PARMESAN REGGIANO,1,2025-07-22 18:42:43,7.96,15440.0,United Kingdom
C538681,21214,RECIPE BOX PANTRY DESIGN,-6,2026-01-01 19:07:48,8.31,15351.0,United Kingdom
538682,20726,PAIN AU CHOCOLAT,2,2025-01-11 21:53:37,2.55,13277.0,United Kingdom
538682,20728,CAPPUCCINO CUP & SAUCER,3,2025-01-11 21:53:37,8.4,13277.0,United Kingdom
538682,20727,ALMOND DANISH,6,2025-01-11 21:53:37,2.83,13277.0,United Kingdom
538682,20729,BLUEBERRY SCONE,1,2025-01-11 21:53:37,2.44,13277.0,United Kingdom
538682,20725,CROISSANT ALL BUTTER,1,2025-01-11 21:53:37,2.16,13277.0,United Kingdom
538683,84879,CERAMIC PLANT POT WHITE,1,2025-09-06 03:22:26,9.63,18149.0,United Kingdom
538683,84882,GARDENING GLOVES PAIR,4,2025-09-06 03:22:26,5.14,18149.0,United Kingdom
538684,71054,MECHANICAL KEYBOARD,3,2025-12-09 02:46:38,67.81,13696.0,United Kingdom
538684,71055,USB-C MULTIPORT ADAPTER,3,2025-12-09 02:46:38,25.25,13696.0,United Kingdom
538684,71057,MONITOR LIGHT BAR,1,2025-12-09 02:46:38,40.99,13696.0,United Kingdom
538684,71056,LARGE DESK PAD BLACK,3,2025-12-09 02:46:38,15.85,13696.0,United Kingdom
538684,71053,WIRELESS ERGONOMIC MOUSE,2,2025-12-09 02:46:38,29.59,13696.0,United Kingdom
538684,21218,SCENTED CANDLE LAVENDER,1,2025-12-09 02:46:38,4.05,13696.0,United Kingdom
538684,21228,WALL CLOCK RETRO RED,2,2025-12-09 02:46:38,18.3,13696.0,United Kingdom
538685,84880,WATERING CAN GREEN 2L,3,2025-08-20 04:09:18,12.06,12475.0,United Kingdom
538685,84881,ORGANIC POTTING SOIL 10L,6,2025-08-20 04:09:18,7.04,12475.0,United Kingdom
538686,22720,SET OF 3 CAKE TINS PANTRY,3,2025-05-07 17:14:47,5.02,13276.0,United Kingdom
538686,22960,HEART OF WICKER SMALL,1,2025-05-07 17:14:47,1.72,13276.0,United Kingdom
538687,84879,CERAMIC PLANT POT WHITE,1,2025-04-26 17:44:40,10.22,16167.0,United Kingdom
538687,84882,GARDENING GLOVES PAIR,2,2025-04-26 17:44:40,4.94,16167.0,United Kingdom
538687,84883,LED GROW LIGHT BULB,1,2025-04-26 17:44:40,14.33,16167.0,United Kingdom
538687,84881,ORGANIC POTTING SOIL 10L,2,2025-04-26 17:44:40,6.74,16167.0,United Kingdom
538688,22423,REGENCY CAKESTAND 3 TIER,3,2025-10-05 19:59:46,13.11,13872.0,United Kingdom
538688,22961,HEART OF WICKER LARGE,2,2025-10-05 19:59:46,2.91,13872.0,United Kingdom
538688,22960,HEART OF WICKER SMALL,2,2025-10-05 19:59:46,1.72,13872.0,United Kingdom
538688,22720,SET OF 3 CAKE TINS PANTRY,4,2025-10-05 19:59:46,4.74,13872.0,United Kingdom
538688,85099B,WHITE HANGING HEART T-LIGHT HOLDER,1,2025-10-05 19:59:46,2.62,13872.0,United Kingdom
538688,21735,AGED PARMESAN REGGIANO,1,2025-10-05 19:59:46,7.53,13872.0,United Kingdom
538688,21733,ITALIAN EXTRA VIRGIN OLIVE OIL,3,2025-10-05 19:59:46,12.37,13872.0,United Kingdom
538688,21737,GARLIC HERB BREADSTICKS,6,2025-10-05 19:59:46,3.01,13872.0,United Kingdom
538688,21734,ARTISAN PASTA PENNE,1,2025-10-05 19:59:46,3.28,13872.0,United Kingdom
538689,21229,HAND WARMER BIRD DESIGN,1,2025-07-03 05:25:09,2.0,14608.0,United Kingdom
538690,22960,HEART OF WICKER SMALL,2,2025-11-23 21:23:01,1.66,16707.0,United Kingdom
538690,85099B,WHITE HANGING HEART T-LIGHT HOLDER,2,2025-11-23 21:23:01,2.6,16707.0,United Kingdom
538690,22720,SET OF 3 CAKE TINS PANTRY,1,2025-11-23 21:23:01,4.94,16707.0,United Kingdom
538690,22423,REGENCY CAKESTAND 3 TIER,3,2025-11-23 21:23:01,12.4,16707.0,United Kingdom
538690,21225,GLASS STORAGE JAR LARGE,3,2025-11-23 21:23:01,3.84,16707.0,United Kingdom
538691,84879,CERAMIC PLANT POT WHITE,2,2025-09-11 02:36:59,9.64,13631.0,United Kingdom
538691,84880,WATERING CAN GREEN 2L,3,2025-09-11 02:36:59,12.01,13631.0,United Kingdom
538691,84883,LED GROW LIGHT BULB,1,2025-09-11 02:36:59,15.03,13631.0,United Kingdom
538691,21227,VINTAGE UNION JACK CUSHION,1,2025-09-11 02:36:59,14.75,13631.0,United Kingdom
538691,21215,WOODEN PICTURE FRAME,3,2025-09-11 02:36:59,5.63,13631.0,United Kingdom
538692,22426,STRAWBERRY PRESERVES,2,2025-10-02 00:03:46,3.81,,United Kingdom
538692,22425,SWEET CREAM BUTTER,12,2025-10-02 00:03:46,4.39,,United Kingdom
538692,21223,SET OF 6 SPICE JARS,6,2025-10-02 00:03:46,10.1,,United Kingdom
538693,21734,ARTISAN PASTA PENNE,1,2025-08-01 03:52:15,3.39,13737.0,United Kingdom
538693,21737,GARLIC HERB BREADSTICKS,2,2025-08-01 03:52:15,3.13,13737.0,United Kingdom
538693,21733,ITALIAN EXTRA VIRGIN OLIVE OIL,3,2025-08-01 03:52:15,13.31,13737.0,United Kingdom
538693,21735,AGED PARMESAN REGGIANO,2,2025-08-01 03:52:15,8.2,13737.0,United Kingdom
538693,21229,HAND WARMER BIRD DESIGN,24,2025-08-01 03:52:15,1.96,13737.0,United Kingdom
538693,21225,GLASS STORAGE JAR LARGE,3,2025-08-01 03:52:15,4.0,13737.0,United Kingdom
538693,21221,RETRO SPOT TEA TOWEL,6,2025-08-01 03:52:15,2.6,13737.0,United Kingdom
538694,84879,CERAMIC PLANT POT WHITE,1,2025-05-14 02:32:42,9.85,13405.0,United Kingdom
538694,84882,GARDENING GLOVES PAIR,4,2025-05-14 02:32:42,5.15,13405.0,United Kingdom
538694,84883,LED GROW LIGHT BULB,1,2025-05-14 02:32:42,15.38,13405.0,United Kingdom
538694,20725,CROISSANT ALL BUTTER,1,2025-05-14 02:32:42,2.29,13405.0,United Kingdom
538694,20727,ALMOND DANISH,2,2025-05-14 02:32:42,2.79,13405.0,United Kingdom
538694,85099B,WHITE HANGING HEART T-LIGHT HOLDER,1,2025-05-14 02:32:42,2.49,13405.0,United Kingdom
538694,22720,SET OF 3 CAKE TINS PANTRY,2,2025-05-14 02:32:42,5.13,13405.0,United Kingdom
538694,22423,REGENCY CAKESTAND 3 TIER,1,2025-05-14 02:32:42,13.1,13405.0,United Kingdom
538694,22961,HEART OF WICKER LARGE,2,2025-05-14 02:32:42,2.87,13405.0,United Kingdom
538694,21218,SCENTED CANDLE LAVENDER,4,2025-05-14 02:32:42,4.24,13405.0,United Kingdom
538694,21212,VINTAGE SNAP CARDS,3,2025-05-14 02:32:42,0.81,13405.0,United Kingdom
538694,21223,SET OF 6 SPICE JARS,1,2025-05-14 02:32:42,9.61,13405.0,United Kingdom
538695,71055,USB-C MULTIPORT ADAPTER,1,2025-06-12 03:51:41,25.87,18043.0,United Kingdom
538695,71053,WIRELESS ERGONOMIC MOUSE,3,2025-06-12 03:51:41,31.0,18043.0,United Kingdom
538695,71054,MECHANICAL KEYBOARD,6,2025-06-12 03:51:41,67.43,18043.0,United Kingdom
538695,85123D,FRENCH VANILLA SYRUP,4,2025-06-12 03:51:41,5.71,18043.0,United Kingdom
538695,85123B,PURE CANE SUGAR,1,2025-06-12 03:51:41,2.49,18043.0,United Kingdom
538695,85123E,CERAMIC COFFEE MUG,1,2025-06-12 03:51:41,6.34,18043.0,United Kingdom
538695,85123C,DARK CHOCOLATE BAR 85%,1,2025-06-12 03:51:41,3.38,18043.0,United Kingdom
538695,85123A,COLOMBIAN ROAST COFFEE,6,2025-06-12 03:51:41,9.04,18043.0,United Kingdom
538695,22423,REGENCY CAKESTAND 3 TIER,3,2025-06-12 03:51:41,13.24,18043.0,United Kingdom
538695,22961,HEART OF WICKER LARGE,1,2025-06-12 03:51:41,3.04,18043.0,United Kingdom
538696,22427,ORGANIC EGGS DOZEN,4,2025-12-02 17:48:03,5.13,13408.0,United Kingdom
538696,22424,WHOLE WHEAT BREAD,1,2025-12-02 17:48:03,3.0,13408.0,United Kingdom
538696,22423,ORGANIC WHOLE MILK,6,2025-12-02 17:48:03,3.65,13408.0,United Kingdom
538696,21215,WOODEN PICTURE FRAME,1,2025-12-02 17:48:03,5.6,13408.0,United Kingdom
538696,21212,VINTAGE SNAP CARDS,2,2025-12-02 17:48:03,0.81,13408.0,United Kingdom
538697,85099B,WHITE HANGING HEART T-LIGHT HOLDER,12,2025-05-14 22:35:05,2.44,,United Kingdom
538697,22960,HEART OF WICKER SMALL,3,2025-05-14 22:35:05,1.71,,United Kingdom
538697,84881,ORGANIC POTTING SOIL 10L,1,2025-05-14 22:35:05,6.81,,United Kingdom
538697,84882,GARDENING GLOVES PAIR,1,2025-05-14 22:35:05,4.79,,United Kingdom
538698,22425,SWEET CREAM BUTTER,1,2025-01-26 17:02:06,4.31,15900.0,United Kingdom
538698,22423,ORGANIC WHOLE MILK,4,2025-01-26 17:02:06,3.39,15900.0,United Kingdom
538698,22426,STRAWBERRY PRESERVES,6,2025-01-26 17:02:06,3.86,15900.0,United Kingdom
538698,71053,WIRELESS ERGONOMIC MOUSE,2,2025-01-26 17:02:06,30.15,15900.0,United Kingdom
538698,71056,LARGE DESK PAD BLACK,3,2025-01-26 17:02:06,15.19,15900.0,United Kingdom
538698,71054,MECHANICAL KEYBOARD,1,2025-01-26 17:02:06,67.55,15900.0,United Kingdom
538698,71057,MONITOR LIGHT BAR,1,2025-01-26 17:02:06,41.4,15900.0,United Kingdom
538698,21733,ITALIAN EXTRA VIRGIN OLIVE OIL,2,2025-01-26 17:02:06,13.47,15900.0,United Kingdom
538698,21735,AGED PARMESAN REGGIANO,1,2025-01-26 17:02:06,8.09,15900.0,United Kingdom
538698,21734,ARTISAN PASTA PENNE,3,2025-01-26 17:02:06,3.45,15900.0,United Kingdom
538699,20726,PAIN AU CHOCOLAT,2,2025-02-26 02:35:13,2.52,17799.0,Germany
538699,20725,CROISSANT ALL BUTTER,6,2025-02-26 02:35:13,2.28,17799.0,Germany
538700,21228,WALL CLOCK RETRO RED,1,2025-11-13 01:13:34,18.54,16275.0,United Kingdom
538701,20725,CROISSANT ALL BUTTER,1,2025-09-13 05:22:36,2.26,16572.0,United Kingdom
538701,20727,ALMOND DANISH,1,2025-09-13 05:22:36,2.77,16572.0,United Kingdom
538701,20728,CAPPUCCINO CUP & SAUCER,1,2025-09-13 05:22:36,8.13,16572.0,United Kingdom
538701,21226,CHILLI LIGHTS STRING,4,2025-09-13 05:22:36,8.41,16572.0,United Kingdom
538702,21735,AGED PARMESAN REGGIANO,4,2025-09-27 01:15:49,7.56,,United Kingdom
538702,21733,ITALIAN EXTRA VIRGIN OLIVE OIL,1,2025-09-27 01:15:49,13.33,,United Kingdom
538703,21219,TRAVEL SEWING KIT,2,2025-04-16 23:32:11,2.18,13157.0,United Kingdom
538704,22423,ORGANIC WHOLE MILK,2,2025-12-25 02:32:56,3.6,15148.0,Germany
538704,22425,SWEET CREAM BUTTER,1,2025-12-25 02:32:56,4.18,15148.0,Germany
538704,22426,STRAWBERRY PRESERVES,6,2025-12-25 02:32:56,3.77,15148.0,Germany
538704,21225,GLASS STORAGE JAR LARGE,2,2025-12-25 02:32:56,3.95,15148.0,Germany
538704,21223,SET OF 6 SPICE JARS,4,2025-12-25 02:32:56,9.75,15148.0,Germany
538705,71057,MONITOR LIGHT BAR,2,2025-05-14 19:29:23,39.65,15078.0,United Kingdom
538705,71053,WIRELESS ERGONOMIC MOUSE,4,2025-05-14 19:29:23,31.45,15078.0,United Kingdom
538705,71054,MECHANICAL KEYBOARD,1,2025-05-14 19:29:23,69.55,15078.0,United Kingdom
538706,22427,ORGANIC EGGS DOZEN,1,2025-03-23 22:38:04,5.15,15057.0,United Kingdom
538706,22425,SWEET CREAM BUTTER,1,2025-03-23 22:38:04,4.23,15057.0,United Kingdom
538706,21736,ORGANIC TOMATO BASIL SAUCE,4,2025-03-23 22:38:04,4.67,15057.0,United Kingdom
538706,21733,ITALIAN EXTRA VIRGIN OLIVE OIL,1,2025-03-23 22:38:04,12.62,15057.0,United Kingdom
538706,21214,RECIPE BOX PANTRY DESIGN,2,2025-03-23 22:38:04,7.75,15057.0,United Kingdom
538706,21222,RETRO SPOT APRON,2,2025-03-23 22:38:04,6.77,15057.0,United Kingdom
538707,85123B,PURE CANE SUGAR,6,2025-08-24 01:47:04,2.59,12490.0,United Kingdom
538707,85123C,DARK CHOCOLATE BAR 85%,1,2025-08-24 01:47:04,3.63,12490.0,United Kingdom
538707,85123D,FRENCH VANILLA SYRUP,6,2025-08-24 01:47:04,6.0,12490.0,United Kingdom
538707,85123A,COLOMBIAN ROAST COFFEE,3,2025-08-24 01:47:04,8.74,12490.0,United Kingdom
538707,21225,GLASS STORAGE JAR LARGE,3,2025-08-24 01:47:04,3.9,12490.0,United Kingdom
538708,85123C,DARK CHOCOLATE BAR 85%,1,2025-01-25 00:10:00,3.6,13077.0,United Kingdom
538708,85123D,FRENCH VANILLA SYRUP,2,2025-01-25 00:10:00,5.74,13077.0,United Kingdom
538708,85123A,COLOMBIAN ROAST COFFEE,6,2025-01-25 00:10:00,8.82,13077.0,United Kingdom
538708,85123B,PURE CANE SUGAR,1,2025-01-25 00:10:00,2.43,13077.0,United Kingdom
538708,85123E,CERAMIC COFFEE MUG,2,2025-01-25 00:10:00,6.62,13077.0,United Kingdom
538709,85123D,FRENCH VANILLA SYRUP,1,2025-11-13 22:34:28,6.12,18278.0,United Kingdom
538709,85123C,DARK CHOCOLATE BAR 85%,1,2025-11-13 22:34:28,3.56,18278.0,United Kingdom
538709,85123E,CERAMIC COFFEE MUG,4,2025-11-13 22:34:28,6.61,18278.0,United Kingdom
538709,85123A,COLOMBIAN ROAST COFFEE,1,2025-11-13 22:34:28,8.97,18278.0,United Kingdom
538709,85123B,PURE CANE SUGAR,3,2025-11-13 22:34:28,2.53,18278.0,United Kingdom
538709,21220,BICYCLE PUNCTURE REPAIR KIT,2,2025-11-13 22:34:28,3.09,18278.0,United Kingdom
538710,22425,SWEET CREAM BUTTER,6,2025-08-07 20:51:29,4.19,12843.0,United Kingdom
538710,22426,STRAWBERRY PRESERVES,2,2025-08-07 20:51:29,3.82,12843.0,United Kingdom
538710,22423,ORGANIC WHOLE MILK,2,2025-08-07 20:51:29,3.48,12843.0,United Kingdom
538710,22424,WHOLE WHEAT BREAD,6,2025-08-07 20:51:29,2.94,12843.0,United Kingdom
538711,20727,ALMOND DANISH,2,2025-05-10 05:00:52,2.75,,United Kingdom
538711,20725,CROISSANT ALL BUTTER,2,2025-05-10 05:00:52,2.3,,United Kingdom
538711,20726,PAIN AU CHOCOLAT,1,2025-05-10 05:00:52,2.48,,United Kingdom
538711,85123D,FRENCH VANILLA SYRUP,2,2025-05-10 05:00:52,5.83,,United Kingdom
538711,85123C,DARK CHOCOLATE BAR 85%,1,2025-05-10 05:00:52,3.39,,United Kingdom
538711,21217,PACK OF 20 NAPKINS,3,2025-05-10 05:00:52,1.41,,United Kingdom
538712,21735,AGED PARMESAN REGGIANO,1,2025-08-10 17:27:27,8.24,16658.0,United Kingdom
538712,21737,GARLIC HERB BREADSTICKS,2,2025-08-10 17:27:27,3.05,16658.0,United Kingdom
538712,21734,ARTISAN PASTA PENNE,1,2025-08-10 17:27:27,3.25,16658.0,United Kingdom
538713,84882,GARDENING GLOVES PAIR,1,2025-12-28 20:29:02,4.94,14760.0,Germany
538713,84881,ORGANIC POTTING SOIL 10L,2,2025-12-28 20:29:02,7.12,14760.0,Germany
538713,84880,WATERING CAN GREEN 2L,2,2025-12-28 20:29:02,11.53,14760.0,Germany
538713,22425,SWEET CREAM BUTTER,1,2025-12-28 20:29:02,4.38,14760.0,Germany
538713,22426,STRAWBERRY PRESERVES,2,2025-12-28 20:29:02,4.05,14760.0,Germany
538713,22424,WHOLE WHEAT BREAD,3,2025-12-28 20:29:02,3.11,14760.0,Germany
538713,21736,,1,2025-12-28 20:29:02,4.28,14760.0,Germany
538713,21735,AGED PARMESAN REGGIANO,1,2025-12-28 20:29:02,7.95,14760.0,Germany
538713,21734,ARTISAN PASTA PENNE,4,2025-12-28 20:29:02,3.41,14760.0,Germany
538713,21225,GLASS STORAGE JAR LARGE,24,2025-12-28 20:29:02,4.12,14760.0,Germany
538714,84879,CERAMIC PLANT POT WHITE,1,2025-02-16 23:46:23,10.34,13103.0,United Kingdom
538714,84880,WATERING CAN GREEN 2L,3,2025-02-16 23:46:23,11.94,13103.0,United Kingdom
538714,84881,ORGANIC POTTING SOIL 10L,1,2025-02-16 23:46:23,7.23,13103.0,United Kingdom
538714,84882,GARDENING GLOVES PAIR,6,2025-02-16 23:46:23,5.06,13103.0,United Kingdom
538714,84883,LED GROW LIGHT BULB,4,2025-02-16 23:46:23,14.83,13103.0,United Kingdom
538715,20725,CROISSANT ALL BUTTER,4,2025-06-08 05:09:00,2.18,13906.0,France
538715,20729,BLUEBERRY SCONE,6,2025-06-08 05:09:00,2.44,13906.0,France
538716,85123E,CERAMIC COFFEE MUG,1,2025-11-08 21:36:36,6.35,15023.0,United Kingdom
538716,85123C,DARK CHOCOLATE BAR 85%,2,2025-11-08 21:36:36,3.62,15023.0,United Kingdom
538716,85123B,PURE CANE SUGAR,2,2025-11-08 21:36:36,2.47,15023.0,United Kingdom
538717,22423,REGENCY CAKESTAND 3 TIER,3,2025-11-07 05:12:16,12.26,13431.0,United Kingdom
538717,22960,HEART OF WICKER SMALL,2,2025-11-07 05:12:16,1.63,13431.0,United Kingdom
538717,22961,HEART OF WICKER LARGE,1,2025-11-07 05:12:16,3.03,13431.0,United Kingdom
538717,84879,CERAMIC PLANT POT WHITE,6,2025-11-07 05:12:16,9.52,13431.0,United Kingdom
538717,84881,ORGANIC POTTING SOIL 10L,1,2025-11-07 05:12:16,7.08,13431.0,United Kingdom
538717,21213,MINI PAINT SET 9 COLOURS,3,2025-11-07 05:12:16,1.24,13431.0,United Kingdom
538717,21212,VINTAGE SNAP CARDS,3,2025-11-07 05:12:16,0.86,13431.0,United Kingdom
538718,84881,ORGANIC POTTING SOIL 10L,4,2025-03-18 22:48:53,7.14,14622.0,United Kingdom
538718,84883,LED GROW LIGHT BULB,3,2025-03-18 22:48:53,14.73,14622.0,United Kingdom
538718,84882,GARDENING GLOVES PAIR,6,2025-03-18 22:48:53,5.11,14622.0,United Kingdom
538718,21214,RECIPE BOX PANTRY DESIGN,1,2025-03-18 22:48:53,8.29,14622.0,United Kingdom
538719,84880,WATERING CAN GREEN 2L,4,2025-09-06 22:57:23,11.77,,United Kingdom
538719,84879,CERAMIC PLANT POT WHITE,2,2025-09-06 22:57:23,9.91,,United Kingdom
538719,84883,LED GROW LIGHT BULB,1,2025-09-06 22:57:23,15.08,,United Kingdom
538719,20727,ALMOND DANISH,1,2025-09-06 22:57:23,2.68,,United Kingdom
538719,20729,BLUEBERRY SCONE,1,2025-09-06 22:57:23,2.5,,United Kingdom
538719,20725,CROISSANT ALL BUTTER,3,2025-09-06 22:57:23,2.28,,United Kingdom
538719,20728,CAPPUCCINO CUP & SAUCER,1,2025-09-06 22:57:23,8.13,,United Kingdom
538719,20726,PAIN AU CHOCOLAT,1,2025-09-06 22:57:23,2.58,,United Kingdom
538720,84880,WATERING CAN GREEN 2L,2,2025-12-06 19:39:17,11.07,16170.0,United Kingdom
538720,84879,CERAMIC PLANT POT WHITE,4,2025-12-06 19:39:17,9.51,16170.0,United Kingdom
538720,84881,ORGANIC POTTING SOIL 10L,4,2025-12-06 19:39:17,7.2,16170.0,United Kingdom
538720,84882,GARDENING GLOVES PAIR,1,2025-12-06 19:39:17,5.09,16170.0,United Kingdom
538720,84883,LED GROW LIGHT BULB,1,2025-12-06 19:39:17,15.72,16170.0,United Kingdom
538720,22720,SET OF 3 CAKE TINS PANTRY,2,2025-12-06 19:39:17,5.02,16170.0,United Kingdom
538720,22423,REGENCY CAKESTAND 3 TIER,6,2025-12-06 19:39:17,12.35,16170.0,United Kingdom
538720,22961,HEART OF WICKER LARGE,12,2025-12-06 19:39:17,2.97,16170.0,United Kingdom
538721,22423,REGENCY CAKESTAND 3 TIER,4,2025-06-18 22:24:03,12.9,14077.0,United Kingdom
538721,22960,HEART OF WICKER SMALL,2,2025-06-18 22:24:03,1.64,14077.0,United Kingdom
538721,85099B,WHITE HANGING HEART T-LIGHT HOLDER,1,2025-06-18 22:24:03,2.43,14077.0,United Kingdom
538721,21222,RETRO SPOT APRON,6,2025-06-18 22:24:03,7.03,14077.0,United Kingdom
538722,22720,SET OF 3 CAKE TINS PANTRY,1,2025-04-26 18:39:29,4.72,16602.0,United Kingdom
538722,22960,HEART OF WICKER SMALL,3,2025-04-26 18:39:29,1.68,16602.0,United Kingdom
538722,21222,RETRO SPOT APRON,24,2025-04-26 18:39:29,7.06,16602.0,United Kingdom
C538723,22424,WHOLE WHEAT BREAD,-6,2025-04-22 21:02:28,3.01,14565.0,United Kingdom
C538723,22423,ORGANIC WHOLE MILK,-9,2025-04-22 21:02:28,3.43,14565.0,United Kingdom
538724,20727,ALMOND DANISH,3,2025-03-05 03:27:32,2.83,17415.0,United Kingdom
538724,20729,BLUEBERRY SCONE,6,2025-03-05 03:27:32,2.5,17415.0,United Kingdom
538725,71053,WIRELESS ERGONOMIC MOUSE,6,2025-12-17 00:11:51,31.37,18048.0,Switzerland
538725,71054,MECHANICAL KEYBOARD,2,2025-12-17 00:11:51,66.81,18048.0,Switzerland
538725,84879,CERAMIC PLANT POT WHITE,1,2025-12-17 00:11:51,9.71,18048.0,Switzerland
538725,84882,GARDENING GLOVES PAIR,2,2025-12-17 00:11:51,5.21,18048.0,Switzerland
538726,84882,GARDENING GLOVES PAIR,2,2025-09-16 00:16:28,5.23,13522.0,United Kingdom
538726,84879,CERAMIC PLANT POT WHITE,1,2025-09-16 00:16:28,9.53,13522.0,United Kingdom
538726,21213,MINI PAINT SET 9 COLOURS,2,2025-09-16 00:16:28,1.27,13522.0,United Kingdom
538727,22423,ORGANIC WHOLE MILK,3,2025-04-10 19:37:59,3.55,18204.0,United Kingdom
538727,22426,STRAWBERRY PRESERVES,12,2025-04-10 19:37:59,3.86,18204.0,United Kingdom
538728,22960,HEART OF WICKER SMALL,1,2025-11-09 00:58:55,1.65,15901.0,United Kingdom
538728,22720,SET OF 3 CAKE TINS PANTRY,2,2025-11-09 00:58:55,4.72,15901.0,United Kingdom
538728,21216,EMERGENCY FIRST AID TIN,1,2025-11-09 00:58:55,3.57,15901.0,United Kingdom
538728,21231,FELTCRAFT DOLL ROSIE,1,2025-11-09 00:58:55,3.06,15901.0,United Kingdom
538729,84881,ORGANIC POTTING SOIL 10L,2,2025-10-24 01:02:50,7.17,,United Kingdom
538729,84883,LED GROW LIGHT BULB,1,2025-10-24 01:02:50,14.73,,United Kingdom
538729,21213,MINI PAINT SET 9 COLOURS,1,2025-10-24 01:02:50,1.24,,United Kingdom
C538730,20728,CAPPUCCINO CUP & SAUCER,-5,2025-08-03 05:02:26,8.83,,United Kingdom
C538730,20727,ALMOND DANISH,-12,2025-08-03 05:02:26,2.82,,United Kingdom
C538730,21230,BATHROOM SCALE VINTAGE,-5,2025-08-03 05:02:26,22.22,,United Kingdom
538731,21735,AGED PARMESAN REGGIANO,1,2025-04-17 00:12:51,7.9,16606.0,United Kingdom
538731,21734,ARTISAN PASTA PENNE,1,2025-04-17 00:12:51,3.23,16606.0,United Kingdom
538731,21737,GARLIC HERB BREADSTICKS,1,2025-04-17 00:12:51,2.99,16606.0,United Kingdom
538731,85123A,COLOMBIAN ROAST COFFEE,4,2025-04-17 00:12:51,9.33,16606.0,United Kingdom
538731,85123D,FRENCH VANILLA SYRUP,2,2025-04-17 00:12:51,5.78,16606.0,United Kingdom
538731,85123C,DARK CHOCOLATE BAR 85%,2,2025-04-17 00:12:51,3.37,16606.0,United Kingdom
538731,85123B,PURE CANE SUGAR,2,2025-04-17 00:12:51,2.41,16606.0,United Kingdom
538732,21736,ORGANIC TOMATO BASIL SAUCE,3,2025-03-17 22:56:57,4.4,13113.0,France
538732,21733,ITALIAN EXTRA VIRGIN OLIVE OIL,3,2025-03-17 22:56:57,13.22,13113.0,France
538732,21227,VINTAGE UNION JACK CUSHION,3,2025-03-17 22:56:57,14.52,13113.0,France
538732,21228,WALL CLOCK RETRO RED,3,2025-03-17 22:56:57,19.17,13113.0,France
538733,85123A,COLOMBIAN ROAST COFFEE,1,2025-08-20 05:10:54,9.02,,United Kingdom
538733,85123E,CERAMIC COFFEE MUG,6,2025-08-20 05:10:54,6.74,,United Kingdom
538733,85123D,FRENCH VANILLA SYRUP,1,2025-08-20 05:10:54,5.75,,United Kingdom
538733,21217,PACK OF 20 NAPKINS,1,2025-08-20 05:10:54,1.38,,United Kingdom
538734,20726,PAIN AU CHOCOLAT,2,2025-11-11 22:51:01,2.48,12776.0,United Kingdom
538734,20729,BLUEBERRY SCONE,6,2025-11-11 22:51:01,2.3,12776.0,United Kingdom
538735,20728,CAPPUCCINO CUP & SAUCER,6,2025-08-29 00:45:35,8.16,13600.0,United Kingdom
538735,20729,BLUEBERRY SCONE,1,2025-08-29 00:45:35,2.29,13600.0,United Kingdom
538735,21733,ITALIAN EXTRA VIRGIN OLIVE OIL,2,2025-08-29 00:45:35,13.58,13600.0,United Kingdom
538735,21737,GARLIC HERB BREADSTICKS,6,2025-08-29 00:45:35,2.89,13600.0,United Kingdom
538735,84880,WATERING CAN GREEN 2L,4,2025-08-29 00:45:35,11.91,13600.0,United Kingdom
538735,84882,GARDENING GLOVES PAIR,2,2025-08-29 00:45:35,5.07,13600.0,United Kingdom
538735,21229,HAND WARMER BIRD DESIGN,1,2025-08-29 00:45:35,1.98,13600.0,United Kingdom
538736,20726,PAIN AU CHOCOLAT,3,2025-02-13 17:38:41,2.58,16561.0,United Kingdom
538736,20729,BLUEBERRY SCONE,1,2025-02-13 17:38:41,2.36,16561.0,United Kingdom
538737,22960,HEART OF WICKER SMALL,1,2025-12-08 20:25:37,1.65,,Germany
538737,22423,REGENCY CAKESTAND 3 TIER,1,2025-12-08 20:25:37,13.2,,Germany
538737,85099B,WHITE HANGING HEART T-LIGHT HOLDER,3,2025-12-08 20:25:37,2.48,,Germany
538738,20728,CAPPUCCINO CUP & SAUCER,1,2025-03-19 05:25:58,8.71,12678.0,United Kingdom
538738,20729,BLUEBERRY SCONE,1,2025-03-19 05:25:58,2.46,12678.0,United Kingdom
538738,20725,CROISSANT ALL BUTTER,2,2025-03-19 05:25:58,2.18,12678.0,United Kingdom
538738,21229,HAND WARMER BIRD DESIGN,1,2025-03-19 05:25:58,1.87,12678.0,United Kingdom
538739,84883,LED GROW LIGHT BULB,2,2025-05-18 05:02:35,15.2,,United Kingdom
538739,84882,GARDENING GLOVES PAIR,1,2025-05-18 05:02:35,5.21,,United Kingdom
538739,84881,ORGANIC POTTING SOIL 10L,1,2025-05-18 05:02:35,7.06,,United Kingdom
538740,22961,HEART OF WICKER LARGE,2,2025-10-11 04:09:56,2.98,15603.0,United Kingdom
538740,22720,SET OF 3 CAKE TINS PANTRY,1,2025-10-11 04:09:56,5.18,15603.0,United Kingdom
538740,85099B,WHITE HANGING HEART T-LIGHT HOLDER,3,2025-10-11 04:09:56,2.55,15603.0,United Kingdom
538740,85123C,DARK CHOCOLATE BAR 85%,4,2025-10-11 04:09:56,3.37,15603.0,United Kingdom
538740,85123D,FRENCH VANILLA SYRUP,2,2025-10-11 04:09:56,5.92,15603.0,United Kingdom
538741,85099B,WHITE HANGING HEART T-LIGHT HOLDER,1,2025-03-02 05:02:37,2.54,16917.0,United Kingdom
538741,22423,REGENCY CAKESTAND 3 TIER,6,2025-03-02 05:02:37,13.24,16917.0,United Kingdom
538741,22720,SET OF 3 CAKE TINS PANTRY,6,2025-03-02 05:02:37,4.94,16917.0,United Kingdom
538741,22961,HEART OF WICKER LARGE,6,2025-03-02 05:02:37,3.04,16917.0,United Kingdom
538741,21214,RECIPE BOX PANTRY DESIGN,2,2025-03-02 05:02:37,8.07,16917.0,United Kingdom
538741,21229,HAND WARMER BIRD DESIGN,1,2025-03-02 05:02:37,1.98,16917.0,United Kingdom
538742,21737,GARLIC HERB BREADSTICKS,4,2025-01-24 19:40:58,3.04,,United Kingdom
538742,21733,ITALIAN EXTRA VIRGIN OLIVE OIL,4,2025-01-24 19:40:58,12.81,,United Kingdom
538742,21227,VINTAGE UNION JACK CUSHION,2,2025-01-24 19:40:58,15.35,,United Kingdom
538742,21231,FELTCRAFT DOLL ROSIE,1,2025-01-24 19:40:58,2.89,,United Kingdom
538743,71057,MONITOR LIGHT BAR,2,2025-01-26 23:13:57,38.98,14878.0,United Kingdom
538743,71055,USB-C MULTIPORT ADAPTER,4,2025-01-26 23:13:57,25.1,14878.0,United Kingdom
538743,84881,ORGANIC POTTING SOIL 10L,2,2025-01-26 23:13:57,7.25,14878.0,United Kingdom
538743,84879,CERAMIC PLANT POT WHITE,2,2025-01-26 23:13:57,9.7,14878.0,United Kingdom
538743,84880,WATERING CAN GREEN 2L,4,2025-01-26 23:13:57,11.14,14878.0,United Kingdom
538744,22424,WHOLE WHEAT BREAD,1,2025-01-11 21:40:43,3.08,,United Kingdom
538744,22426,STRAWBERRY PRESERVES,1,2025-01-11 21:40:43,3.79,,United Kingdom
538745,85123C,DARK CHOCOLATE BAR 85%,1,2025-10-06 21:31:28,3.4,,Spain
538745,85123E,CERAMIC COFFEE MUG,2,2025-10-06 21:31:28,6.66,,Spain
538746,21737,GARLIC HERB BREADSTICKS,2,2025-06-15 20:48:25,2.91,15444.0,United Kingdom
538746,21736,  ORGANIC TOMATO BASIL SAUCE   ,4,2025-06-15 20:48:25,4.57,15444.0,United Kingdom
538747,85123E,CERAMIC COFFEE MUG,1,2025-03-06 03:28:04,6.4,13977.0,United Kingdom
538747,85123A,COLOMBIAN ROAST COFFEE,4,2025-03-06 03:28:04,0.0,13977.0,United Kingdom
538747,21215,WOODEN PICTURE FRAME,2,2025-03-06 03:28:04,5.55,13977.0,United Kingdom
538748,22960,HEART OF WICKER SMALL,2,2025-08-28 19:18:24,1.72,,United Kingdom
538748,22423,REGENCY CAKESTAND 3 TIER,1,2025-08-28 19:18:24,12.43,,United Kingdom
538748,21736,ORGANIC TOMATO BASIL SAUCE,3,2025-08-28 19:18:24,4.27,,United Kingdom
538748,21733,ITALIAN EXTRA VIRGIN OLIVE OIL,6,2025-08-28 19:18:24,12.99,,United Kingdom
538749,85123B,PURE CANE SUGAR,3,2025-11-20 03:39:13,2.56,,United Kingdom
538749,85123C,DARK CHOCOLATE BAR 85%,1,2025-11-20 03:39:13,3.51,,United Kingdom
538749,85123A,COLOMBIAN ROAST COFFEE,2,2025-11-20 03:39:13,9.22,,United Kingdom
538749,85123E,  CERAMIC COFFEE MUG   ,24,2025-11-20 03:39:13,6.82,,United Kingdom
538750,22426,STRAWBERRY PRESERVES,3,2025-04-03 18:16:46,3.8,12680.0,United Kingdom
538750,22423,ORGANIC WHOLE MILK,2,2025-04-03 18:16:46,3.65,12680.0,United Kingdom
538750,22425,SWEET CREAM BUTTER,3,2025-04-03 18:16:46,4.33,12680.0,United Kingdom
538751,71055,USB-C MULTIPORT ADAPTER,1,2025-07-20 03:31:18,25.16,,Spain
538751,71056,LARGE DESK PAD BLACK,1,2025-07-20 03:31:18,15.76,,Spain
538751,71054,MECHANICAL KEYBOARD,1,2025-07-20 03:31:18,67.56,,Spain
538751,71057,MONITOR LIGHT BAR,2,2025-07-20 03:31:18,38.74,,Spain
538751,71053,WIRELESS ERGONOMIC MOUSE,1,2025-07-20 03:31:18,31.13,,Spain
538751,21217,PACK OF 20 NAPKINS,2,2025-07-20 03:31:18,1.41,,Spain
538752,21212,VINTAGE SNAP CARDS,2,2025-12-05 20:00:12,0.87,14938.0,United Kingdom
538752,BANK CHARGES,BANK CHARGES,3,2025-12-05 20:00:12,14.49,14938.0,United Kingdom
538753,85123D,FRENCH VANILLA SYRUP,1,2025-10-29 17:06:40,6.2,18234.0,France
538753,85123B,PURE CANE SUGAR,1,2025-10-29 17:06:40,2.49,18234.0,France
538753,85123A,COLOMBIAN ROAST COFFEE,6,2025-10-29 17:06:40,8.59,18234.0,France
538753,85123E,CERAMIC COFFEE MUG,1,2025-10-29 17:06:40,6.18,18234.0,France
538753,21214,RECIPE BOX PANTRY DESIGN,1,2025-10-29 17:06:40,8.11,18234.0,France
538754,21737,GARLIC HERB BREADSTICKS,1,2025-08-26 01:06:13,2.98,16802.0,United Kingdom
538754,21733,ITALIAN EXTRA VIRGIN OLIVE OIL,6,2025-08-26 01:06:13,13.37,16802.0,United Kingdom
538754,21734,ARTISAN PASTA PENNE,6,2025-08-26 01:06:13,3.42,16802.0,United Kingdom
538754,21217,PACK OF 20 NAPKINS,1,2025-08-26 01:06:13,1.4,16802.0,United Kingdom
538754,21225,GLASS STORAGE JAR LARGE,3,2025-08-26 01:06:13,4.03,16802.0,United Kingdom
538755,71057,MONITOR LIGHT BAR,4,2025-08-10 18:43:25,39.63,16247.0,United Kingdom
538755,71056,LARGE DESK PAD BLACK,2,2025-08-10 18:43:25,16.44,16247.0,United Kingdom
538755,71055,USB-C MULTIPORT ADAPTER,4,2025-08-10 18:43:25,25.2,16247.0,United Kingdom
538755,21222,RETRO SPOT APRON,1,2025-08-10 18:43:25,6.87,16247.0,United Kingdom
538756,21219,TRAVEL SEWING KIT,2,2025-09-22 19:44:03,2.16,18135.0,United Kingdom
538757,84879,CERAMIC PLANT POT WHITE,2,2025-09-08 03:43:56,9.53,12790.0,United Kingdom
538757,84882,GARDENING GLOVES PAIR,1,2025-09-08 03:43:56,5.03,12790.0,United Kingdom
538757,21212,VINTAGE SNAP CARDS,2,2025-09-08 03:43:56,0.84,12790.0,United Kingdom
538757,21231,FELTCRAFT DOLL ROSIE,2,2025-09-08 03:43:56,3.05,12790.0,United Kingdom
538757,21225,GLASS STORAGE JAR LARGE,2,2025-09-08 03:43:56,4.09,12790.0,United Kingdom
538758,21231,FELTCRAFT DOLL ROSIE,24,2025-06-20 23:38:14,3.07,15879.0,United Kingdom
538759,20727,ALMOND DANISH,1,2025-01-17 21:01:24,2.62,17454.0,United Kingdom
538759,20728,CAPPUCCINO CUP & SAUCER,1,2025-01-17 21:01:24,8.08,17454.0,United Kingdom
538759,20726,PAIN AU CHOCOLAT,2,2025-01-17 21:01:24,2.47,17454.0,United Kingdom
538759,85123C,DARK CHOCOLATE BAR 85%,1,2025-01-17 21:01:24,3.6,17454.0,United Kingdom
538759,85123B,PURE CANE SUGAR,2,2025-01-17 21:01:24,2.61,17454.0,United Kingdom
538759,21213,MINI PAINT SET 9 COLOURS,1,2025-01-17 21:01:24,1.28,17454.0,United Kingdom
538760,22425,SWEET CREAM BUTTER,1,2025-05-28 20:25:34,4.18,17194.0,United Kingdom
538760,22423,ORGANIC WHOLE MILK,3,2025-05-28 20:25:34,3.6,17194.0,United Kingdom
538761,20729,BLUEBERRY SCONE,1,2025-02-15 19:38:24,2.46,,Spain
538761,20727,ALMOND DANISH,6,2025-02-15 19:38:24,2.64,,Spain
538762,71053,WIRELESS ERGONOMIC MOUSE,2,2025-04-21 22:55:11,29.24,17270.0,United Kingdom
538762,71057,MONITOR LIGHT BAR,1,2025-04-21 22:55:11,40.1,17270.0,United Kingdom
538762,71055,USB-C MULTIPORT ADAPTER,6,2025-04-21 22:55:11,26.17,17270.0,United Kingdom
C538763,21735,AGED PARMESAN REGGIANO,-8,2025-05-07 20:10:33,7.85,16074.0,United Kingdom
C538763,21736,ORGANIC TOMATO BASIL SAUCE,-6,2025-05-07 20:10:33,4.36,16074.0,United Kingdom
C538763,21733,ITALIAN EXTRA VIRGIN OLIVE OIL,-3,2025-05-07 20:10:33,12.55,16074.0,United Kingdom
C538763,21737,GARLIC HERB BREADSTICKS,-9,2025-05-07 20:10:33,2.88,16074.0,United Kingdom
C538763,84879,CERAMIC PLANT POT WHITE,-9,2025-05-07 20:10:33,9.6,16074.0,United Kingdom
C538763,84883,LED GROW LIGHT BULB,-10,2025-05-07 20:10:33,14.53,16074.0,United Kingdom
C538763,21216,EMERGENCY FIRST AID TIN,-10,2025-05-07 20:10:33,3.61,16074.0,United Kingdom
538764,85123C,DARK CHOCOLATE BAR 85%,4,2025-12-07 18:24:52,3.48,14917.0,United Kingdom
538764,85123B,PURE CANE SUGAR,4,2025-12-07 18:24:52,2.55,14917.0,United Kingdom
538764,85123D,FRENCH VANILLA SYRUP,2,2025-12-07 18:24:52,6.04,14917.0,United Kingdom
538765,22423,ORGANIC WHOLE MILK,2,2025-09-25 01:55:14,3.65,13827.0,United Kingdom
538765,22426,STRAWBERRY PRESERVES,2,2025-09-25 01:55:14,3.96,13827.0,United Kingdom
538766,20727,ALMOND DANISH,4,2025-09-21 17:02:21,2.83,17649.0,United Kingdom
538766,20725,CROISSANT ALL BUTTER,3,2025-09-21 17:02:21,2.29,17649.0,United Kingdom
538766,20729,BLUEBERRY SCONE,3,2025-09-21 17:02:21,2.47,17649.0,United Kingdom
538766,20726,PAIN AU CHOCOLAT,3,2025-09-21 17:02:21,2.59,17649.0,United Kingdom
538766,20728,CAPPUCCINO CUP & SAUCER,2,2025-09-21 17:02:21,8.56,17649.0,United Kingdom
538766,22423,REGENCY CAKESTAND 3 TIER,1,2025-09-21 17:02:21,12.81,17649.0,United Kingdom
538766,22960,HEART OF WICKER SMALL,4,2025-09-21 17:02:21,1.65,17649.0,United Kingdom
538767,21226,CHILLI LIGHTS STRING,6,2025-04-15 03:41:15,8.77,15970.0,United Kingdom
538768,21734,ARTISAN PASTA PENNE,1,2025-06-04 23:05:21,3.37,13189.0,United Kingdom
538768,21737,GARLIC HERB BREADSTICKS,2,2025-06-04 23:05:21,3.09,13189.0,United Kingdom
538768,21736,ORGANIC TOMATO BASIL SAUCE,1,2025-06-04 23:05:21,4.59,13189.0,United Kingdom
538769,84882,GARDENING GLOVES PAIR,2,2025-12-21 19:50:13,5.18,13014.0,United Kingdom
538769,84881,ORGANIC POTTING SOIL 10L,1,2025-12-21 19:50:13,7.09,13014.0,United Kingdom
538769,71056,LARGE DESK PAD BLACK,2,2025-12-21 19:50:13,15.61,13014.0,United Kingdom
538769,71057,MONITOR LIGHT BAR,4,2025-12-21 19:50:13,41.31,13014.0,United Kingdom
538769,71053,WIRELESS ERGONOMIC MOUSE,2,2025-12-21 19:50:13,31.07,13014.0,United Kingdom
538769,22720,SET OF 3 CAKE TINS PANTRY,1,2025-12-21 19:50:13,4.86,13014.0,United Kingdom
538769,85099B,WHITE HANGING HEART T-LIGHT HOLDER,1,2025-12-21 19:50:13,2.63,13014.0,United Kingdom
538769,22423,REGENCY CAKESTAND 3 TIER,3,2025-12-21 19:50:13,13.2,13014.0,United Kingdom
538770,84880,WATERING CAN GREEN 2L,1,2025-12-29 22:53:02,11.07,,Germany
538770,84879,CERAMIC PLANT POT WHITE,2,2025-12-29 22:53:02,9.83,,Germany
538770,84883,LED GROW LIGHT BULB,1,2025-12-29 22:53:02,14.89,,Germany
538770,84882,GARDENING GLOVES PAIR,2,2025-12-29 22:53:02,4.88,,Germany
538770,21214,RECIPE BOX PANTRY DESIGN,3,2025-12-29 22:53:02,8.0,,Germany
538771,85123D,FRENCH VANILLA SYRUP,1,2025-01-31 05:25:42,6.08,16858.0,United Kingdom
538771,85123A,COLOMBIAN ROAST COFFEE,3,2025-01-31 05:25:42,8.84,16858.0,United Kingdom
538771,85123E,CERAMIC COFFEE MUG,3,2025-01-31 05:25:42,6.64,16858.0,United Kingdom
538772,85123B,PURE CANE SUGAR,1,2025-03-08 18:10:23,2.51,,United Kingdom
538772,85123C,DARK CHOCOLATE BAR 85%,1,2025-03-08 18:10:23,3.59,,United Kingdom
538773,71054,MECHANICAL KEYBOARD,2,2025-12-24 22:39:21,70.37,18116.0,United Kingdom
538773,71056,LARGE DESK PAD BLACK,1,2025-12-24 22:39:21,16.66,18116.0,United Kingdom
538774,84881,ORGANIC POTTING SOIL 10L,2,2025-03-20 18:24:21,7.26,,United Kingdom
538774,84883,LED GROW LIGHT BULB,1,2025-03-20 18:24:21,14.9,,United Kingdom
538775,20728,CAPPUCCINO CUP & SAUCER,1,2025-03-05 16:54:51,8.12,,Netherlands
538775,20727,ALMOND DANISH,2,2025-03-05 16:54:51,2.68,,Netherlands
538775,20729,BLUEBERRY SCONE,1,2025-03-05 16:54:51,2.51,,Netherlands
538776,71056,LARGE DESK PAD BLACK,1,2025-01-13 01:16:42,16.35,15870.0,United Kingdom
538776,71057,MONITOR LIGHT BAR,1,2025-01-13 01:16:42,38.75,15870.0,United Kingdom
538777,21222,RETRO SPOT APRON,1,2025-07-21 01:00:25,7.29,17193.0,United Kingdom
538778,22961,HEART OF WICKER LARGE,2,2025-02-20 20:23:14,2.84,15354.0,United Kingdom
538778,22960,HEART OF WICKER SMALL,1,2025-02-20 20:23:14,1.71,15354.0,United Kingdom
538778,21216,EMERGENCY FIRST AID TIN,3,2025-02-20 20:23:14,3.85,15354.0,United Kingdom
538779,20729,BLUEBERRY SCONE,1,2025-09-14 20:21:02,2.5,14272.0,United Kingdom
538779,20725,CROISSANT ALL BUTTER,6,2025-09-14 20:21:02,2.18,14272.0,United Kingdom
C538780,22720,SET OF 3 CAKE TINS PANTRY,-11,2025-09-09 19:22:51,4.85,14738.0,United Kingdom
C538780,22960,HEART OF WICKER SMALL,-8,2025-09-09 19:22:51,1.7,14738.0,United Kingdom
C538780,22961,HEART OF WICKER LARGE,-3,2025-09-09 19:22:51,2.95,14738.0,United Kingdom
538781,85123E,CERAMIC COFFEE MUG,1,2025-06-01 04:05:13,6.58,15520.0,United Kingdom
538781,85123A,COLOMBIAN ROAST COFFEE,1,2025-06-01 04:05:13,8.58,15520.0,United Kingdom
538781,21228,WALL CLOCK RETRO RED,1,2025-06-01 04:05:13,19.12,15520.0,United Kingdom
538782,21226,CHILLI LIGHTS STRING,2,2025-06-10 22:17:54,8.39,13011.0,United Kingdom
538783,84879,CERAMIC PLANT POT WHITE,3,2025-01-17 22:22:22,9.88,,United Kingdom
538783,84880,WATERING CAN GREEN 2L,4,2025-01-17 22:22:22,11.64,,United Kingdom
538783,21218,SCENTED CANDLE LAVENDER,2,2025-01-17 22:22:22,4.24,,United Kingdom
538784,20727,ALMOND DANISH,2,2025-12-01 19:42:06,2.74,,United Kingdom
538784,20725,CROISSANT ALL BUTTER,3,2025-12-01 19:42:06,2.15,,United Kingdom
538784,20726,PAIN AU CHOCOLAT,2,2025-12-01 19:42:06,2.45,,United Kingdom
538784,21212,VINTAGE SNAP CARDS,2,2025-12-01 19:42:06,0.87,,United Kingdom
538785,22426,STRAWBERRY PRESERVES,6,2025-12-19 23:35:31,3.8,12684.0,EIRE
538785,22424,WHOLE WHEAT BREAD,3,2025-12-19 23:35:31,3.06,12684.0,EIRE
C538786,22720,SET OF 3 CAKE TINS PANTRY,-1,2025-11-19 20:12:47,4.76,,United Kingdom
C538786,85099B,WHITE HANGING HEART T-LIGHT HOLDER,-8,2025-11-19 20:12:47,2.5,,United Kingdom
C538786,22960,HEART OF WICKER SMALL,-1,2025-11-19 20:12:47,1.69,,United Kingdom
C538786,22423,REGENCY CAKESTAND 3 TIER,-9,2025-11-19 20:12:47,12.39,,United Kingdom
538787,84880,WATERING CAN GREEN 2L,1,2025-05-09 04:53:25,12.03,16730.0,United Kingdom
538787,84881,ORGANIC POTTING SOIL 10L,1,2025-05-09 04:53:25,6.73,16730.0,United Kingdom
538787,21214,RECIPE BOX PANTRY DESIGN,3,2025-05-09 04:53:25,7.67,16730.0,United Kingdom
538788,22426,STRAWBERRY PRESERVES,2,2025-11-22 23:23:15,3.91,13477.0,United Kingdom
538788,22427,ORGANIC EGGS DOZEN,2,2025-11-22 23:23:15,4.93,13477.0,United Kingdom
538788,22423,ORGANIC WHOLE MILK,1,2025-11-22 23:23:15,3.64,13477.0,United Kingdom
538788,22424,WHOLE WHEAT BREAD,1,2025-11-22 23:23:15,3.03,13477.0,United Kingdom
538789,71056,LARGE DESK PAD BLACK,2,2025-04-20 00:27:36,15.54,17745.0,United Kingdom
538789,71057,MONITOR LIGHT BAR,3,2025-04-20 00:27:36,38.47,17745.0,United Kingdom
538789,71054,MECHANICAL KEYBOARD,2,2025-04-20 00:27:36,66.97,17745.0,United Kingdom
538789,71055,USB-C MULTIPORT ADAPTER,2,2025-04-20 00:27:36,25.01,17745.0,United Kingdom
538790,20726,PAIN AU CHOCOLAT,1,2025-01-25 01:21:24,2.54,16692.0,United Kingdom
538790,20725,CROISSANT ALL BUTTER,6,2025-01-25 01:21:24,2.36,16692.0,United Kingdom
538790,21226,CHILLI LIGHTS STRING,1,2025-01-25 01:21:24,8.19,16692.0,United Kingdom
538790,21219,TRAVEL SEWING KIT,2,2025-01-25 01:21:24,2.15,16692.0,United Kingdom
538791,85123B,PURE CANE SUGAR,1,2025-04-03 21:15:25,2.52,13657.0,United Kingdom
538791,85123E,CERAMIC COFFEE MUG,12,2025-04-03 21:15:25,6.45,13657.0,United Kingdom
538791,85123A,COLOMBIAN ROAST COFFEE,3,2025-04-03 21:15:25,8.72,13657.0,United Kingdom
538791,21218,SCENTED CANDLE LAVENDER,1,2025-04-03 21:15:25,4.01,13657.0,United Kingdom
538791,21212,VINTAGE SNAP CARDS,24,2025-04-03 21:15:25,0.89,13657.0,United Kingdom
538792,85123E,CERAMIC COFFEE MUG,4,2025-05-31 03:41:18,6.51,16457.0,United Kingdom
538792,85123C,DARK CHOCOLATE BAR 85%,1,2025-05-31 03:41:18,3.66,16457.0,United Kingdom
538792,21223,SET OF 6 SPICE JARS,1,2025-05-31 03:41:18,10.05,16457.0,United Kingdom
538793,22426,STRAWBERRY PRESERVES,1,2025-03-03 02:01:47,4.03,,United Kingdom
538793,22423,ORGANIC WHOLE MILK,2,2025-03-03 02:01:47,3.54,,United Kingdom
538794,21735,AGED PARMESAN REGGIANO,1,2025-04-21 20:46:29,8.21,15520.0,United Kingdom
538794,21734,ARTISAN PASTA PENNE,4,2025-04-21 20:46:29,3.45,15520.0,United Kingdom
538794,21736,ORGANIC TOMATO BASIL SAUCE,1,2025-04-21 20:46:29,4.58,15520.0,United Kingdom
538794,21737,GARLIC HERB BREADSTICKS,2,2025-04-21 20:46:29,3.04,15520.0,United Kingdom
538794,21733,ITALIAN EXTRA VIRGIN OLIVE OIL,2,2025-04-21 20:46:29,13.47,15520.0,United Kingdom
538795,21736,ORGANIC TOMATO BASIL SAUCE,4,2025-12-20 04:26:06,4.36,15328.0,United Kingdom
538795,21735,AGED PARMESAN REGGIANO,1,2025-12-20 04:26:06,7.64,15328.0,United Kingdom
538795,21733,ITALIAN EXTRA VIRGIN OLIVE OIL,1,2025-12-20 04:26:06,13.12,15328.0,United Kingdom
538795,21217,PACK OF 20 NAPKINS,2,2025-12-20 04:26:06,1.4,15328.0,United Kingdom
538796,22427,ORGANIC EGGS DOZEN,3,2025-09-28 20:52:14,4.83,13749.0,United Kingdom
538796,22426,STRAWBERRY PRESERVES,2,2025-09-28 20:52:14,4.05,13749.0,United Kingdom
538796,21220,BICYCLE PUNCTURE REPAIR KIT,1,2025-09-28 20:52:14,2.93,13749.0,United Kingdom
538797,71057,MONITOR LIGHT BAR,3,2025-11-09 00:34:33,38.37,,United Kingdom
538797,71056,LARGE DESK PAD BLACK,4,2025-11-09 00:34:33,15.56,,United Kingdom
538798,22426,STRAWBERRY PRESERVES,3,2025-12-03 04:27:23,3.95,,United Kingdom
538798,22425,SWEET CREAM BUTTER,12,2025-12-03 04:27:23,4.4,,United Kingdom
538798,22423,ORGANIC WHOLE MILK,2,2025-12-03 04:27:23,3.41,,United Kingdom
538798,22427,ORGANIC EGGS DOZEN,2,2025-12-03 04:27:23,5.06,,United Kingdom
538798,22424,WHOLE WHEAT BREAD,2,2025-12-03 04:27:23,2.95,,United Kingdom
538798,21735,AGED PARMESAN REGGIANO,2,2025-12-03 04:27:23,7.66,,United Kingdom
538798,21734,ARTISAN PASTA PENNE,1,2025-12-03 04:27:23,3.45,,United Kingdom
538798,21733,ITALIAN EXTRA VIRGIN OLIVE OIL,1,2025-12-03 04:27:23,12.75,,United Kingdom
538798,21737,GARLIC HERB BREADSTICKS,3,2025-12-03 04:27:23,3.13,,United Kingdom
538798,21736,ORGANIC TOMATO BASIL SAUCE,3,2025-12-03 04:27:23,4.55,,United Kingdom
538798,21226,CHILLI LIGHTS STRING,1,2025-12-03 04:27:23,8.7,,United Kingdom
538799,84880,WATERING CAN GREEN 2L,1,2025-12-03 17:04:21,10.99,18012.0,United Kingdom
538799,84881,ORGANIC POTTING SOIL 10L,1,2025-12-03 17:04:21,6.65,18012.0,United Kingdom
538800,21218,SCENTED CANDLE LAVENDER,3,2025-03-29 02:13:46,4.35,17351.0,United Kingdom
538801,20726,PAIN AU CHOCOLAT,2,2025-06-24 17:55:25,2.55,16223.0,United Kingdom
538801,20725,CROISSANT ALL BUTTER,1,2025-06-24 17:55:25,2.3,16223.0,United Kingdom
538802,85123E,CERAMIC COFFEE MUG,2,2025-06-12 17:14:34,6.2,17496.0,United Kingdom
538802,85123B,PURE CANE SUGAR,2,2025-06-12 17:14:34,2.49,17496.0,United Kingdom
538802,85123D,FRENCH VANILLA SYRUP,1,2025-06-12 17:14:34,5.72,17496.0,United Kingdom
538802,85123C,DARK CHOCOLATE BAR 85%,1,2025-06-12 17:14:34,3.5,17496.0,United Kingdom
538803,21220,BICYCLE PUNCTURE REPAIR KIT,4,2025-07-09 01:38:36,2.86,13022.0,United Kingdom
538804,71056,LARGE DESK PAD BLACK,12,2025-11-21 16:33:51,16.64,16996.0,United Kingdom
538804,71055,USB-C MULTIPORT ADAPTER,3,2025-11-21 16:33:51,24.01,16996.0,United Kingdom
538804,71054,MECHANICAL KEYBOARD,2,2025-11-21 16:33:51,72.6,16996.0,United Kingdom
538804,71057,MONITOR LIGHT BAR,1,2025-11-21 16:33:51,38.02,16996.0,United Kingdom
538805,21217,PACK OF 20 NAPKINS,2,2025-12-09 18:48:50,1.39,15547.0,United Kingdom
538806,85123E,CERAMIC COFFEE MUG,4,2025-08-05 00:23:30,6.29,12346.0,United Kingdom
538806,85123A,COLOMBIAN ROAST COFFEE,1,2025-08-05 00:23:30,8.97,12346.0,United Kingdom
538806,21735,AGED PARMESAN REGGIANO,1,2025-08-05 00:23:30,7.54,12346.0,United Kingdom
538806,21737,GARLIC HERB BREADSTICKS,2,2025-08-05 00:23:30,3.05,12346.0,United Kingdom
538807,21735,AGED PARMESAN REGGIANO,1,2025-09-24 17:02:05,7.81,,Germany
538807,21733,ITALIAN EXTRA VIRGIN OLIVE OIL,2,2025-09-24 17:02:05,13.13,,Germany
538807,21734,ARTISAN PASTA PENNE,1,2025-09-24 17:02:05,3.28,,Germany
538807,21736,ORGANIC TOMATO BASIL SAUCE,3,2025-09-24 17:02:05,4.37,,Germany
538807,20729,BLUEBERRY SCONE,2,2025-09-24 17:02:05,2.46,,Germany
538807,20726,PAIN AU CHOCOLAT,1,2025-09-24 17:02:05,2.58,,Germany
538807,71053,WIRELESS ERGONOMIC MOUSE,1,2025-09-24 17:02:05,28.71,,Germany
538807,71054,MECHANICAL KEYBOARD,1,2025-09-24 17:02:05,71.43,,Germany
538807,71057,MONITOR LIGHT BAR,2,2025-09-24 17:02:05,39.97,,Germany
538807,21218,SCENTED CANDLE LAVENDER,1,2025-09-24 17:02:05,4.31,,Germany
538808,84879,CERAMIC PLANT POT WHITE,2,2025-10-03 22:17:01,10.29,16850.0,United Kingdom
538808,84882,GARDENING GLOVES PAIR,1,2025-10-03 22:17:01,5.14,16850.0,United Kingdom
538808,21214,RECIPE BOX PANTRY DESIGN,1,2025-10-03 22:17:01,8.16,16850.0,United Kingdom
538809,20725,CROISSANT ALL BUTTER,1,2025-12-31 19:32:37,2.32,13509.0,United Kingdom
538809,20726,PAIN AU CHOCOLAT,1,2025-12-31 19:32:37,2.52,13509.0,United Kingdom
538809,84880,WATERING CAN GREEN 2L,2,2025-12-31 19:32:37,11.63,13509.0,United Kingdom
538809,84879,CERAMIC PLANT POT WHITE,6,2025-12-31 19:32:37,9.63,13509.0,United Kingdom
538809,21218,SCENTED CANDLE LAVENDER,2,2025-12-31 19:32:37,4.27,13509.0,United Kingdom
538810,20729,BLUEBERRY SCONE,1,2025-10-08 23:37:18,2.29,16506.0,United Kingdom
538810,20726,PAIN AU CHOCOLAT,1,2025-10-08 23:37:18,2.55,16506.0,United Kingdom
538810,21213,MINI PAINT SET 9 COLOURS,3,2025-10-08 23:37:18,1.25,16506.0,United Kingdom
538811,21737,GARLIC HERB BREADSTICKS,1,2025-03-29 03:37:58,2.86,17995.0,Netherlands
538811,21733,ITALIAN EXTRA VIRGIN OLIVE OIL,1,2025-03-29 03:37:58,12.38,17995.0,Netherlands
538811,21735,AGED PARMESAN REGGIANO,3,2025-03-29 03:37:58,7.62,17995.0,Netherlands
C538812,22424,WHOLE WHEAT BREAD,-1,2025-11-12 21:02:10,3.01,17822.0,Spain
C538812,22423,ORGANIC WHOLE MILK,-12,2025-11-12 21:02:10,3.39,17822.0,Spain
C538812,22426,STRAWBERRY PRESERVES,-10,2025-11-12 21:02:10,4.08,17822.0,Spain
C538812,84881,ORGANIC POTTING SOIL 10L,-6,2025-11-12 21:02:10,6.89,17822.0,Spain
C538812,84879,CERAMIC PLANT POT WHITE,-8,2025-11-12 21:02:10,9.91,17822.0,Spain
C538812,20728,CAPPUCCINO CUP & SAUCER,-12,2025-11-12 21:02:10,8.39,17822.0,Spain
C538812,20726,PAIN AU CHOCOLAT,-12,2025-11-12 21:02:10,2.43,17822.0,Spain
C538812,20725,CROISSANT ALL BUTTER,-3,2025-11-12 21:02:10,2.21,17822.0,Spain
C538812,20729,BLUEBERRY SCONE,-6,2025-11-12 21:02:10,2.36,17822.0,Spain
C538812,20727,ALMOND DANISH,-6,2025-11-12 21:02:10,2.76,17822.0,Spain
C538812,21223,SET OF 6 SPICE JARS,-5,2025-11-12 21:02:10,9.96,17822.0,Spain
538813,85123E,CERAMIC COFFEE MUG,3,2025-06-03 03:46:38,6.55,13807.0,United Kingdom
538813,85123B,PURE CANE SUGAR,1,2025-06-03 03:46:38,2.58,13807.0,United Kingdom
538813,71057,MONITOR LIGHT BAR,6,2025-06-03 03:46:38,40.48,13807.0,United Kingdom
538813,71053,WIRELESS ERGONOMIC MOUSE,2,2025-06-03 03:46:38,31.09,13807.0,United Kingdom
538813,22960,HEART OF WICKER SMALL,1,2025-06-03 03:46:38,1.68,13807.0,United Kingdom
538813,22720,SET OF 3 CAKE TINS PANTRY,1,2025-06-03 03:46:38,4.94,13807.0,United Kingdom
538814,21734,ARTISAN PASTA PENNE,2,2025-11-08 04:05:41,3.14,17480.0,United Kingdom
538814,21736,ORGANIC TOMATO BASIL SAUCE,1,2025-11-08 04:05:41,4.49,17480.0,United Kingdom
538814,21737,GARLIC HERB BREADSTICKS,1,2025-11-08 04:05:41,3.03,17480.0,United Kingdom
538814,85123A,COLOMBIAN ROAST COFFEE,6,2025-11-08 04:05:41,8.63,17480.0,United Kingdom
538814,85123D,FRENCH VANILLA SYRUP,1,2025-11-08 04:05:41,6.08,17480.0,United Kingdom
538814,85123E,CERAMIC COFFEE MUG,12,2025-11-08 04:05:41,6.66,17480.0,United Kingdom
538814,84882,GARDENING GLOVES PAIR,4,2025-11-08 04:05:41,5.15,17480.0,United Kingdom
538814,84880,WATERING CAN GREEN 2L,1,2025-11-08 04:05:41,11.37,17480.0,United Kingdom
538814,84879,CERAMIC PLANT POT WHITE,1,2025-11-08 04:05:41,9.85,17480.0,United Kingdom
538815,71053,WIRELESS ERGONOMIC MOUSE,3,2025-03-22 16:30:14,28.78,15402.0,EIRE
538815,71057,MONITOR LIGHT BAR,1,2025-03-22 16:30:14,38.11,15402.0,EIRE
538815,71054,MECHANICAL KEYBOARD,1,2025-03-22 16:30:14,69.02,15402.0,EIRE
538815,21224,GLASS STORAGE JAR SMALL,4,2025-03-22 16:30:14,2.28,15402.0,EIRE
538816,85123A,COLOMBIAN ROAST COFFEE,2,2025-11-10 01:25:58,9.23,13546.0,United Kingdom
538816,85123E,CERAMIC COFFEE MUG,2,2025-11-10 01:25:58,6.44,13546.0,United Kingdom
538816,85123C,DARK CHOCOLATE BAR 85%,1,2025-11-10 01:25:58,3.45,13546.0,United Kingdom
538816,21230,BATHROOM SCALE VINTAGE,1,2025-11-10 01:25:58,22.72,13546.0,United Kingdom
538817,85123E,CERAMIC COFFEE MUG,2,2025-03-13 03:24:40,6.75,14445.0,Germany
538817,85123B,PURE CANE SUGAR,6,2025-03-13 03:24:40,2.5,14445.0,Germany
538817,85123A,COLOMBIAN ROAST COFFEE,6,2025-03-13 03:24:40,8.9,14445.0,Germany
538817,85123D,FRENCH VANILLA SYRUP,3,2025-03-13 03:24:40,6.14,14445.0,Germany
538818,85123D,FRENCH VANILLA SYRUP,1,2025-05-17 21:24:42,6.23,,United Kingdom
538818,85123B,PURE CANE SUGAR,2,2025-05-17 21:24:42,2.44,,United Kingdom
538818,85123E,CERAMIC COFFEE MUG,1,2025-05-17 21:24:42,6.2,,United Kingdom
538818,85123A,COLOMBIAN ROAST COFFEE,2,2025-05-17 21:24:42,8.99,,United Kingdom
538818,85123C,DARK CHOCOLATE BAR 85%,6,2025-05-17 21:24:42,3.58,,United Kingdom
538818,71055,USB-C MULTIPORT ADAPTER,2,2025-05-17 21:24:42,24.34,,United Kingdom
538818,71054,MECHANICAL KEYBOARD,2,2025-05-17 21:24:42,72.3,,United Kingdom
538818,21226,CHILLI LIGHTS STRING,6,2025-05-17 21:24:42,8.42,,United Kingdom
538819,85123C,DARK CHOCOLATE BAR 85%,1,2025-01-15 01:57:45,3.67,16653.0,United Kingdom
538819,85123D,FRENCH VANILLA SYRUP,1,2025-01-15 01:57:45,6.27,16653.0,United Kingdom
538820,22423,ORGANIC WHOLE MILK,2,2025-04-04 00:55:36,3.38,15907.0,United Kingdom
538820,22426,STRAWBERRY PRESERVES,2,2025-04-04 00:55:36,3.87,15907.0,United Kingdom
538820,22425,SWEET CREAM BUTTER,1,2025-04-04 00:55:36,4.22,15907.0,United Kingdom
538820,22427,ORGANIC EGGS DOZEN,1,2025-04-04 00:55:36,4.94,15907.0,United Kingdom
538821,21733,ITALIAN EXTRA VIRGIN OLIVE OIL,1,2025-02-10 21:58:38,13.41,,United Kingdom
538821,21734,ARTISAN PASTA PENNE,1,2025-02-10 21:58:38,3.38,,United Kingdom
538821,21737,GARLIC HERB BREADSTICKS,12,2025-02-10 21:58:38,3.07,,United Kingdom
538821,21736,ORGANIC TOMATO BASIL SAUCE,6,2025-02-10 21:58:38,4.71,,United Kingdom
538822,84882,GARDENING GLOVES PAIR,3,2025-08-04 02:37:57,5.08,,United Kingdom
538822,84880,WATERING CAN GREEN 2L,1,2025-08-04 02:37:57,11.12,,United Kingdom
538822,84883,LED GROW LIGHT BULB,3,2025-08-04 02:37:57,14.61,,United Kingdom
538823,21736,ORGANIC TOMATO BASIL SAUCE,1,2025-12-25 05:29:41,4.56,15957.0,Belgium
538823,21734,ARTISAN PASTA PENNE,1,2025-12-25 05:29:41,3.15,15957.0,Belgium
538824,84883,LED GROW LIGHT BULB,4,2025-04-17 22:55:23,14.52,18200.0,United Kingdom
538824,84879,CERAMIC PLANT POT WHITE,3,2025-04-17 22:55:23,10.46,18200.0,United Kingdom
538824,84882,,6,2025-04-17 22:55:23,4.76,18200.0,United Kingdom
538825,22720,SET OF 3 CAKE TINS PANTRY,12,2025-05-15 23:13:48,4.71,13097.0,United Kingdom
538825,22960,HEART OF WICKER SMALL,1,2025-05-15 23:13:48,1.63,13097.0,United Kingdom
538825,21224,GLASS STORAGE JAR SMALL,1,2025-05-15 23:13:48,2.29,13097.0,United Kingdom
538826,71054,MECHANICAL KEYBOARD,6,2025-06-21 04:12:04,70.49,13858.0,United Kingdom
538826,71053,WIRELESS ERGONOMIC MOUSE,1,2025-06-21 04:12:04,29.11,13858.0,United Kingdom
538826,71056,LARGE DESK PAD BLACK,2,2025-06-21 04:12:04,16.19,13858.0,United Kingdom
538826,71057,MONITOR LIGHT BAR,2,2025-06-21 04:12:04,41.37,13858.0,United Kingdom
538826,71055,USB-C MULTIPORT ADAPTER,1,2025-06-21 04:12:04,24.72,13858.0,United Kingdom
538826,21224,GLASS STORAGE JAR SMALL,2,2025-06-21 04:12:04,2.3,13858.0,United Kingdom
538827,85123D,FRENCH VANILLA SYRUP,6,2025-03-13 03:15:05,6.1,15218.0,United Kingdom
538827,85123E,CERAMIC COFFEE MUG,2,2025-03-13 03:15:05,6.41,15218.0,United Kingdom
538827,85123A,COLOMBIAN ROAST COFFEE,1,2025-03-13 03:15:05,8.67,15218.0,United Kingdom
538827,71053,WIRELESS ERGONOMIC MOUSE,1,2025-03-13 03:15:05,30.92,15218.0,United Kingdom
538827,71055,USB-C MULTIPORT ADAPTER,12,2025-03-13 03:15:05,24.29,15218.0,United Kingdom
538827,71057,MONITOR LIGHT BAR,4,2025-03-13 03:15:05,40.57,15218.0,United Kingdom
538827,71054,MECHANICAL KEYBOARD,2,2025-03-13 03:15:05,73.4,15218.0,United Kingdom
538828,22426,STRAWBERRY PRESERVES,1,2025-01-23 02:57:12,4.0,17729.0,United Kingdom
538828,22424,WHOLE WHEAT BREAD,12,2025-01-23 02:57:12,2.87,17729.0,United Kingdom
538828,22427,ORGANIC EGGS DOZEN,24,2025-01-23 02:57:12,4.89,17729.0,United Kingdom
538828,21734,ARTISAN PASTA PENNE,1,2025-01-23 02:57:12,3.4,17729.0,United Kingdom
538828,21733,ITALIAN EXTRA VIRGIN OLIVE OIL,2,2025-01-23 02:57:12,12.8,17729.0,United Kingdom
538828,85099B,WHITE HANGING HEART T-LIGHT HOLDER,3,2025-01-23 02:57:12,2.52,17729.0,United Kingdom
538828,22423,REGENCY CAKESTAND 3 TIER,2,2025-01-23 02:57:12,12.75,17729.0,United Kingdom
538828,22961,HEART OF WICKER LARGE,6,2025-01-23 02:57:12,2.81,17729.0,United Kingdom
538828,21228,WALL CLOCK RETRO RED,1,2025-01-23 02:57:12,19.19,17729.0,United Kingdom
538829,20726,PAIN AU CHOCOLAT,2,2025-07-04 00:22:16,2.49,12795.0,United Kingdom
538829,20729,BLUEBERRY SCONE,3,2025-07-04 00:22:16,2.4,12795.0,United Kingdom
538829,20725,CROISSANT ALL BUTTER,2,2025-07-04 00:22:16,2.33,12795.0,United Kingdom
538830,85099B,WHITE HANGING HEART T-LIGHT HOLDER,2,2025-07-04 04:23:24,2.44,17155.0,Netherlands
538830,22720,SET OF 3 CAKE TINS PANTRY,1,2025-07-04 04:23:24,5.07,17155.0,Netherlands
538830,22423,REGENCY CAKESTAND 3 TIER,1,2025-07-04 04:23:24,12.43,17155.0,Netherlands
538830,22960,HEART OF WICKER SMALL,2,2025-07-04 04:23:24,1.64,17155.0,Netherlands
538830,22961,HEART OF WICKER LARGE,3,2025-07-04 04:23:24,2.95,17155.0,Netherlands
538831,22960,HEART OF WICKER SMALL,24,2025-03-01 17:31:09,1.61,14327.0,United Kingdom
538831,22720,SET OF 3 CAKE TINS PANTRY,2,2025-03-01 17:31:09,4.74,14327.0,United Kingdom
538831,71056,LARGE DESK PAD BLACK,4,2025-03-01 17:31:09,16.54,14327.0,United Kingdom
538831,71055,USB-C MULTIPORT ADAPTER,1,2025-03-01 17:31:09,26.06,14327.0,United Kingdom
538831,22427,ORGANIC EGGS DOZEN,2,2025-03-01 17:31:09,4.88,14327.0,United Kingdom
538831,22424,WHOLE WHEAT BREAD,2,2025-03-01 17:31:09,3.09,14327.0,United Kingdom
538832,85123C,DARK CHOCOLATE BAR 85%,1,2025-10-16 05:20:59,3.55,17610.0,United Kingdom
538832,85123A,COLOMBIAN ROAST COFFEE,1,2025-10-16 05:20:59,9.27,17610.0,United Kingdom
538833,21213,MINI PAINT SET 9 COLOURS,2,2025-06-14 02:28:06,1.3,,United Kingdom
538834,22423,ORGANIC WHOLE MILK,1,2025-02-26 18:54:06,3.48,13830.0,Belgium
538834,22424,WHOLE WHEAT BREAD,1,2025-02-26 18:54:06,3.1,13830.0,Belgium
538834,21220,BICYCLE PUNCTURE REPAIR KIT,6,2025-02-26 18:54:06,2.93,13830.0,Belgium
538834,21229,HAND WARMER BIRD DESIGN,12,2025-02-26 18:54:06,2.04,13830.0,Belgium
538835,20726,PAIN AU CHOCOLAT,4,2025-01-12 17:33:16,2.56,15834.0,United Kingdom
538835,20725,CROISSANT ALL BUTTER,2,2025-01-12 17:33:16,2.34,15834.0,United Kingdom
538835,20729,BLUEBERRY SCONE,1,2025-01-12 17:33:16,2.4,15834.0,United Kingdom
538835,20728,CAPPUCCINO CUP & SAUCER,6,2025-01-12 17:33:16,8.76,15834.0,United Kingdom
538836,84881,ORGANIC POTTING SOIL 10L,1,2025-12-29 01:01:03,6.78,16624.0,United Kingdom
538836,84882,GARDENING GLOVES PAIR,2,2025-12-29 01:01:03,4.77,16624.0,United Kingdom
538836,84880,WATERING CAN GREEN 2L,1,2025-12-29 01:01:03,11.55,16624.0,United Kingdom
538836,21228,WALL CLOCK RETRO RED,1,2025-12-29 01:01:03,18.43,16624.0,United Kingdom
538836,21221,RETRO SPOT TEA TOWEL,1,2025-12-29 01:01:03,2.5,16624.0,United Kingdom
538837,21733,ITALIAN EXTRA VIRGIN OLIVE OIL,1,2025-08-25 00:53:20,12.4,17957.0,United Kingdom
538837,21737,GARLIC HERB BREADSTICKS,1,2025-08-25 00:53:20,3.08,17957.0,United Kingdom
538837,21734,ARTISAN PASTA PENNE,1,2025-08-25 00:53:20,3.19,17957.0,United Kingdom
538838,22961,HEART OF WICKER LARGE,2,2025-02-09 02:04:31,3.04,,United Kingdom
538838,22960,HEART OF WICKER SMALL,4,2025-02-09 02:04:31,1.67,,United Kingdom
538838,22423,REGENCY CAKESTAND 3 TIER,4,2025-02-09 02:04:31,12.72,,United Kingdom
538838,20729,BLUEBERRY SCONE,2,2025-02-09 02:04:31,2.52,,United Kingdom
538838,20727,ALMOND DANISH,1,2025-02-09 02:04:31,2.83,,United Kingdom
538839,21733,ITALIAN EXTRA VIRGIN OLIVE OIL,3,2025-04-16 02:04:58,12.47,16409.0,United Kingdom
538839,21735,AGED PARMESAN REGGIANO,3,2025-04-16 02:04:58,7.68,16409.0,United Kingdom
538840,21222,RETRO SPOT APRON,2,2025-01-12 21:11:24,6.84,12865.0,France
538841,85123C,DARK CHOCOLATE BAR 85%,2,2025-08-21 16:51:44,3.57,,United Kingdom
538841,85123D,FRENCH VANILLA SYRUP,1,2025-08-21 16:51:44,5.76,,United Kingdom
538841,21231,FELTCRAFT DOLL ROSIE,3,2025-08-21 16:51:44,2.85,,United Kingdom
538841,D,Discount,1,2025-08-21 16:51:44,-10.0,,United Kingdom
538842,20729,BLUEBERRY SCONE,1,2025-02-17 19:34:22,2.39,13259.0,United Kingdom
538842,20726,PAIN AU CHOCOLAT,3,2025-02-17 19:34:22,2.45,13259.0,United Kingdom
538842,20725,CROISSANT ALL BUTTER,3,2025-02-17 19:34:22,2.32,13259.0,United Kingdom
538843,20727,ALMOND DANISH,3,2025-10-22 21:41:32,2.71,16445.0,United Kingdom
538843,20728,CAPPUCCINO CUP & SAUCER,1,2025-10-22 21:41:32,8.57,16445.0,United Kingdom
538843,20725,CROISSANT ALL BUTTER,1,2025-10-22 21:41:32,2.36,16445.0,United Kingdom
538843,20726,PAIN AU CHOCOLAT,3,2025-10-22 21:41:32,2.41,16445.0,United Kingdom
538843,21226,CHILLI LIGHTS STRING,1,2025-10-22 21:41:32,8.65,16445.0,United Kingdom
538843,21230,BATHROOM SCALE VINTAGE,6,2025-10-22 21:41:32,21.1,16445.0,United Kingdom
538843,21220,BICYCLE PUNCTURE REPAIR KIT,1,2025-10-22 21:41:32,2.91,16445.0,United Kingdom
538844,22425,SWEET CREAM BUTTER,4,2025-08-04 04:31:25,4.37,13972.0,United Kingdom
538844,22427,ORGANIC EGGS DOZEN,2,2025-08-04 04:31:25,5.22,13972.0,United Kingdom
538844,22426,STRAWBERRY PRESERVES,6,2025-08-04 04:31:25,3.91,13972.0,United Kingdom
538844,22424,WHOLE WHEAT BREAD,1,2025-08-04 04:31:25,3.04,13972.0,United Kingdom
538844,85123B,PURE CANE SUGAR,12,2025-08-04 04:31:25,2.39,13972.0,United Kingdom
538844,85123C,DARK CHOCOLATE BAR 85%,1,2025-08-04 04:31:25,3.51,13972.0,United Kingdom
538844,21227,VINTAGE UNION JACK CUSHION,6,2025-08-04 04:31:25,14.48,13972.0,United Kingdom
538845,20727,ALMOND DANISH,2,2025-12-12 04:53:40,2.69,,United Kingdom
538845,20725,CROISSANT ALL BUTTER,2,2025-12-12 04:53:40,2.33,,United Kingdom
538845,20726,PAIN AU CHOCOLAT,4,2025-12-12 04:53:40,2.39,,United Kingdom
538845,20729,BLUEBERRY SCONE,2,2025-12-12 04:53:40,2.35,,United Kingdom
538845,21212,VINTAGE SNAP CARDS,1,2025-12-12 04:53:40,0.88,,United Kingdom
538845,21228,WALL CLOCK RETRO RED,12,2025-12-12 04:53:40,18.1,,United Kingdom
538846,21733,ITALIAN EXTRA VIRGIN OLIVE OIL,2,2025-02-12 21:06:28,13.51,16955.0,United Kingdom
538846,21736,ORGANIC TOMATO BASIL SAUCE,1,2025-02-12 21:06:28,4.65,16955.0,United Kingdom
538846,21734,ARTISAN PASTA PENNE,2,2025-02-12 21:06:28,3.25,16955.0,United Kingdom
538846,84880,WATERING CAN GREEN 2L,4,2025-02-12 21:06:28,11.68,16955.0,United Kingdom
538846,84883,LED GROW LIGHT BULB,1,2025-02-12 21:06:28,14.53,16955.0,United Kingdom
538846,84882,GARDENING GLOVES PAIR,3,2025-02-12 21:06:28,4.76,16955.0,United Kingdom
538846,22427,ORGANIC EGGS DOZEN,2,2025-02-12 21:06:28,5.09,16955.0,United Kingdom
538846,22425,SWEET CREAM BUTTER,2,2025-02-12 21:06:28,4.22,16955.0,United Kingdom
538846,22424,WHOLE WHEAT BREAD,3,2025-02-12 21:06:28,3.05,16955.0,United Kingdom
538847,21217,PACK OF 20 NAPKINS,3,2025-06-06 05:02:10,1.51,14985.0,United Kingdom
538848,22423,ORGANIC WHOLE MILK,3,2025-06-25 04:46:18,3.49,,United Kingdom
538848,22427,ORGANIC EGGS DOZEN,2,2025-06-25 04:46:18,5.04,,United Kingdom
538848,22424,WHOLE WHEAT BREAD,4,2025-06-25 04:46:18,3.1,,United Kingdom
538848,22720,SET OF 3 CAKE TINS PANTRY,2,2025-06-25 04:46:18,4.74,,United Kingdom
538848,85099B,WHITE HANGING HEART T-LIGHT HOLDER,1,2025-06-25 04:46:18,2.6,,United Kingdom
538848,21213,MINI PAINT SET 9 COLOURS,1,2025-06-25 04:46:18,1.27,,United Kingdom
538848,21224,GLASS STORAGE JAR SMALL,3,2025-06-25 04:46:18,2.16,,United Kingdom
538848,21220,BICYCLE PUNCTURE REPAIR KIT,2,2025-06-25 04:46:18,2.94,,United Kingdom
538849,71054,MECHANICAL KEYBOARD,2,2025-07-19 23:35:43,67.34,14924.0,United Kingdom
538849,71056,LARGE DESK PAD BLACK,3,2025-07-19 23:35:43,15.4,14924.0,United Kingdom
538849,71057,MONITOR LIGHT BAR,1,2025-07-19 23:35:43,40.59,14924.0,United Kingdom
538849,21216,EMERGENCY FIRST AID TIN,2,2025-07-19 23:35:43,3.66,14924.0,United Kingdom
C538850,84881,ORGANIC POTTING SOIL 10L,-1,2025-12-03 23:02:20,7.26,18077.0,Spain
C538850,84879,CERAMIC PLANT POT WHITE,-5,2025-12-03 23:02:20,9.64,18077.0,Spain
538851,85099B,WHITE HANGING HEART T-LIGHT HOLDER,1,2026-01-05 18:24:22,2.52,16594.0,United Kingdom
538851,22423,REGENCY CAKESTAND 3 TIER,2,2026-01-05 18:24:22,12.2,16594.0,United Kingdom
538851,22720,SET OF 3 CAKE TINS PANTRY,4,2026-01-05 18:24:22,4.95,16594.0,United Kingdom
538852,21735,AGED PARMESAN REGGIANO,1,2025-09-27 20:52:11,7.88,,United Kingdom
538852,21734,ARTISAN PASTA PENNE,6,2025-09-27 20:52:11,3.32,,United Kingdom
538852,21736,ORGANIC TOMATO BASIL SAUCE,1,2025-09-27 20:52:11,4.7,,United Kingdom
538853,20729,BLUEBERRY SCONE,1,2025-08-05 01:53:17,2.51,17953.0,United Kingdom
538853,20726,PAIN AU CHOCOLAT,1,2025-08-05 01:53:17,2.45,17953.0,United Kingdom
538853,20725,CROISSANT ALL BUTTER,1,2025-08-05 01:53:17,2.27,17953.0,United Kingdom
538853,21223,SET OF 6 SPICE JARS,3,2025-08-05 01:53:17,10.27,17953.0,United Kingdom
538853,21226,CHILLI LIGHTS STRING,2,2025-08-05 01:53:17,8.91,17953.0,United Kingdom
538854,22720,SET OF 3 CAKE TINS PANTRY,1,2025-12-09 20:08:56,4.96,,United Kingdom
538854,85099B,WHITE HANGING HEART T-LIGHT HOLDER,1,2025-12-09 20:08:56,2.55,,United Kingdom
538854,21216,EMERGENCY FIRST AID TIN,2,2025-12-09 20:08:56,3.77,,United Kingdom
538855,21734,ARTISAN PASTA PENNE,2,2025-09-22 21:40:25,3.18,,United Kingdom
538855,21733,ITALIAN EXTRA VIRGIN OLIVE OIL,1,2025-09-22 21:40:25,12.57,,United Kingdom
538855,21737,GARLIC HERB BREADSTICKS,1,2025-09-22 21:40:25,3.03,,United Kingdom
538855,21736,ORGANIC TOMATO BASIL SAUCE,4,2025-09-22 21:40:25,4.5,,United Kingdom
538856,22425,SWEET CREAM BUTTER,1,2025-03-13 21:50:13,4.43,14180.0,United Kingdom
538856,22424,WHOLE WHEAT BREAD,3,2025-03-13 21:50:13,3.02,14180.0,United Kingdom
538857,84879,CERAMIC PLANT POT WHITE,3,2025-11-07 04:11:54,9.72,,United Kingdom
538857,84882,GARDENING GLOVES PAIR,2,2025-11-07 04:11:54,4.78,,United Kingdom
538857,84883,LED GROW LIGHT BULB,3,2025-11-07 04:11:54,15.64,,United Kingdom
538857,21212,VINTAGE SNAP CARDS,2,2025-11-07 04:11:54,0.83,,United Kingdom
538858,22423,ORGANIC WHOLE MILK,1,2025-03-05 00:07:35,3.52,17242.0,United Kingdom
538858,22427,ORGANIC EGGS DOZEN,1,2025-03-05 00:07:35,5.03,17242.0,United Kingdom
538858,85123B,PURE CANE SUGAR,1,2025-03-05 00:07:35,2.53,17242.0,United Kingdom
538858,85123D,FRENCH VANILLA SYRUP,1,2025-03-05 00:07:35,5.98,17242.0,United Kingdom
538859,20728,CAPPUCCINO CUP & SAUCER,2,2025-12-01 21:11:38,8.73,12932.0,United Kingdom
538859,20726,PAIN AU CHOCOLAT,1,2025-12-01 21:11:38,2.44,12932.0,United Kingdom
538860,85099B,WHITE HANGING HEART T-LIGHT HOLDER,1,2025-08-28 03:20:09,2.46,12352.0,United Kingdom
538860,22423,REGENCY CAKESTAND 3 TIER,4,2025-08-28 03:20:09,12.32,12352.0,United Kingdom
538860,22961,HEART OF WICKER LARGE,1,2025-08-28 03:20:09,2.84,12352.0,United Kingdom
538861,84883,LED GROW LIGHT BULB,1,2025-12-18 04:54:36,15.14,,United Kingdom
538861,84880,WATERING CAN GREEN 2L,1,2025-12-18 04:54:36,11.0,,United Kingdom
538861,84881,ORGANIC POTTING SOIL 10L,1,2025-12-18 04:54:36,7.32,,United Kingdom
538861,22423,ORGANIC WHOLE MILK,1,2025-12-18 04:54:36,3.62,,United Kingdom
538861,22427,ORGANIC EGGS DOZEN,1,2025-12-18 04:54:36,4.86,,United Kingdom
538861,22425,SWEET CREAM BUTTER,1,2025-12-18 04:54:36,4.2,,United Kingdom
538861,20726,PAIN AU CHOCOLAT,6,2025-12-18 04:54:36,2.57,,United Kingdom
538861,20727,ALMOND DANISH,12,2025-12-18 04:54:36,2.63,,United Kingdom
538861,20728,CAPPUCCINO CUP & SAUCER,3,2025-12-18 04:54:36,8.45,,United Kingdom
538862,84881,ORGANIC POTTING SOIL 10L,2,2025-12-11 18:37:19,7.12,14295.0,United Kingdom
538862,84883,LED GROW LIGHT BULB,1,2025-12-11 18:37:19,15.71,14295.0,United Kingdom
538862,84882,GARDENING GLOVES PAIR,1,2025-12-11 18:37:19,4.88,14295.0,United Kingdom
538863,22961,HEART OF WICKER LARGE,1,2025-03-27 16:30:35,2.89,16095.0,United Kingdom
538863,85099B,WHITE HANGING HEART T-LIGHT HOLDER,2,2025-03-27 16:30:35,2.53,16095.0,United Kingdom
538863,22423,REGENCY CAKESTAND 3 TIER,1,2025-03-27 16:30:35,12.9,16095.0,United Kingdom
538863,22720,SET OF 3 CAKE TINS PANTRY,3,2025-03-27 16:30:35,5.12,16095.0,United Kingdom
538863,22960,HEART OF WICKER SMALL,6,2025-03-27 16:30:35,1.67,16095.0,United Kingdom
538863,21737,GARLIC HERB BREADSTICKS,2,2025-03-27 16:30:35,3.1,16095.0,United Kingdom
538863,21735,AGED PARMESAN REGGIANO,3,2025-03-27 16:30:35,8.1,16095.0,United Kingdom
538863,22423,ORGANIC WHOLE MILK,1,2025-03-27 16:30:35,3.64,16095.0,United Kingdom
538863,22425,SWEET CREAM BUTTER,3,2025-03-27 16:30:35,4.41,16095.0,United Kingdom
538864,21737,GARLIC HERB BREADSTICKS,4,2025-04-22 19:46:13,2.84,14981.0,United Kingdom
538864,21734,ARTISAN PASTA PENNE,6,2025-04-22 19:46:13,3.18,14981.0,United Kingdom
538864,21736,ORGANIC TOMATO BASIL SAUCE,2,2025-04-22 19:46:13,4.45,14981.0,United Kingdom
